Sequence Id	Type	Start	Stop	Strand	Locus Tag	Gene	Product	DbXrefs
contig_1	cds	1	1500	+	AAFOLC_00005	dnaA	Chromosomal replication initiator protein DnaA	SO:0001217, UniRef:UniRef50_Q89W63
contig_1	cds	1906	3030	+	AAFOLC_00010	dnaN	DNA polymerase III subunit beta	COG:COG0592, COG:L, EC:2.7.7.7, KEGG:K02338, SO:0001217, UniRef:UniRef50_A7IB68, UniRef:UniRef90_A7IB68
contig_1	cds	3170	4411	+	AAFOLC_00015	recF	DNA replication and repair protein RecF	SO:0001217, UniRef:UniRef50_A0A5M6HUD5
contig_1	cds	4601	5272	+	AAFOLC_00020	ykuD	YkuD domain-containing protein	SO:0001217, UniRef:UniRef50_A8HV50
contig_1	cds	5430	6959	+	AAFOLC_00025		Histidine--tRNA ligase	SO:0001217, UniRef:UniRef50_Q9A2P3
contig_1	cds	7202	8701	+	AAFOLC_00030	manB	Phosphomannomutase	COG:COG1109, COG:G, SO:0001217, UniRef:UniRef50_A0A1L3LX74, UniRef:UniRef90_A0A848JYI5
contig_1	cds	9183	9347	+	AAFOLC_00035		Flp family type IVb pilin	SO:0001217, UniRef:UniRef50_A8IJC1
contig_1	cds	9356	9832	+	AAFOLC_00040		Peptidase-A24 domain-containing protein	SO:0001217, UniRef:UniRef50_A0A3L7A210
contig_1	cds	9905	11275	+	AAFOLC_00045		hypothetical protein	PFAM:PF00883.24
contig_1	cds	11272	12129	+	AAFOLC_00050		Peptidase P60	SO:0001217, UniRef:UniRef50_V5SAV5
contig_1	cds	12157	13788	-	AAFOLC_00055		Diguanylate cyclase	SO:0001217, UniRef:UniRef50_A7IBZ4
contig_1	cds	13906	14613	+	AAFOLC_00060		Pyridoxal phosphate homeostasis protein	SO:0001217, UniRef:UniRef50_I9WVJ5
contig_1	tRNA	14968	15043	+	AAFOLC_00065	trnE	tRNA-Glu(ctc)	SO:0000259
contig_1	cds	15599	15877	-	AAFOLC_00070		Tnp-DDE-dom domain-containing protein	SO:0001217, UniRef:UniRef50_A0A259LAC6, UniRef:UniRef90_A0A259LAC6
contig_1	cds	15984	16352	-	AAFOLC_00075		Transposase	SO:0001217, UniRef:UniRef50_A0A258UYS3, UniRef:UniRef90_A0A256G4H0
contig_1	cds	16592	17572	+	AAFOLC_00080		Formylglycine-generating enzyme	SO:0001217, UniRef:UniRef50_I6Y8I5
contig_1	cds	17595	19064	+	AAFOLC_00085		Arylsulfatase A	SO:0001217, UniRef:UniRef50_A0A0T6YP90, UniRef:UniRef90_A0A1G4T0M6
contig_1	cds	19340	19762	-	AAFOLC_00090	doc	Prophage maintenance system killer protein	COG:COG3654, COG:X, KEGG:K07341, SO:0001217, UniRef:UniRef50_A7IBT5, UniRef:UniRef90_A7IBT5
contig_1	cds	19774	19998	-	AAFOLC_00095		Putative addiction module antidote	SO:0001217, UniRef:UniRef50_E6PGS7, UniRef:UniRef90_A7IBT4
contig_1	cds	20105	20959	-	AAFOLC_00100		DUF1837 domain-containing protein	SO:0001217, UniRef:UniRef50_A7IBT3, UniRef:UniRef90_A7IBT3
contig_1	cds	21266	22120	+	AAFOLC_00105		hypothetical protein	
contig_1	cds	22232	22519	-	AAFOLC_00110		hypothetical protein	
contig_1	cds	23274	23465	-	AAFOLC_00115		DNA-binding protein	SO:0001217, UniRef:UniRef50_UPI001E340D46
contig_1	cds	23690	24004	+	AAFOLC_00120		hypothetical protein	
contig_1	cds	24123	25367	+	AAFOLC_00125		MBL fold metallo-hydrolase	SO:0001217, UniRef:UniRef50_A0A840NA22, UniRef:UniRef90_UPI001E5BCD7C
contig_1	cds	25368	26261	+	AAFOLC_00130		hypothetical protein	
contig_1	cds	26518	26961	-	AAFOLC_00135		hypothetical protein	
contig_1	cds	26979	27428	-	AAFOLC_00140		hypothetical protein	
contig_1	cds	27486	28463	-	AAFOLC_00145		WYL domain-containing protein	SO:0001217, UniRef:UniRef50_UPI001F30A4DC
contig_1	cds	28616	28876	+	AAFOLC_00150		XRE family transcriptional regulator	SO:0001217, UniRef:UniRef50_A0A4V2JE17
contig_1	cds	28908	29936	-	AAFOLC_00155		HTH cro/C1-type domain-containing protein	SO:0001217, UniRef:UniRef50_A0A017HJU4
contig_1	cds	30119	31054	-	AAFOLC_00160		Site-specific integrase	SO:0001217, UniRef:UniRef50_A0A426QMF7
contig_1	cds	31086	32015	-	AAFOLC_00165		IS3 family transposase	SO:0001217, UniRef:UniRef50_A0A8F7ZGV0, UniRef:UniRef90_A7ILR9
contig_1	cds	32009	32275	-	AAFOLC_00170	tnp	IS3 family transposase ORF A	SO:0001217, UniRef:UniRef50_P17985, UniRef:UniRef90_A0A1G4UTN6
contig_1	cds	32337	32696	-	AAFOLC_00175		hypothetical protein	
contig_1	cds	32961	33380	+	AAFOLC_00180		hypothetical protein	PFAM:PF20172.1
contig_1	cds	33744	35297	-	AAFOLC_00185		Putative acetolactate synthase large subunit	SO:0001217, UniRef:UniRef50_Q6N9D1
contig_1	cds	35552	36136	-	AAFOLC_00190		PuuR_1 protein	SO:0001217, UniRef:UniRef50_A0A0D1EJF6
contig_1	cds	36245	36940	-	AAFOLC_00195	mcbR	HTH-type transcriptional regulator McbR	SO:0001217, UniRef:UniRef50_A0A221K792
contig_1	cds	37258	38664	+	AAFOLC_00200		Aspartate aminotransferase family protein	SO:0001217, UniRef:UniRef50_A0A1E4V667
contig_1	cds	38709	40301	-	AAFOLC_00205		Glutathione hydrolase proenzyme	SO:0001217, UniRef:UniRef50_A0A2E8SZI5
contig_1	cds	40694	41419	+	AAFOLC_00210		HTH gntR-type domain-containing protein	SO:0001217, UniRef:UniRef50_A0A0S2EVJ6
contig_1	cds	41580	42626	-	AAFOLC_00215		NMT1 domain-containing protein	SO:0001217, UniRef:UniRef50_A0A259LFX3
contig_1	cds	42716	43519	-	AAFOLC_00220		ABC transporter permease	SO:0001217, UniRef:UniRef50_A0A0R3MR73
contig_1	cds	43519	44181	-	AAFOLC_00225	ssuB	Aliphatic sulfonates import ATP-binding protein SsuB	SO:0001217, UniRef:UniRef50_A0A6P2EAN2
contig_1	cds	44640	45005	+	AAFOLC_00230		Transposase	SO:0001217, UniRef:UniRef50_A0A0F7KXK4
contig_1	cds	44981	45397	+	AAFOLC_00235		DDE-Tnp-1 domain-containing protein	SO:0001217, UniRef:UniRef50_A0A512BXH1
contig_1	cds	45628	46155	-	AAFOLC_00240		hypothetical protein	
contig_1	cds	46201	46431	-	AAFOLC_00245		hypothetical protein	
contig_1	cds	46929	48473	-	AAFOLC_00250		DUF1254 domain-containing protein	SO:0001217, UniRef:UniRef50_A0A2W7B6Q2
contig_1	cds	49012	50079	+	AAFOLC_00255		Glycerol-3-phosphate dehydrogenase [NAD(P)+]	SO:0001217, UniRef:UniRef50_A0A0G3XLD2
contig_1	cds	50093	50863	+	AAFOLC_00260		Alpha,alpha-trehalose-phosphate synthase (UDP-forming)	SO:0001217, UniRef:UniRef50_W8RSG0
contig_1	cds	50860	52386	+	AAFOLC_00265		Glucosylglycerol-phosphate synthase	SO:0001217, UniRef:UniRef50_O65979
contig_1	cds	52380	53672	+	AAFOLC_00270		ABC transporter substrate-binding protein	SO:0001217, UniRef:UniRef50_A0A5B0KXL9
contig_1	cds	53669	54592	+	AAFOLC_00275	thuF	ABC-type trehalose/maltose/sucrose uptake system permease component ThuF	SO:0001217, UniRef:UniRef50_A0A0P7XH17
contig_1	cds	54589	55422	+	AAFOLC_00280		Binding-protein-dependent transport systems inner membrane component	SO:0001217, UniRef:UniRef50_C4WM98
contig_1	cds	55428	56477	+	AAFOLC_00285	malK	Maltose/maltodextrin import ATP-binding protein MalK	SO:0001217, UniRef:UniRef50_A0A165XRX5
contig_1	cds	56654	58285	-	AAFOLC_00290		Arylsulfatase	SO:0001217, UniRef:UniRef50_A0A5P2ZZI8
contig_1	cds	58840	59796	+	AAFOLC_00295	araC	Helix-turn-helix-domain containing protein AraC type	SO:0001217, UniRef:UniRef50_A7IJI0
contig_1	cds	59932	60414	-	AAFOLC_00300	cynS	cyanase	EC:4.2.1.104, KEGG:K01725, SO:0001217, UniRef:UniRef50_A3WVL2, UniRef:UniRef90_UPI001F423DA0
contig_1	cds	60488	61441	-	AAFOLC_00305	cmpD	Bicarbonate transport ATP-binding protein CmpD	SO:0001217, UniRef:UniRef50_A0A0S3PSR9
contig_1	cds	61445	62287	-	AAFOLC_00310	ntrB	nitrate ABC transporter permease	COG:COG0600, COG:P, KEGG:K15577, SO:0001217, UniRef:UniRef50_Q89IA6, UniRef:UniRef90_A0A3L7APH2
contig_1	cds	62291	63658	-	AAFOLC_00315		ABC transporter nitrate-binding protein	SO:0001217, UniRef:UniRef50_A0A379I7M2
contig_1	cds	63732	64913	-	AAFOLC_00320		Ferredoxin--NAD(P)(+) reductase fdr	SO:0001217, UniRef:UniRef50_A0A0D6JGT1
contig_1	cds	64910	65521	-	AAFOLC_00325		2-hydroxychromene-2-carboxylate isomerase	SO:0001217, UniRef:UniRef50_A7IIL4
contig_1	cds	65545	66399	-	AAFOLC_00330		protein-tyrosine-phosphatase	SO:0001217, UniRef:UniRef50_A0A258S2G4
contig_1	cds	66493	67611	-	AAFOLC_00335		Acyl-CoA-dh-N domain-containing protein	SO:0001217, UniRef:UniRef50_A0A1T4TK33
contig_1	cds	67677	68243	-	AAFOLC_00340		Peroxiredoxin	SO:0001217, UniRef:UniRef50_A4YRQ3
contig_1	cds	68537	69151	+	AAFOLC_00345		HTH tetR-type domain-containing protein	SO:0001217, UniRef:UniRef50_A0A508T776
contig_1	cds	69292	70419	+	AAFOLC_00350		S-(Hydroxymethyl)glutathione dehydrogenase	SO:0001217, UniRef:UniRef50_A0A0J6CAC8
contig_1	cds	70466	71302	-	AAFOLC_00355		Usp domain-containing protein	SO:0001217, UniRef:UniRef50_Q6N9M5
contig_1	cds	71535	72398	-	AAFOLC_00360		hypothetical protein	PFAM:PF01729.22, PFAM:PF02749.19
contig_1	cds	72408	73964	-	AAFOLC_00365		L-aspartate oxidase	SO:0001217, UniRef:UniRef50_A0A7J5UTJ8
contig_1	cds	73961	74944	-	AAFOLC_00370	nadA	quinolinate synthase NadA	EC:2.5.1.72, KEGG:K03517, SO:0001217, UniRef:UniRef50_Q9PC58, UniRef:UniRef90_A0A3L7APD2
contig_1	cds	75005	75931	-	AAFOLC_00375		AraR-C domain-containing protein	SO:0001217, UniRef:UniRef50_A0A2C9D1B4
contig_1	cds	76072	76440	-	AAFOLC_00380		IS5 family transposase	SO:0001217, UniRef:UniRef50_A0A8J2Z1F5
contig_1	cds	76455	76829	-	AAFOLC_00385		Transposase	SO:0001217, UniRef:UniRef50_A0A1F8I0I1
contig_1	cds	77623	79029	-	AAFOLC_00390	pntB	NAD/NADP transhydrogenase beta subunit	COG:C, COG:COG1282, EC:1.6.1.2, EC:7.1.1.1, KEGG:K00325, SO:0001217, UniRef:UniRef50_E1VMU4, UniRef:UniRef90_A0A3L7AN52
contig_1	cds	79040	79495	-	AAFOLC_00395		proton-translocating NAD(P)(+) transhydrogenase	SO:0001217, UniRef:UniRef50_A0A218PV39
contig_1	cds	79492	80643	-	AAFOLC_00400		Re/Si-specific NAD(P)(+) transhydrogenase subunit alpha	SO:0001217, UniRef:UniRef50_A0A7C1XJD5, UniRef:UniRef90_A0A3L7AM00
contig_1	cds	80678	80830	-	AAFOLC_00405		COX4-pro-2 domain-containing protein	SO:0001217, UniRef:UniRef50_A0A848JZ62
contig_1	cds	81000	82469	+	AAFOLC_00410		hypothetical protein	PFAM:PF04055.24
contig_1	cds	82510	83013	+	AAFOLC_00415		Glyoxalase/bleomycin resistance protein/dioxygenase	SO:0001217, UniRef:UniRef50_D7A3Q1
contig_1	cds	83036	83752	-	AAFOLC_00420	tetR	Transcriptional regulator, TetR family	SO:0001217, UniRef:UniRef50_A7IGP5
contig_1	ncRNA-region	84265	84323	+			terC RNA	RFAM:RF03067, SO:0005836
contig_1	cds	84380	85354	+	AAFOLC_00425		DAGKc domain-containing protein	SO:0001217, UniRef:UniRef50_A0A0H3KSW9
contig_1	cds	85366	86106	+	AAFOLC_00430	terC	TerC family protein	SO:0001217, UniRef:UniRef50_A0A564WGU0
contig_1	cds	86222	86593	+	AAFOLC_00435		Secreted protein	SO:0001217, UniRef:UniRef50_A7IGP2
contig_1	cds	86779	88080	-	AAFOLC_00440	puuB	Gamma-glutamylputrescine oxidoreductase PuuB	SO:0001217, UniRef:UniRef50_F7ZAJ9
contig_1	cds	88216	89619	-	AAFOLC_00445		Glutamine synthetase	EC:6.3.1.2, KEGG:K01915, SO:0001217, UniRef:UniRef50_A6U681, UniRef:UniRef90_A0A3L7ARA0
contig_1	cds	89943	90806	-	AAFOLC_00450		DUF3108 domain-containing protein	SO:0001217, UniRef:UniRef50_A7IGN9
contig_1	cds	91150	91674	+	AAFOLC_00455	infC	translation initiation factor IF-3	COG:COG0290, COG:J, GO:0003743, GO:0005737, SO:0001217, UniRef:UniRef50_Q89WH7, UniRef:UniRef90_A7IGN8
contig_1	cds	92055	92714	-	AAFOLC_00460		Lectin-like protein BA14k	SO:0001217, UniRef:UniRef50_A0A848K8B3
contig_1	cds	92941	93402	+	AAFOLC_00465		hypothetical protein	
contig_1	cds	93559	95433	-	AAFOLC_00470		Glycosyl transferase family 1	SO:0001217, UniRef:UniRef50_A0A2W6YE47
contig_1	cds	95547	97961	-	AAFOLC_00475		Phenylalanine--tRNA ligase beta subunit	SO:0001217, UniRef:UniRef50_Q89WI2
contig_1	cds	97973	99082	-	AAFOLC_00480	pheS	phenylalanine--tRNA ligase subunit alpha	EC:6.1.1.20, KEGG:K01889, SO:0001217, UniRef:UniRef50_Q8UIN5, UniRef:UniRef90_A0A3L7AI01
contig_1	cds	99351	99713	-	AAFOLC_00485	rplT	50S ribosomal protein L20	COG:COG0292, COG:J, KEGG:K02887, SO:0001217, UniRef:UniRef50_Q8UIN7, UniRef:UniRef90_A0A258J3V8
contig_1	cds	99748	99948	-	AAFOLC_00490	rpmI	50S ribosomal protein L35	COG:COG0291, COG:J, KEGG:K02916, SO:0001217, UniRef:UniRef50_A8LLG9, UniRef:UniRef90_UPI001F3D133A
contig_1	cds	100394	102622	-	AAFOLC_00495		Glycine--tRNA ligase beta subunit	SO:0001217, UniRef:UniRef50_A9CK39
contig_1	cds	102628	103227	-	AAFOLC_00500	yddQ	Uncharacterized isochorismatase family protein YddQ	SO:0001217, UniRef:UniRef50_A0A1K0IBF6
contig_1	cds	103224	104171	-	AAFOLC_00505	glyQ	glycine--tRNA ligase subunit alpha	COG:COG0752, COG:J, SO:0001217, UniRef:UniRef50_Q20YB4, UniRef:UniRef90_A7IKL6
contig_1	cds	104421	105512	-	AAFOLC_00510	takP	Alpha-keto acid-binding periplasmic protein TakP	SO:0001217, UniRef:UniRef50_Q3J1R2
contig_1	cds	105680	106786	-	AAFOLC_00515		Iron-sulfur cluster carrier protein	SO:0001217, UniRef:UniRef50_A0A1U9YY37
contig_1	cds	107115	107795	-	AAFOLC_00520		UDG domain-containing protein	SO:0001217, UniRef:UniRef50_A0A0S2ERB0
contig_1	cds	107773	108516	-	AAFOLC_00525		Ribonuclease BN (tRNA processing enzyme)	SO:0001217, UniRef:UniRef50_A0A4V2UX72
contig_1	cds	108522	109136	-	AAFOLC_00530		Glutathione S-transferase GST-6-0	SO:0001217, UniRef:UniRef50_A0A5J4DUX4
contig_1	cds	109430	110005	-	AAFOLC_00535		Thioredoxin domain-containing protein	SO:0001217, UniRef:UniRef50_D7A6E7
contig_1	cds	110027	110755	-	AAFOLC_00540	dsbD	Thiol:disulfide interchange protein DsbD	SO:0001217, UniRef:UniRef50_A0A2S6U6D8
contig_1	cds	110944	111360	+	AAFOLC_00545	soxS	Regulatory protein SoxS	SO:0001217, UniRef:UniRef50_A0A1E4DYB5
contig_1	cds	111409	111783	+	AAFOLC_00550	arsR	DNA-binding transcriptional regulator, ArsR family	COG:COG0640, COG:K, SO:0001217, UniRef:UniRef50_K8PHP1, UniRef:UniRef90_A0A848JYH7
contig_1	cds	111853	112977	+	AAFOLC_00555		Sulf-transp domain-containing protein	SO:0001217, UniRef:UniRef50_Q130K9
contig_1	cds	113087	114244	-	AAFOLC_00560		Pyridine nucleotide-disulfide oxidoreductase	SO:0001217, UniRef:UniRef50_A0A0B0H6M7
contig_1	cds	114249	114872	-	AAFOLC_00565		Sulf-transp domain-containing protein	SO:0001217, UniRef:UniRef50_A0A8F7ZI59
contig_1	cds	114899	115453	-	AAFOLC_00570		Sulf-transp domain-containing protein	SO:0001217, UniRef:UniRef50_G8PTW3
contig_1	cds	115687	117009	+	AAFOLC_00575		Sulfide dehydrogenase [flavocytochrome c] flavoprotein chain	SO:0001217, UniRef:UniRef50_A0A5P8Z4R5
contig_1	cds	117028	117381	+	AAFOLC_00580		GlsB/YeaQ/YmgE family stress response membrane protein	SO:0001217, UniRef:UniRef50_A0A4R3M0K3
contig_1	cds	117378	117881	+	AAFOLC_00585		S5A-REDUCTASE domain-containing protein	SO:0001217, UniRef:UniRef50_A0A2C9D3G9
contig_1	cds	117974	119161	+	AAFOLC_00590		Adenine DNA glycosylase	SO:0001217, UniRef:UniRef50_Q89SA6
contig_1	cds	119424	120590	-	AAFOLC_00595	ccrM	DNA methyltransferase CcrM	SO:0001217, UniRef:UniRef50_P0CAW2
contig_1	cds	120727	121398	-	AAFOLC_00600		hypothetical protein	
contig_1	cds	121473	122612	-	AAFOLC_00605	opgC	OpgC domain-containing protein	SO:0001217, UniRef:UniRef50_A0A848JT14
contig_1	cds	122827	123753	-	AAFOLC_00610	garR	2-hydroxy-3-oxopropionate reductase GarR	SO:0001217, UniRef:UniRef50_I3X2K5
contig_1	cds	123860	124915	+	AAFOLC_00615	lacI	LacI family transcriptional regulator	SO:0001217, UniRef:UniRef50_A0A6F8US65
contig_1	cds	124912	125769	+	AAFOLC_00620	rlmB	23S rRNA (Guanosine-2'-O-)-methyltransferase RlmB	SO:0001217, UniRef:UniRef50_A0A246KGL7
contig_1	cds	125801	126514	-	AAFOLC_00625	mgtC	Protein MgtC	SO:0001217, UniRef:UniRef50_A0A0C6F9V5
contig_1	cds	126614	127042	-	AAFOLC_00630		VOC family protein	SO:0001217, UniRef:UniRef50_A0A3L7AG34
contig_1	cds	127096	127347	+	AAFOLC_00635		hypothetical protein	
contig_1	cds	127420	128844	+	AAFOLC_00640	leuC	Homoaconitase/3-isopropylmalate dehydratase large subunit	COG:COG0065, COG:E, EC:4.2.1.33, EC:4.2.1.35, KEGG:K01703, SO:0001217, UniRef:UniRef50_Q44427, UniRef:UniRef90_A7IEI6
contig_1	cds	129038	129157	-	AAFOLC_00645		Serine protease	SO:0001217, UniRef:UniRef50_A0A848JXU1
contig_1	cds	129382	129804	+	AAFOLC_00650		Acetylglutamate kinase	SO:0001217, UniRef:UniRef50_A0A1L3LRU3
contig_1	cds	129934	130488	+	AAFOLC_00655		Cytochrome B561	SO:0001217, UniRef:UniRef50_A7IEJ2
contig_1	cds	130600	131205	+	AAFOLC_00660		3-isopropylmalate dehydratase small subunit	SO:0001217, UniRef:UniRef50_Q1MA52
contig_1	cds	131395	133221	+	AAFOLC_00665		RCK N-terminal domain-containing protein	SO:0001217, UniRef:UniRef50_A0A1M3KK91
contig_1	ncRNA-region	133720	133771	+			serC leader	RFAM:RF00517, SO:0000140
contig_1	cds	133772	134947	+	AAFOLC_00670	serC	phosphoserine transaminase	COG:COG1932, COG:HE, SO:0001217, UniRef:UniRef50_A0A011QLQ4, UniRef:UniRef90_A7IEK9
contig_1	cds	135157	136743	+	AAFOLC_00675		D-3-phosphoglycerate dehydrogenase	SO:0001217, UniRef:UniRef50_A0A4Y3ZP00
contig_1	cds	136846	137778	-	AAFOLC_00680		DMT family transporter	SO:0001217, UniRef:UniRef50_A7IEK6
contig_1	cds	138043	138639	-	AAFOLC_00685		Disulfide bond formation protein B	SO:0001217, UniRef:UniRef50_A0A1Q8ZKM8
contig_1	cds	138648	138803	-	AAFOLC_00690		C4-dicarboxylate ABC transporter	SO:0001217, UniRef:UniRef50_A0A4R3M618
contig_1	cds	138940	139839	-	AAFOLC_00695		Glyoxalase	SO:0001217, UniRef:UniRef50_A0A258DY39
contig_1	cds	140072	142045	-	AAFOLC_00700	sbm	Methylmalonyl-CoA mutase, C-terminal domain/subunit (cobalamin-binding)	COG:COG2185, COG:I, SO:0001217, UniRef:UniRef50_Q3IZ90, UniRef:UniRef90_A7IEK3
contig_1	cds	142236	142472	-	AAFOLC_00705		GlsB/YeaQ/YmgE family stress response membrane protein	SO:0001217, UniRef:UniRef50_A0A091BEB3
contig_1	cds	142822	144111	+	AAFOLC_00710	ccrA	crotonyl-CoA carboxylase/reductase	COG:COG0604, COG:CR, SO:0001217, UniRef:UniRef50_A0A3G3LHX6, UniRef:UniRef90_A0A3L7AE02
contig_1	cds	144246	144593	-	AAFOLC_00715	hlyD	HlyD family type I secretion periplasmic adaptor subunit	SO:0001217, UniRef:UniRef50_A7IGT5
contig_1	cds	144612	145760	+	AAFOLC_00720		Pseudouridine synthase	SO:0001217, UniRef:UniRef50_A0A7X0DP36
contig_1	cds	145876	146778	+	AAFOLC_00725	rpoH	RNA polymerase sigma factor RpoH	COG:COG0568, COG:K, SO:0001217, UniRef:UniRef50_P50507, UniRef:UniRef90_A7IGT7
contig_1	cds	146970	148079	-	AAFOLC_00730		Zinc metalloprotease	SO:0001217, UniRef:UniRef50_A0A5M6IUJ3
contig_1	cds	148207	148650	+	AAFOLC_00735	marR	DNA-binding transcriptional regulator, MarR family	SO:0001217, UniRef:UniRef50_A0A285RYP1
contig_1	cds	148647	149993	+	AAFOLC_00740		Bcr/CflA family efflux transporter	SO:0001217, UniRef:UniRef50_A0A4R2GXH5
contig_1	cds	150154	150831	-	AAFOLC_00745		hypothetical protein	
contig_1	cds	151223	151699	+	AAFOLC_00750		protein-tyrosine-phosphatase	SO:0001217, UniRef:UniRef50_A0A3L7AG49
contig_1	cds	151734	152711	-	AAFOLC_00755		D-erythronate dehydrogenase	SO:0001217, UniRef:UniRef50_A0A2K9ZBF0
contig_1	cds	152730	153476	-	AAFOLC_00760		2-keto-3-deoxy-L-fuconate dehydrogenase	SO:0001217, UniRef:UniRef50_A0A7Z0AZ73
contig_1	cds	153511	154221	-	AAFOLC_00765		Acetyltransferase	SO:0001217, UniRef:UniRef50_A0A157LZX6
contig_1	cds	154255	156069	-	AAFOLC_00770	ilvD	Dihydroxyacid dehydratase/phosphogluconate dehydratase	COG:COG0129, COG:EG, EC:4.2.1.82, KEGG:K22186, SO:0001217, UniRef:UniRef50_Q9A9Z2, UniRef:UniRef90_A0A848K3R7
contig_1	cds	156179	157369	-	AAFOLC_00775		Low temperature requirement protein A	SO:0001217, UniRef:UniRef50_A0A370K953
contig_1	cds	157575	158354	+	AAFOLC_00780		Biotin transport system ATP-binding protein	SO:0001217, UniRef:UniRef50_A0A7W6TX28
contig_1	cds	158351	158974	+	AAFOLC_00785		Cobalt transport protein	SO:0001217, UniRef:UniRef50_A7IGV5
contig_1	cds	158977	159519	+	AAFOLC_00790	bioY	Biotin transporter BioY	SO:0001217, UniRef:UniRef50_D5ARG8
contig_1	cds	159575	160489	+	AAFOLC_00795		CHAD domain-containing protein	SO:0001217, UniRef:UniRef50_A7IGV9
contig_1	cds	160580	161710	-	AAFOLC_00800		Acyl-CoA dehydrogenase	SO:0001217, UniRef:UniRef50_A0A011P2E8, UniRef:UniRef90_A0A3L7AA20
contig_1	cds	161785	162546	-	AAFOLC_00805		Putative 3-hydroxyacyl-CoA dehydrogenase (Short-chain)	SO:0001217, UniRef:UniRef50_A0A238D7R6
contig_1	cds	162814	164763	+	AAFOLC_00810		Poly-beta-hydroxybutyrate polymerase	SO:0001217, UniRef:UniRef50_A0A0P1H2W5
contig_1	cds	164780	165763	-	AAFOLC_00815		Zinc-binding alcohol dehydrogenase family protein	SO:0001217, UniRef:UniRef50_A0A3M1AZF7
contig_1	cds	165807	166784	-	AAFOLC_00820		Rubrerythrin domain-containing protein	SO:0001217, UniRef:UniRef50_A3SLZ0
contig_1	cds	166911	168851	+	AAFOLC_00825		Silver exporting P-type ATPase	SO:0001217, UniRef:UniRef50_A0A238L726
contig_1	cds	169060	171174	+	AAFOLC_00830		Fibronectin type-III domain-containing protein	SO:0001217, UniRef:UniRef50_A0A258J1N2
contig_1	cds	171267	172496	-	AAFOLC_00835	argG	argininosuccinate synthase	COG:COG0137, COG:E, EC:6.3.4.5, GO:0004055, GO:0005524, GO:0005737, GO:0006526, KEGG:K01940, SO:0001217, UniRef:UniRef50_Q2RMV0, UniRef:UniRef90_A7IGW4
contig_1	cds	172539	173354	-	AAFOLC_00840		acidPPc domain-containing protein	SO:0001217, UniRef:UniRef50_A0A258IM93
contig_1	cds	173539	174171	+	AAFOLC_00845		2-hydroxychromene-2-carboxylate isomerase	SO:0001217, UniRef:UniRef50_A8IQ60
contig_1	cds	174184	175062	-	AAFOLC_00850		DUF4232 domain-containing protein	SO:0001217, UniRef:UniRef50_A0A4R3M1F7
contig_1	cds	175218	176588	-	AAFOLC_00855		Zinc protease	SO:0001217, UniRef:UniRef50_A0A7W9CUE2
contig_1	cds	176585	177925	-	AAFOLC_00860		Zinc protease	SO:0001217, UniRef:UniRef50_A0A192IKD6
contig_1	cds	178094	178831	-	AAFOLC_00865		Signal peptide protein	SO:0001217, UniRef:UniRef50_A7IHF6
contig_1	cds	178844	179422	-	AAFOLC_00870		Lipoprotein signal peptidase	SO:0001217, UniRef:UniRef50_D6ZZF8
contig_1	cds	179426	182533	-	AAFOLC_00875		Isoleucine--tRNA ligase	SO:0001217, UniRef:UniRef50_Q6N1M8
contig_1	cds	182933	184306	-	AAFOLC_00880		Ammonium transporter	SO:0001217, UniRef:UniRef50_A0A0A6U0R4
contig_1	cds	184336	184674	-	AAFOLC_00885	glnK	Nitrogen regulatory protein PII	COG:COG0347, COG:TE, SO:0001217, UniRef:UniRef50_P43519, UniRef:UniRef90_A8HSW9
contig_1	cds	184995	185870	-	AAFOLC_00890		Acyl-CoA thioesterase II	SO:0001217, UniRef:UniRef50_A0A3L7ABJ9
contig_1	cds	185999	187300	+	AAFOLC_00895		2-octaprenyl-6-methoxyphenol hydroxylase	SO:0001217, UniRef:UniRef50_A0A3S5CYD0
contig_1	cds	187308	188261	-	AAFOLC_00900		Hydrolase-4 domain-containing protein	SO:0001217, UniRef:UniRef50_A0A259KX84
contig_1	cds	188456	189685	+	AAFOLC_00905		NAD(FAD)-utilizing dehydrogenase	SO:0001217, UniRef:UniRef50_A0A1T5GVK7
contig_1	cds	189675	190247	-	AAFOLC_00910		DUF924 domain-containing protein	SO:0001217, UniRef:UniRef50_A7IGM9
contig_1	cds	190244	191410	-	AAFOLC_00915	cobW	CobW C-terminal domain-containing protein	SO:0001217, UniRef:UniRef50_A0A208XGH7
contig_1	cds	191682	192998	-	AAFOLC_00920		hypothetical protein	PFAM:PF00768.23, PFAM:PF13354.9
contig_1	cds	193197	194981	-	AAFOLC_00925	ndvA	Beta-(1-->2)glucan export ATP-binding/permease protein NdvA	SO:0001217, UniRef:UniRef50_Q89UT8
contig_1	cds	195406	195540	+	AAFOLC_00930	rpmH	50S ribosomal protein L34	COG:COG0230, COG:J, GO:0003735, GO:0005840, GO:0006412, GO:1990904, SO:0001217, UniRef:UniRef50_C1DNG0, UniRef:UniRef90_A7IGM5
contig_1	cds	195567	195950	+	AAFOLC_00935		Ribonuclease P protein component	SO:0001217, UniRef:UniRef50_A8ILM5
contig_1	cds	195947	197779	+	AAFOLC_00940	yidC	Membrane protein insertase YidC	SO:0001217, UniRef:UniRef50_Q92SF5
contig_1	cds	197903	198328	+	AAFOLC_00945	arsR	DNA-binding transcriptional regulator, ArsR family	SO:0001217, UniRef:UniRef50_A0A1H5KGI5
contig_1	cds	198339	198686	+	AAFOLC_00950		(pseudo) SRPBCC domain-containing protein	SO:0001217, UniRef:UniRef50_A0A0P6YA71, UniRef:UniRef90_UPI001F289B24
contig_1	cds	198898	200187	-	AAFOLC_00955	bioF	7-keto-8-aminopelargonate synthetase or related enzyme	COG:COG0156, COG:H, EC:2.3.1.37, KEGG:K00643, SO:0001217, UniRef:UniRef50_P08262, UniRef:UniRef90_A0A3L7A9M6
contig_1	ncRNA	200712	200868	+	AAFOLC_00960	ar45	Alphaproteobacterial sRNA ar45	RFAM:RF02347, SO:0000655
contig_1	cds	201201	202331	+	AAFOLC_00965		Lysine	SO:0001217, UniRef:UniRef50_B6IVQ3
contig_1	cds	202449	203003	+	AAFOLC_00970		N-acetyltransferase domain-containing protein	SO:0001217, UniRef:UniRef50_A0A3S4DCJ0
contig_1	cds	203083	203838	-	AAFOLC_00975		Putative dehydrogenase/reductase oxidoreductase protein	SO:0001217, UniRef:UniRef50_A0A2X3DBS5
contig_1	cds	203965	204858	+	AAFOLC_00980		HTH araC/xylS-type domain-containing protein	SO:0001217, UniRef:UniRef50_A0A6J5AP04
contig_1	cds	204946	206376	-	AAFOLC_00985		Homospermidine synthase	COG:COG5310, COG:Q, SO:0001217, UniRef:UniRef50_O32323, UniRef:UniRef90_A7IH89
contig_1	cds	206706	207923	-	AAFOLC_00990		Intracellular poly(3-hydroxybutyrate) depolymerase	SO:0001217, UniRef:UniRef50_Q1LJV2
contig_1	cds	208392	209042	+	AAFOLC_00995		Glutathione S-transferase	SO:0001217, UniRef:UniRef50_Q1LJV3
contig_1	cds	209198	209617	+	AAFOLC_01000		Thioredoxin domain-containing protein	SO:0001217, UniRef:UniRef50_K8NY01
contig_1	cds	209623	210339	+	AAFOLC_01005	dsbD	Thiol:disulfide interchange protein DsbD	SO:0001217, UniRef:UniRef50_A0A564FT32
contig_1	cds	210349	210954	-	AAFOLC_01010	recR	Recombination protein RecR	SO:0001217, UniRef:UniRef50_Q9ABF8
contig_1	cds	211052	211960	-	AAFOLC_01015		PNPLA domain-containing protein	SO:0001217, UniRef:UniRef50_A0A1Q7BZA6
contig_1	cds	212028	212732	-	AAFOLC_01020		3-oxo-tetronate 4-phosphate decarboxylase	SO:0001217, UniRef:UniRef50_A0A853T624
contig_1	cds	213211	213678	+	AAFOLC_01025	mucR	MucR family transcriptional regulator	SO:0001217, UniRef:UniRef50_A0A0Q8AZX0
contig_1	cds	214085	214651	-	AAFOLC_01030		Molybdopterin adenylyltransferase	SO:0001217, UniRef:UniRef50_Q9ZL45
contig_1	cds	214850	216562	-	AAFOLC_01035		AAA domain-containing protein	SO:0001217, UniRef:UniRef50_A0A2Z6IKU4
contig_1	cds	216840	217487	+	AAFOLC_01040		TRAP transporter small permease	SO:0001217, UniRef:UniRef50_A0A3L7AHQ6
contig_1	cds	217516	220992	-	AAFOLC_01045		4Fe-4S ferredoxin-type domain-containing protein	SO:0001217, UniRef:UniRef50_K9DI28
contig_1	cds	221237	222259	-	AAFOLC_01050		Nickel/cobalt efflux system	SO:0001217, UniRef:UniRef50_A0A0P0J903
contig_1	cds	222256	222903	-	AAFOLC_01055		DUF1007 domain-containing protein	SO:0001217, UniRef:UniRef50_A8IPT9
contig_1	cds	223012	223899	-	AAFOLC_01060	galU	UTP--glucose-1-phosphate uridylyltransferase GalU	SO:0001217, UniRef:UniRef50_P33696, UniRef:UniRef90_A0A3L7A8Q2
contig_1	cds	224070	225092	+	AAFOLC_01065		UDP-glucose 4-epimerase	SO:0001217, UniRef:UniRef50_A0A1B9YQS5
contig_1	cds	225249	226532	+	AAFOLC_01070		Lytic murein transglycosylase B	SO:0001217, UniRef:UniRef50_F7QFQ6
contig_1	cds	226778	228037	+	AAFOLC_01075		Peripla-BP-6 domain-containing protein	SO:0001217, UniRef:UniRef50_A0A192IER8
contig_1	cds	228293	229789	-	AAFOLC_01080		C4-dicarboxylate ABC transporter permease	SO:0001217, UniRef:UniRef50_Q1QWQ3
contig_1	cds	229789	230253	-	AAFOLC_01085	tctB	Tripartite tricarboxylate transporter TctB family protein	SO:0001217, UniRef:UniRef50_A0A848K2M9
contig_1	cds	230288	231256	-	AAFOLC_01090		Tripartite tricarboxylate transporter substrate binding protein	SO:0001217, UniRef:UniRef50_D8J231
contig_1	cds	231624	232340	+	AAFOLC_01095		Tim44 domain-containing protein	SO:0001217, UniRef:UniRef50_L0KFU9
contig_1	cds	232410	233780	+	AAFOLC_01100		peptidoglycan lytic exotransglycosylase	SO:0001217, UniRef:UniRef50_A0A1G4SUS7
contig_1	cds	233777	234388	+	AAFOLC_01105		Smr domain-containing protein	SO:0001217, UniRef:UniRef50_A0A327KJV8
contig_1	cds	234560	235270	-	AAFOLC_01110	pdeM	Ligase-associated DNA damage response endonuclease PdeM	SO:0001217, UniRef:UniRef50_A0A3L7AMD7
contig_1	cds	235523	236290	+	AAFOLC_01115		putative membrane transporter protein	SO:0001217, UniRef:UniRef50_A7IH85
contig_1	cds	236498	237649	-	AAFOLC_01120		PNPLA domain-containing protein	SO:0001217, UniRef:UniRef50_A0A176Z252
contig_1	cds	237788	238540	-	AAFOLC_01125		Acetoacetate decarboxylase	SO:0001217, UniRef:UniRef50_Q7NSA6
contig_1	cds	238724	239713	-	AAFOLC_01130		WD-REPEATS-REGION domain-containing protein	SO:0001217, UniRef:UniRef50_A0A1W6N1P6
contig_1	cds	240043	242523	+	AAFOLC_01135		hypothetical protein	PFAM:PF00271.34, PFAM:PF04408.26, SO:0001217, UniRef:UniRef50_A0A6C1KDI7
contig_1	cds	242526	242936	-	AAFOLC_01140		HotDog ACOT-type domain-containing protein	SO:0001217, UniRef:UniRef50_A0A5B0KT39
contig_1	cds	243239	243547	+	AAFOLC_01145		50S ribosomal protein L21	SO:0001217, UniRef:UniRef50_A7IH93
contig_1	cds	243623	243895	+	AAFOLC_01150	rpmA	50S ribosomal protein L27	KEGG:K02899, SO:0001217, UniRef:UniRef50_Q8UBR6, UniRef:UniRef90_A0A3L7AP03
contig_1	cds	244046	244675	+	AAFOLC_01155	ydaF	Putative ribosomal N-acetyltransferase YdaF	SO:0001217, UniRef:UniRef50_A0A0P0J870
contig_1	cds	244838	245353	+	AAFOLC_01160		RNA pyrophosphohydrolase	SO:0001217, UniRef:UniRef50_Q89X78
contig_1	cds	245399	245893	-	AAFOLC_01165		DUF2165 domain-containing protein	SO:0001217, UniRef:UniRef50_A0A078KXH5
contig_1	cds	245948	246145	-	AAFOLC_01170		hypothetical protein	
contig_1	cds	246196	246633	-	AAFOLC_01175		ATP synthase epsilon chain	SO:0001217, UniRef:UniRef50_B8EQQ2
contig_1	cds	246672	246905	-	AAFOLC_01180		PDGLE domain-containing protein	SO:0001217, UniRef:UniRef50_B7KUA1
contig_1	cds	246933	248369	-	AAFOLC_01185	atpD	F0F1 ATP synthase subunit beta	COG:C, COG:COG0055, EC:7.1.2.2, GO:0005524, GO:0005886, GO:0045261, GO:0046933, GO:0046961, SO:0001217, UniRef:UniRef50_Q89X74, UniRef:UniRef90_A8HS10
contig_1	cds	248398	249273	-	AAFOLC_01190		ATP synthase gamma chain	SO:0001217, UniRef:UniRef50_Q89X73
contig_1	cds	249314	250843	-	AAFOLC_01195	atpA	F0F1 ATP synthase subunit alpha	COG:C, COG:COG0056, EC:7.1.2.2, GO:0005524, GO:0005886, GO:0045261, GO:0046933, GO:0046961, SO:0001217, UniRef:UniRef50_P50000, UniRef:UniRef90_A7IH29
contig_1	cds	250843	251397	-	AAFOLC_01200		ATP synthase subunit delta	SO:0001217, UniRef:UniRef50_E3I271
contig_1	cds	251975	253321	-	AAFOLC_01205		Carboxy-terminal-processing protease	SO:0001217, UniRef:UniRef50_Q44879
contig_1	cds	253318	254730	-	AAFOLC_01210		Peptidase-M23 domain-containing protein	SO:0001217, UniRef:UniRef50_A0A3L7A7H0
contig_1	cds	254985	256820	-	AAFOLC_01215		Oligoendopeptidase F, plasmid	SO:0001217, UniRef:UniRef50_A0A0M6YFH7
contig_1	cds	257091	257750	+	AAFOLC_01220		Two component transcriptional regulator, Fis family	SO:0001217, UniRef:UniRef50_A7IH20
contig_1	cds	257855	260071	+	AAFOLC_01225		hypothetical protein	PFAM:PF01471.21, PFAM:PF03734.17, PFAM:PF20142.2
contig_1	cds	260520	261974	+	AAFOLC_01230		DUF882 domain-containing protein	SO:0001217, UniRef:UniRef50_A0A258IRN2
contig_1	cds	262233	262496	-	AAFOLC_01235		UPF0335 protein BARBAKC583_0130	SO:0001217, UniRef:UniRef50_A1UR66
contig_1	cds	262704	263693	+	AAFOLC_01240		DMT family transporter	SO:0001217, UniRef:UniRef50_A7IH16
contig_1	cds	263898	264356	+	AAFOLC_01245		DUF1036 domain-containing protein	SO:0001217, UniRef:UniRef50_A0A1E3GYK3
contig_1	cds	264438	265112	-	AAFOLC_01250		TPR repeat-containing protein	SO:0001217, UniRef:UniRef50_A7IH14
contig_1	cds	265290	265415	-	AAFOLC_01255	ykgO	type B 50S ribosomal protein L36	COG:COG0257, COG:J, GO:0003735, GO:0005840, GO:0006412, GO:1990904, RefSeq:WP_013167868.1, SO:0001217, UniParc:UPI0001D88F35, UniRef:UniRef100_D7A7D4, UniRef:UniRef50_B0ULQ6, UniRef:UniRef90_B0ULQ6
contig_1	cds	265556	266038	-	AAFOLC_01260		Ribosomal RNA large subunit methyltransferase H	SO:0001217, UniRef:UniRef50_Q92LB0
contig_1	cds	266068	266496	-	AAFOLC_01265	rsfS	ribosome silencing factor	SO:0001217, UniRef:UniRef50_A0A1G5H5Y7, UniRef:UniRef90_A0A3L7AGL2
contig_1	cds	266565	267257	-	AAFOLC_01270		putative nicotinate-nucleotide adenylyltransferase	SO:0001217, UniRef:UniRef50_Q89X84
contig_1	cds	267254	268525	-	AAFOLC_01275		Gamma-glutamyl phosphate reductase	SO:0001217, UniRef:UniRef50_Q8YJ78
contig_1	cds	268816	269787	-	AAFOLC_01280		hypothetical protein	
contig_1	cds	269948	271084	-	AAFOLC_01285		Glutamate 5-kinase	SO:0001217, UniRef:UniRef50_Q5FUL1
contig_1	cds	271370	272404	-	AAFOLC_01290	obgE	GTPase ObgE	COG:COG0536, COG:DL, SO:0001217, UniRef:UniRef50_B6JD21, UniRef:UniRef90_UPI00045EAB93
contig_1	cds	272456	273439	-	AAFOLC_01295		Amidohydro-rel domain-containing protein	SO:0001217, UniRef:UniRef50_A0A2R8ARK5
contig_1	cds	273647	275836	+	AAFOLC_01300		Primosomal protein N'	SO:0001217, UniRef:UniRef50_Q89X69
contig_1	cds	275905	276027	+	AAFOLC_01305		hypothetical protein	
contig_1	cds	276214	276837	+	AAFOLC_01310		50S ribosomal protein L25	SO:0001217, UniRef:UniRef50_A9W5L4
contig_1	cds	276942	277550	+	AAFOLC_01315		Peptidyl-tRNA hydrolase	SO:0001217, UniRef:UniRef50_A7IIK5
contig_1	cds	277700	278797	+	AAFOLC_01320	ychF	redox-regulated ATPase YchF	COG:COG0012, COG:J, SO:0001217, UniRef:UniRef50_A0A6P5FB20, UniRef:UniRef90_A8HS75
contig_1	cds	278807	279310	+	AAFOLC_01325	maoC	MaoC domain protein dehydratase	SO:0001217, UniRef:UniRef50_A7IIK3
contig_1	cds	279423	279887	+	AAFOLC_01330		hypothetical protein	PFAM:PF01575.22
contig_1	cds	279884	280357	+	AAFOLC_01335		MaoC-like domain-containing protein	SO:0001217, UniRef:UniRef50_A0A0Q7TYW3
contig_1	cds	280433	281419	-	AAFOLC_01340		Oxidoreductase protein	SO:0001217, UniRef:UniRef50_D8J250
contig_1	cds	281531	282232	+	AAFOLC_01345		HTH tetR-type domain-containing protein	SO:0001217, UniRef:UniRef50_A0A259KWS4
contig_1	cds	282387	282809	+	AAFOLC_01350	ndk	nucleoside-diphosphate kinase	COG:COG0105, COG:F, SO:0001217, UniRef:UniRef50_Q6N5C3, UniRef:UniRef90_A0A258M5H5
contig_1	cds	282981	283679	+	AAFOLC_01355	terC	TerC family protein	SO:0001217, UniRef:UniRef50_A7IHS7
contig_1	cds	283862	284611	+	AAFOLC_01360	terC	TerC family protein	SO:0001217, UniRef:UniRef50_A0A126NQA7
contig_1	cds	284685	286790	+	AAFOLC_01365		4Fe-4S Mo/W bis-MGD-type domain-containing protein	SO:0001217, UniRef:UniRef50_A0A0S2EQP5
contig_1	cds	286893	287807	+	AAFOLC_01370		DUF4239 domain-containing protein	SO:0001217, UniRef:UniRef50_UPI001EDFCC7D
contig_1	cds	287706	288362	-	AAFOLC_01375		Phosphoribosylglycinamide formyltransferase	SO:0001217, UniRef:UniRef50_A0A8J3E5Y6
contig_1	cds	288359	289432	-	AAFOLC_01380		Phosphoribosylformylglycinamidine cyclo-ligase	SO:0001217, UniRef:UniRef50_Q984K6
contig_1	cds	289555	290457	-	AAFOLC_01385		HTH lysR-type domain-containing protein	SO:0001217, UniRef:UniRef50_A0A2G9X1P2
contig_1	cds	290753	291439	-	AAFOLC_01390	aqpZ	aquaporin Z	COG:COG0580, COG:G, SO:0001217, UniRef:UniRef50_A0A3Q9BUK6, UniRef:UniRef90_A0A3L7AM09
contig_1	cds	291742	292014	+	AAFOLC_01395		hypothetical protein	
contig_1	cds	292271	294754	+	AAFOLC_01400		Carbohydrate-binding family V/XII	SO:0001217, UniRef:UniRef50_G0EXY8
contig_1	cds	294953	295660	+	AAFOLC_01405		SAM-dependent methyltransferase	SO:0001217, UniRef:UniRef50_A0A258LMK2
contig_1	cds	295672	297438	-	AAFOLC_01410	mdoH	Glucans biosynthesis glucosyltransferase MdoH	SO:0001217, UniRef:UniRef50_A0A4D7QDY3
contig_1	cds	297616	298620	+	AAFOLC_01415		Alcohol dehydrogenase zinc-binding domain protein	SO:0001217, UniRef:UniRef50_A7IHR6
contig_1	cds	298717	299121	+	AAFOLC_01420		6-carboxy-5,6,7,8-tetrahydropterin synthase	SO:0001217, UniRef:UniRef50_A0A512BSK7
contig_1	cds	299146	300201	+	AAFOLC_01425		Glycosyl transferase family 1	SO:0001217, UniRef:UniRef50_A0A0Q9ISL1
contig_1	cds	300198	301043	+	AAFOLC_01430		Methyltransf-25 domain-containing protein	SO:0001217, UniRef:UniRef50_A0A841K633
contig_1	cds	301047	301988	-	AAFOLC_01435	ftsY	Signal recognition particle receptor FtsY	SO:0001217, UniRef:UniRef50_A0A447CT46
contig_1	cds	302015	303280	-	AAFOLC_01440	mtaB	tRNA (N(6)-L-threonylcarbamoyladenosine(37)-C(2))-methylthiotransferase MtaB	SO:0001217, UniRef:UniRef50_Q1YDS3
contig_1	cds	303282	304142	-	AAFOLC_01445		Diaminopimelate epimerase	SO:0001217, UniRef:UniRef50_A0A0S4Q834
contig_1	cds	304292	306625	-	AAFOLC_01450		hypothetical protein	
contig_1	cds	306799	308451	+	AAFOLC_01455		Ferredoxin-dependent glutamate synthase	SO:0001217, UniRef:UniRef50_F1ZAR5
contig_1	cds	308705	311134	-	AAFOLC_01460		Mechanosensitive ion channel protein	SO:0001217, UniRef:UniRef50_A0A1W7A0X8
contig_1	cds	311501	311929	+	AAFOLC_01465		SHSP domain-containing protein	SO:0001217, UniRef:UniRef50_J1K233
contig_1	cds	311966	312226	+	AAFOLC_01470		DUF1150 domain-containing protein	SO:0001217, UniRef:UniRef50_A0A4R3LW48
contig_1	cds	312334	312798	-	AAFOLC_01475		Nitrogen regulatory protein	SO:0001217, UniRef:UniRef50_P30335
contig_1	cds	312869	313453	-	AAFOLC_01480		Ribosome hibernation promoting factor	SO:0001217, UniRef:UniRef50_F2J5I2
contig_1	cds	313656	314219	-	AAFOLC_01485		Ni-hydr-CYTB domain-containing protein	SO:0001217, UniRef:UniRef50_A0A258LRT4
contig_1	cds	314191	314886	-	AAFOLC_01490		Bifunctional deaminase-reductase domain protein	SO:0001217, UniRef:UniRef50_A7IGY8
contig_1	cds	315084	316208	+	AAFOLC_01495		GTP cyclohydrolase-2	SO:0001217, UniRef:UniRef50_A0A1B3NMS5
contig_1	cds	316344	316865	-	AAFOLC_01500		Invasion associated locus B family protein	SO:0001217, UniRef:UniRef50_A7ICC0
contig_1	cds	317230	318207	+	AAFOLC_01505		Putative quinone oxidoreductases (NADPH) and Zn-dependent alcohol dehydrogenases	SO:0001217, UniRef:UniRef50_A4YJY4
contig_1	cds	318237	318653	-	AAFOLC_01510		DUF1232 domain-containing protein	SO:0001217, UniRef:UniRef50_A0A6C1KTJ4
contig_1	cds	318708	319298	-	AAFOLC_01515		RNA 2',3'-cyclic phosphodiesterase	SO:0001217, UniRef:UniRef50_A0A2L1S5I4
contig_1	cds	319374	320144	-	AAFOLC_01520		hypothetical protein	
contig_1	cds	320228	321148	-	AAFOLC_01525		AP-endonuc-2 domain-containing protein	SO:0001217, UniRef:UniRef50_A8IJS3
contig_1	cds	321711	322505	-	AAFOLC_01530		Glutamine amidotransferase	SO:0001217, UniRef:UniRef50_G6Y6V6
contig_1	cds	322489	322968	-	AAFOLC_01535	terB	TerB domain-containing protein	SO:0001217, UniRef:UniRef50_A7IGX9
contig_1	cds	323263	323748	+	AAFOLC_01540		hypothetical protein	PFAM:PF05239.19
contig_1	cds	324034	324444	+	AAFOLC_01545		response regulator	SO:0001217, UniRef:UniRef50_UPI002102D6C2
contig_1	cds	324510	324800	-	AAFOLC_01550		DUF883 domain-containing protein	SO:0001217, UniRef:UniRef50_A0A258LLG2
contig_1	cds	324953	325738	-	AAFOLC_01555	phyR	Phyllosphere-induced regulator PhyR	SO:0001217, UniRef:UniRef50_A0A8D6ATH9
contig_1	cds	325939	327801	+	AAFOLC_01560		Signal transduction histidine kinase	SO:0001217, UniRef:UniRef50_A7IGX4
contig_1	cds	327930	328208	+	AAFOLC_01565		hypothetical protein	
contig_1	cds	328461	329051	+	AAFOLC_01570		RNA polymerase sigma factor	SO:0001217, UniRef:UniRef50_A0A2X1ASJ1
contig_1	cds	329328	329765	-	AAFOLC_01575		Cupin-5 domain-containing protein	SO:0001217, UniRef:UniRef50_A0A447CQF7
contig_1	cds	329776	330549	-	AAFOLC_01580		Hydroxyacylglutathione hydrolase	SO:0001217, UniRef:UniRef50_Q89XT5
contig_1	cds	330899	331636	+	AAFOLC_01585		Methyltransf-11 domain-containing protein	SO:0001217, UniRef:UniRef50_Q2J428
contig_1	cds	331649	332296	-	AAFOLC_01590	metW	methionine biosynthesis protein MetW	SO:0001217, UniRef:UniRef50_A0A5C5SAU4, UniRef:UniRef90_A0A3L7AE91
contig_1	cds	332299	333510	-	AAFOLC_01595		Homoserine O-acetyltransferase	SO:0001217, UniRef:UniRef50_Q9AAS1
contig_1	cds	333735	337094	+	AAFOLC_01600		ATP-dependent RNA helicase SUPV3L1/SUV3	SO:0001217, UniRef:UniRef50_A0A7W6IG82
contig_1	cds	337602	337937	+	AAFOLC_01605		Uncharacterized Fe-S cluster protein	COG:COG2768, COG:S, SO:0001217, UniRef:UniRef50_Q1RH11, UniRef:UniRef90_A7IIP0
contig_1	cds	338004	338519	-	AAFOLC_01610		hypothetical protein	
contig_1	cds	338574	340184	+	AAFOLC_01615	prfC	peptide chain release factor 3	COG:COG4108, COG:J, SO:0001217, UniRef:UniRef50_A7HRH2, UniRef:UniRef90_A7IIP5
contig_1	cds	340249	341097	+	AAFOLC_01620		2,3,4,5-tetrahydropyridine-2,6-dicarboxylate N-succinyltransferase	SO:0001217, UniRef:UniRef50_P56220
contig_1	tRNA	341473	341562	+	AAFOLC_01625	trnS	tRNA-Ser(gga)	SO:0000269
contig_1	cds	341703	341969	+	AAFOLC_01630	tnp	IS3 family transposase ORF A	SO:0001217, UniRef:UniRef50_P17985, UniRef:UniRef90_A0A1G4UTN6
contig_1	cds	341963	342517	+	AAFOLC_01635		(pseudo) IS3 family transposase	SO:0001217, UniRef:UniRef50_A0A7Z2NZ58, UniRef:UniRef90_UPI0016466103
contig_1	cds	342520	343278	-	AAFOLC_01640		hypothetical protein	PFAM:PF00665.29, PFAM:PF13276.9, PFAM:PF13683.9
contig_1	cds	343386	343664	-	AAFOLC_01645		Transposase	SO:0001217, UniRef:UniRef50_A0A087N6S0, UniRef:UniRef90_A0A4R1HFX3
contig_1	cds	343740	344138	+	AAFOLC_01650		Integrase catalytic domain-containing protein	SO:0001217, UniRef:UniRef50_A0A1Y6KEP4
contig_1	cds	344231	345556	+	AAFOLC_01655		integrase arm-type DNA-binding domain-containing protein	SO:0001217, UniRef:UniRef50_A0A149TI60, UniRef:UniRef90_UPI001F289632
contig_1	cds	345572	346159	+	AAFOLC_01660		hypothetical protein	
contig_1	cds	346130	346498	-	AAFOLC_01665		IS5 family transposase	SO:0001217, UniRef:UniRef50_A0A8J2Z1F5
contig_1	cds	346513	346887	-	AAFOLC_01670		Transposase	SO:0001217, UniRef:UniRef50_A0A1F8I0I1
contig_1	cds	346956	347207	+	AAFOLC_01675		hypothetical protein	
contig_1	cds	347291	347536	+	AAFOLC_01680		DNA-binding protein	SO:0001217, UniRef:UniRef50_A0A257GI07
contig_1	cds	347511	348431	+	AAFOLC_01685		hypothetical protein	PFAM:PF13362.9
contig_1	cds	348434	349948	+	AAFOLC_01690		DUF3987 domain-containing protein	SO:0001217, UniRef:UniRef50_A0A126P7E8
contig_1	cds	349945	350544	+	AAFOLC_01695		hypothetical protein	
contig_1	cds	350541	351059	+	AAFOLC_01700		Terminase small subunit	SO:0001217, UniRef:UniRef50_C0CPP3
contig_1	cds	351337	354738	+	AAFOLC_01705		type I site-specific deoxyribonuclease	SO:0001217, UniRef:UniRef50_A0A1D8USS9
contig_1	cds	354819	356351	+	AAFOLC_01710		type I restriction-modification system subunit M	EC:2.1.1.72, KEGG:K03427, SO:0001217, UniRef:UniRef50_A0A3P5W978, UniRef:UniRef90_UPI001BCE2E2D
contig_1	cds	356465	357673	+	AAFOLC_01715		Restriction endonuclease S subunit	SO:0001217, UniRef:UniRef50_J0V9R6
contig_1	cds	357670	358029	+	AAFOLC_01720		MOSC domain-containing protein	SO:0001217, UniRef:UniRef50_Q1MKB3
contig_1	cds	358026	358955	+	AAFOLC_01725		Mrr restriction system protein	SO:0001217, UniRef:UniRef50_A0A0S3PNP7
contig_1	cds	359216	362311	-	AAFOLC_01730		Helicase conserved C-terminal domain-containing protein	SO:0001217, UniRef:UniRef50_A0A2E8PDY5
contig_1	cds	362320	363630	-	AAFOLC_01735		EH-Signature domain-containing protein	SO:0001217, UniRef:UniRef50_A0A5C8P8X5
contig_1	cds	363627	364499	-	AAFOLC_01740		OmpA-like domain-containing protein	SO:0001217, UniRef:UniRef50_A0A2D5IZL4
contig_1	cds	364499	366532	-	AAFOLC_01745		hypothetical protein	
contig_1	cds	367855	368223	-	AAFOLC_01750		Helix-turn-helix domain protein	SO:0001217, UniRef:UniRef50_A7IHL2, UniRef:UniRef90_A7IHL2
contig_1	cds	368307	369053	+	AAFOLC_01755		hypothetical protein	
contig_1	cds	369083	369484	+	AAFOLC_01760		DUF2628 domain-containing protein	SO:0001217, UniRef:UniRef50_A0A3L7AJD7
contig_1	cds	369603	369881	+	AAFOLC_01765		Transposase	SO:0001217, UniRef:UniRef50_A0A087N6S0, UniRef:UniRef90_A0A4R1HFX3
contig_1	cds	369989	370747	+	AAFOLC_01770		hypothetical protein	PFAM:PF00665.29, PFAM:PF13276.9, PFAM:PF13683.9
contig_1	cds	370832	371551	+	AAFOLC_01775		hypothetical protein	
contig_1	cds	371685	371873	+	AAFOLC_01780		hypothetical protein	
contig_1	cds	371956	372255	+	AAFOLC_01785		hypothetical protein	
contig_1	cds	372322	373122	-	AAFOLC_01790	novR	Decarboxylase NovR	SO:0001217, UniRef:UniRef50_A0A5E4SYD1
contig_1	cds	373122	373865	-	AAFOLC_01795	tetR	Transcriptional regulator, TetR family	SO:0001217, UniRef:UniRef50_B8IME3
contig_1	cds	373922	374773	-	AAFOLC_01800		Inosose isomerase	SO:0001217, UniRef:UniRef50_A0A222E2G8
contig_1	cds	374770	376509	-	AAFOLC_01805		Acetophenone carboxylase delta subunit	SO:0001217, UniRef:UniRef50_A0A2S6QC80
contig_1	cds	376524	378617	-	AAFOLC_01810		Acetophenone carboxylase gamma subunit	SO:0001217, UniRef:UniRef50_A0A2S6QBT5
contig_1	cds	378781	379779	+	AAFOLC_01815		Formylaminopyrimidine-binding protein	SO:0001217, UniRef:UniRef50_A0A222E330
contig_1	cds	379776	380582	+	AAFOLC_01820	cmpD	Bicarbonate transport ATP-binding protein CmpD	SO:0001217, UniRef:UniRef50_A0A6P2FGC7
contig_1	cds	380587	381459	+	AAFOLC_01825		Binding-protein dependent transport system inner membrane protein	SO:0001217, UniRef:UniRef50_H1S984
contig_1	cds	381472	382407	+	AAFOLC_01830		Drug/metabolite transporter (DMT)-like permease	SO:0001217, UniRef:UniRef50_A0A848K0R0
contig_1	cds	382768	383682	-	AAFOLC_01835		Transcriptional regulatory protein	SO:0001217, UniRef:UniRef50_Q89RS8
contig_1	cds	384143	384517	+	AAFOLC_01840		Stress-response A/B barrel domain-containing protein	SO:0001217, UniRef:UniRef50_A8I1Q8
contig_1	cds	384559	385647	+	AAFOLC_01845		maleylacetate reductase	SO:0001217, UniRef:UniRef50_A0A1N7SWU8
contig_1	cds	385650	387029	+	AAFOLC_01850		Amidohydro-rel domain-containing protein	SO:0001217, UniRef:UniRef50_A0A0C4YEG2
contig_1	cds	387040	387957	+	AAFOLC_01855		Dehydrogenase	SO:0001217, UniRef:UniRef50_M4Z2W6
contig_1	cds	387954	388841	+	AAFOLC_01860		intradiol ring-cleavage dioxygenase	SO:0001217, UniRef:UniRef50_A0A0H2M140, UniRef:UniRef90_UPI00193145AD
contig_1	cds	388907	390331	+	AAFOLC_01865		(R,R)-butanediol dehydrogenase/meso-butanediol dehydrogenase/diacetyl reductase/D-lactate dehydrogenase (Cytochrome)	SO:0001217, UniRef:UniRef50_A0A7W4TZ10
contig_1	cds	390328	391878	+	AAFOLC_01870	rbsA	Ribose import ATP-binding protein RbsA 1	SO:0001217, UniRef:UniRef50_A0A2U3Q4K9
contig_1	cds	391871	392824	+	AAFOLC_01875		D-ribose transporter subunit membrane component of ABC superfamily	SO:0001217, UniRef:UniRef50_H0SVN9
contig_1	cds	392821	393795	+	AAFOLC_01880		ABC transporter permease	SO:0001217, UniRef:UniRef50_A0A7V0Y1H0
contig_1	cds	393828	394814	+	AAFOLC_01885	rbsB	ABC-type sugar transport system, periplasmic component, contains N-terminal xre family HTH domain	COG:COG1879, COG:G, SO:0001217, UniRef:UniRef50_A0A1Y1BRY0, UniRef:UniRef90_A8I1T9
contig_1	cds	395031	395231	+	AAFOLC_01890		hypothetical protein	
contig_1	cds	395240	395527	+	AAFOLC_01895		YCII domain-containing protein	SO:0001217, UniRef:UniRef50_M4Z438
contig_1	cds	395559	396122	+	AAFOLC_01900		NAD(P)H-dependent FMN reductase PA1204	SO:0001217, UniRef:UniRef50_Q9I4D4
contig_1	cds	397285	398274	+	AAFOLC_01905		tripartite tricarboxylate transporter substrate binding protein	SO:0001217, UniRef:UniRef50_J3CAG2, UniRef:UniRef90_UPI001AD95D0F
contig_1	cds	398280	398687	+	AAFOLC_01910		OB-fold domain-containing protein	SO:0001217, UniRef:UniRef50_E3HJ80, UniRef:UniRef90_UPI001ADBC1CB
contig_1	cds	398684	399847	+	AAFOLC_01915		thiolase	SO:0001217, UniRef:UniRef50_Q1LD06, UniRef:UniRef90_UPI001ADD457E
contig_1	cds	399894	400217	+	AAFOLC_01920		3-oxoacid CoA-transferase subunit A	SO:0001217, UniRef:UniRef50_A0A519IKZ8
contig_1	cds	400281	400565	+	AAFOLC_01925		3-oxoadipate CoA-transferase subunit A	SO:0001217, UniRef:UniRef50_A0A083ZYD3
contig_1	cds	400578	401219	+	AAFOLC_01930		3-oxoacid CoA-transferase subunit B	SO:0001217, UniRef:UniRef50_P0A101, UniRef:UniRef90_UPI001ADC5D54
contig_1	cds	401239	402435	+	AAFOLC_01935		acyl-CoA dehydrogenase family protein	SO:0001217, UniRef:UniRef50_A0A4V2VRZ0, UniRef:UniRef90_UPI001AD9CF8A
contig_1	cds	402446	403558	+	AAFOLC_01940		acyl-CoA dehydrogenase family protein	SO:0001217, UniRef:UniRef50_UPI001ADAB61C, UniRef:UniRef90_UPI001ADAB61C
contig_1	cds	403595	405706	+	AAFOLC_01945		3-hydroxyacyl-CoA dehydrogenase NAD-binding domain-containing protein	SO:0001217, UniRef:UniRef50_A0A0C4Y934, UniRef:UniRef90_UPI001FFD9679
contig_1	cds	405719	406738	+	AAFOLC_01950	lysR	LysR substrate-binding domain-containing protein	SO:0001217, UniRef:UniRef50_A0A4D7B6E7, UniRef:UniRef90_UPI001ADA4CA9
contig_1	cds	406999	407934	-	AAFOLC_01955		FAD:protein FMN transferase	SO:0001217, UniRef:UniRef50_A0A0P6VNF8
contig_1	cds	407987	410179	-	AAFOLC_01960		Nitric oxide synthase	SO:0001217, UniRef:UniRef50_A0A0U2W273, UniRef:UniRef90_A0A259L7A3
contig_1	cds	410197	410667	-	AAFOLC_01965		Tat pathway signal protein	SO:0001217, UniRef:UniRef50_A0A1N7M902, UniRef:UniRef90_A7IQ68
contig_1	cds	410708	411055	-	AAFOLC_01970		Secreted protein	SO:0001217, UniRef:UniRef50_A7IQ67
contig_1	cds	411147	412487	-	AAFOLC_01975	baeS	Signal transduction histidine kinase	COG:COG0642, COG:T, SO:0001217, UniRef:UniRef50_A0A2S4M6K2, UniRef:UniRef90_A7IQ66
contig_1	cds	412484	413155	-	AAFOLC_01980	qseB	Transcriptional regulatory protein QseB	SO:0001217, UniRef:UniRef50_A0A5E7TH23
contig_1	cds	413289	413570	+	AAFOLC_01985		PepSY domain-containing protein	SO:0001217, UniRef:UniRef50_A0A259L5Q6, UniRef:UniRef90_A0A259L5Q6
contig_1	cds	414470	415603	+	AAFOLC_01990		hypothetical protein	PFAM:PF00933.24
contig_1	cds	415652	416203	+	AAFOLC_01995		DUF218 domain-containing protein	SO:0001217, UniRef:UniRef50_A0A380WDM8
contig_1	cds	416200	419271	+	AAFOLC_02000		AMP-binding protein	SO:0001217, UniRef:UniRef50_UPI0002995B48
contig_1	cds	419450	420283	+	AAFOLC_02005		Type IV secretion system protein virB10	SO:0001217, UniRef:UniRef50_A0A011TCR6
contig_1	cds	420391	422073	-	AAFOLC_02010		Dihydrolipoyl dehydrogenase	SO:0001217, UniRef:UniRef50_A0A369U3R8
contig_1	cds	422085	423407	-	AAFOLC_02015		Dihydrolipoamide acetyltransferase component of pyruvate dehydrogenase complex	SO:0001217, UniRef:UniRef50_A0A132BUB2
contig_1	cds	423421	426087	-	AAFOLC_02020	mdeB	alpha-ketoglutarate dehydrogenase	EC:1.2.4.1, KEGG:K00163, SO:0001217, UniRef:UniRef50_A0A2N6T2L2, UniRef:UniRef90_UPI001F176DE3
contig_1	cds	426223	426693	+	AAFOLC_02025		Lrp/AsnC ligand binding domain-containing protein	SO:0001217, UniRef:UniRef50_P42179, UniRef:UniRef90_UPI001F18115F
contig_1	cds	426865	427746	-	AAFOLC_02030		hypothetical protein	
contig_1	cds	428101	429108	-	AAFOLC_02035		Hydrolase-4 domain-containing protein	SO:0001217, UniRef:UniRef50_W6VIY0
contig_1	cds	429275	429769	+	AAFOLC_02040		Cupin 2 conserved barrel domain protein	SO:0001217, UniRef:UniRef50_E6VN43
contig_1	cds	429968	430576	+	AAFOLC_02045		2-hydroxychromene-2-carboxylate isomerase	SO:0001217, UniRef:UniRef50_Q3J568, UniRef:UniRef90_UPI001AE4377E
contig_1	cds	430637	431347	-	AAFOLC_02050		MOSC domain-containing protein	SO:0001217, UniRef:UniRef50_A0A0B2BZI1
contig_1	cds	431344	432048	-	AAFOLC_02055		Glutamine amidotransferase class-I	SO:0001217, UniRef:UniRef50_Q39L12
contig_1	cds	432149	433597	+	AAFOLC_02060		8-amino-7-oxononanoate synthase	SO:0001217, UniRef:UniRef50_A0A1E4DJR0
contig_1	cds	433652	433978	-	AAFOLC_02065		hypothetical protein	PFAM:PF01638.20
contig_1	cds	434363	434815	-	AAFOLC_02070	mntR	Transcriptional regulator MntR	SO:0001217, UniRef:UniRef50_A0A6I4G0E6
contig_1	cds	435125	436078	+	AAFOLC_02075	yfeA	Periplasmic chelated iron-binding protein YfeA	SO:0001217, UniRef:UniRef50_Q56952
contig_1	cds	436075	436971	+	AAFOLC_02080	znuC	High-affinity zinc uptake system ATP-binding protein ZnuC	SO:0001217, UniRef:UniRef50_A0A1Y5T954
contig_1	cds	437174	438046	+	AAFOLC_02085	yfeC	Chelated iron transport system membrane protein YfeC	SO:0001217, UniRef:UniRef50_Q56954
contig_1	cds	438043	438900	+	AAFOLC_02090	yfeD	Chelated iron transport system membrane protein YfeD	SO:0001217, UniRef:UniRef50_Q56955
contig_1	cds	438916	439587	-	AAFOLC_02095		ABC transporter domain-containing protein	SO:0001217, UniRef:UniRef50_K8PLW6
contig_1	cds	439587	440342	-	AAFOLC_02100		ABC transporter ATP-binding protein	SO:0001217, UniRef:UniRef50_Q89NL1
contig_1	cds	440351	442195	-	AAFOLC_02105		ABC transporter permease	SO:0001217, UniRef:UniRef50_K8PGK9
contig_1	cds	442310	442480	-	AAFOLC_02110	rseC	SoxR reducing system protein RseC	SO:0001217, UniRef:UniRef50_A0A1M7ZEX0
contig_1	cds	442571	443815	-	AAFOLC_02115		phenylacetate--CoA ligase family protein	SO:0001217, UniRef:UniRef50_A0A0M7AF11, UniRef:UniRef90_UPI001F3C7540
contig_1	cds	444016	444855	-	AAFOLC_02120	livF	ABC-type branched-chain amino acid transport system, ATPase component LivF	COG:COG0410, COG:E, SO:0001217, UniRef:UniRef50_K8P4S2, UniRef:UniRef90_A7IGG7
contig_1	cds	445000	446286	-	AAFOLC_02125		Branched-chain amino acid transport system substrate-binding protein	SO:0001217, UniRef:UniRef50_D3NZF6
contig_1	cds	446357	447427	-	AAFOLC_02130		Branched-chain amino acid ABC transporter permease	SO:0001217, UniRef:UniRef50_A0A2Z2P3S6
contig_1	cds	447432	448325	-	AAFOLC_02135	livH	Branched-chain amino acid ABC-type transport system, permease component	COG:COG0559, COG:E, SO:0001217, UniRef:UniRef50_A0A2R4M9X2, UniRef:UniRef90_A7IGG4
contig_1	cds	448325	450286	-	AAFOLC_02140		Putative long-chain-fatty-acid-CoA ligase	SO:0001217, UniRef:UniRef50_V6EZF4
contig_1	cds	450297	451148	-	AAFOLC_02145		ABC transporter ATP-binding protein	SO:0001217, UniRef:UniRef50_Q2RNJ1, UniRef:UniRef90_A0A3L7A283
contig_1	cds	451725	452366	+	AAFOLC_02150		Transcriptional regulator	SO:0001217, UniRef:UniRef50_A8HZJ5
contig_1	ncRNA	452511	452609	+	AAFOLC_02155	Bacteria_small_SRP	Bacterial small signal recognition particle RNA	RFAM:RF00169, SO:0000655
contig_1	cds	452704	452928	+	AAFOLC_02160		hypothetical protein	
contig_1	cds	452961	453746	+	AAFOLC_02165	ethD	EthD domain-containing protein	SO:0001217, UniRef:UniRef50_A0A537XVA0
contig_1	cds	453810	455672	+	AAFOLC_02170		DNA polymerase III subunit gamma/tau	SO:0001217, UniRef:UniRef50_A0A0M6ZEP2
contig_1	cds	455691	456011	+	AAFOLC_02175		Nucleoid-associated protein Mmar10_0436	SO:0001217, UniRef:UniRef50_Q0ASK8
contig_1	cds	456373	457194	-	AAFOLC_02180	iclR	IclR family transcriptional regulator	SO:0001217, UniRef:UniRef50_A0A4R5EFY1
contig_1	cds	457311	458459	+	AAFOLC_02185		(R)-benzylsuccinyl-CoA dehydrogenase	SO:0001217, UniRef:UniRef50_A0A448CBT9
contig_1	cds	458483	459544	+	AAFOLC_02190		Acyl-CoA dehydrogenase	SO:0001217, UniRef:UniRef50_A0A4R5EGD4
contig_1	cds	459965	462142	-	AAFOLC_02195		DNA-directed DNA polymerase	SO:0001217, UniRef:UniRef50_A7II25
contig_1	cds	462183	462548	-	AAFOLC_02200	ompR	DNA-binding response OmpR family regulator	SO:0001217, UniRef:UniRef50_A0A848K1G5
contig_1	cds	462545	465289	-	AAFOLC_02205		histidine kinase	SO:0001217, UniRef:UniRef50_A0A1F4HHA0
contig_1	cds	465491	465793	-	AAFOLC_02210		hypothetical protein	
contig_1	cds	465790	467277	-	AAFOLC_02215		CBS domain-containing protein	SO:0001217, UniRef:UniRef50_I0HXD3
contig_1	cds	467291	469018	-	AAFOLC_02220	actP	Cation/acetate symporter ActP	SO:0001217, UniRef:UniRef50_Q8X5T7
contig_1	cds	469015	469323	-	AAFOLC_02225		DUF485 domain-containing protein	SO:0001217, UniRef:UniRef50_A7II31
contig_1	cds	469798	471420	-	AAFOLC_02230		Putative ABC transporter, ATP-binding protein with duplicated ATPase domains	SO:0001217, UniRef:UniRef50_A4YTG1
contig_1	cds	471697	472638	-	AAFOLC_02235	lysR	LysR family transcriptional regulator	SO:0001217, UniRef:UniRef50_A0A838XYK0
contig_1	cds	472777	473739	+	AAFOLC_02240		TRAP transporter substrate-binding protein	SO:0001217, UniRef:UniRef50_A0A0X8HDW9
contig_1	cds	473750	475624	+	AAFOLC_02245		Transporter	SO:0001217, UniRef:UniRef50_B7RS90
contig_1	cds	475621	476955	+	AAFOLC_02250		ABC transporter substrate-binding protein	SO:0001217, UniRef:UniRef50_A0A1H5H2Y5
contig_1	cds	476956	477267	+	AAFOLC_02255		Beta-lactamase	SO:0001217, UniRef:UniRef50_A0A1C2E2M1
contig_1	cds	477405	478754	+	AAFOLC_02260		Gamma-glutamylputrescine oxidoreductase	SO:0001217, UniRef:UniRef50_A0A679JT91
contig_1	cds	479104	480069	+	AAFOLC_02265		Transcriptional regulator, Fis family	SO:0001217, UniRef:UniRef50_D9QI59
contig_1	cds	480216	481733	+	AAFOLC_02270		Fluoroacetaldehyde dehydrogenase	SO:0001217, UniRef:UniRef50_F8JX40
contig_1	cds	481854	482252	+	AAFOLC_02275		DUF779 domain-containing protein	SO:0001217, UniRef:UniRef50_A0A069I5A2
contig_1	cds	482265	483869	-	AAFOLC_02280		Putative acetyl-coenzyme A synthetase	SO:0001217, UniRef:UniRef50_K0Q0K5
contig_1	cds	483976	484494	-	AAFOLC_02285		SCP domain-containing protein	SO:0001217, UniRef:UniRef50_A0A0N0KGV5
contig_1	cds	484565	487246	-	AAFOLC_02290		Mechanosensitive ion channel family protein	SO:0001217, UniRef:UniRef50_A0A3L7AFV0
contig_1	cds	487520	488701	+	AAFOLC_02295		Succinyl-diaminopimelate desuccinylase	SO:0001217, UniRef:UniRef50_Q89BP2
contig_1	cds	488739	489500	+	AAFOLC_02300		AB hydrolase-1 domain-containing protein	SO:0001217, UniRef:UniRef50_A0A5S9Q2T7
contig_1	cds	489508	490071	-	AAFOLC_02305		putative queuosine precursor transporter	SO:0001217, UniRef:UniRef50_A0A235EP74
contig_1	cds	490113	490406	-	AAFOLC_02310		50S ribosomal protein L28	SO:0001217, UniRef:UniRef50_A4YKZ2
contig_1	cds	490674	491594	-	AAFOLC_02315	lysR	LysR family transcriptional regulator	SO:0001217, UniRef:UniRef50_W3RJJ4
contig_1	cds	491849	493345	+	AAFOLC_02320	adhE	Acyl-CoA reductase or other NAD-dependent aldehyde dehydrogenase	COG:COG1012, COG:I, SO:0001217, UniRef:UniRef50_Q9I702, UniRef:UniRef90_A0A848JXJ3
contig_1	cds	493457	494599	+	AAFOLC_02325		Acyl-CoA dehydrogenase	SO:0001217, UniRef:UniRef50_A0A2X4UA79, UniRef:UniRef90_A0A848JS15
contig_1	cds	494808	495704	+	AAFOLC_02330	mmsB	3-hydroxyisobutyrate dehydrogenase	SO:0001217, UniRef:UniRef50_A0A2J8ID24, UniRef:UniRef90_A0A3L7AFH1
contig_1	cds	495842	497272	+	AAFOLC_02335	gntR	Putative transcriptional regulator, GntR family	SO:0001217, UniRef:UniRef50_A7ICC9
contig_1	cds	497257	497670	-	AAFOLC_02340		DUF983 domain-containing protein	SO:0001217, UniRef:UniRef50_A0A653TA65
contig_1	cds	497884	498312	-	AAFOLC_02345		DUF805 domain-containing protein	SO:0001217, UniRef:UniRef50_A0A1U7JCL4
contig_1	tRNA	498464	498540	-	AAFOLC_02350	trnM	tRNA-Met(cat)	SO:0000266
contig_1	cds	498666	499373	-	AAFOLC_02355		tRNA (Cmo5U34)-methyltransferase	SO:0001217, UniRef:UniRef50_A0A157S500
contig_1	cds	499452	500240	-	AAFOLC_02360		DUF4336 domain-containing protein	SO:0001217, UniRef:UniRef50_Q1QS88
contig_1	cds	500300	500944	-	AAFOLC_02365		Phosphatidylethanolamine/phosphatidyl-N-methylethanolamine N-methyltransferase	SO:0001217, UniRef:UniRef50_A0A0P8A2L4
contig_1	cds	500998	502170	-	AAFOLC_02370	mnmA	tRNA-specific 2-thiouridylase MnmA	SO:0001217, UniRef:UniRef50_A7ICB9
contig_1	cds	502643	503149	+	AAFOLC_02375		DUF721 domain-containing protein	SO:0001217, UniRef:UniRef50_A0A1G4RXQ1
contig_1	cds	503300	503965	+	AAFOLC_02380		Thioredoxin domain-containing protein	SO:0001217, UniRef:UniRef50_A0A212LDL9
contig_1	cds	504124	504531	-	AAFOLC_02385		Tautomerase domain-containing protein	SO:0001217, UniRef:UniRef50_F7QPQ4
contig_1	cds	504628	505503	+	AAFOLC_02390		HTH lysR-type domain-containing protein	SO:0001217, UniRef:UniRef50_A0A258T209
contig_1	cds	505575	506075	+	AAFOLC_02395		Transmembrane protein	SO:0001217, UniRef:UniRef50_D7A596
contig_1	cds	506096	507505	+	AAFOLC_02400	ubiB	Protein kinase UbiB	SO:0001217, UniRef:UniRef50_A0A7H1NRS2
contig_1	cds	507555	508496	+	AAFOLC_02405	ykoU	Putative ATP-dependent DNA ligase YkoU	SO:0001217, UniRef:UniRef50_A0A347WEF8
contig_1	cds	508524	509198	-	AAFOLC_02410		DSBA domain-containing protein	SO:0001217, UniRef:UniRef50_A0A3L7AIU1
contig_1	cds	509218	510054	-	AAFOLC_02415	fabI	enoyl-ACP reductase FabI	COG:COG0623, COG:I, SO:0001217, UniRef:UniRef50_P58381, UniRef:UniRef90_A0A6C1KBN9
contig_1	cds	510164	511387	-	AAFOLC_02420	fabB	beta-ketoacyl-ACP synthase I	COG:COG0304, COG:IQ, SO:0001217, UniRef:UniRef50_A0A5C8W444, UniRef:UniRef90_A0A6C1KDU2
contig_1	cds	511444	511977	-	AAFOLC_02425	fabA	3-hydroxyacyl-[acyl-carrier-protein] dehydratase FabA	EC:4.2.1.59, EC:5.3.3.14, KEGG:K01716, SO:0001217, UniRef:UniRef50_Q9PFT5, UniRef:UniRef90_A0A3L7AKB8
contig_1	cds	512249	512683	+	AAFOLC_02430		Large-conductance mechanosensitive channel	SO:0001217, UniRef:UniRef50_A6T365
contig_1	cds	512747	513817	-	AAFOLC_02435		Dihydroorotate dehydrogenase (quinone)	SO:0001217, UniRef:UniRef50_A8HZX8
contig_1	cds	513826	514524	-	AAFOLC_02440		Orotate phosphoribosyltransferase	SO:0001217, UniRef:UniRef50_C6BW21
contig_1	cds	514748	516514	-	AAFOLC_02445	copC	CopC domain protein	SO:0001217, UniRef:UniRef50_A0A1B3NR32
contig_1	ncRNA-region	516890	517004	+			Glycine riboswitch	RFAM:RF00504, SO:0000035
contig_1	cds	517173	518321	+	AAFOLC_02450		aminomethyltransferase	SO:0001217, UniRef:UniRef50_A0A537KXK4
contig_1	cds	518324	518701	+	AAFOLC_02455		Glycine cleavage system H protein	SO:0001217, UniRef:UniRef50_A0A7T7CCP9
contig_1	cds	518709	519185	+	AAFOLC_02460		Organic hydroperoxide reductase OsmC/OhrA	SO:0001217, UniRef:UniRef50_A0A848JXX6
contig_1	cds	519196	520539	+	AAFOLC_02465		putative glycine dehydrogenase (decarboxylating) subunit 1	SO:0001217, UniRef:UniRef50_Q9A353
contig_1	cds	520586	522154	+	AAFOLC_02470		putative glycine dehydrogenase (decarboxylating) subunit 2	SO:0001217, UniRef:UniRef50_Q9A354
contig_1	cds	522399	522614	+	AAFOLC_02475		UPF0434 protein BARBAKC583_1098	SO:0001217, UniRef:UniRef50_A1UTQ7
contig_1	cds	522748	523017	-	AAFOLC_02480		CRISPR-associated endoribonuclease Cas2	SO:0001217, UniRef:UniRef50_A0A059E9L3
contig_1	cds	523163	525115	-	AAFOLC_02485		Gluconate 2-dehydrogenase (Acceptor)	SO:0001217, UniRef:UniRef50_A7IG63
contig_1	cds	525308	527491	+	AAFOLC_02490		DNA ligase	SO:0001217, UniRef:UniRef50_Q0C577
contig_1	cds	527581	528210	+	AAFOLC_02495		hypothetical protein	
contig_1	cds	528431	529663	+	AAFOLC_02500		hypothetical protein	
contig_1	cds	529873	530982	+	AAFOLC_02505	hyaA	Ni,Fe-hydrogenase I small subunit	COG:C, COG:COG1740, SO:0001217, UniRef:UniRef50_P31892, UniRef:UniRef90_A7IHC4
contig_1	cds	530979	532796	+	AAFOLC_02510	hyaB	Ni,Fe-hydrogenase I large subunit	COG:C, COG:COG0374, SO:0001217, UniRef:UniRef50_P0ACD8, UniRef:UniRef90_UPI001F3D6244
contig_1	cds	532810	533580	+	AAFOLC_02515		putative Ni/Fe-hydrogenase B-type cytochrome subunit	SO:0001217, UniRef:UniRef50_P31898
contig_1	cds	534060	534674	+	AAFOLC_02520	hupD	Hydrogenase expression/formation protein HupD	SO:0001217, UniRef:UniRef50_Q03004
contig_1	cds	534684	535016	+	AAFOLC_02525	hupF	Hydrogenase expression/formation protein HupF	SO:0001217, UniRef:UniRef50_G7ZE60
contig_1	cds	535016	535456	+	AAFOLC_02530		Hydrogenase expression/formation protein	SO:0001217, UniRef:UniRef50_A0A259KV60
contig_1	cds	535467	536372	+	AAFOLC_02535		Hydrogenase expression/formation protein	SO:0001217, UniRef:UniRef50_V4PIQ0
contig_1	cds	536383	537288	+	AAFOLC_02540	hybE	[NiFe]-hydrogenase assembly, chaperone, HybE	SO:0001217, UniRef:UniRef50_A0A3L7AGZ7
contig_1	cds	537288	538391	+	AAFOLC_02545	hupK	Hydrogenase expression/formation protein HupK	SO:0001217, UniRef:UniRef50_A0A3L7AEZ1
contig_1	cds	538384	538725	+	AAFOLC_02550	hypA	Hydrogenase maturation factor HypA	SO:0001217, UniRef:UniRef50_A0A512LCA8
contig_1	cds	538725	539768	+	AAFOLC_02555	hypB	Hydrogenase maturation factor HypB	SO:0001217, UniRef:UniRef50_P26410
contig_1	cds	539765	541252	+	AAFOLC_02560	hoxA	Hydrogenase transcriptional regulatory protein HoxA	SO:0001217, UniRef:UniRef50_P31908
contig_1	cds	541262	541366	+	AAFOLC_02565		hypothetical protein	
contig_1	cds	541379	541678	+	AAFOLC_02570		HypC/HybG/HupF family hydrogenase formation chaperone	SO:0001217, UniRef:UniRef50_A0A6S7CHD7
contig_1	cds	541689	542813	+	AAFOLC_02575	hypD	Hydrogenase expression/formation protein HypD	SO:0001217, UniRef:UniRef50_D5PJA4
contig_1	cds	542810	543868	+	AAFOLC_02580	hypE	Carbamoyl dehydratase HypE	SO:0001217, UniRef:UniRef50_P26412
contig_1	cds	544298	545086	+	AAFOLC_02585		DUF2092 domain-containing protein	SO:0001217, UniRef:UniRef50_A0A7C9VH84
contig_1	cds	545092	545409	+	AAFOLC_02590		Bacterial SH3 domain protein	SO:0001217, UniRef:UniRef50_A0A238L1A8
contig_1	cds	545468	546250	-	AAFOLC_02595	fabG	3-oxoacyl-ACP reductase FabG	SO:0001217, UniRef:UniRef50_I9KP36
contig_1	cds	546482	547642	+	AAFOLC_02600		ABC transporter, substrate binding protein (Spermidine/putrescine)	SO:0001217, UniRef:UniRef50_F2IWV9
contig_1	cds	547786	548880	+	AAFOLC_02605	potA	Putrescine transport ATP-binding protein PotA	SO:0001217, UniRef:UniRef50_A0A0H5BAI4
contig_1	cds	548887	549807	+	AAFOLC_02610	potB	Spermidine Putrescine ABC transporter permease component PotB	SO:0001217, UniRef:UniRef50_A0A0H5BFX9
contig_1	cds	549807	550607	+	AAFOLC_02615		Spermidine/putrescine transport system permease protein	SO:0001217, UniRef:UniRef50_A0A286GA83
contig_1	cds	550604	551419	+	AAFOLC_02620	deoR	DeoR family transcriptional regulator	SO:0001217, UniRef:UniRef50_A0A151FE65
contig_1	cds	551421	552314	+	AAFOLC_02625		Proline iminopeptidase	SO:0001217, UniRef:UniRef50_A0A5E7R1C8
contig_1	cds	552325	553026	+	AAFOLC_02630	yecD	Isochorismatase family protein YecD	SO:0001217, UniRef:UniRef50_A0A1E3GYT2
contig_1	cds	553039	554025	+	AAFOLC_02635		Stress response kinase A	SO:0001217, UniRef:UniRef50_A0A5S9NQS3
contig_1	cds	554053	555381	+	AAFOLC_02640		4-aminobutyrate aminotransferase protein	SO:0001217, UniRef:UniRef50_D8ITP7
contig_1	cds	555729	556235	-	AAFOLC_02645		acetone carboxylase subunit gamma	EC:6.4.1.6, KEGG:K10856, SO:0001217, UniRef:UniRef50_Q8RM02, UniRef:UniRef90_UPI001F1E59F6
contig_1	cds	556436	558766	-	AAFOLC_02650	hyuB	N-methylhydantoinase B/oxoprolinase/acetone carboxylase, alpha subunit	COG:COG0146, COG:EQ, EC:6.4.1.6, KEGG:K10854, SO:0001217, UniRef:UniRef50_Q8RM03, UniRef:UniRef90_A0A848JXE5
contig_1	cds	558950	561103	-	AAFOLC_02655	acxA	Acetone carboxylase beta subunit	COG:COG0145, COG:EQ, EC:6.4.1.6, GO:0005524, GO:0016787, GO:0018710, GO:0043443, KEGG:K10855, SO:0001217, UniRef:UniRef50_Q8RM04, UniRef:UniRef90_Q8RM04
contig_1	cds	561543	563510	+	AAFOLC_02660		GAF modulated sigma54 specific transcriptional regulator, Fis family	SO:0001217, UniRef:UniRef50_Q8RM05
contig_1	cds	563732	564208	-	AAFOLC_02665		Rubrerythrin domain-containing protein	SO:0001217, UniRef:UniRef50_Q6N8H6
contig_1	cds	564287	564652	-	AAFOLC_02670		Protein FeSII	SO:0001217, UniRef:UniRef50_Q44501
contig_1	cds	564991	567171	-	AAFOLC_02675	pnp	polyribonucleotide nucleotidyltransferase	COG:COG1185, COG:J, EC:2.7.7.8, GO:0000287, GO:0003723, GO:0004654, GO:0005737, GO:0006396, GO:0006402, KEGG:K00962, SO:0001217, UniRef:UniRef50_A8IGA3, UniRef:UniRef90_A8IGA3
contig_1	cds	567416	567685	-	AAFOLC_02680	rpsO	30S ribosomal protein S15	SO:0001217, UniRef:UniRef50_Q6NCN7, UniRef:UniRef90_A0A3L7A270
contig_1	cds	567920	568774	-	AAFOLC_02685		Exodeoxyribonuclease III	SO:0001217, UniRef:UniRef50_B6JAH8
contig_1	cds	568834	569775	-	AAFOLC_02690		hypothetical protein	
contig_1	cds	569772	572360	-	AAFOLC_02695	ftsK	DNA translocase FtsK	SO:0001217, UniRef:UniRef50_S9QCZ4
contig_1	cds	572377	573591	-	AAFOLC_02700		Aminotransferase	SO:0001217, UniRef:UniRef50_A0A447CSJ0
contig_1	cds	573729	574679	-	AAFOLC_02705		Riboflavin biosynthesis protein	SO:0001217, UniRef:UniRef50_A7IGE5
contig_1	cds	574912	575811	-	AAFOLC_02710		TIGR01459 family HAD-type hydrolase	SO:0001217, UniRef:UniRef50_A0A257Z1B2
contig_1	cds	576007	577539	-	AAFOLC_02715		UDP-N-acetylmuramoylalanine--D-glutamate ligase	SO:0001217, UniRef:UniRef50_Q52953
contig_1	cds	577896	578111	+	AAFOLC_02720		DUF2892 domain-containing protein	SO:0001217, UniRef:UniRef50_A0A255XMJ6
contig_1	cds	578164	579249	-	AAFOLC_02725		Phospho-N-acetylmuramoyl-pentapeptide-transferase	SO:0001217, UniRef:UniRef50_B5YFT8
contig_1	cds	579263	580708	-	AAFOLC_02730		UDP-N-acetylmuramoyl-tripeptide--D-alanyl-D-alanine ligase	SO:0001217, UniRef:UniRef50_A0A537P0L8
contig_1	cds	580708	582174	-	AAFOLC_02735		UDP-N-acetylmuramoyl-L-alanyl-D-glutamate--2,6-diaminopimelate ligase	SO:0001217, UniRef:UniRef50_Q89FU2
contig_1	cds	582258	584153	-	AAFOLC_02740	ftsI	Cell division protein FtsI	SO:0001217, UniRef:UniRef50_F7QR58
contig_1	cds	584163	584822	-	AAFOLC_02745		hypothetical protein	
contig_1	cds	584828	585865	-	AAFOLC_02750		Ribosomal RNA small subunit methyltransferase H	SO:0001217, UniRef:UniRef50_Q2IYL6
contig_1	cds	585862	586335	-	AAFOLC_02755	mraZ	Transcriptional regulator MraZ	SO:0001217, UniRef:UniRef50_B2IGF1
contig_1	cds	586505	587320	+	AAFOLC_02760	dnaJ	DnaJ like chaperone protein	SO:0001217, UniRef:UniRef50_A0A1X7Q9B5
contig_1	cds	587317	588099	+	AAFOLC_02765	amiD	N-acetylmuramoyl-L-alanine amidase AmiD	SO:0001217, UniRef:UniRef50_A0A0S3PTM5
contig_1	cds	588346	589359	-	AAFOLC_02770		KpsF/GutQ family protein	SO:0001217, UniRef:UniRef50_D6ZZ37
contig_1	cds	589442	590140	-	AAFOLC_02775		Phosphonate metabolism protein	SO:0001217, UniRef:UniRef50_A7IG56
contig_1	cds	590319	590960	-	AAFOLC_02780		Lactamase-B domain-containing protein	SO:0001217, UniRef:UniRef50_A0A2E9Y1R7
contig_1	cds	591017	591847	-	AAFOLC_02785		Abhydrolase-3 domain-containing protein	SO:0001217, UniRef:UniRef50_A8IQ36
contig_1	cds	591880	593235	-	AAFOLC_02790		Egg lysin	SO:0001217, UniRef:UniRef50_A7IG58
contig_1	cds	593372	595915	-	AAFOLC_02795	macB	Macrolide export ATP-binding/permease protein MacB	SO:0001217, UniRef:UniRef50_A0A1U9YYC1
contig_1	cds	595912	596748	-	AAFOLC_02800		ABC transporter related	SO:0001217, UniRef:UniRef50_Q21CW3
contig_1	cds	596783	597436	+	AAFOLC_02805		Acyl-CoA thioesterase-1	SO:0001217, UniRef:UniRef50_A0A839P3J8
contig_1	cds	597532	598089	-	AAFOLC_02810		hypothetical protein	PFAM:PF12973.10
contig_1	cds	598127	599278	-	AAFOLC_02815		Glycerol dehydrogenase	SO:0001217, UniRef:UniRef50_A0A6P2E9W5
contig_1	cds	599278	600009	-	AAFOLC_02820		Short-chain dehydrogenase	SO:0001217, UniRef:UniRef50_J2XBG5
contig_1	ncRNA	600324	600691	-	AAFOLC_02825	RNaseP_bact_a	Bacterial RNase P class A	RFAM:RF00010, SO:0000386
contig_1	cds	600947	602554	+	AAFOLC_02830	mmdA	Acetyl-CoA carboxylase, carboxyltransferase component	COG:COG4799, COG:I, SO:0001217, UniRef:UniRef50_A0A670IYY8, UniRef:UniRef90_A7IGF9
contig_1	cds	602565	603341	+	AAFOLC_02835		putative enoyl-CoA hydratase/isomerase	SO:0001217, UniRef:UniRef50_A1KA30
contig_1	cds	603338	605341	+	AAFOLC_02840		hypothetical protein	PFAM:PF00289.25, PFAM:PF00364.25, PFAM:PF02785.22, PFAM:PF02786.20
contig_1	cds	605338	606243	+	AAFOLC_02845		hypothetical protein	PFAM:PF00682.22
contig_1	cds	606937	607620	+	AAFOLC_02850	algF	Alginate biosynthesis protein AlgF	SO:0001217, UniRef:UniRef50_A0A3L7A3G7
contig_1	cds	607630	609015	+	AAFOLC_02855		MBOAT family protein	SO:0001217, UniRef:UniRef50_A0A0D1MKZ1
contig_1	cds	609028	610104	+	AAFOLC_02860		ALGX domain-containing protein	SO:0001217, UniRef:UniRef50_A0A3L7A450
contig_1	cds	610101	611102	+	AAFOLC_02865		ALGX domain-containing protein	SO:0001217, UniRef:UniRef50_A7IG51
contig_1	cds	611363	615040	+	AAFOLC_02870		NfrA-C domain-containing protein	SO:0001217, UniRef:UniRef50_A0A259KWD0
contig_1	cds	615307	616701	+	AAFOLC_02875		Coproporphyrinogen-III oxidase	SO:0001217, UniRef:UniRef50_I3THP1
contig_1	cds	616781	617482	-	AAFOLC_02880		Transcriptional regulator	SO:0001217, UniRef:UniRef50_A0A346A0N7
contig_1	cds	617651	619153	+	AAFOLC_02885		histidine kinase	SO:0001217, UniRef:UniRef50_A0A1H9A6W5
contig_1	cds	619146	619778	+	AAFOLC_02890	fixJ	Transcriptional regulatory protein FixJ	SO:0001217, UniRef:UniRef50_P23221
contig_1	cds	619888	620271	+	AAFOLC_02895		Response regulator receiver domain-containing protein	SO:0001217, UniRef:UniRef50_A0A1H9A793
contig_1	cds	620511	623177	+	AAFOLC_02900		Protein lysine acetyltransferase Pka	SO:0001217, UniRef:UniRef50_E1VCM7
contig_1	cds	623547	624890	+	AAFOLC_02905		hypothetical protein	PFAM:PF00563.23, PFAM:PF00990.24
contig_1	cds	625039	626307	-	AAFOLC_02910		Diaminopimelate decarboxylase	SO:0001217, UniRef:UniRef50_A0A0N7LY73
contig_1	cds	626377	626730	-	AAFOLC_02915		lipoprotein	SO:0001217, UniRef:UniRef50_UPI001F43D9C6
contig_1	cds	626814	628205	-	AAFOLC_02920		Argininosuccinate lyase	SO:0001217, UniRef:UniRef50_Q9A683
contig_1	cds	628221	629045	+	AAFOLC_02925		Thioredoxin domain-containing protein	SO:0001217, UniRef:UniRef50_A0A258E465
contig_1	cds	629451	630611	+	AAFOLC_02930		UDP-N-acetylglucosamine 2-epimerase	SO:0001217, UniRef:UniRef50_A0A376DP95
contig_1	cds	630613	633030	+	AAFOLC_02935		Cyclic di-GMP-binding protein	SO:0001217, UniRef:UniRef50_A0A3L7A5Z5
contig_1	cds	633142	635256	+	AAFOLC_02940		Adsorption protein B	SO:0001217, UniRef:UniRef50_A0A6J5GC59
contig_1	cds	635420	636286	+	AAFOLC_02945		DUF4434 domain-containing protein	SO:0001217, UniRef:UniRef50_A0A848K6B0
contig_1	cds	636365	637954	-	AAFOLC_02950	purH	bifunctional phosphoribosylaminoimidazolecarboxamide formyltransferase/IMP cyclohydrolase	COG:COG0138, COG:F, SO:0001217, UniRef:UniRef50_Q8UBM8, UniRef:UniRef90_A7IG34
contig_1	cds	638025	639896	-	AAFOLC_02955		Heparinase	SO:0001217, UniRef:UniRef50_A8I238
contig_1	cds	640062	641420	-	AAFOLC_02960		16S rRNA (cytosine(967)-C(5))-methyltransferase	SO:0001217, UniRef:UniRef50_A0A2D8HHH8
contig_1	cds	641643	642935	+	AAFOLC_02965	purA	adenylosuccinate synthase	COG:COG0104, COG:F, SO:0001217, UniRef:UniRef50_A8I1V7, UniRef:UniRef90_UPI001AED3FF7
contig_1	cds	642974	644398	+	AAFOLC_02970		Histidine kinase	SO:0001217, UniRef:UniRef50_A7IBA2
contig_1	cds	644645	647389	-	AAFOLC_02975	mutS	DNA mismatch repair protein MutS	SO:0001217, UniRef:UniRef50_Q21CE8
contig_1	cds	647497	648462	-	AAFOLC_02980		Protease HtpX-like protein	SO:0001217, UniRef:UniRef50_A6WXV6
contig_1	cds	648609	648815	-	AAFOLC_02985		DUF3019 domain-containing protein	SO:0001217, UniRef:UniRef50_A0A0Q5Z0G5
contig_1	cds	649286	649792	+	AAFOLC_02990		5,6,7,8-tetrahydromethanopterin hydro-lyase	SO:0001217, UniRef:UniRef50_Q9FA38
contig_1	cds	650287	651306	-	AAFOLC_02995		hypothetical protein	PFAM:PF01436.24, PFAM:PF01731.23, PFAM:PF02239.19, PFAM:PF10282.12
contig_1	cds	651303	651839	-	AAFOLC_03000		Polyketide cyclase / dehydrase and lipid transport	SO:0001217, UniRef:UniRef50_A4YV39
contig_1	cds	651926	652450	-	AAFOLC_03005		DUF2380 domain-containing protein	SO:0001217, UniRef:UniRef50_A7IB95
contig_1	cds	652617	653834	+	AAFOLC_03010		Peripla-BP-6 domain-containing protein	SO:0001217, UniRef:UniRef50_A0A509EIK1
contig_1	cds	653876	654871	+	AAFOLC_03015		6-phosphogluconolactonase	SO:0001217, UniRef:UniRef50_A0A0S4HMY4
contig_1	cds	654997	655803	+	AAFOLC_03020	natA	ABC transporter ATP-binding protein NatA	SO:0001217, UniRef:UniRef50_A0A508TQG2
contig_1	cds	655803	656642	+	AAFOLC_03025		Transport permease protein	SO:0001217, UniRef:UniRef50_A0A509EGB9
contig_1	cds	656642	657295	+	AAFOLC_03030		DUF4142 domain-containing protein	SO:0001217, UniRef:UniRef50_A7IB90
contig_1	cds	657473	658312	-	AAFOLC_03035	soxZ	Sulphur oxidation protein SoxZ	SO:0001217, UniRef:UniRef50_A7IG79
contig_1	cds	658440	659048	-	AAFOLC_03040		Rhodanese domain-containing protein	SO:0001217, UniRef:UniRef50_A5ENZ5
contig_1	cds	659045	659950	-	AAFOLC_03045		PBPb domain-containing protein	SO:0001217, UniRef:UniRef50_A0A0P6W0Y7
contig_1	cds	659922	660476	-	AAFOLC_03050		Cytochrome c-553I	SO:0001217, UniRef:UniRef50_A0A1L3LG49
contig_1	cds	660644	662452	-	AAFOLC_03055		PQQ-dependent dehydrogenase, methanol/ethanol family	EC:1.1.2.10, KEGG:K23995, SO:0001217, UniRef:UniRef50_P29968, UniRef:UniRef90_UPI001F3EE0A9
contig_1	cds	662786	663688	-	AAFOLC_03060		Lactamase-B domain-containing protein	SO:0001217, UniRef:UniRef50_A0A679K6J9
contig_1	cds	663779	664522	-	AAFOLC_03065	ssuB	Aliphatic sulfonates import ATP-binding protein SsuB	SO:0001217, UniRef:UniRef50_A0A509EGI9
contig_1	cds	664491	665267	-	AAFOLC_03070		ABC transmembrane type-1 domain-containing protein	SO:0001217, UniRef:UniRef50_A0A1P8UM57
contig_1	cds	665264	666301	-	AAFOLC_03075		NMT1 domain-containing protein	SO:0001217, UniRef:UniRef50_A0A509EE21
contig_1	cds	666584	667474	-	AAFOLC_03080		hypothetical protein	
contig_1	cds	667861	668754	+	AAFOLC_03085		NAD(P)-dependent methylenetetrahydromethanopterin dehydrogenase	SO:0001217, UniRef:UniRef50_G7ZAQ6
contig_1	cds	668820	669809	+	AAFOLC_03090		Methenyltetrahydromethanopterin cyclohydrolase	SO:0001217, UniRef:UniRef50_Q9RPW8
contig_1	cds	669826	670716	+	AAFOLC_03095		Ribosomal protein S6--L-glutamate ligase	SO:0001217, UniRef:UniRef50_A0A5S9NEC3
contig_1	cds	670820	671797	+	AAFOLC_03100		ATP-grasp domain-containing protein	SO:0001217, UniRef:UniRef50_A7IG92
contig_1	cds	671794	672834	+	AAFOLC_03105		Hydantoinase-A domain-containing protein	SO:0001217, UniRef:UniRef50_A0A2U1Y6E9
contig_1	cds	672901	673296	-	AAFOLC_03110		Putative cytochrome C protein	SO:0001217, UniRef:UniRef50_Q7BQQ3
contig_1	cds	673423	674229	-	AAFOLC_03115		Formylmethanofuran dehydrogenase subunit C	SO:0001217, UniRef:UniRef50_A0A7W6CW83
contig_1	cds	674226	675164	-	AAFOLC_03120		Formyltransferase/hydrolase complex subunit D	SO:0001217, UniRef:UniRef50_Q49118
contig_1	cds	675161	676810	-	AAFOLC_03125	fwdA	formylmethanofuran dehydrogenase subunit A	COG:C, COG:COG1229, SO:0001217, UniRef:UniRef50_A0A158ADW6, UniRef:UniRef90_A0A848K3Q4
contig_1	cds	676807	678132	-	AAFOLC_03130		Formyltransferase/cyclohydrolase complex subunit B	SO:0001217, UniRef:UniRef50_Q7BQP9
contig_1	cds	678440	678799	-	AAFOLC_03135		DUF5329 domain-containing protein	SO:0001217, UniRef:UniRef50_J7Q841
contig_1	cds	678780	679505	-	AAFOLC_03140		DUF3108 domain-containing protein	SO:0001217, UniRef:UniRef50_A7IGA0
contig_1	cds	679502	680674	-	AAFOLC_03145	pqqA	PqqA peptide cyclase	SO:0001217, UniRef:UniRef50_P71517
contig_1	cds	680671	680946	-	AAFOLC_03150	pqqA	PqqA binding protein	SO:0001217, UniRef:UniRef50_A7IGA2
contig_1	cds	680943	681743	-	AAFOLC_03155	pqqC	pyrroloquinoline-quinone synthase PqqC	EC:1.3.3.11, KEGG:K06137, SO:0001217, UniRef:UniRef50_Q5H233, UniRef:UniRef90_UPI001EFFEC69
contig_1	cds	681740	682639	-	AAFOLC_03160		Coenzyme PQQ synthesis protein B	SO:0001217, UniRef:UniRef50_Q5LTB1
contig_1	sorf	682682	682759	-	AAFOLC_03165		Coenzyme PQQ synthesis protein A	SO:0001217, UniRef:UniRef50_A0A6C1KCU5, UniRef:UniRef90_A0A6C1KCU5
contig_1	cds	682983	683681	-	AAFOLC_03170	mxbM	Response regulator receiver protein, MxbM	SO:0001217, UniRef:UniRef50_A0A0C6EWK8
contig_1	cds	683678	685288	-	AAFOLC_03175		histidine kinase	SO:0001217, UniRef:UniRef50_A7IGA6
contig_1	cds	685445	685924	-	AAFOLC_03180	secB	Protein-export protein SecB	SO:0001217, UniRef:UniRef50_A0A2D8S157
contig_1	cds	686056	686268	+	AAFOLC_03185		DUF1674 domain-containing protein	SO:0001217, UniRef:UniRef50_E6YJF3
contig_1	cds	686299	687105	-	AAFOLC_03190		Undecaprenyl-diphosphatase 1	SO:0001217, UniRef:UniRef50_P58740
contig_1	cds	687484	688173	+	AAFOLC_03195		Glutathione S-transferase family protein	SO:0001217, UniRef:UniRef50_G9A679
contig_1	cds	688254	689330	+	AAFOLC_03200		Epoxyqueuosine reductase	SO:0001217, UniRef:UniRef50_A0A149RER9
contig_1	cds	689485	690903	+	AAFOLC_03205		tRNA-2-methylthio-N(6)-dimethylallyladenosine synthase	SO:0001217, UniRef:UniRef50_Q21C43
contig_1	cds	690906	691997	+	AAFOLC_03210	phoH	Phosphate starvation-inducible protein PhoH	KEGG:K06217, SO:0001217, UniRef:UniRef50_K8P992, UniRef:UniRef90_A0A3L7A4P5
contig_1	cds	692002	692511	+	AAFOLC_03215	ybeY	Endoribonuclease YbeY	SO:0001217, UniRef:UniRef50_A0A2Z3IIF8
contig_1	cds	692533	693513	+	AAFOLC_03220		HlyC/CorC family transporter	SO:0001217, UniRef:UniRef50_A0A259KWB0
contig_1	cds	693510	695147	+	AAFOLC_03225		Apolipoprotein N-acyltransferase	SO:0001217, UniRef:UniRef50_A7IGB6
contig_1	cds	695247	695654	+	AAFOLC_03230		XRE family transcriptional regulator	SO:0001217, UniRef:UniRef50_A4YJE2, UniRef:UniRef90_A0A3L7A3B9
contig_1	cds	695759	696952	+	AAFOLC_03235	metK	methionine adenosyltransferase	EC:2.5.1.6, KEGG:K00789, SO:0001217, UniRef:UniRef50_Q89HP5, UniRef:UniRef90_A0A3L7A438
contig_1	cds	697091	697777	+	AAFOLC_03240		tRNA (guanine-N(7)-)-methyltransferase	SO:0001217, UniRef:UniRef50_A8IG13
contig_1	cds	697931	698815	-	AAFOLC_03245		Epimerase domain-containing protein	SO:0001217, UniRef:UniRef50_A0A5S9Q3S7
contig_1	cds	698812	699723	-	AAFOLC_03250		1-acyl-sn-glycerol-3-phosphate acyltransferase	SO:0001217, UniRef:UniRef50_A0A848K382
contig_1	cds	699787	700209	-	AAFOLC_03255		Ferric uptake regulation protein	SO:0001217, UniRef:UniRef50_A0A347WA83
contig_1	cds	700299	700778	-	AAFOLC_03260		Ribosomal-protein-alanine acetyltransferase	SO:0001217, UniRef:UniRef50_A0A8F7ZJI9
contig_1	cds	700775	701458	-	AAFOLC_03265		N(6)-L-threonylcarbamoyladenine synthase	SO:0001217, UniRef:UniRef50_A0A4P7F6E9
contig_1	cds	701577	702137	-	AAFOLC_03270	nifU	NifU family protein	KEGG:K22074, SO:0001217, UniRef:UniRef50_A0A6P5WBZ2, UniRef:UniRef90_A0A3L7A7V3
contig_1	cds	702562	703833	-	AAFOLC_03275	rho	transcription termination factor Rho	COG:COG1158, COG:K, SO:0001217, UniRef:UniRef50_A0A850SP50, UniRef:UniRef90_A7IGC6
contig_1	cds	704085	704510	-	AAFOLC_03280		Protoporphyrinogen IX oxidase	SO:0001217, UniRef:UniRef50_A0A431PLX0
contig_1	cds	704568	705614	-	AAFOLC_03285		Uroporphyrinogen decarboxylase	SO:0001217, UniRef:UniRef50_Q89SK1
contig_1	cds	705857	706807	+	AAFOLC_03290		Putative pyruvate, phosphate dikinase regulatory protein	SO:0001217, UniRef:UniRef50_Q8UJC7, UniRef:UniRef90_A0A3L7A540
contig_1	cds	706818	707423	+	AAFOLC_03295		Nucleoside triphosphate pyrophosphatase	SO:0001217, UniRef:UniRef50_Q89WP0
contig_1	cds	707420	708268	+	AAFOLC_03300		Shikimate dehydrogenase (NADP(+))	SO:0001217, UniRef:UniRef50_Q6N1S9
contig_1	cds	708286	708882	+	AAFOLC_03305		Dephospho-CoA kinase	SO:0001217, UniRef:UniRef50_Q8UJC4
contig_1	cds	708895	709620	+	AAFOLC_03310		DNA polymerase III subunit epsilon	SO:0001217, UniRef:UniRef50_F9Y693
contig_1	cds	709822	711837	-	AAFOLC_03315		Thymidylate kinase	SO:0001217, UniRef:UniRef50_A0A1E3W7T2
contig_1	cds	712003	713334	+	AAFOLC_03320	mnmE	tRNA modification GTPase MnmE	SO:0001217, UniRef:UniRef50_Q13E22
contig_1	cds	713607	715490	+	AAFOLC_03325	mnmG	tRNA uridine 5-carboxymethylaminomethyl modification enzyme MnmG	SO:0001217, UniRef:UniRef50_Q8YJS5
contig_1	cds	715617	716327	+	AAFOLC_03330		Ribosomal RNA small subunit methyltransferase G	SO:0001217, UniRef:UniRef50_A0A1G4SVB4
contig_1	cds	716324	717169	+	AAFOLC_03335	parA	ParA family protein	KEGG:K03496, SO:0001217, UniRef:UniRef50_A0A023XTP3, UniRef:UniRef90_A0A3L7A662
contig_1	cds	717203	718120	+	AAFOLC_03340	parB	Chromosome partitioning protein, ParB	SO:0001217, UniRef:UniRef50_Q6ND18
contig_1	cds	718387	720978	-	AAFOLC_03345		TIGR02302 family protein	SO:0001217, UniRef:UniRef50_D7A9C0
contig_1	cds	721129	721905	-	AAFOLC_03350		tRNA pseudouridine32 synthase/23S rRNA pseudouridine746 synthase	SO:0001217, UniRef:UniRef50_A0A848K2Q3
contig_1	cds	721865	722434	-	AAFOLC_03355		Macro domain-containing protein	SO:0001217, UniRef:UniRef50_V7IBQ1
contig_1	cds	722523	723563	-	AAFOLC_03360		PNPLA domain-containing protein	SO:0001217, UniRef:UniRef50_A8HZF3
contig_1	cds	723598	724380	-	AAFOLC_03365	fabG	NAD(P)-dependent dehydrogenase, short-chain alcohol dehydrogenase family	COG:COG1028, COG:I, SO:0001217, UniRef:UniRef50_O86034, UniRef:UniRef90_A0A3L7A771
contig_1	cds	724504	725094	+	AAFOLC_03370		Ferric uptake regulation protein	SO:0001217, UniRef:UniRef50_A7IGJ0
contig_1	cds	725122	725874	-	AAFOLC_03375		SGNH-hydro domain-containing protein	SO:0001217, UniRef:UniRef50_A0A848K393
contig_1	cds	726261	727571	+	AAFOLC_03380		4-hydroxy-3-methylbut-2-en-1-yl diphosphate synthase (flavodoxin)	SO:0001217, UniRef:UniRef50_Q72H18
contig_1	cds	727706	728557	+	AAFOLC_03385		DUF2076 domain-containing protein	SO:0001217, UniRef:UniRef50_A0A3L7A542
contig_1	cds	728891	729256	+	AAFOLC_03390		XRE family transcriptional regulator	SO:0001217, UniRef:UniRef50_A8HZM8, UniRef:UniRef90_A0A3L7A653
contig_1	cds	729263	731449	-	AAFOLC_03395		Adenylate cyclase	SO:0001217, UniRef:UniRef50_A0A848K333
contig_1	cds	731599	732441	-	AAFOLC_03400		N-acetyltransferase domain-containing protein	SO:0001217, UniRef:UniRef50_A7IGK0
contig_1	cds	732438	733736	-	AAFOLC_03405		Sensor domain-containing diguanylate cyclase	SO:0001217, UniRef:UniRef50_A0A3L7A5U6
contig_1	cds	734090	734791	-	AAFOLC_03410	yqaB	Phosphatase YqaB	SO:0001217, UniRef:UniRef50_A0A0H5BBC7
contig_1	cds	734827	735186	-	AAFOLC_03415		DUF1311 domain-containing protein	SO:0001217, UniRef:UniRef50_A0A3L7A4Z1
contig_1	cds	735183	735917	-	AAFOLC_03420		7-cyano-7-deazaguanine synthase	SO:0001217, UniRef:UniRef50_A1VJX7
contig_1	cds	735926	736228	-	AAFOLC_03425	bolA	BolA family transcriptional regulator	SO:0001217, UniRef:UniRef50_A0A259KS41
contig_1	cds	736421	737041	+	AAFOLC_03430		J domain-containing protein	SO:0001217, UniRef:UniRef50_A0A840ZPW2
contig_1	cds	737150	738133	+	AAFOLC_03435	cobS	cobaltochelatase subunit CobS	COG:COG0714, COG:R, SO:0001217, UniRef:UniRef50_P29933, UniRef:UniRef90_A0A3L7A533
contig_1	cds	738199	740088	+	AAFOLC_03440		Cobaltochelatase (CobT protein)	SO:0001217, UniRef:UniRef50_F8JC07
contig_1	cds	740188	741219	+	AAFOLC_03445		Phytase-like domain-containing protein	SO:0001217, UniRef:UniRef50_A0A258IVV2
contig_1	cds	741467	742468	+	AAFOLC_03450	qmcA	Protein QmcA	SO:0001217, UniRef:UniRef50_A0A1Y5TVT9
contig_1	cds	742472	742912	+	AAFOLC_03455	nfeD	NfeD domain-containing protein	SO:0001217, UniRef:UniRef50_Q6NBF1
contig_1	cds	743045	745864	-	AAFOLC_03460	cshB	DEAD-box ATP-dependent RNA helicase CshB	SO:0001217, UniRef:UniRef50_A0A0F7KUY0
contig_1	cds	746253	747455	+	AAFOLC_03465		Cell wall polymerase	SO:0001217, UniRef:UniRef50_A0A6N0E687
contig_1	cds	747538	748665	+	AAFOLC_03470		UDP-N-acetylglucosamine--N-acetylmuramyl-(pentapeptide) pyrophosphoryl-undecaprenol N-acetylglucosamine transferase	SO:0001217, UniRef:UniRef50_Q3STS8
contig_1	cds	748662	750074	+	AAFOLC_03475		UDP-N-acetylmuramate--L-alanine ligase	SO:0001217, UniRef:UniRef50_Q2K6C2
contig_1	cds	750191	750499	-	AAFOLC_03480		DUF2185 domain-containing protein	SO:0001217, UniRef:UniRef50_A0A679F6K0
contig_1	cds	750770	753208	+	AAFOLC_03485	gyrB	DNA topoisomerase (ATP-hydrolyzing) subunit B	COG:COG0187, COG:L, SO:0001217, UniRef:UniRef50_Q68WF6, UniRef:UniRef90_A7IGH5
contig_1	cds	753306	753848	-	AAFOLC_03490		protein-tyrosine-phosphatase	SO:0001217, UniRef:UniRef50_A0A8E1WLQ5
contig_1	cds	754010	754792	-	AAFOLC_03495		MOSC domain-containing protein	SO:0001217, UniRef:UniRef50_A8HSZ2
contig_1	cds	755087	757726	+	AAFOLC_03500	clpB	ATP-dependent chaperone ClpB	COG:COG0542, COG:O, SO:0001217, UniRef:UniRef50_Q7CEG6, UniRef:UniRef90_A0A848K562
contig_1	cds	757893	758819	-	AAFOLC_03505		Signal peptide protein	SO:0001217, UniRef:UniRef50_A8I984
contig_1	cds	759051	759950	-	AAFOLC_03510		Signal peptide protein	SO:0001217, UniRef:UniRef50_A0A6C1KDP4
contig_1	cds	760086	762065	-	AAFOLC_03515		Peptidase-M23 domain-containing protein	SO:0001217, UniRef:UniRef50_A0A6C1KFG1
contig_1	rRNA	763124	764608	+	AAFOLC_03520	rrs	16S ribosomal RNA	GO:0003735, GO:0005840, KEGG:K01977, RFAM:RF00177, SO:0001000
contig_1	tRNA	764841	764917	+	AAFOLC_03525	trnI	tRNA-Ile(gat)	SO:0000263
contig_1	tRNA	764989	765064	+	AAFOLC_03530	trnA	tRNA-Ala(tgc)	SO:0000254
contig_1	rRNA	765401	768227	+	AAFOLC_03535	rrl	23S ribosomal RNA	GO:0003735, GO:0005840, KEGG:K01980, RFAM:RF02541, SO:0001001
contig_1	rRNA	768319	768433	+	AAFOLC_03540	rrf	5S ribosomal RNA	GO:0003735, GO:0005840, KEGG:K01985, RFAM:RF00001, SO:0000652
contig_1	cds	768969	769721	-	AAFOLC_03545		2-dehydro-3-deoxy-L-rhamnonate dehydrogenase (NAD(+))	SO:0001217, UniRef:UniRef50_A0A6H2H9M5
contig_1	cds	770046	770543	-	AAFOLC_03550	marR	MarR family transcriptional regulator	SO:0001217, UniRef:UniRef50_A0A7W6EG67, UniRef:UniRef90_A0A3L7A7Y2
contig_1	cds	770990	771787	+	AAFOLC_03555		Creatinine amidohydrolase	SO:0001217, UniRef:UniRef50_A0A0H5BBK6
contig_1	cds	771801	772430	-	AAFOLC_03560		ADP-ribose pyrophosphatase	SO:0001217, UniRef:UniRef50_A0A7W7Z3L1
contig_1	cds	772427	774067	-	AAFOLC_03565	yejF	Uncharacterized ABC transporter ATP-binding protein YejF	SO:0001217, UniRef:UniRef50_P33916
contig_1	cds	774078	775223	-	AAFOLC_03570	yejE	ABC-type microcin C transport system, permease component YejE	COG:COG4239, COG:Q, KEGG:K13895, SO:0001217, UniRef:UniRef50_K8NQB3, UniRef:UniRef90_A0A3L7A9L8
contig_1	cds	775227	776342	-	AAFOLC_03575		ABC transmembrane type-1 domain-containing protein	SO:0001217, UniRef:UniRef50_K8P6U8
contig_1	cds	776407	778317	-	AAFOLC_03580		SBP-bac-5 domain-containing protein	SO:0001217, UniRef:UniRef50_A0A1D7UAE8
contig_1	cds	778314	780251	-	AAFOLC_03585		SBP-bac-5 domain-containing protein	SO:0001217, UniRef:UniRef50_A0A0D1NWR4
contig_1	cds	780476	781324	-	AAFOLC_03590		hypothetical protein	PFAM:PF00034.24
contig_1	cds	781832	782692	+	AAFOLC_03595		prephenate dehydratase	SO:0001217, UniRef:UniRef50_A0A397Q2L3
contig_1	cds	782720	784531	-	AAFOLC_03600		Xanthine/uracil/vitamin C permease	SO:0001217, UniRef:UniRef50_A0A259C887
contig_1	cds	784556	785515	-	AAFOLC_03605		NAD(+) diphosphatase	SO:0001217, UniRef:UniRef50_A0A3S4DGU2
contig_1	cds	785854	786276	-	AAFOLC_03610		HIT domain-containing protein	SO:0001217, UniRef:UniRef50_A8IGV9
contig_1	cds	786477	786593	+	AAFOLC_03615		hypothetical protein	
contig_1	cds	786695	787954	+	AAFOLC_03620		Aspartate kinase Ask_LysC	SO:0001217, UniRef:UniRef50_A4VJB4
contig_1	cds	788126	790393	+	AAFOLC_03625	ptsP	Signal transduction protein containing GAF and PtsI domains	COG:COG3605, COG:T, SO:0001217, UniRef:UniRef50_A0A832A5Y0, UniRef:UniRef90_A0A3L7A7E5
contig_1	cds	790401	791477	+	AAFOLC_03630		Peptide chain release factor 1	SO:0001217, UniRef:UniRef50_Q2J423
contig_1	cds	791474	792349	+	AAFOLC_03635		Release factor glutamine methyltransferase	SO:0001217, UniRef:UniRef50_A8HYS0
contig_1	cds	792900	793889	+	AAFOLC_03640		hypothetical protein	
contig_1	cds	794105	795076	-	AAFOLC_03645		Pantothenate kinase	SO:0001217, UniRef:UniRef50_A7IHN7
contig_1	cds	795099	795425	-	AAFOLC_03650		Phosphoribosyl-ATP pyrophosphatase	SO:0001217, UniRef:UniRef50_A1B389
contig_1	cds	795538	796314	-	AAFOLC_03655	hisF	Imidazole glycerol phosphate synthase subunit HisF	COG:COG0107, COG:E, EC:4.3.2.10, GO:0000105, GO:0000107, GO:0005737, GO:0016829, SO:0001217, UniRef:UniRef50_P60667, UniRef:UniRef90_A7IHN9
contig_1	cds	796320	797048	-	AAFOLC_03660	hisA	1-(5-phosphoribosyl)-5-[(5-phosphoribosylamino)methylideneamino]imidazole-4-carboxamide isomerase	EC:5.3.1.16, KEGG:K01814, SO:0001217, UniRef:UniRef50_Q2KE60, UniRef:UniRef90_UPI001EE0D18B
contig_1	cds	797045	797695	-	AAFOLC_03665	hisH	Imidazole glycerol phosphate synthase subunit HisH	SO:0001217, UniRef:UniRef50_A0A0W1CLB0
contig_1	cds	797692	798183	-	AAFOLC_03670		DUF2628 domain-containing protein	SO:0001217, UniRef:UniRef50_A7IHP2
contig_1	cds	798193	798786	-	AAFOLC_03675		Imidazoleglycerol-phosphate dehydratase	SO:0001217, UniRef:UniRef50_Q18C69
contig_1	cds	798944	799495	+	AAFOLC_03680		hypothetical protein	PFAM:PF00227.29
contig_1	cds	799608	800918	+	AAFOLC_03685	hslU	ATP-dependent protease ATPase subunit HslU	COG:COG1220, COG:O, GO:0005524, GO:0008233, GO:0009376, GO:0016887, GO:0036402, GO:0043335, SO:0001217, UniRef:UniRef50_B0BX22, UniRef:UniRef90_A7IHP6
contig_1	cds	801139	802572	-	AAFOLC_03690	luxO	Two-component system, repressor protein LuxO	SO:0001217, UniRef:UniRef50_A0A1G6C4Z0
contig_1	cds	802713	804617	-	AAFOLC_03695		TPR-REGION domain-containing protein	SO:0001217, UniRef:UniRef50_A0A6C1K9D4
contig_1	cds	804794	806161	+	AAFOLC_03700		Omega-aminotransferase	SO:0001217, UniRef:UniRef50_Q9A3Q9
contig_1	cds	806270	806422	-	AAFOLC_03705		DUF3309 domain-containing protein	SO:0001217, UniRef:UniRef50_S6AGD5
contig_1	cds	806607	808475	-	AAFOLC_03710		X-Pro aminopeptidase	SO:0001217, UniRef:UniRef50_A0A1B3NI07
contig_1	tRNA	808668	808742	+	AAFOLC_03715	trnG	tRNA-Gly(ccc)	SO:0000260
contig_1	cds	808756	809301	+	AAFOLC_03720		Cys-tRNA(Pro)/Cys-tRNA(Cys) deacylase	SO:0001217, UniRef:UniRef50_Q7B8Q7
contig_1	cds	809350	810450	-	AAFOLC_03725		Carnitine dehydratase	SO:0001217, UniRef:UniRef50_A0A358SPA5
contig_1	cds	810778	810981	+	AAFOLC_03730		hypothetical protein	
contig_1	cds	810971	812380	+	AAFOLC_03735		hypothetical protein	
contig_1	cds	812531	813265	+	AAFOLC_03740		Methyltransf-25 domain-containing protein	SO:0001217, UniRef:UniRef50_A0A258IN90
contig_1	cds	813508	814152	-	AAFOLC_03745	atoA	Acyl-CoA:acetate/3-ketoacid CoA transferase, beta subunit	COG:COG2057, COG:I, SO:0001217, UniRef:UniRef50_A0A1J0EFN0, UniRef:UniRef90_A7IHV0
contig_1	cds	814152	814868	-	AAFOLC_03750		3-oxoadipate CoA-transferase	SO:0001217, UniRef:UniRef50_A0A1H7AII0
contig_1	cds	814895	815914	-	AAFOLC_03755		Aminoglycoside phosphotransferase (APT) family kinase protein	SO:0001217, UniRef:UniRef50_A0A654ANE1
contig_1	cds	815911	817122	-	AAFOLC_03760		Acyl-CoA dehydrogenase	SO:0001217, UniRef:UniRef50_D3P274
contig_1	cds	817142	817909	-	AAFOLC_03765		2-dehydro-3-deoxy-D-gluconate 5-dehydrogenase	SO:0001217, UniRef:UniRef50_A0A2H6AVC2
contig_1	cds	818104	818919	+	AAFOLC_03770		HTH tetR-type domain-containing protein	SO:0001217, UniRef:UniRef50_A0A258LS84
contig_1	cds	819286	820176	+	AAFOLC_03775		protein-tyrosine-phosphatase	SO:0001217, UniRef:UniRef50_A7IMD9
contig_1	cds	820189	820713	+	AAFOLC_03780		protein-tyrosine-phosphatase	SO:0001217, UniRef:UniRef50_A0A0D6HN18
contig_1	cds	820713	821417	+	AAFOLC_03785		Aquaporin family protein	SO:0001217, UniRef:UniRef50_A0A6L8AWH3
contig_1	cds	821529	822494	+	AAFOLC_03790		Phosphate/phosphite/phosphonate ABC transporter substrate-binding protein	SO:0001217, UniRef:UniRef50_A0A3N9U0L5
contig_1	cds	822644	823507	+	AAFOLC_03795	phnC	Phosphonates import ATP-binding protein PhnC 1	SO:0001217, UniRef:UniRef50_Q2IYS5
contig_1	cds	823504	824304	+	AAFOLC_03800	phnE	Phosphonate ABC transporter, permease protein PhnE	SO:0001217, UniRef:UniRef50_A0A2D5SFZ6
contig_1	cds	824304	825122	+	AAFOLC_03805	phnE2	PhnE2	SO:0001217, UniRef:UniRef50_E9KN49
contig_1	cds	825168	825545	+	AAFOLC_03810		Arsenate reductase	SO:0001217, UniRef:UniRef50_Q92R44
contig_1	cds	825550	826719	-	AAFOLC_03815		Poly(3-hydroxybutyrate) depolymerase	SO:0001217, UniRef:UniRef50_A0A848K8L0
contig_1	cds	826873	830514	+	AAFOLC_03820		5-oxoprolinase (ATP-hydrolysing)	SO:0001217, UniRef:UniRef50_A0A0D0NKN3
contig_1	cds	830574	830948	-	AAFOLC_03825		hypothetical protein	
contig_1	cds	831355	832005	+	AAFOLC_03830		hypothetical protein	
contig_1	cds	832005	832220	+	AAFOLC_03835		hypothetical protein	
contig_1	cds	832151	832396	-	AAFOLC_03840		hypothetical protein	
contig_1	cds	832580	832897	-	AAFOLC_03845		hypothetical protein	
contig_1	cds	833071	833790	+	AAFOLC_03850		Response regulator	SO:0001217, UniRef:UniRef50_A0A1B3NCS3
contig_1	cds	833791	835155	+	AAFOLC_03855		histidine kinase	SO:0001217, UniRef:UniRef50_A0A6C1KDJ3
contig_1	cds	835238	836170	+	AAFOLC_03860		Glyoxylate/hydroxypyruvate reductase A	SO:0001217, UniRef:UniRef50_A0A0H2M5X5
contig_1	cds	837262	838284	-	AAFOLC_03865		hypothetical protein	
contig_1	cds	838442	839530	-	AAFOLC_03870		DUF2125 domain-containing protein	SO:0001217, UniRef:UniRef50_A0A3L7A4I6
contig_1	cds	839624	840226	+	AAFOLC_03875		Gamma-glutamylcyclotransferase	SO:0001217, UniRef:UniRef50_A0A3L7A3T2
contig_1	cds	840258	840674	-	AAFOLC_03880		DUF3197 domain-containing protein	SO:0001217, UniRef:UniRef50_A0A258JWZ8
contig_1	cds	840708	841517	-	AAFOLC_03885	plsC	PlsC domain-containing protein	SO:0001217, UniRef:UniRef50_A0A259CDV9
contig_1	cds	841546	842274	-	AAFOLC_03890		DUF218 domain-containing protein	SO:0001217, UniRef:UniRef50_A0A259CDT8
contig_1	cds	842345	843319	-	AAFOLC_03895	ftsX	Cell division protein FtsX	SO:0001217, UniRef:UniRef50_A7IB87
contig_1	cds	843306	843929	-	AAFOLC_03900	ftsE	cell division ATP-binding protein FtsE	COG:COG2884, COG:D, SO:0001217, UniRef:UniRef50_Q89UM6, UniRef:UniRef90_A7IB88
contig_1	cds	844113	844649	+	AAFOLC_03905		Hypoxanthine phosphoribosyltransferase	SO:0001217, UniRef:UniRef50_A0A6N6SY62
contig_1	cds	844702	847494	-	AAFOLC_03910		Phosphoenolpyruvate carboxylase	SO:0001217, UniRef:UniRef50_O32483
contig_1	cds	847625	848581	-	AAFOLC_03915	marR	MarR family transcriptional regulator	SO:0001217, UniRef:UniRef50_A0A3L7A298
contig_1	cds	848754	849071	+	AAFOLC_03920		Secreted protein	SO:0001217, UniRef:UniRef50_A0A2S0NGD2
contig_1	cds	849171	849440	+	AAFOLC_03925		hypothetical protein	
contig_1	cds	849582	850094	+	AAFOLC_03930		Ala-tRNA(Pro) deacylase	SO:0001217, UniRef:UniRef50_A0A848JYY1
contig_1	cds	850099	850707	-	AAFOLC_03935		Lipoprotein	SO:0001217, UniRef:UniRef50_A7IC31
contig_1	cds	850781	851335	+	AAFOLC_03940		DUF2975 domain-containing protein	SO:0001217, UniRef:UniRef50_A7IC30
contig_1	cds	851362	851592	+	AAFOLC_03945	yozG	DNA-binding transcriptional regulator, XRE family	COG:COG3655, COG:K, SO:0001217, UniRef:UniRef50_A0A0A7KEE1, UniRef:UniRef90_A7IC29
contig_1	cds	851643	853346	-	AAFOLC_03950	caiA	Acyl-CoA dehydrogenase related to the alkylation response protein AidB	COG:COG1960, COG:I, SO:0001217, UniRef:UniRef50_A0A1X7A4E0, UniRef:UniRef90_A0A848JZ63
contig_1	cds	853428	854513	-	AAFOLC_03955		FUSC family protein	SO:0001217, UniRef:UniRef50_A7IC24
contig_1	cds	854836	855723	+	AAFOLC_03960		Ribonuclease BN	SO:0001217, UniRef:UniRef50_A0A2U8VM25
contig_1	cds	855720	856196	+	AAFOLC_03965		DNA repair protein MmcB-related protein	SO:0001217, UniRef:UniRef50_A0A7W9A2P3
contig_1	cds	856236	856790	-	AAFOLC_03970		ActR/PrrA/RegA family redox response regulator transcription factor	COG:COG4567, COG:TK, SO:0001217, UniRef:UniRef50_Q53228, UniRef:UniRef90_A0A3L7A8W4
contig_1	cds	856860	858215	-	AAFOLC_03975		histidine kinase	SO:0001217, UniRef:UniRef50_A0A2U1SM62
contig_1	cds	858368	859789	+	AAFOLC_03980		Poly(3-hydroxybutyrate) depolymerase	SO:0001217, UniRef:UniRef50_A0A848K157
contig_1	cds	859851	860603	+	AAFOLC_03985		Zinc metalloprotease	SO:0001217, UniRef:UniRef50_F7QIG6
contig_1	cds	860664	861080	-	AAFOLC_03990		DoxD-like family protein	SO:0001217, UniRef:UniRef50_A8I220
contig_1	cds	861313	862371	-	AAFOLC_03995	abrB	AbrB family transcriptional regulator	SO:0001217, UniRef:UniRef50_A0A259KAN0
contig_1	cds	862368	863618	-	AAFOLC_04000		Aminotransferase	SO:0001217, UniRef:UniRef50_A0A143ZEQ1
contig_1	cds	863904	864494	+	AAFOLC_04005	rutE	putative malonic semialdehyde reductase RutE	SO:0001217, UniRef:UniRef50_A7MFX7
contig_1	cds	864562	864999	-	AAFOLC_04010	glcG	GlcG protein	SO:0001217, UniRef:UniRef50_A7IC13
contig_1	cds	865346	865852	+	AAFOLC_04015		Usp domain-containing protein	SO:0001217, UniRef:UniRef50_A0A5S9Q446
contig_1	cds	866163	867032	+	AAFOLC_04020	rimP	Ribosome maturation factor RimP	SO:0001217, UniRef:UniRef50_A8IG16
contig_1	cds	867032	868642	+	AAFOLC_04025	nusA	Transcription antitermination factor NusA, contains S1 and KH domains	COG:COG0195, COG:K, SO:0001217, UniRef:UniRef50_A0A0D5LU72, UniRef:UniRef90_A7IC10
contig_1	cds	868663	869385	+	AAFOLC_04030	ylxR	YlxR domain-containing protein	SO:0001217, UniRef:UniRef50_A0A848K167
contig_1	cds	869382	872501	+	AAFOLC_04035		Translation initiation factor IF-2	SO:0001217, UniRef:UniRef50_Q89WA9
contig_1	cds	872758	873171	+	AAFOLC_04040		Ribosome-binding factor A	SO:0001217, UniRef:UniRef50_Q89WB0
contig_1	cds	873168	874244	+	AAFOLC_04045		tRNA pseudouridine synthase B	SO:0001217, UniRef:UniRef50_A0A848JW81
contig_1	cds	874764	875246	-	AAFOLC_04050		Crp/Fnr family transcriptional regulator	SO:0001217, UniRef:UniRef50_A0A3L7AMX7
contig_1	cds	875287	875973	-	AAFOLC_04055	ompR	DNA-binding response regulator, OmpR family, contains REC and winged-helix (wHTH) domain	COG:COG0745, COG:TK, SO:0001217, UniRef:UniRef50_A0A812IZ59, UniRef:UniRef90_A7IG73
contig_1	cds	876086	876628	+	AAFOLC_04060	ykuD	YkuD domain-containing protein	SO:0001217, UniRef:UniRef50_F8BS34
contig_1	cds	877091	877429	+	AAFOLC_04065		Rieske (2Fe-2S) domain containing protein	SO:0001217, UniRef:UniRef50_A0A250KQP7
contig_1	cds	877682	878488	+	AAFOLC_04070		Fe-S oxidoreductase	SO:0001217, UniRef:UniRef50_A0A7R7CNS7
contig_1	cds	878491	880095	+	AAFOLC_04075		4Fe-4S ferredoxin-type domain-containing protein	SO:0001217, UniRef:UniRef50_K2A049
contig_1	cds	880092	880772	+	AAFOLC_04080		LUD-dom domain-containing protein	SO:0001217, UniRef:UniRef50_A7IG69
contig_1	cds	881277	881603	-	AAFOLC_04085		hypothetical protein	
contig_1	cds	881881	882588	+	AAFOLC_04090		Thioesterase domain-containing protein	SO:0001217, UniRef:UniRef50_A7IG67
contig_1	cds	882976	883284	-	AAFOLC_04095	azlD	AzlD domain-containing protein	SO:0001217, UniRef:UniRef50_A8IGG6
contig_1	cds	883271	883921	-	AAFOLC_04100		Putative branched-chain amino acid transport protein	SO:0001217, UniRef:UniRef50_A8IGG3
contig_1	cds	884068	885003	-	AAFOLC_04105	lysR	LysR family transcriptional regulator	KEGG:K16135, SO:0001217, UniRef:UniRef50_A0A098T9B2, UniRef:UniRef90_A0A3L7AMX1
contig_1	cds	885173	886669	+	AAFOLC_04110		FAD-binding protein	EC:1.1.99.14, KEGG:K00104, SO:0001217, UniRef:UniRef50_A0A4S5BJI3, UniRef:UniRef90_A0A3L7AQW8
contig_1	cds	886720	887925	+	AAFOLC_04115	glcE	Glycolate oxidase subunits GlcE	SO:0001217, UniRef:UniRef50_Q0G3X0
contig_1	cds	888005	889324	+	AAFOLC_04120		Glycolate oxidase iron-sulfur subunit	SO:0001217, UniRef:UniRef50_A0A5S4YVF2
contig_1	cds	889528	890163	+	AAFOLC_04125		Thiamine-phosphate synthase	SO:0001217, UniRef:UniRef50_A0A346QYU6
contig_1	cds	890224	891840	+	AAFOLC_04130		hypothetical protein	
contig_1	cds	891905	892597	-	AAFOLC_04135		Ribulose-phosphate 3-epimerase	SO:0001217, UniRef:UniRef50_P51013
contig_1	cds	892833	893897	-	AAFOLC_04140	fba	fructose-bisphosphate aldolase class II	COG:COG0191, COG:G, EC:4.1.2.13, KEGG:K01624, SO:0001217, UniRef:UniRef50_Q56815, UniRef:UniRef90_A7IGL4
contig_1	cds	893944	896007	-	AAFOLC_04145		Transketolase 2	SO:0001217, UniRef:UniRef50_Q60103
contig_1	cds	896188	897063	-	AAFOLC_04150	prkB	phosphoribulokinase	COG:COG3954, COG:G, EC:2.7.1.19, KEGG:K00855, SO:0001217, UniRef:UniRef50_P12033, UniRef:UniRef90_UPI001EE10781
contig_1	cds	897085	898152	-	AAFOLC_04155		Fructose-1,6-bisphosphatase class 1 1	SO:0001217, UniRef:UniRef50_P27994
contig_1	cds	898224	899183	-	AAFOLC_04160	cbbX	Protein CbbX	SO:0001217, UniRef:UniRef50_P95648
contig_1	cds	899410	899814	-	AAFOLC_04165		hypothetical protein	PFAM:PF00101.23
contig_1	cds	899826	901292	-	AAFOLC_04170	cbbL	Ribulose bisphosphate carboxylase large chain	COG:COG1850, COG:G, EC:4.1.1.39, GO:0000287, GO:0004497, GO:0016984, GO:0019253, SO:0001217, UniRef:UniRef50_P0C2C2, UniRef:UniRef90_P23011
contig_1	cds	901389	902345	+	AAFOLC_04175	cbbR	HTH-type transcriptional regulator CbbR	SO:0001217, UniRef:UniRef50_P25545
contig_1	cds	902385	903227	-	AAFOLC_04180		Metallophos domain-containing protein	SO:0001217, UniRef:UniRef50_A0A259L8L2
contig_1	cds	903231	904283	-	AAFOLC_04185	potA	Spermidine/putrescine import ATP-binding protein PotA	SO:0001217, UniRef:UniRef50_A0A508TQA7
contig_1	cds	904280	905086	-	AAFOLC_04190		ABC transmembrane type-1 domain-containing protein	SO:0001217, UniRef:UniRef50_A0A6S7C9K9
contig_1	cds	905097	905915	-	AAFOLC_04195		ABC transmembrane type-1 domain-containing protein	SO:0001217, UniRef:UniRef50_S6HA60
contig_1	cds	905996	907018	-	AAFOLC_04200		ABC transporter substrate-binding protein	SO:0001217, UniRef:UniRef50_A0A6G8NR94
contig_1	cds	907030	908127	-	AAFOLC_04205		Alanine racemase	SO:0001217, UniRef:UniRef50_A7IHA4
contig_1	cds	908451	909176	-	AAFOLC_04210		hypothetical protein	
contig_1	cds	909384	910103	+	AAFOLC_04215		response regulator	SO:0001217, UniRef:UniRef50_F8JAN5, UniRef:UniRef90_UPI001EDF3D16
contig_1	cds	910100	911431	+	AAFOLC_04220		histidine kinase	SO:0001217, UniRef:UniRef50_A7IHA7
contig_1	cds	911525	912406	-	AAFOLC_04225	fadB	3-hydroxybutyryl-CoA dehydrogenase	COG:COG1250, COG:I, SO:0001217, UniRef:UniRef50_A0A6A5KY36, UniRef:UniRef90_A7IHA8
contig_1	cds	912487	913431	-	AAFOLC_04230		FAD-binding protein	KEGG:K03522, SO:0001217, UniRef:UniRef50_P53573, UniRef:UniRef90_UPI001EE0BAA6
contig_1	cds	913431	914180	-	AAFOLC_04235	fixA	Electron transfer flavoprotein, alpha and beta subunits	COG:C, COG:COG2086, KEGG:K03521, SO:0001217, UniRef:UniRef50_P53575, UniRef:UniRef90_A0A3L7AHT3
contig_1	cds	914529	915260	-	AAFOLC_04240		Rhomboid family serine protease	SO:0001217, UniRef:UniRef50_A0A0H5BP45
contig_1	cds	915490	917829	+	AAFOLC_04245		S1 motif domain-containing protein	SO:0001217, UniRef:UniRef50_A0A0P1F6N2
contig_1	cds	917981	918352	+	AAFOLC_04250		hypothetical protein	
contig_1	cds	918498	919103	+	AAFOLC_04255		Copper chaperone PCu(A)C	SO:0001217, UniRef:UniRef50_A0A2U1XRC9
contig_1	cds	919487	919789	-	AAFOLC_04260		Potassium channel protein	SO:0001217, UniRef:UniRef50_A0A2W5RDM3
contig_1	cds	920083	920526	+	AAFOLC_04265		Host attachment protein	SO:0001217, UniRef:UniRef50_A7IHB5
contig_1	cds	920572	921060	+	AAFOLC_04270	tspO	TspO and MBR like protein	SO:0001217, UniRef:UniRef50_B1LV51
contig_1	cds	921087	921281	+	AAFOLC_04275		HIG1 domain-containing protein	SO:0001217, UniRef:UniRef50_B2IBT4
contig_1	cds	921381	921959	+	AAFOLC_04280		Corrinoid adenosyltransferase	SO:0001217, UniRef:UniRef50_P64804
contig_1	cds	922003	923133	-	AAFOLC_04285		Alpha-D-ribose 1-methylphosphonate 5-triphosphate diphosphatase	SO:0001217, UniRef:UniRef50_A0A101JVW7
contig_1	cds	923206	924879	-	AAFOLC_04290		PMT-2 domain-containing protein	SO:0001217, UniRef:UniRef50_A0A6C1KD43
contig_1	cds	925139	926053	+	AAFOLC_04295		acetylglutamate kinase	EC:2.7.2.8, KEGG:K00930, SO:0001217, UniRef:UniRef50_A8IPV3, UniRef:UniRef90_UPI001EDDFF4B
contig_1	cds	926162	926689	-	AAFOLC_04300		Phosphinothricin N-acetyltransferase	SO:0001217, UniRef:UniRef50_A0A653TLQ4
contig_1	cds	926835	927605	-	AAFOLC_04305		Bax inhibitor-1/YccA family protein	SO:0001217, UniRef:UniRef50_A0A2D5HCF1, UniRef:UniRef90_A0A3L7A1N3
contig_1	cds	927808	928686	+	AAFOLC_04310		Transporter	SO:0001217, UniRef:UniRef50_A0A3L7A240
contig_1	cds	928674	929573	-	AAFOLC_04315		Multidrug DMT transporter permease	SO:0001217, UniRef:UniRef50_A7IGZ6
contig_1	cds	929758	930621	+	AAFOLC_04320	gltR	HTH-type transcriptional regulator GltR	SO:0001217, UniRef:UniRef50_A0A508TEW6
contig_1	cds	930691	931659	-	AAFOLC_04325		Glucokinase	SO:0001217, UniRef:UniRef50_A8HZL9
contig_1	cds	931947	932837	-	AAFOLC_04330		ZT-dimer domain-containing protein	SO:0001217, UniRef:UniRef50_M5F6Z4
contig_1	cds	933007	933738	-	AAFOLC_04335	cysZ	Cysteine biosynthesis protein CysZ	SO:0001217, UniRef:UniRef50_A7IEF8
contig_1	cds	933920	934555	+	AAFOLC_04340		HTH tetR-type domain-containing protein	SO:0001217, UniRef:UniRef50_A0A258M7F2
contig_1	cds	934558	935913	+	AAFOLC_04345	hlyD	Secretion HlyD protein	SO:0001217, UniRef:UniRef50_A8IN11
contig_1	cds	935913	939059	+	AAFOLC_04350		ABC transporter permease	SO:0001217, UniRef:UniRef50_A0A376AGD2
contig_1	cds	939398	939865	+	AAFOLC_04355		Histidine kinase	SO:0001217, UniRef:UniRef50_A0A0F7VLX8
contig_1	cds	939905	940480	+	AAFOLC_04360	yxaF	Putative HTH-type transcriptional regulator YxaF	SO:0001217, UniRef:UniRef50_A0A1E7W8K1
contig_1	cds	940559	940858	-	AAFOLC_04365		hypothetical protein	
contig_1	cds	940931	941704	-	AAFOLC_04370		Trans-aconitate 2-methyltransferase	SO:0001217, UniRef:UniRef50_B8ISV4
contig_1	cds	941785	942327	-	AAFOLC_04375		Ester cyclase	SO:0001217, UniRef:UniRef50_A0A357CL66
contig_1	cds	942544	943854	+	AAFOLC_04380	mntH	Divalent metal cation transporter MntH	SO:0001217, UniRef:UniRef50_A1WR47
contig_1	cds	943893	944186	+	AAFOLC_04385	higB	Type II toxin-antitoxin system HigB family toxin	SO:0001217, UniRef:UniRef50_D7A6F0
contig_1	cds	944190	944558	+	AAFOLC_04390		Helix-turn-helix domain-containing protein	SO:0001217, UniRef:UniRef50_A0A833LI48
contig_1	cds	945392	947047	-	AAFOLC_04395	ettA	energy-dependent translational throttle protein EttA	COG:COG0488, COG:R, SO:0001217, UniRef:UniRef50_D5RIP1, UniRef:UniRef90_A0A258IVZ6
contig_1	cds	947152	947628	+	AAFOLC_04400		Cupin-2 domain-containing protein	SO:0001217, UniRef:UniRef50_A0A8F7ZJ25
contig_1	tRNA	947816	947890	+	AAFOLC_04405	trnG	tRNA-Gly(gcc)	SO:0000260
contig_1	cds	948206	949402	+	AAFOLC_04410		DUF932 domain-containing protein	SO:0001217, UniRef:UniRef50_A3UHP2, UniRef:UniRef90_A7IP53
contig_1	cds	949576	951639	+	AAFOLC_04415	parB	ParB N-terminal domain-containing protein	KEGG:K03497, SO:0001217, UniRef:UniRef50_A0A0W1EYU5, UniRef:UniRef90_UPI002022FC8A
contig_1	cds	951731	952768	+	AAFOLC_04420		Toprim domain-containing protein	SO:0001217, UniRef:UniRef50_Q1GQ48
contig_1	cds	953074	953997	+	AAFOLC_04425		DUF2493 domain-containing protein	SO:0001217, UniRef:UniRef50_A7IMK2, UniRef:UniRef90_A7IMK2
contig_1	cds	954385	954552	+	AAFOLC_04430		Transmembrane protein	SO:0001217, UniRef:UniRef50_A0A285R0F4, UniRef:UniRef90_UPI000A89DB47
contig_1	cds	954690	955130	+	AAFOLC_04435		MFS domain-containing protein	SO:0001217, UniRef:UniRef50_I3TMR5, UniRef:UniRef90_A7IP58
contig_1	cds	955782	956108	+	AAFOLC_04440		DUF736 domain-containing protein	COG:COG5489, COG:S, RefSeq:WP_203194056.1, SO:0001217, UniParc:UPI0019333759, UniRef:UniRef100_UPI0019333759, UniRef:UniRef50_S5Y2L0, UniRef:UniRef90_A7ICT9
contig_1	cds	956167	956385	-	AAFOLC_04445	hipB	Transcriptional regulator, contains XRE-family HTH domain	COG:COG1396, COG:K, SO:0001217, UniRef:UniRef50_P55409, UniRef:UniRef90_A0A259L5Q7
contig_1	cds	956574	956849	+	AAFOLC_04450		DUF2285 domain-containing protein	SO:0001217, UniRef:UniRef50_A0A0M6YNC3, UniRef:UniRef90_A7IMJ7
contig_1	cds	957287	957745	+	AAFOLC_04455		DUF2285 domain-containing protein	SO:0001217, UniRef:UniRef50_A0A2W6WZ04, UniRef:UniRef90_UPI001FD983A2
contig_1	cds	957886	958167	+	AAFOLC_04460		helix-turn-helix domain-containing protein	SO:0001217, UniRef:UniRef50_B6JA87, UniRef:UniRef90_UPI002022FC0E
contig_1	cds	958183	959337	+	AAFOLC_04465	repA	Plasmid replication initiator protein	COG:COG5534, COG:X, SO:0001217, UniRef:UniRef50_A0A5S9P8S0, UniRef:UniRef90_UPI0020230C21
contig_1	cds	959334	959987	+	AAFOLC_04470	parA	ParA-like ATPase involved in chromosome/plasmid partitioning or cellulose biosynthesis protein BcsQ	COG:COG1192, COG:DN, SO:0001217, UniRef:UniRef50_A0A0R0LN57, UniRef:UniRef90_A7IMJ3
contig_1	cds	959984	960238	+	AAFOLC_04475	parG	Plasmid segregation centromere-binding protein ParG	SO:0001217, UniRef:UniRef50_N0B9S5, UniRef:UniRef90_A7IMJ2
contig_1	cds	960235	960756	+	AAFOLC_04480		Glycosidase	SO:0001217, UniRef:UniRef50_A8IP45, UniRef:UniRef90_A7IMJ1
contig_1	cds	960753	961298	+	AAFOLC_04485	traF	Type IV secretory pathway, protease TraF	COG:COG4959, COG:OU, SO:0001217, UniRef:UniRef50_A0A1I0X349, UniRef:UniRef90_A7ICU8
contig_1	cds	961344	962129	+	AAFOLC_04490		Soluble lytic murein transglycosylase	SO:0001217, UniRef:UniRef50_A0A2S0XH06
contig_1	cds	962373	964112	+	AAFOLC_04495	virD2	Type IV secretory pathway, VirD2 component (relaxase)	COG:COG3843, COG:U, SO:0001217, UniRef:UniRef50_A7ID61, UniRef:UniRef90_UPI001F3CFF2E
contig_1	cds	964137	966116	+	AAFOLC_04500	virD4	Type IV secretory pathway, VirD4 component, TraG/TraD family ATPase	COG:COG3505, COG:U, EC:7.4.2.8, KEGG:K03205, SO:0001217, UniRef:UniRef50_A0A059E4C8, UniRef:UniRef90_A0A259LG42
contig_1	cds	966122	966550	+	AAFOLC_04505	copG	CopG family transcriptional regulator	SO:0001217, UniRef:UniRef50_D6V0X7, UniRef:UniRef90_UPI001931F080
contig_1	cds	966674	968113	+	AAFOLC_04510		IS1182 family transposase	SO:0001217, UniRef:UniRef50_I7B696, UniRef:UniRef90_A0A4R1HDP7
contig_1	cds	968604	968768	+	AAFOLC_04515		Transcriptional regulator	SO:0001217, UniRef:UniRef50_A0A2A8HWQ6, UniRef:UniRef90_UPI001786E09C
contig_1	cds	968772	970775	+	AAFOLC_04520		AAA family ATPase	SO:0001217, UniRef:UniRef50_A0A074JAM5, UniRef:UniRef90_UPI0020A768DC
contig_1	cds	970778	971251	+	AAFOLC_04525		Dnd system-associated protein 4	SO:0001217, UniRef:UniRef50_Q1NCT0
contig_1	cds	971251	973404	+	AAFOLC_04530		DEAD/DEAH box helicase family protein	SO:0001217, UniRef:UniRef50_A0A176EFM1, UniRef:UniRef90_UPI00177F5AB5
contig_1	cds	973418	974263	-	AAFOLC_04535		PAPS-reduct domain-containing protein	SO:0001217, UniRef:UniRef50_A0A0S2TIQ9, UniRef:UniRef90_A0A4Q3V9U8
contig_1	cds	974260	977580	-	AAFOLC_04540		ATP-binding protein	SO:0001217, UniRef:UniRef50_A0A1V2AK76, UniRef:UniRef90_UPI00177EC8DC
contig_1	cds	977577	978491	-	AAFOLC_04545		DUF4007 domain-containing protein	SO:0001217, UniRef:UniRef50_E8RVZ8, UniRef:UniRef90_UPI00177F181A
contig_1	cds	978513	979766	-	AAFOLC_04550		Cysteine desulfurase	SO:0001217, UniRef:UniRef50_A0A442PJU8
contig_1	cds	979956	982367	+	AAFOLC_04555		histidine kinase	SO:0001217, UniRef:UniRef50_A0A8T9Y2K2
contig_1	cds	982367	984301	+	AAFOLC_04560		Response-reg-2 domain-containing protein	SO:0001217, UniRef:UniRef50_X6F217
contig_1	cds	984650	986095	-	AAFOLC_04565		IS1182 family transposase	SO:0001217, UniRef:UniRef50_I7B696
contig_1	cds	986334	987320	+	AAFOLC_04570	trbB	P-type conjugative transfer ATPase TrbB	COG:COG4962, COG:UW, SO:0001217, UniRef:UniRef50_A0A090E6K1, UniRef:UniRef90_A7ICV8
contig_1	cds	987317	987649	+	AAFOLC_04575	virB2	Type IV secretory pathway, VirB2 component (pilin)	COG:COG3838, COG:U, KEGG:K20528, SO:0001217, UniRef:UniRef50_A0A059DSQ2, UniRef:UniRef90_A7ICV9
contig_1	cds	987649	987921	+	AAFOLC_04580	trbD	Type IV secretory pathway, TrbD component	COG:COG5268, COG:U, KEGG:K20529, SO:0001217, UniRef:UniRef50_B6JJW2, UniRef:UniRef90_A7ICW0
contig_1	cds	987934	990363	+	AAFOLC_04585	trbE	conjugal transfer protein TrbE	COG:COG3451, COG:U, SO:0001217, UniRef:UniRef50_A0A6N6JJR9, UniRef:UniRef90_A7IMH7
contig_1	cds	990360	991094	+	AAFOLC_04590	trbJ	P-type conjugative transfer protein TrbJ	SO:0001217, UniRef:UniRef50_A0A7Z8Y3C7
contig_1	cds	991104	991364	+	AAFOLC_04595	trbK	Conjugal transfer protein TrbK	SO:0001217, UniRef:UniRef50_A0A259JXZ2
contig_1	cds	991361	992641	+	AAFOLC_04600	trbL	P-type conjugative transfer protein TrbL	SO:0001217, UniRef:UniRef50_A0A062UIB8
contig_1	cds	992638	993327	+	AAFOLC_04605	trbF	conjugal transfer protein TrbF	COG:COG3701, COG:U, SO:0001217, UniRef:UniRef50_A0A644V1C7, UniRef:UniRef90_A7IMH3
contig_1	cds	993324	994118	+	AAFOLC_04610	trbG	P-type conjugative transfer protein TrbG	SO:0001217, UniRef:UniRef50_A0A512AK16
contig_1	cds	994108	994383	+	AAFOLC_04615		(pseudo) TrbG/VirB9 family P-type conjugative transfer protein	KEGG:K20532, SO:0001217, UniRef:UniRef50_A0A6J5F4B3, UniRef:UniRef90_UPI001495C5FC
contig_1	cds	994380	995627	+	AAFOLC_04620	traI	Conjugal transfer protein TraI	KEGG:K20533, SO:0001217, UniRef:UniRef50_A0A7Y3TA38, UniRef:UniRef90_A0A259JZ99
contig_1	cds	995629	995913	+	AAFOLC_04625		DUF2274 domain-containing protein	SO:0001217, UniRef:UniRef50_A0A3M0C594
contig_1	cds	996705	997823	-	AAFOLC_04630		FAD-binding monooxygenase	SO:0001217, UniRef:UniRef50_A0A3P0XAI0
contig_1	cds	998114	998833	-	AAFOLC_04635		Transcriptional regulator	SO:0001217, UniRef:UniRef50_J1SVF5
contig_1	cds	998905	999822	+	AAFOLC_04640		Formylglycine-generating enzyme, required for sulfatase activity, contains SUMF1/FGE domain	SO:0001217, UniRef:UniRef50_A0A1W1XSZ2
contig_1	cds	1000667	1000891	+	AAFOLC_04645		DUF2274 domain-containing protein	SO:0001217, UniRef:UniRef50_A7ICW8
contig_1	cds	1000905	1001822	-	AAFOLC_04650	lysR	Transcriptional regulator, LysR family	SO:0001217, UniRef:UniRef50_A7ICW9
contig_1	cds	1001895	1002416	-	AAFOLC_04655		MaoC-like dehydratase	SO:0001217, UniRef:UniRef50_W0Z4Y5
contig_1	cds	1002420	1003178	-	AAFOLC_04660		3-oxoacyl-[acyl-carrier protein] reductase	SO:0001217, UniRef:UniRef50_N1LZA5
contig_1	cds	1003175	1003747	-	AAFOLC_04665		hypothetical protein	
contig_1	cds	1003744	1004892	-	AAFOLC_04670		Acetyl-CoA acetyltransferase	SO:0001217, UniRef:UniRef50_A0A1Y2MQH7
contig_1	cds	1004885	1005316	-	AAFOLC_04675		Zn-ribbon domain-containing OB-fold protein	SO:0001217, UniRef:UniRef50_A0A1I3WL45
contig_1	cds	1005313	1006710	-	AAFOLC_04680	pcaK	PcaK	SO:0001217, UniRef:UniRef50_D4GN16
contig_1	cds	1006754	1007629	-	AAFOLC_04685		Enoyl reductase (ER) domain-containing protein	SO:0001217, UniRef:UniRef50_A0A0N8GFQ5
contig_1	cds	1007850	1008701	-	AAFOLC_04690		Gluconolactonase	SO:0001217, UniRef:UniRef50_N9UPE0
contig_1	cds	1008895	1010040	+	AAFOLC_04695		Lipid-transfer protein	SO:0001217, UniRef:UniRef50_N1LXG2
contig_1	cds	1010037	1010423	+	AAFOLC_04700		hypothetical protein	PFAM:PF01796.20
contig_1	cds	1010420	1012039	+	AAFOLC_04705		Fatty-acyl-CoA synthase	SO:0001217, UniRef:UniRef50_A0A7W4VFF5
contig_1	cds	1012051	1013010	-	AAFOLC_04710		hypothetical protein	PFAM:PF00126.30
contig_1	cds	1013741	1014901	+	AAFOLC_04715		Acyl-CoA dehydrogenase	SO:0001217, UniRef:UniRef50_A0A157KGU4
contig_1	cds	1014901	1015758	+	AAFOLC_04720		MaoC-dehydrat-N domain-containing protein	SO:0001217, UniRef:UniRef50_G9AAA5
contig_1	cds	1015752	1016591	+	AAFOLC_04725		HpcH-HpaI domain-containing protein	SO:0001217, UniRef:UniRef50_A0A0S2EKR9
contig_1	cds	1017480	1017650	+	AAFOLC_04730		hypothetical protein	
contig_1	cds	1018204	1019064	-	AAFOLC_04735		Integrase catalytic domain-containing protein	SO:0001217, UniRef:UniRef50_A0A259EY06
contig_1	cds	1019061	1019375	-	AAFOLC_04740		Transposase	SO:0001217, UniRef:UniRef50_A0A4V1PNV2
contig_1	cds	1019525	1020907	-	AAFOLC_04745		Cell filamentation protein Fic	SO:0001217, UniRef:UniRef50_Q1LEB6, UniRef:UniRef90_A0A259L8W9
contig_1	cds	1021099	1022427	-	AAFOLC_04750		Integrase	SO:0001217, UniRef:UniRef50_A0A3S5CYC6, UniRef:UniRef90_A0A259L8W8
contig_1	tRNA	1022593	1022677	+	AAFOLC_04755	trnG	(pseudo) tRNA-Gly(gcc)	SO:0000260
contig_1	cds	1022702	1023217	-	AAFOLC_04760		hypothetical protein	
contig_1	cds	1023549	1024460	+	AAFOLC_04765	lysR	LysR family transcriptional regulator	SO:0001217, UniRef:UniRef50_A0A336JJF6
contig_1	cds	1024667	1025914	+	AAFOLC_04770		MFS transporter	SO:0001217, UniRef:UniRef50_U3GA70, UniRef:UniRef90_UPI001DB886F4
contig_1	cds	1026172	1026564	-	AAFOLC_04775		SnoaL-like domain-containing protein	SO:0001217, UniRef:UniRef50_E6VN45
contig_1	cds	1026561	1027124	-	AAFOLC_04780	lysE	LysE family transporter	KEGG:K11249, SO:0001217, UniRef:UniRef50_A1B1Y6, UniRef:UniRef90_UPI001D7D0481
contig_1	cds	1027379	1027891	+	AAFOLC_04785		hotdog fold thioesterase	SO:0001217, UniRef:UniRef50_K4R5F3, UniRef:UniRef90_UPI001D7332E7
contig_1	cds	1028240	1028731	+	AAFOLC_04790		Transmembrane protein	SO:0001217, UniRef:UniRef50_A0A6N0DMS7
contig_1	cds	1028735	1029967	+	AAFOLC_04795		Biotin-lipoyl-2 domain-containing protein	SO:0001217, UniRef:UniRef50_A8LP46
contig_1	cds	1030322	1033141	-	AAFOLC_04800		Bifunctional uridylyltransferase/uridylyl-removing enzyme	SO:0001217, UniRef:UniRef50_Q89VX9
contig_1	cds	1033252	1034232	-	AAFOLC_04805		DUF2778 domain-containing protein	SO:0001217, UniRef:UniRef50_A0A3L7AFX8
contig_1	cds	1034859	1037180	+	AAFOLC_04810		peptidoglycan glycosyltransferase	SO:0001217, UniRef:UniRef50_A0A5E4NUZ7
contig_1	cds	1037276	1037941	+	AAFOLC_04815	engB	putative GTP-binding protein EngB	SO:0001217, UniRef:UniRef50_Q1MM59
contig_1	cds	1038242	1038433	-	AAFOLC_04820		IS66 family transposase	SO:0001217, UniRef:UniRef50_A0A3L7AP44
contig_1	cds	1038542	1039225	-	AAFOLC_04825	cspC	Cold shock protein, CspA family	COG:COG1278, COG:K, KEGG:K03704, SO:0001217, UniRef:UniRef50_A0A149TFV0, UniRef:UniRef90_A7IBQ8
contig_1	cds	1039598	1041286	+	AAFOLC_04830		STAS domain-containing protein	SO:0001217, UniRef:UniRef50_A0A091B0J2
contig_1	cds	1041297	1041989	+	AAFOLC_04835		Putative NAD(P)H nitroreductase	SO:0001217, UniRef:UniRef50_A7IBQ7
contig_1	cds	1042013	1042237	-	AAFOLC_04840		Amino acid permease	SO:0001217, UniRef:UniRef50_A7IBQ6
contig_1	cds	1042733	1043998	-	AAFOLC_04845		Glutamyl-tRNA(Gln) amidotransferase subunit A	SO:0001217, UniRef:UniRef50_A0A5S9NUW9
contig_1	cds	1044093	1044941	-	AAFOLC_04850		Chitooligosaccharide deacetylase	SO:0001217, UniRef:UniRef50_A8HQT0
contig_1	cds	1045638	1046456	+	AAFOLC_04855		Short-chain dehydrogenase	SO:0001217, UniRef:UniRef50_A0A259KHG1
contig_1	cds	1046469	1047437	-	AAFOLC_04860		Penicillin-insensitive murein endopeptidase	SO:0001217, UniRef:UniRef50_A0A212LIM2
contig_1	cds	1047437	1048447	-	AAFOLC_04865	ykuD	YkuD domain-containing protein	SO:0001217, UniRef:UniRef50_A8HVL3
contig_1	cds	1048569	1050017	-	AAFOLC_04870		GTPase Der	SO:0001217, UniRef:UniRef50_Q28QC6
contig_1	cds	1050158	1050433	-	AAFOLC_04875		DUF3035 domain-containing protein	SO:0001217, UniRef:UniRef50_A0A3L7AI60
contig_1	cds	1050445	1051131	-	AAFOLC_04880		TPR-21 domain-containing protein	SO:0001217, UniRef:UniRef50_A8HVL9
contig_1	cds	1051462	1052313	-	AAFOLC_04885		Beta-lactamase	SO:0001217, UniRef:UniRef50_A0A258IPH6
contig_1	cds	1052313	1053155	-	AAFOLC_04890	panB	3-methyl-2-oxobutanoate hydroxymethyltransferase	SO:0001217, UniRef:UniRef50_Q89MZ4, UniRef:UniRef90_A0A3L7AQZ1
contig_1	cds	1053225	1053794	-	AAFOLC_04895	nnrU	NnrU domain-containing protein	SO:0001217, UniRef:UniRef50_A8HVM4
contig_1	cds	1053971	1054414	+	AAFOLC_04900	ykuD	YkuD domain-containing protein	SO:0001217, UniRef:UniRef50_A0A848K1A7
contig_1	cds	1054671	1056197	+	AAFOLC_04905		Inosine-5'-monophosphate dehydrogenase	SO:0001217, UniRef:UniRef50_O50316
contig_1	cds	1056215	1056649	-	AAFOLC_04910		Ion-trans-2 domain-containing protein	SO:0001217, UniRef:UniRef50_A0A848K0B2
contig_1	cds	1057013	1057804	+	AAFOLC_04915		sulfotransferase	SO:0001217, UniRef:UniRef50_UPI001F203E11
contig_1	cds	1057856	1058185	-	AAFOLC_04920		hypothetical protein	
contig_1	cds	1058344	1059018	-	AAFOLC_04925		Guanylate kinase	SO:0001217, UniRef:UniRef50_Q89MV4
contig_1	cds	1059026	1059964	-	AAFOLC_04930	yicC	YicC family protein	SO:0001217, UniRef:UniRef50_Q1QKV6
contig_1	cds	1060038	1061087	-	AAFOLC_04935		Endolytic murein transglycosylase	SO:0001217, UniRef:UniRef50_A0A0M7AK28
contig_1	cds	1061236	1062498	-	AAFOLC_04940		3-oxoacyl-[acyl-carrier-protein] synthase 2	SO:0001217, UniRef:UniRef50_P56902
contig_1	cds	1062671	1062907	-	AAFOLC_04945	acpP	acyl carrier protein	COG:COG0236, COG:I, GO:0000036, GO:0005737, RefSeq:WP_203191689.1, SO:0001217, UniParc:UPI001934AC7D, UniRef:UniRef100_UPI001934AC7D, UniRef:UniRef50_P80919, UniRef:UniRef90_A7IK19
contig_1	cds	1063297	1064037	-	AAFOLC_04950	fabG	3-oxoacyl-[acyl-carrier-protein] reductase	COG:COG1028, COG:I, SO:0001217, UniRef:UniRef50_D1AUR0, UniRef:UniRef90_A0A3L7AQP7
contig_1	cds	1064209	1065192	-	AAFOLC_04955		Malonyl CoA-acyl carrier protein transacylase	SO:0001217, UniRef:UniRef50_A0A2Z4K1I6
contig_1	cds	1065514	1066929	+	AAFOLC_04960		Bac-transf domain-containing protein	SO:0001217, UniRef:UniRef50_A0A5S9NT19
contig_1	cds	1066932	1067945	+	AAFOLC_04965		Glycosyl hydrolase family 18 (Putative chitinase)	SO:0001217, UniRef:UniRef50_A0A3N1MJ39
contig_1	cds	1068166	1068984	+	AAFOLC_04970	fkbM	FkbM family methyltransferase	SO:0001217, UniRef:UniRef50_A0A3L7AQQ8
contig_1	cds	1069027	1069881	-	AAFOLC_04975	fkbM	Methyltransferase FkbM family	SO:0001217, UniRef:UniRef50_A7IGQ6
contig_1	cds	1069922	1071235	-	AAFOLC_04980		O-antigen ligase domain-containing protein	SO:0001217, UniRef:UniRef50_A7IGQ8
contig_1	cds	1071302	1072108	-	AAFOLC_04985		UDP-N-acetyl-D-mannosaminuronic acid transferase	SO:0001217, UniRef:UniRef50_A0A5S9NT07
contig_1	cds	1072209	1073075	-	AAFOLC_04990		SLBB domain-containing protein	SO:0001217, UniRef:UniRef50_A0A5S9NTA8
contig_1	cds	1073456	1075609	-	AAFOLC_04995		Lipopolysaccharide biosynthesis protein	SO:0001217, UniRef:UniRef50_A8HWE8
contig_1	cds	1075791	1077191	-	AAFOLC_05000	norM	putative multidrug resistance protein NorM	SO:0001217, UniRef:UniRef50_K2KJ58
contig_1	cds	1077304	1077762	+	AAFOLC_05005		DUF3105 domain-containing protein	SO:0001217, UniRef:UniRef50_A8HWF3
contig_1	cds	1077826	1078146	-	AAFOLC_05010		hypothetical protein	
contig_1	cds	1078348	1079133	-	AAFOLC_05015	sdhB	Succinate dehydrogenase/fumarate reductase, Fe-S protein subunit	COG:C, COG:COG0479, SO:0001217, UniRef:UniRef50_A0A6B1EMY2, UniRef:UniRef90_A8INF8
contig_1	cds	1079228	1081063	-	AAFOLC_05020	sdhA	succinate dehydrogenase flavoprotein subunit	COG:C, COG:COG1053, SO:0001217, UniRef:UniRef50_Q59661, UniRef:UniRef90_A7IGR6
contig_1	cds	1081066	1081464	-	AAFOLC_05025		Succinate dehydrogenase hydrophobic membrane anchor subunit	SO:0001217, UniRef:UniRef50_A0A5P8MZX5
contig_1	cds	1081475	1081876	-	AAFOLC_05030		Succinate dehydrogenase cytochrome b556 subunit	SO:0001217, UniRef:UniRef50_A0A2A5GNF0
contig_1	cds	1082287	1082964	-	AAFOLC_05035	ompW	OmpW family protein	SO:0001217, UniRef:UniRef50_A4Z220
contig_1	cds	1083173	1084468	+	AAFOLC_05040		hypothetical protein	PFAM:PF00326.24
contig_1	cds	1084484	1085533	-	AAFOLC_05045		Beta-methylmalyl-CoA dehydratase	EC:4.2.1.148, KEGG:K14449, SO:0001217, UniRef:UniRef50_A9WC34, UniRef:UniRef90_A0A3L7A7P4
contig_1	cds	1085761	1085880	+	AAFOLC_05050		hypothetical protein	
contig_1	cds	1086047	1086979	+	AAFOLC_05055		ZT-dimer domain-containing protein	SO:0001217, UniRef:UniRef50_A0A259L8S5
contig_1	cds	1087016	1087219	-	AAFOLC_05060		DUF1737 domain-containing protein	COG:COG5515, COG:S, SO:0001217, UniRef:UniRef50_A6UDX2, UniRef:UniRef90_A8IND4
contig_1	cds	1087279	1087977	-	AAFOLC_05065		Isonitrile hydratase	SO:0001217, UniRef:UniRef50_A0A653WKE0
contig_1	cds	1088036	1088914	-	AAFOLC_05070		CoA ester lyase	SO:0001217, UniRef:UniRef50_A0A0H5BEV4, UniRef:UniRef90_A0A3L7A8N1
contig_1	cds	1089036	1090238	-	AAFOLC_05075		DUF459 domain-containing protein	SO:0001217, UniRef:UniRef50_A7IGS6
contig_1	cds	1090472	1090963	-	AAFOLC_05080		ATP synthase subunit b 1	SO:0001217, UniRef:UniRef50_A7IGS7
contig_1	cds	1090975	1091703	-	AAFOLC_05085		ATP synthase subunit b 2	SO:0001217, UniRef:UniRef50_A8HT70
contig_1	cds	1091917	1092144	-	AAFOLC_05090	atpE	F0F1 ATP synthase subunit C	COG:C, COG:COG0636, RefSeq:WP_238119836.1, SO:0001217, UniParc:UPI001EDD609B, UniRef:UniRef100_UPI001EDD609B, UniRef:UniRef50_Q28UC7, UniRef:UniRef90_A8HT67
contig_1	cds	1092220	1092972	-	AAFOLC_05095	atpB	F0F1 ATP synthase subunit A	COG:C, COG:COG0356, GO:0005886, GO:0045263, GO:0046933, KEGG:K02108, SO:0001217, UniRef:UniRef50_A9IQH9, UniRef:UniRef90_A7IGT0
contig_1	cds	1093174	1093563	-	AAFOLC_05100		ATP synthase protein I	SO:0001217, UniRef:UniRef50_A0A259L2D5
contig_1	cds	1093721	1097173	-	AAFOLC_05105		Chromosome partition protein Smc	SO:0001217, UniRef:UniRef50_A0A562FKZ0
contig_1	cds	1097539	1098456	+	AAFOLC_05110		Thioredoxin	SO:0001217, UniRef:UniRef50_Q89WT4
contig_1	cds	1098468	1099139	+	AAFOLC_05115		Lon protease 2	SO:0001217, UniRef:UniRef50_A0A0H5BQ44
contig_1	cds	1099159	1100523	-	AAFOLC_05120		Monoamine oxidase	SO:0001217, UniRef:UniRef50_A8HWN3
contig_1	cds	1100691	1101905	+	AAFOLC_05125	rlmN	23S rRNA (adenine(2503)-C(2))-methyltransferase RlmN	SO:0001217, UniRef:UniRef50_Q2RP22, UniRef:UniRef90_A0A3L7A7Z3
contig_1	cds	1101934	1102317	+	AAFOLC_05130		VOC domain-containing protein	SO:0001217, UniRef:UniRef50_R0D0R6
contig_1	cds	1102325	1102960	+	AAFOLC_05135		DUF2567 domain-containing protein	SO:0001217, UniRef:UniRef50_D7A8U2
contig_1	cds	1103093	1103947	+	AAFOLC_05140		chorismate mutase	SO:0001217, UniRef:UniRef50_A0A160UA68
contig_1	cds	1103966	1105093	+	AAFOLC_05145		Histidinol-phosphate aminotransferase	SO:0001217, UniRef:UniRef50_P61002
contig_1	cds	1105105	1106031	+	AAFOLC_05150		Cyclohexadieny/prephenate dehydrogenase	SO:0001217, UniRef:UniRef50_A0A1W6NXT4
contig_1	cds	1106524	1108386	+	AAFOLC_05155		Phosphogluconate dehydratase	SO:0001217, UniRef:UniRef50_P21909
contig_1	cds	1108426	1109094	-	AAFOLC_05160		DUF4412 domain-containing protein	SO:0001217, UniRef:UniRef50_A0A848JUW8
contig_1	cds	1109437	1110804	+	AAFOLC_05165		histidine kinase	SO:0001217, UniRef:UniRef50_A8ILI5
contig_1	cds	1110932	1111972	+	AAFOLC_05170	pstS	Phosphate-binding protein PstS	SO:0001217, UniRef:UniRef50_P45192
contig_1	cds	1112141	1113133	+	AAFOLC_05175		Phosphate transport system permease protein	SO:0001217, UniRef:UniRef50_A0A511GPF0
contig_1	cds	1113147	1113980	+	AAFOLC_05180	pstA	Phosphate transport system permease protein PstA	SO:0001217, UniRef:UniRef50_A0A318PU89
contig_1	cds	1114023	1114847	+	AAFOLC_05185	pstB	Phosphate import ATP-binding protein PstB 1	SO:0001217, UniRef:UniRef50_P46342
contig_1	cds	1114867	1115592	+	AAFOLC_05190	phoU	phosphate signaling complex protein PhoU	COG:COG0704, COG:P, SO:0001217, UniRef:UniRef50_Q52989, UniRef:UniRef90_A0A3L7AJ95
contig_1	cds	1115636	1116337	+	AAFOLC_05195	phoB	phosphate regulon transcriptional regulator PhoB	COG:COG0745, COG:TK, RefSeq:WP_203194853.1, SO:0001217, UniParc:UPI001932208D, UniRef:UniRef100_UPI001932208D, UniRef:UniRef50_Q52990, UniRef:UniRef90_A8ILH0
contig_1	cds	1116678	1117196	-	AAFOLC_05200	gcrA	GcrA cell cycle regulator	SO:0001217, UniRef:UniRef50_A9DF94
contig_1	cds	1117819	1119021	+	AAFOLC_05205		Acetylornithine aminotransferase 1	SO:0001217, UniRef:UniRef50_Q9AAL3
contig_1	cds	1119018	1119947	+	AAFOLC_05210		Ornithine carbamoyltransferase	SO:0001217, UniRef:UniRef50_Q5LUT9
contig_1	cds	1120015	1121013	+	AAFOLC_05215		Hsp33 family molecular chaperone	SO:0001217, UniRef:UniRef50_K8NYV6
contig_1	cds	1121163	1123544	+	AAFOLC_05220		EAL domain-containing protein	SO:0001217, UniRef:UniRef50_A0A3L7AMK7
contig_1	cds	1124057	1125844	+	AAFOLC_05225		Nif-specific regulatory protein	SO:0001217, UniRef:UniRef50_P03028
contig_1	cds	1126278	1126472	+	AAFOLC_05230		Ferredoxin	SO:0001217, UniRef:UniRef50_Q53204, UniRef:UniRef90_A0A1W6N135
contig_1	cds	1126693	1128189	+	AAFOLC_05235	sufB	Fe-S cluster assembly protein SufB	KEGG:K09014, SO:0001217, UniRef:UniRef50_P51240, UniRef:UniRef90_A0A3L7AQ83
contig_1	cds	1128230	1128994	+	AAFOLC_05240		hypothetical protein	PFAM:PF00005.30
contig_1	cds	1128998	1130326	+	AAFOLC_05245		SufBD-N domain-containing protein	SO:0001217, UniRef:UniRef50_A0A0Q7TV05
contig_1	cds	1130331	1131581	+	AAFOLC_05250		Cysteine desulfurase	SO:0001217, UniRef:UniRef50_B7RG28
contig_1	cds	1131929	1132378	-	AAFOLC_05255		Putative sufE-like protein R01000	SO:0001217, UniRef:UniRef50_W6R7K0
contig_1	cds	1132870	1133748	+	AAFOLC_05260	nifH	nitrogenase iron protein	COG:COG1348, COG:HP, KEGG:K02588, SO:0001217, UniRef:UniRef50_P22921, UniRef:UniRef90_B8EJ25
contig_1	cds	1133823	1135325	+	AAFOLC_05265	nifD	nitrogenase molybdenum-iron protein alpha chain	COG:COG2710, COG:HP, SO:0001217, UniRef:UniRef50_P07328, UniRef:UniRef90_A8HQJ1
contig_1	cds	1135407	1136966	+	AAFOLC_05270	nifK	nitrogenase molybdenum-iron protein subunit beta	COG:COG2710, COG:HP, SO:0001217, UniRef:UniRef50_P07329, UniRef:UniRef90_A0A3L7ANN2
contig_1	cds	1137116	1139044	+	AAFOLC_05275	nifE	Nitrogenase iron-molybdenum cofactor biosynthesis protein NifE	SO:0001217, UniRef:UniRef50_P26506
contig_1	cds	1139054	1140430	+	AAFOLC_05280	nifN	Nitrogenase iron-molybdenum cofactor biosynthesis protein NifN	SO:0001217, UniRef:UniRef50_Q98AP3
contig_1	cds	1140456	1140854	+	AAFOLC_05285	nifX	nitrogen fixation protein NifX	SO:0001217, UniRef:UniRef50_B1Y6B4, UniRef:UniRef90_A8HQH1
contig_1	cds	1140866	1141336	+	AAFOLC_05290		NifX-associated nitrogen fixation protein	SO:0001217, UniRef:UniRef50_A0A1E3VNG6
contig_1	cds	1141382	1141582	+	AAFOLC_05295		Rop-like family nitrogen fixation protein	SO:0001217, UniRef:UniRef50_A7IBG1
contig_1	cds	1141719	1142015	+	AAFOLC_05300	fdxB	ferredoxin III, nif-specific	SO:0001217, UniRef:UniRef50_Q9ANM9, UniRef:UniRef90_A0A3L7AQH6
contig_1	cds	1142168	1142824	+	AAFOLC_05305	nifQ	Nitrogen fixation protein NifQ	SO:0001217, UniRef:UniRef50_A0A2S6NE22
contig_1	cds	1143121	1143435	-	AAFOLC_05310		DUF982 domain-containing protein	SO:0001217, UniRef:UniRef50_F8JHP2
contig_1	cds	1143440	1143691	-	AAFOLC_05315		Phenol hydroxylase	SO:0001217, UniRef:UniRef50_F8JHP1
contig_1	cds	1143709	1144554	-	AAFOLC_05320		Sulfurtransferase	SO:0001217, UniRef:UniRef50_A7IBG6
contig_1	cds	1144655	1145116	-	AAFOLC_05325		Alkaline phosphatase	SO:0001217, UniRef:UniRef50_J7QI10
contig_1	cds	1145294	1146940	+	AAFOLC_05330		Amino-oxidase domain-containing protein	SO:0001217, UniRef:UniRef50_A0A259F169
contig_1	cds	1146960	1147406	+	AAFOLC_05335		Rieske domain-containing protein	SO:0001217, UniRef:UniRef50_H0TXD2
contig_1	cds	1147579	1148166	-	AAFOLC_05340		Class I SAM-dependent methyltransferase	SO:0001217, UniRef:UniRef50_I0HX86
contig_1	cds	1148567	1148890	+	AAFOLC_05345	iscA	Fe-S cluster assembly iron-binding protein IscA	COG:COG0316, COG:O, SO:0001217, UniRef:UniRef50_P37029, UniRef:UniRef90_F8JHN6
contig_1	cds	1148951	1149238	+	AAFOLC_05350	nifU	NifU domain-containing protein	SO:0001217, UniRef:UniRef50_A0A1B1UKE4
contig_1	cds	1149296	1150492	+	AAFOLC_05355	nifS	Cysteine desulfurase NifS	SO:0001217, UniRef:UniRef50_P05341
contig_1	cds	1150544	1150762	+	AAFOLC_05360	nifT	putative nitrogen fixation protein NifT	KEGG:K02593, SO:0001217, UniRef:UniRef50_Q60C96, UniRef:UniRef90_A0A1I3W440
contig_1	cds	1150766	1151638	+	AAFOLC_05365		SIR2-2 domain-containing protein	SO:0001217, UniRef:UniRef50_A0A7W6WG44
contig_1	cds	1151957	1153519	+	AAFOLC_05370		hypothetical protein	PFAM:PF04055.24
contig_1	cds	1153553	1153777	+	AAFOLC_05375		Ferredoxin-like protein (In nif region)	SO:0001217, UniRef:UniRef50_P27394, UniRef:UniRef90_H0TM91
contig_1	cds	1153788	1154117	+	AAFOLC_05380		Iron-sulfur cluster assembly accessory protein	SO:0001217, UniRef:UniRef50_A8IIK0, UniRef:UniRef90_A0A3L7AMH9
contig_1	cds	1154134	1154670	+	AAFOLC_05385		TPR-REGION domain-containing protein	SO:0001217, UniRef:UniRef50_V5C9L5
contig_1	cds	1154663	1155436	+	AAFOLC_05390		hypothetical protein	PFAM:PF01816.20, PFAM:PF02985.25, PFAM:PF05484.14, PFAM:PF13646.9
contig_1	cds	1155433	1155744	+	AAFOLC_05395		Iron-sulfur cofactor synthesis protein	SO:0001217, UniRef:UniRef50_H0PXE4
contig_1	cds	1155756	1155998	+	AAFOLC_05400	nifZ	Nitrogen fixation protein NifZ	SO:0001217, UniRef:UniRef50_Q6N0Y5
contig_1	cds	1155998	1156369	+	AAFOLC_05405	yjbR	YjbR protein	SO:0001217, UniRef:UniRef50_A0A3L7AMI0
contig_1	cds	1156413	1156673	+	AAFOLC_05410		DUF6129 domain-containing protein	SO:0001217, UniRef:UniRef50_A0A3L7AQI4
contig_1	cds	1156676	1157902	+	AAFOLC_05415		Perosamine synthetase	SO:0001217, UniRef:UniRef50_A0A5E6M8Z3
contig_1	cds	1157977	1158288	+	AAFOLC_05420		Ferredoxin	SO:0001217, UniRef:UniRef50_J7QV61
contig_1	cds	1158465	1158683	+	AAFOLC_05425		DUF104 domain-containing protein	SO:0001217, UniRef:UniRef50_A4YYW0
contig_1	cds	1158755	1159420	-	AAFOLC_05430		Glutathione S-transferase	SO:0001217, UniRef:UniRef50_Q609D2
contig_1	cds	1159593	1159901	+	AAFOLC_05435		Histidine kinase	SO:0001217, UniRef:UniRef50_J7Q4X8
contig_1	cds	1159916	1160377	+	AAFOLC_05440		Rieske domain-containing protein	SO:0001217, UniRef:UniRef50_A8IIN1
contig_1	cds	1160383	1160724	+	AAFOLC_05445		Rhs family protein	SO:0001217, UniRef:UniRef50_A0A258IMI5
contig_1	cds	1160757	1160924	+	AAFOLC_05450		Roadblock/LC7 domain-containing protein	SO:0001217, UniRef:UniRef50_J7Q4X3
contig_1	cds	1161067	1161507	+	AAFOLC_05455		Hemoglobin	SO:0001217, UniRef:UniRef50_A8IIN8
contig_1	cds	1161532	1161771	-	AAFOLC_05460		PH domain-containing protein	SO:0001217, UniRef:UniRef50_A4YYV5
contig_1	cds	1161885	1162130	-	AAFOLC_05465		Alpha/beta hydrolase	SO:0001217, UniRef:UniRef50_B8ENM6
contig_1	cds	1162380	1162856	+	AAFOLC_05470		N-acetyltransferase domain-containing protein	SO:0001217, UniRef:UniRef50_A0A4P7F6D8
contig_1	cds	1163029	1163361	-	AAFOLC_05475		PFL domain-containing protein	SO:0001217, UniRef:UniRef50_F8JH11
contig_1	cds	1163723	1164493	-	AAFOLC_05480		Dienelactone hydrolase	SO:0001217, UniRef:UniRef50_F8JB78
contig_1	cds	1164683	1165051	-	AAFOLC_05485		FeS-assembly-P domain-containing protein	SO:0001217, UniRef:UniRef50_A4YTU9
contig_1	cds	1165372	1165902	-	AAFOLC_05490		TPR-REGION domain-containing protein	SO:0001217, UniRef:UniRef50_F8JH08
contig_1	cds	1165919	1166791	-	AAFOLC_05495		Xanthine dehydrogenase	SO:0001217, UniRef:UniRef50_Q13C92
contig_1	cds	1167112	1167345	+	AAFOLC_05500	bolA	BolA family transcriptional regulator	SO:0001217, UniRef:UniRef50_A0A1B1AEE5
contig_1	cds	1167428	1167760	+	AAFOLC_05505		Glutaredoxin	SO:0001217, UniRef:UniRef50_A0A3L7ANZ2
contig_1	cds	1167886	1168452	-	AAFOLC_05510		Chemotaxis response regulator	SO:0001217, UniRef:UniRef50_A0A0F4FN05
contig_1	cds	1168514	1169401	+	AAFOLC_05515		N-formylglutamate amidohydrolase	SO:0001217, UniRef:UniRef50_A0A8F7ZI07
contig_1	ncRNA	1169569	1169645	-	AAFOLC_05520	suhB	Makes More Granules Regulator RNA (mmgR)	RFAM:RF00519, SO:0000655
contig_1	ncRNA	1170124	1170202	-	AAFOLC_05525	suhB	Makes More Granules Regulator RNA (mmgR)	RFAM:RF00519, SO:0000655
contig_1	cds	1170707	1171489	+	AAFOLC_05530		histidinol-phosphatase	SO:0001217, UniRef:UniRef50_A0A5P9CVX6
contig_1	cds	1171499	1172440	-	AAFOLC_05535		Lysophospholipase	SO:0001217, UniRef:UniRef50_B6JB07
contig_1	cds	1172609	1172992	-	AAFOLC_05540		PepSY domain-containing protein	SO:0001217, UniRef:UniRef50_A0A3L7ANA0
contig_1	cds	1173240	1173731	+	AAFOLC_05545		Molecular chaperone	SO:0001217, UniRef:UniRef50_A0A0C6FSB1
contig_1	cds	1174003	1175469	+	AAFOLC_05550		hypothetical protein	PFAM:PF07731.17, PFAM:PF07732.18
contig_1	cds	1175551	1177095	+	AAFOLC_05555		phospholipase C	SO:0001217, UniRef:UniRef50_A0A4R8DXR9
contig_1	cds	1177193	1178218	+	AAFOLC_05560		Hydroxyacid dehydrogenase	SO:0001217, UniRef:UniRef50_W0AGL4
contig_1	cds	1178432	1179184	+	AAFOLC_05565		Glutamine ABC transporter ATP-binding protein	SO:0001217, UniRef:UniRef50_A0A1D8QZ16
contig_1	cds	1179238	1180815	+	AAFOLC_05570		Amino acid ABC transporter permease	SO:0001217, UniRef:UniRef50_A0A258IQV9
contig_1	cds	1180908	1181525	-	AAFOLC_05575	padR	PadR domain-containing protein	SO:0001217, UniRef:UniRef50_A0A327KD45
contig_1	cds	1181698	1181964	-	AAFOLC_05580		hypothetical protein	
contig_1	cds	1183091	1183879	-	AAFOLC_05585		Thiosulfate/3-mercaptopyruvate sulfurtransferase	SO:0001217, UniRef:UniRef50_A0A7W6SLD3
contig_1	cds	1183890	1185566	-	AAFOLC_05590		Nitroreductase domain-containing protein	SO:0001217, UniRef:UniRef50_A0A191ZED4
contig_1	cds	1185563	1185994	-	AAFOLC_05595		Nitrogenase-associated protein	SO:0001217, UniRef:UniRef50_A0A560H0G9
contig_1	cds	1186003	1186434	-	AAFOLC_05600		Response regulatory domain-containing protein	SO:0001217, UniRef:UniRef50_A0A1B1UKA6
contig_1	cds	1186905	1187783	+	AAFOLC_05605	nifH	nitrogenase iron protein	COG:COG1348, COG:HP, KEGG:K02588, SO:0001217, UniRef:UniRef50_P22921, UniRef:UniRef90_B8EJ25
contig_1	cds	1188453	1189301	+	AAFOLC_05610		Electron transfer flavoprotein subunit beta/FixA family protein	KEGG:K03521, SO:0001217, UniRef:UniRef50_P26482, UniRef:UniRef90_A0A3L7AM30
contig_1	cds	1189361	1190467	+	AAFOLC_05615	fixB	Electron transfer flavoprotein, alpha subunit FixB	COG:C, COG:COG2025, SO:0001217, UniRef:UniRef50_P10449, UniRef:UniRef90_A7IBK7
contig_1	cds	1190478	1191785	+	AAFOLC_05620	fixC	Protein FixC	EC:1.5.5.-, KEGG:K00313, SO:0001217, UniRef:UniRef50_Q53208, UniRef:UniRef90_A0A3L7APZ9
contig_1	cds	1191815	1192111	+	AAFOLC_05625		ferredoxin family protein	KEGG:K03855, SO:0001217, UniRef:UniRef50_P10326, UniRef:UniRef90_UPI001AE15BC4
contig_1	tRNA	1192601	1192675	+	AAFOLC_05630	trnV	tRNA-Val(gac)	SO:0000273
contig_1	cds	1194411	1199909	+	AAFOLC_05635		hypothetical protein	
contig_1	cds	1200185	1200733	+	AAFOLC_05640		Invasion associated locus B family protein	SO:0001217, UniRef:UniRef50_D7A6C6
contig_1	cds	1201093	1202148	+	AAFOLC_05645		Ferrochelatase	SO:0001217, UniRef:UniRef50_A6X6W2
contig_1	cds	1202370	1203299	-	AAFOLC_05650		6-O-methylguanine-DNA methyltransferase protein	SO:0001217, UniRef:UniRef50_F2IYH2
contig_1	cds	1203391	1204197	-	AAFOLC_05655		5,6-dimethylbenzimidazole synthase	SO:0001217, UniRef:UniRef50_Q92PC8
contig_1	cds	1204374	1205027	+	AAFOLC_05660		HTH tetR-type domain-containing protein	SO:0001217, UniRef:UniRef50_A0A259KUV7
contig_1	cds	1205131	1206324	+	AAFOLC_05665		HlyD-D23 domain-containing protein	SO:0001217, UniRef:UniRef50_A0A259KUZ2
contig_1	cds	1206321	1209515	+	AAFOLC_05670	acrB	Multidrug transporter AcrB	SO:0001217, UniRef:UniRef50_K8PHY4
contig_1	cds	1209565	1210137	-	AAFOLC_05675	hdeD	HdeD family acid-resistance protein	SO:0001217, UniRef:UniRef50_A7IJ75
contig_1	cds	1210512	1211669	-	AAFOLC_05680	ykuD	YkuD domain-containing protein	SO:0001217, UniRef:UniRef50_A8HVN8
contig_1	cds	1211972	1213000	+	AAFOLC_05685		Demethylmenaquinone methyltransferase	SO:0001217, UniRef:UniRef50_A0A2H6B3R0
contig_1	cds	1213000	1213917	+	AAFOLC_05690		Methylenetetrahydrofolate reductase	SO:0001217, UniRef:UniRef50_A0A410V132
contig_1	cds	1214134	1217856	+	AAFOLC_05695	metH	methionine synthase	EC:2.1.1.13, KEGG:K00548, SO:0001217, UniRef:UniRef50_A0A7L5XYM8, UniRef:UniRef90_A0A3L7AKB7
contig_1	cds	1218033	1219217	+	AAFOLC_05700		Aminotransferase	SO:0001217, UniRef:UniRef50_B1LTT2
contig_1	cds	1219221	1219808	+	AAFOLC_05705		DUF1311 domain-containing protein	SO:0001217, UniRef:UniRef50_A0A258J0I1
contig_1	cds	1220042	1220968	+	AAFOLC_05710		2-dehydro-3-deoxygluconokinase	SO:0001217, UniRef:UniRef50_A0A848K369
contig_1	cds	1220990	1223416	-	AAFOLC_05715	hypF	Carbamoyltransferase HypF	SO:0001217, UniRef:UniRef50_A0A1V0GPB4
contig_1	cds	1223431	1224888	-	AAFOLC_05720		Cytochrome-c3 hydrogenase	SO:0001217, UniRef:UniRef50_F9UF90
contig_1	cds	1224885	1225892	-	AAFOLC_05725		hydrogenase (acceptor)	SO:0001217, UniRef:UniRef50_A0A1D8ISQ7
contig_1	cds	1225889	1227301	-	AAFOLC_05730		histidine kinase	SO:0001217, UniRef:UniRef50_A0A6N1ACL7
contig_1	cds	1227397	1228335	-	AAFOLC_05735		DUF4340 domain-containing protein	SO:0001217, UniRef:UniRef50_A7IC60
contig_1	cds	1228470	1229111	-	AAFOLC_05740		Alpha-ketoglutarate-dependent dioxygenase AlkB-like protein	SO:0001217, UniRef:UniRef50_P0CAT7
contig_1	cds	1229363	1229740	+	AAFOLC_05745		VOC domain-containing protein	SO:0001217, UniRef:UniRef50_A0A1M5D5D4
contig_1	cds	1229824	1230471	-	AAFOLC_05750		Bifunctional nicotinamidase/pyrazinamidase	SO:0001217, UniRef:UniRef50_A0A4D7QNL9
contig_1	cds	1230687	1232591	+	AAFOLC_05755	dnaK	molecular chaperone DnaK	COG:COG0443, COG:O, SO:0001217, UniRef:UniRef50_Q5NPS6, UniRef:UniRef90_UPI0016642555
contig_1	cds	1232821	1233960	+	AAFOLC_05760	dnaJ	Chaperone protein DnaJ	SO:0001217, UniRef:UniRef50_A7IC67
contig_1	cds	1234207	1234809	+	AAFOLC_05765		Phosphatidylethanolamine/phosphatidyl-N-methylethanolamine N-methyltransferase	SO:0001217, UniRef:UniRef50_A0A7W7Z5M7
contig_1	cds	1234871	1235452	+	AAFOLC_05770		Histidine phosphatase family protein	SO:0001217, UniRef:UniRef50_B9J7M9
contig_1	cds	1235449	1236159	+	AAFOLC_05775		Orotidine 5'-phosphate decarboxylase	SO:0001217, UniRef:UniRef50_Q9LCT0
contig_1	cds	1236176	1236817	+	AAFOLC_05780		DUF1330 domain-containing protein	SO:0001217, UniRef:UniRef50_A7IC73
contig_1	cds	1236865	1237683	+	AAFOLC_05785		4-hydroxy-tetrahydrodipicolinate reductase	SO:0001217, UniRef:UniRef50_Q89WK2
contig_1	cds	1237699	1238322	+	AAFOLC_05790		2,3-bisphosphoglycerate-dependent phosphoglycerate mutase	SO:0001217, UniRef:UniRef50_A8IGZ9
contig_1	cds	1238846	1239121	+	AAFOLC_05795		DUF1153 domain-containing protein	SO:0001217, UniRef:UniRef50_A0A062U216, UniRef:UniRef90_A7IEW4
contig_1	cds	1239178	1240266	-	AAFOLC_05800		hypothetical protein	PFAM:PF00990.24, PFAM:PF07694.15
contig_1	cds	1240393	1240998	-	AAFOLC_05805	phnN	Ribose 1,5-bisphosphate phosphokinase PhnN	SO:0001217, UniRef:UniRef50_A0A839ZAP0
contig_1	cds	1241152	1241886	-	AAFOLC_05810	phnL	Putative phosphonate ABC transporter, ATP-binding component, PhnL protein	SO:0001217, UniRef:UniRef50_A4YYQ4
contig_1	cds	1241898	1242689	-	AAFOLC_05815	phnK	Putative phosphonate transport ATP-binding protein phnK (ABC superfamily, atp_bind)/ C-P lyase component	SO:0001217, UniRef:UniRef50_M5EM82
contig_1	cds	1242686	1243567	-	AAFOLC_05820		Alpha-D-ribose 1-methylphosphonate 5-phosphate C-P lyase	SO:0001217, UniRef:UniRef50_F2J2Z0
contig_1	cds	1243564	1244790	-	AAFOLC_05825	phnI	Alpha-D-ribose 1-methylphosphonate 5-triphosphate synthase subunit PhnI	SO:0001217, UniRef:UniRef50_Q52986
contig_1	cds	1244792	1245385	-	AAFOLC_05830	phnH	Alpha-D-ribose 1-methylphosphonate 5-triphosphate synthase subunit PhnH	SO:0001217, UniRef:UniRef50_A0A509E8J2
contig_1	cds	1245385	1245936	-	AAFOLC_05835	phnG	Alpha-D-ribose 1-methylphosphonate 5-triphosphate synthase subunit PhnG	SO:0001217, UniRef:UniRef50_A0A142M443
contig_1	cds	1246051	1246836	+	AAFOLC_05840	gntR	Transcriptional regulator, GntR family	SO:0001217, UniRef:UniRef50_A7IEX3
contig_1	cds	1247598	1248437	+	AAFOLC_05845		Formate transporter	SO:0001217, UniRef:UniRef50_N8WM02
contig_1	cds	1248684	1250297	+	AAFOLC_05850	ywrD	Putative gamma-glutamyltransferase YwrD	SO:0001217, UniRef:UniRef50_A0A238D6F8
contig_1	cds	1250754	1250945	-	AAFOLC_05855		hypothetical protein	
contig_1	cds	1251111	1251698	-	AAFOLC_05860	carD	CarD family transcriptional regulator	KEGG:K07736, SO:0001217, UniRef:UniRef50_J1K3Q6, UniRef:UniRef90_A0A3L7AI03
contig_1	cds	1252222	1253619	+	AAFOLC_05865	ahcY	adenosylhomocysteinase	COG:COG0499, COG:H, SO:0001217, UniRef:UniRef50_A0A087WNH6, UniRef:UniRef90_A7IBQ2
contig_1	cds	1253989	1255875	+	AAFOLC_05870		putative potassium transport system protein Kup	SO:0001217, UniRef:UniRef50_A7IBQ1
contig_1	cds	1256050	1257198	+	AAFOLC_05875		UPF0104 family protein	SO:0001217, UniRef:UniRef50_A0A318T8S2
contig_1	cds	1257552	1258424	-	AAFOLC_05880	lysR	LysR family transcriptional regulator	SO:0001217, UniRef:UniRef50_A0A0Q4WND9, UniRef:UniRef90_A0A3L7A6G9
contig_1	cds	1258620	1259384	+	AAFOLC_05885		ABC transporter ATP-binding protein	SO:0001217, UniRef:UniRef50_A0A0Q4WUI8, UniRef:UniRef90_UPI0011C352E2
contig_1	cds	1259381	1260163	+	AAFOLC_05890		ABC transporter ATP-binding protein	SO:0001217, UniRef:UniRef50_A0A3L7A726
contig_1	cds	1260165	1261028	+	AAFOLC_05895		Branched-chain amino acid ABC transporter permease	SO:0001217, UniRef:UniRef50_A0A0Q4X5R8
contig_1	cds	1261042	1261968	+	AAFOLC_05900		Branched-chain amino acid ABC transporter permease	SO:0001217, UniRef:UniRef50_A0A0Q4X2U9
contig_1	cds	1261968	1262552	+	AAFOLC_05905		CMD domain-containing protein	SO:0001217, UniRef:UniRef50_A0A154W1N4
contig_1	cds	1262549	1263775	+	AAFOLC_05910		Amino acid/amide ABC transporter substrate-binding protein (HAAT family)	SO:0001217, UniRef:UniRef50_A0A4R3LMP3
contig_1	cds	1263877	1265196	+	AAFOLC_05915		Nitrilotriacetate monooxygenase component A	SO:0001217, UniRef:UniRef50_A0A5E6MVU2
contig_1	cds	1265196	1265714	+	AAFOLC_05920		Flavin reductase	SO:0001217, UniRef:UniRef50_A0A848JZU3
contig_1	cds	1265879	1266262	-	AAFOLC_05925		hypothetical protein	
contig_1	cds	1266272	1266400	-	AAFOLC_05930	yuzL	YuzL family protein	SO:0001217, UniRef:UniRef50_D7A6K2
contig_1	cds	1266606	1266818	-	AAFOLC_05935		cold shock domain-containing protein	KEGG:K03704, SO:0001217, UniRef:UniRef50_A0A5E7YCI7, UniRef:UniRef90_UPI001F23D165
contig_1	cds	1267211	1268071	+	AAFOLC_05940		transglutaminase family protein	SO:0001217, UniRef:UniRef50_W0AFS4, UniRef:UniRef90_UPI001F241FB1
contig_1	tRNA	1268171	1268246	-	AAFOLC_05945	trnA	tRNA-Ala(cgc)	SO:0000254
contig_1	cds	1268360	1271686	-	AAFOLC_05950	acrB	Multidrug transporter AcrB	SO:0001217, UniRef:UniRef50_A0A0Q6PPQ5
contig_1	cds	1271698	1272738	-	AAFOLC_05955		Biotin-lipoyl-2 domain-containing protein	SO:0001217, UniRef:UniRef50_A0A0Q8BCA8
contig_1	cds	1272780	1272983	-	AAFOLC_05960		DUF2892 domain-containing protein	SO:0001217, UniRef:UniRef50_B6JHB7, UniRef:UniRef90_UPI001F35416E
contig_1	cds	1273019	1274314	-	AAFOLC_05965		Sulfide-quinone reductase	SO:0001217, UniRef:UniRef50_A0A0M4LB08
contig_1	cds	1274458	1274808	+	AAFOLC_05970	arsR	DNA-binding transcriptional ArsR family regulator	SO:0001217, UniRef:UniRef50_A0A840AL46
contig_1	cds	1274981	1276240	+	AAFOLC_05975		Heat shock protein 70	SO:0001217, UniRef:UniRef50_A0A0H5B946
contig_1	cds	1276331	1276642	+	AAFOLC_05980		Phosphonoacetate hydrolase	SO:0001217, UniRef:UniRef50_A0A173KUX1
contig_1	cds	1276656	1278230	-	AAFOLC_05985		TRAP transporter large permease protein	SO:0001217, UniRef:UniRef50_B6IMY3
contig_1	cds	1278230	1278796	-	AAFOLC_05990		TRAP transporter small permease protein	SO:0001217, UniRef:UniRef50_A0A3L7ANL0
contig_1	cds	1278789	1279892	-	AAFOLC_05995		Extracytoplasmic solute receptor protein	SO:0001217, UniRef:UniRef50_A0A3B9ES67
contig_1	cds	1279968	1280309	-	AAFOLC_06000		Monooxygenase	SO:0001217, UniRef:UniRef50_Q6N6J5
contig_1	cds	1280558	1281379	+	AAFOLC_06005		hypothetical protein	PFAM:PF00392.24, PFAM:PF07729.15
contig_1	cds	1281671	1282231	+	AAFOLC_06010		RNA polymerase sigma factor	SO:0001217, UniRef:UniRef50_A0A2P5NPU4
contig_1	cds	1282228	1282923	+	AAFOLC_06015		Cupin-7 domain-containing protein	SO:0001217, UniRef:UniRef50_A0A3L7AGG2
contig_1	cds	1282930	1283475	-	AAFOLC_06020		DUF2244 domain-containing protein	SO:0001217, UniRef:UniRef50_A7IFT4
contig_1	cds	1284002	1284679	+	AAFOLC_06025		Endonuclease III	SO:0001217, UniRef:UniRef50_A0A7V1CXR3
contig_1	cds	1285000	1285512	-	AAFOLC_06030		Dihydrofolate reductase	SO:0001217, UniRef:UniRef50_A0A2J7TED5
contig_1	cds	1285509	1286771	-	AAFOLC_06035		Monoamine oxidase	SO:0001217, UniRef:UniRef50_A0A848K0P9
contig_1	cds	1286790	1287371	-	AAFOLC_06040		Stringent starvation protein B	SO:0001217, UniRef:UniRef50_A7IF73
contig_1	tmRNA	1287486	1287834	-	AAFOLC_06045	ssrA	transfer-messenger RNA, SsrA	SO:0000584
contig_1	cds	1287905	1288870	-	AAFOLC_06050	xerD	Tyrosine recombinase XerD	SO:0001217, UniRef:UniRef50_Q8U9U6
contig_1	cds	1288867	1289010	-	AAFOLC_06055		Histidine kinase	SO:0001217, UniRef:UniRef50_K8P751
contig_1	cds	1289165	1289779	+	AAFOLC_06060		Shikimate kinase	SO:0001217, UniRef:UniRef50_A0A3M1K4C8
contig_1	cds	1289789	1290949	+	AAFOLC_06065		3-dehydroquinate synthase	SO:0001217, UniRef:UniRef50_B4RG33
contig_1	cds	1291244	1295317	-	AAFOLC_06070		Uncharacterized protein involved in outer membrane biogenesis	SO:0001217, UniRef:UniRef50_A0A848K2L3
contig_1	cds	1295381	1296793	-	AAFOLC_06075		(R,R)-butanediol dehydrogenase/meso-butanediol dehydrogenase/diacetyl reductase/D-lactate dehydrogenase (Cytochrome)	SO:0001217, UniRef:UniRef50_A0A7W4TZ10
contig_1	cds	1297030	1297539	+	AAFOLC_06080		L-carnitine dehydrogenase	SO:0001217, UniRef:UniRef50_A0A5S9PKY0
contig_1	cds	1297838	1298023	+	AAFOLC_06085		DUF2735 domain-containing protein	SO:0001217, UniRef:UniRef50_A0A3L7A9E1
contig_1	cds	1298093	1299007	-	AAFOLC_06090		Ribosomal protein L11 methyltransferase	SO:0001217, UniRef:UniRef50_A8HYM6
contig_1	cds	1299071	1300333	-	AAFOLC_06095		Diguanylate cyclase	SO:0001217, UniRef:UniRef50_A7IF80
contig_1	cds	1300519	1302954	-	AAFOLC_06100		DNA helicase	SO:0001217, UniRef:UniRef50_A0A0F7KQ39
contig_1	cds	1303077	1303310	-	AAFOLC_06105		Sensor histidine kinase	SO:0001217, UniRef:UniRef50_A7IF82
contig_1	cds	1303396	1303728	-	AAFOLC_06110		Cupin-3 domain-containing protein	SO:0001217, UniRef:UniRef50_A7IF83
contig_1	cds	1303814	1305292	-	AAFOLC_06115		MFS transporter	SO:0001217, UniRef:UniRef50_A0A525J1G4
contig_1	cds	1305308	1306648	-	AAFOLC_06120		Dihydroorotase	SO:0001217, UniRef:UniRef50_A0A218PN12
contig_1	cds	1306724	1307560	+	AAFOLC_06125		GCV-T domain-containing protein	SO:0001217, UniRef:UniRef50_A0A1I3Y3T5
contig_1	cds	1307557	1308201	+	AAFOLC_06130		DNA-3-methyladenine glycosylase I	SO:0001217, UniRef:UniRef50_A0A7X1P198
contig_1	cds	1308188	1308751	-	AAFOLC_06135		Putative NAD(P)H nitroreductase	SO:0001217, UniRef:UniRef50_A0A0M6XY30
contig_1	cds	1308930	1310045	+	AAFOLC_06140		Signal peptide protein	SO:0001217, UniRef:UniRef50_D7A915
contig_1	cds	1310141	1310470	+	AAFOLC_06145		Cytochrome c class I	SO:0001217, UniRef:UniRef50_A7IFU0
contig_1	cds	1310520	1312490	-	AAFOLC_06150	thrS	threonine--tRNA ligase	COG:COG0441, COG:J, EC:6.1.1.3, KEGG:K01868, SO:0001217, UniRef:UniRef50_Q8UEL1, UniRef:UniRef90_A7IFU1
contig_1	cds	1312755	1313576	-	AAFOLC_06155		2',3'-cyclic-nucleotide 2'-phosphodiesterase	SO:0001217, UniRef:UniRef50_A0A2K9Z7P9
contig_1	cds	1313578	1314276	-	AAFOLC_06160		5-formyltetrahydrofolate cyclo-ligase	SO:0001217, UniRef:UniRef50_A0A7W2BVB9
contig_1	ncRNA	1314214	1314369	-	AAFOLC_06165	6S	6S / SsrS RNA	RFAM:RF00013, SO:0000655
contig_1	cds	1314580	1316118	+	AAFOLC_06170	murJ	putative lipid II flippase MurJ	SO:0001217, UniRef:UniRef50_A0A371BC67
contig_1	cds	1316282	1317526	+	AAFOLC_06175	bepF	Efflux pump periplasmic linker BepF	SO:0001217, UniRef:UniRef50_A0A679K965
contig_1	cds	1317537	1320731	+	AAFOLC_06180		Efflux pump membrane transporter	SO:0001217, UniRef:UniRef50_A0A109BA23
contig_1	cds	1321022	1322425	-	AAFOLC_06185		MFS domain-containing protein	SO:0001217, UniRef:UniRef50_K8PC63
contig_1	cds	1322556	1323230	-	AAFOLC_06190		Protease production enhancer protein	SO:0001217, UniRef:UniRef50_A0A0M6Y532
contig_1	cds	1323377	1323850	-	AAFOLC_06195	yjbQ	YjbQ family protein	SO:0001217, UniRef:UniRef50_A0A5J4E327
contig_1	cds	1323972	1324928	+	AAFOLC_06200		Acetyl esterase	SO:0001217, UniRef:UniRef50_A0A0H5BE29
contig_1	cds	1324942	1325439	-	AAFOLC_06205		hypothetical protein	
contig_1	cds	1325575	1326198	-	AAFOLC_06210		2-hydroxychromene-2-carboxylate isomerase	SO:0001217, UniRef:UniRef50_A0A090N851
contig_1	cds	1326382	1326729	+	AAFOLC_06215		hypothetical protein	
contig_1	cds	1326732	1327202	+	AAFOLC_06220		Phage holin family protein	SO:0001217, UniRef:UniRef50_A0A3L7AH88
contig_1	cds	1327349	1327798	-	AAFOLC_06225		DNA polymerase III subunit chi	SO:0001217, UniRef:UniRef50_A0A5J6MGR0
contig_1	cds	1327981	1329474	-	AAFOLC_06230		putative cytosol aminopeptidase	SO:0001217, UniRef:UniRef50_B6JGL8
contig_1	cds	1330060	1330434	-	AAFOLC_06235		30S ribosomal protein S16	SO:0001217, UniRef:UniRef50_Q8UBZ9
contig_1	cds	1330603	1332144	-	AAFOLC_06240		Signal recognition particle protein	SO:0001217, UniRef:UniRef50_A0A1I3YSW3
contig_1	ncRNA	1332186	1332237	-	AAFOLC_06245	ffh	ffh sRNA	RFAM:RF01793, SO:0000655
contig_1	cds	1332328	1332627	+	AAFOLC_06250		hypothetical protein	
contig_1	cds	1332590	1332901	+	AAFOLC_06255		hypothetical protein	
contig_1	cds	1333245	1334300	+	AAFOLC_06260		Chitooligosaccharide deacetylase	SO:0001217, UniRef:UniRef50_A0A3L7AF44
contig_1	cds	1334441	1334731	+	AAFOLC_06265		DUF6460 domain-containing protein	SO:0001217, UniRef:UniRef50_A0A257KPU6
contig_1	cds	1334740	1336107	+	AAFOLC_06270	norM	putative multidrug resistance protein NorM	SO:0001217, UniRef:UniRef50_A8IK13
contig_1	cds	1336120	1336476	-	AAFOLC_06275		DUF952 domain-containing protein	SO:0001217, UniRef:UniRef50_B1ZLE1
contig_1	cds	1336594	1337301	+	AAFOLC_06280		Putative phage repressor	SO:0001217, UniRef:UniRef50_Q1QQQ0
contig_1	cds	1337305	1338945	-	AAFOLC_06285		DNA ligase (ATP)	SO:0001217, UniRef:UniRef50_Q89VA3
contig_1	cds	1338959	1339993	-	AAFOLC_06290		Ligase-associated DNA damage response exonuclease	SO:0001217, UniRef:UniRef50_A0A6N7GTC1
contig_1	cds	1340102	1341148	+	AAFOLC_06295		Trans-aconitate 2-methyltransferase	SO:0001217, UniRef:UniRef50_A0A5S9Q8X8
contig_1	cds	1341129	1341635	-	AAFOLC_06300		TYR-PHOSPHATASE-2 domain-containing protein	SO:0001217, UniRef:UniRef50_J7Q476
contig_1	cds	1341632	1342339	-	AAFOLC_06305		HD family hydrolase	SO:0001217, UniRef:UniRef50_A0A1H6B2K8
contig_1	cds	1342521	1342706	+	AAFOLC_06310		hypothetical protein	
contig_1	cds	1342625	1342831	-	AAFOLC_06315		hypothetical protein	
contig_1	cds	1343098	1343523	+	AAFOLC_06320		GDP-mannose mannosyl hydrolase	SO:0001217, UniRef:UniRef50_A0A5S9Q3D7
contig_1	cds	1343593	1344072	+	AAFOLC_06325		hypothetical protein	
contig_1	cds	1344185	1344463	+	AAFOLC_06330		Transcriptional regulator	SO:0001217, UniRef:UniRef50_A7IFD3
contig_1	cds	1344547	1345668	-	AAFOLC_06335		Hydrolase-2 domain-containing protein	SO:0001217, UniRef:UniRef50_A0A258IS82
contig_1	cds	1345734	1346678	-	AAFOLC_06340		LAO/AO transport system kinase	SO:0001217, UniRef:UniRef50_A0A848JYA7
contig_1	ncRNA	1346731	1346814	-	AAFOLC_06345	BjrC68	Bradyrhizobiaceae sRNA BjrC68	RFAM:RF02353, SO:0000655
contig_1	cds	1346813	1347136	-	AAFOLC_06350		Gly-zipper-Omp domain-containing protein	SO:0001217, UniRef:UniRef50_A8IFU9
contig_1	cds	1347472	1347813	+	AAFOLC_06355		Rhodanese-like domain-containing protein	SO:0001217, UniRef:UniRef50_A0A3L7AGH3
contig_1	cds	1348049	1349449	+	AAFOLC_06360	puuA	Gamma-glutamylputrescine synthetase PuuA	SO:0001217, UniRef:UniRef50_A0A0M6ZI94
contig_1	cds	1349549	1350655	+	AAFOLC_06365		Putrescine-binding periplasmic protein	SO:0001217, UniRef:UniRef50_I3WZA9
contig_1	cds	1350807	1350971	+	AAFOLC_06370		hypothetical protein	
contig_1	cds	1350968	1351390	+	AAFOLC_06375		hypothetical protein	
contig_1	cds	1351420	1351881	-	AAFOLC_06380		Ribonuclease H	SO:0001217, UniRef:UniRef50_Q985W1
contig_1	cds	1351881	1352843	-	AAFOLC_06385		Homoserine kinase	SO:0001217, UniRef:UniRef50_C3MHK2
contig_1	cds	1352847	1353938	-	AAFOLC_06390		4-hydroxy-3-methylbut-2-enyl diphosphate reductase	SO:0001217, UniRef:UniRef50_Q9A345
contig_1	cds	1354206	1354907	+	AAFOLC_06395		DUF1013 domain-containing protein	KEGG:K09987, SO:0001217, UniRef:UniRef50_A6UED9, UniRef:UniRef90_A0A3L7AEJ6
contig_1	cds	1355054	1357120	-	AAFOLC_06400		Transmembrane protein	SO:0001217, UniRef:UniRef50_A0A2A6M2E0
contig_1	cds	1357272	1360091	-	AAFOLC_06405		LytTR family transcriptional regulator	SO:0001217, UniRef:UniRef50_A0A8F7ZG00
contig_1	cds	1360091	1361032	-	AAFOLC_06410		DUF58 domain-containing protein	SO:0001217, UniRef:UniRef50_D7A4C0
contig_1	cds	1361046	1362047	-	AAFOLC_06415	moxR	MoxR-like ATPase	COG:COG0714, COG:R, SO:0001217, UniRef:UniRef50_A0A6P5UTP7, UniRef:UniRef90_A0A848JTV0
contig_1	cds	1362243	1362860	+	AAFOLC_06420		DUF1285 domain-containing protein	SO:0001217, UniRef:UniRef50_A0A848JXX9
contig_1	cds	1362857	1363591	+	AAFOLC_06425		Coenzyme A pyrophosphatase	SO:0001217, UniRef:UniRef50_A0A1M3NPX2
contig_1	cds	1363591	1363851	+	AAFOLC_06430		NADH-quinone oxidoreductase subunit N	SO:0001217, UniRef:UniRef50_A7IJJ4
contig_1	cds	1363848	1365071	+	AAFOLC_06435		CCA-adding enzyme	SO:0001217, UniRef:UniRef50_A0A0H5BC25
contig_1	cds	1365220	1365453	-	AAFOLC_06440		hypothetical protein	
contig_1	cds	1365554	1366459	-	AAFOLC_06445		hypothetical protein	
contig_1	cds	1366728	1367651	-	AAFOLC_06450		Oxygen-dependent coproporphyrinogen-III oxidase	SO:0001217, UniRef:UniRef50_Q89SC2
contig_1	cds	1367812	1368276	-	AAFOLC_06455		tRNA (cytidine(34)-2'-O)-methyltransferase	SO:0001217, UniRef:UniRef50_D7A3L6
contig_1	cds	1368505	1369032	+	AAFOLC_06460	petA	ubiquinol-cytochrome c reductase iron-sulfur subunit	SO:0001217, UniRef:UniRef50_P81380, UniRef:UniRef90_A0A3L7A9H0
contig_1	cds	1369073	1370353	+	AAFOLC_06465	petB	Cytochrome b subunit of the bc complex	COG:C, COG:COG1290, SO:0001217, UniRef:UniRef50_P0CY47, UniRef:UniRef90_A7IJK1
contig_1	cds	1370373	1371212	+	AAFOLC_06470		Cytochrome c domain-containing protein	SO:0001217, UniRef:UniRef50_A0A0P6VM22
contig_1	cds	1371531	1372067	+	AAFOLC_06475		Adenine phosphoribosyltransferase	SO:0001217, UniRef:UniRef50_Q8EFG1
contig_1	cds	1372332	1373324	+	AAFOLC_06480		1,5-anhydro-D-fructose reductase	SO:0001217, UniRef:UniRef50_A0A0P0JHW0
contig_1	cds	1373353	1374507	+	AAFOLC_06485		Aminotransferase	SO:0001217, UniRef:UniRef50_I6U4Z4
contig_1	cds	1374516	1375001	-	AAFOLC_06490		Endonuclease YncB(Thermonuclease family)	SO:0001217, UniRef:UniRef50_A0A848JZX8
contig_1	cds	1375186	1376334	+	AAFOLC_06495		hypothetical protein	PFAM:PF00512.28, PFAM:PF02518.29
contig_1	cds	1376351	1377385	-	AAFOLC_06500		Nicotinate-nucleotide--dimethylbenzimidazole phosphoribosyltransferase	SO:0001217, UniRef:UniRef50_C3MDH9
contig_1	cds	1377698	1378225	+	AAFOLC_06505		4HBT domain-containing protein	SO:0001217, UniRef:UniRef50_A0A0D1NY95
contig_1	cds	1378716	1379546	+	AAFOLC_06510	tolQ	Tol-Pal system protein TolQ	SO:0001217, UniRef:UniRef50_A7HV00
contig_1	cds	1379550	1380008	+	AAFOLC_06515		Biopolymer transport protein ExbD/TolR	SO:0001217, UniRef:UniRef50_Q07HF6
contig_1	cds	1380017	1380958	+	AAFOLC_06520	tolA	Cell envelope biogenesis protein TolA	SO:0001217, UniRef:UniRef50_A0A3L7AH75
contig_1	cds	1381090	1382430	+	AAFOLC_06525	tolB	Tol-Pal system beta propeller repeat protein TolB	SO:0001217, UniRef:UniRef50_B5ZNL9, UniRef:UniRef90_A0A3L7AFD7
contig_1	cds	1382938	1383426	+	AAFOLC_06530		Peptidoglycan-associated lipoprotein	SO:0001217, UniRef:UniRef50_P0A3S9
contig_1	cds	1383629	1384519	+	AAFOLC_06535	cpoB	Cell division coordinator CpoB	SO:0001217, UniRef:UniRef50_A0A2W5SXH7
contig_1	cds	1384506	1385588	+	AAFOLC_06540		tRNA(Ile)-lysidine synthase	SO:0001217, UniRef:UniRef50_Q9XBG6
contig_1	cds	1385754	1387673	+	AAFOLC_06545	ftsH	ATP-dependent zinc metalloprotease FtsH	COG:COG0465, COG:O, SO:0001217, UniRef:UniRef50_A1URA3, UniRef:UniRef90_A7IJX0
contig_1	cds	1387819	1389363	+	AAFOLC_06550	murJ	Lipid II flippase MurJ	SO:0001217, UniRef:UniRef50_A0A258NK52
contig_1	cds	1389543	1390580	+	AAFOLC_06555		Tryptophan--tRNA ligase	SO:0001217, UniRef:UniRef50_P67586
contig_1	cds	1390639	1391379	+	AAFOLC_06560		Ubiquinone biosynthesis O-methyltransferase	SO:0001217, UniRef:UniRef50_A6UCF6
contig_1	cds	1391591	1392520	+	AAFOLC_06565		Class I SAM-dependent methyltransferase	SO:0001217, UniRef:UniRef50_I4HFN0
contig_1	cds	1392517	1393002	-	AAFOLC_06570		DUF1178 domain-containing protein	SO:0001217, UniRef:UniRef50_A7IJX4
contig_1	cds	1392999	1393883	-	AAFOLC_06575		CN hydrolase domain-containing protein	SO:0001217, UniRef:UniRef50_A0NNY3
contig_1	cds	1394036	1394293	-	AAFOLC_06580		Glutaredoxin	SO:0001217, UniRef:UniRef50_A0A371Z238
contig_1	cds	1394362	1395129	-	AAFOLC_06585	comF	ComF family protein	SO:0001217, UniRef:UniRef50_A0A212LLT4
contig_1	cds	1395289	1397793	-	AAFOLC_06590		Cation-transporting ATPase	SO:0001217, UniRef:UniRef50_A9FLX4
contig_1	cds	1397929	1398204	+	AAFOLC_06595		Transcriptional regulator	SO:0001217, UniRef:UniRef50_D9QH16
contig_1	cds	1398454	1399014	-	AAFOLC_06600	rsmD	16S rRNA (Guanine(966)-N(2))-methyltransferase RsmD	SO:0001217, UniRef:UniRef50_A0A8I1UX63
contig_1	cds	1399028	1401019	-	AAFOLC_06605		hypothetical protein	PFAM:PF01479.28
contig_1	cds	1401357	1401785	+	AAFOLC_06610	tadA	tRNA(Arg) A34 adenosine deaminase TadA	COG:COG0590, COG:J, SO:0001217, UniRef:UniRef50_A9CK16, UniRef:UniRef90_A7IJY2
contig_1	cds	1401798	1402184	-	AAFOLC_06615		hypothetical protein	
contig_1	cds	1402231	1402635	-	AAFOLC_06620		hypothetical protein	
contig_1	cds	1402970	1403875	-	AAFOLC_06625		Fluoroacetate dehalogenase	SO:0001217, UniRef:UniRef50_Q6NAM1
contig_1	cds	1404042	1404890	+	AAFOLC_06630	pdxY	Pyridoxal kinase PdxY	SO:0001217, UniRef:UniRef50_Q0BSF0
contig_1	cds	1404981	1405892	+	AAFOLC_06635		Trans-2,3-dihydro-3-hydroxyanthranilate isomerase	SO:0001217, UniRef:UniRef50_A0A0P7XPN7
contig_1	cds	1406059	1407159	+	AAFOLC_06640		N-ethylmaleimide reductase	SO:0001217, UniRef:UniRef50_A0A0T9KQB3
contig_1	cds	1407161	1407910	+	AAFOLC_06645		NUDIX hydrolase	SO:0001217, UniRef:UniRef50_A0A4R3LQ03
contig_1	cds	1407985	1408962	+	AAFOLC_06650		hypothetical protein	
contig_1	cds	1409253	1409591	-	AAFOLC_06655		hypothetical protein	
contig_1	cds	1409806	1410351	-	AAFOLC_06660	ahpD	Alkyl hydroperoxide reductase AhpD	SO:0001217, UniRef:UniRef50_Q9ANL0
contig_1	cds	1410377	1410931	-	AAFOLC_06665	ahpC	Alkyl hydroperoxide reductase subunit AhpC (peroxiredoxin)	COG:COG0450, COG:V, SO:0001217, UniRef:UniRef50_A0A2Z5UW31, UniRef:UniRef90_A0A346A0X3
contig_1	cds	1411334	1412170	+	AAFOLC_06670	modD	Putative pyrophosphorylase ModD	SO:0001217, UniRef:UniRef50_A0A2U8PLY1
contig_1	cds	1412324	1412530	-	AAFOLC_06675		hypothetical protein	PFAM:PF03459.20
contig_1	cds	1412837	1413157	+	AAFOLC_06680		Uncharacterized protein blr1755	SO:0001217, UniRef:UniRef50_P37029
contig_1	cds	1413212	1414453	+	AAFOLC_06685		Homocitrate synthase	SO:0001217, UniRef:UniRef50_A0A3L7AN67
contig_1	cds	1414457	1415248	+	AAFOLC_06690		putative serine acetyltransferase	SO:0001217, UniRef:UniRef50_P23145
contig_1	cds	1415430	1415768	+	AAFOLC_06695	nifW	Nitrogenase-stabilizing/protective protein NifW	SO:0001217, UniRef:UniRef50_P26481
contig_1	cds	1416358	1417323	+	AAFOLC_06700		Malate dehydrogenase	SO:0001217, UniRef:UniRef50_Q8YJE7
contig_1	cds	1417542	1418744	+	AAFOLC_06705	sucC	ADP-forming succinate--CoA ligase subunit beta	COG:C, COG:COG0045, SO:0001217, UniRef:UniRef50_A1UQV9, UniRef:UniRef90_A7IBM0
contig_1	cds	1418744	1419628	+	AAFOLC_06710	sucD	succinate--CoA ligase subunit alpha	COG:C, COG:COG0074, SO:0001217, UniRef:UniRef50_A0A0N4YBH2, UniRef:UniRef90_A0A258JUK7
contig_1	cds	1420039	1422993	+	AAFOLC_06715	sucA	2-oxoglutarate dehydrogenase E1 component	COG:C, COG:COG0567, SO:0001217, UniRef:UniRef50_A7HT41, UniRef:UniRef90_A0A3L7A8T1
contig_1	cds	1423025	1423351	+	AAFOLC_06720		YCII domain-containing protein	SO:0001217, UniRef:UniRef50_A8ILB5
contig_1	cds	1423379	1424596	+	AAFOLC_06725		Dihydrolipoyllysine-residue succinyltransferase component of 2-oxoglutarate dehydrogenase complex	SO:0001217, UniRef:UniRef50_Q8GCY1
contig_1	cds	1424909	1426312	+	AAFOLC_06730	lpdA	dihydrolipoyl dehydrogenase	COG:C, COG:COG1249, EC:1.8.1.4, KEGG:K00382, SO:0001217, UniRef:UniRef50_Q04933, UniRef:UniRef90_A7IBM5
contig_1	cds	1426793	1427227	-	AAFOLC_06735		Catechol 2,3-dioxygenase-like lactoylglutathione lyase family enzyme	SO:0001217, UniRef:UniRef50_A0A848K2Y7
contig_1	cds	1427362	1428339	-	AAFOLC_06740	xerC	Tyrosine recombinase XerC	SO:0001217, UniRef:UniRef50_Q98ED9
contig_1	cds	1428595	1429668	+	AAFOLC_06745		Efflux RND transporter periplasmic adaptor subunit	SO:0001217, UniRef:UniRef50_A0A833D494
contig_1	cds	1429665	1430906	+	AAFOLC_06750		ABC transporter	SO:0001217, UniRef:UniRef50_A3WVI7
contig_1	cds	1430903	1431622	+	AAFOLC_06755	lolD	Lipoprotein-releasing system ATP-binding protein LolD	SO:0001217, UniRef:UniRef50_A0A0M7AFW8
contig_1	cds	1431930	1432136	+	AAFOLC_06760		DUF465 domain-containing protein	SO:0001217, UniRef:UniRef50_A7IIJ6
contig_1	cds	1432313	1432798	-	AAFOLC_06765		hypothetical protein	PFAM:PF00578.24, PFAM:PF08534.13
contig_1	cds	1433035	1433949	-	AAFOLC_06770	dsbC	DsbC domain-containing protein	SO:0001217, UniRef:UniRef50_A7IIJ4
contig_1	cds	1434116	1434733	+	AAFOLC_06775		UPF0301 protein Bind_0718	SO:0001217, UniRef:UniRef50_B2IGI6
contig_1	cds	1434745	1435620	-	AAFOLC_06780		Cation transporter	SO:0001217, UniRef:UniRef50_E0TII8
contig_1	cds	1435691	1436128	+	AAFOLC_06785		Copper export regulator	SO:0001217, UniRef:UniRef50_A0A0H5BE67
contig_1	cds	1436167	1439076	-	AAFOLC_06790		Diguanylate cyclase (GGDEF)-like protein/PAS domain S-box-containing protein	SO:0001217, UniRef:UniRef50_A0A841LY43
contig_1	cds	1439517	1440515	-	AAFOLC_06795		NADPH2:quinone reductase	SO:0001217, UniRef:UniRef50_A0A848K777
contig_1	cds	1440708	1440893	+	AAFOLC_06800		DUF1192 domain-containing protein	SO:0001217, UniRef:UniRef50_A4YM90
contig_1	cds	1441364	1441819	+	AAFOLC_06805		hypothetical protein	
contig_1	cds	1441868	1442092	-	AAFOLC_06810	rpmE	50S ribosomal protein L31	COG:COG0254, COG:J, GO:0003735, GO:0005840, GO:0006412, GO:0019843, GO:1990904, SO:0001217, UniRef:UniRef50_Q89UB0, UniRef:UniRef90_A7IDK1
contig_1	cds	1442194	1444008	+	AAFOLC_06815	bmrA	Multidrug resistance ABC transporter ATP-binding/permease protein BmrA	SO:0001217, UniRef:UniRef50_A0A508SUK4
contig_1	cds	1444363	1444833	-	AAFOLC_06820		Putative acetyltransferase	SO:0001217, UniRef:UniRef50_A0A848K5K4
contig_1	cds	1445112	1446131	-	AAFOLC_06825		OmpA-like domain-containing protein	SO:0001217, UniRef:UniRef50_A0A512BN05
contig_1	cds	1446136	1447206	-	AAFOLC_06830		MotA-ExbB domain-containing protein	SO:0001217, UniRef:UniRef50_F8BZ31
contig_1	cds	1447498	1450095	+	AAFOLC_06835		histidine kinase	SO:0001217, UniRef:UniRef50_A0A6C1KDA4
contig_1	cds	1450092	1451645	+	AAFOLC_06840	tsaE	tRNA threonylcarbamoyladenosine biosynthesis protein TsaE	SO:0001217, UniRef:UniRef50_A0A3N6Q178
contig_1	cds	1451645	1452364	+	AAFOLC_06845		NTP-transferase domain-containing protein	SO:0001217, UniRef:UniRef50_A0A120CXA3
contig_1	cds	1452752	1455793	+	AAFOLC_06850		ATP-dependent helicase/nuclease subunit B	SO:0001217, UniRef:UniRef50_A0A848JYF6
contig_1	cds	1455790	1459353	+	AAFOLC_06855		DNA helicase	SO:0001217, UniRef:UniRef50_A0A3L7AMF8
contig_1	cds	1459440	1459760	+	AAFOLC_06860	trxA	thioredoxin	COG:COG3118, COG:O, SO:0001217, UniRef:UniRef50_A0A0D1PF67, UniRef:UniRef90_A0A3L7ANJ6
contig_1	cds	1459744	1460115	-	AAFOLC_06865		hypothetical protein	
contig_1	cds	1460274	1461074	-	AAFOLC_06870		tRNA pseudouridine synthase A	SO:0001217, UniRef:UniRef50_Q89BP1
contig_1	cds	1461104	1461337	+	AAFOLC_06875		Methionyl-tRNA formyltransferase	SO:0001217, UniRef:UniRef50_A0A0T1X5X6
contig_1	cds	1461332	1462252	-	AAFOLC_06880		Methionyl-tRNA formyltransferase	SO:0001217, UniRef:UniRef50_Q89BP0
contig_1	cds	1462316	1462834	-	AAFOLC_06885		Peptide deformylase	SO:0001217, UniRef:UniRef50_Q92SH6
contig_1	cds	1462916	1464106	+	AAFOLC_06890		DNA recombination RmuC-like protein	SO:0001217, UniRef:UniRef50_A0A6P1YP05
contig_1	cds	1464227	1465108	+	AAFOLC_06895		Formamidopyrimidine-DNA glycosylase	SO:0001217, UniRef:UniRef50_B1LWY6
contig_1	cds	1465261	1465380	-	AAFOLC_06900		hypothetical protein	
contig_1	cds	1465708	1471737	+	AAFOLC_06905		DNA helicase	SO:0001217, UniRef:UniRef50_Q212R4
contig_1	cds	1471939	1472787	-	AAFOLC_06910		Pca regulon regulatory protein	SO:0001217, UniRef:UniRef50_A0A1U9Z845
contig_1	cds	1472816	1474339	-	AAFOLC_06915		Tripartite tricarboxylate transporter permease	SO:0001217, UniRef:UniRef50_A0A1Z8KU42
contig_1	cds	1474345	1474806	-	AAFOLC_06920	tctB	Tripartite tricarboxylate transporter TctB family protein	SO:0001217, UniRef:UniRef50_A0A0T5NSC6
contig_1	cds	1474927	1475895	-	AAFOLC_06925		Tripartite tricarboxylate transporter substrate binding protein	SO:0001217, UniRef:UniRef50_A0A0A0HDY7
contig_1	cds	1475983	1477134	-	AAFOLC_06930		Formyl-coenzyme A transferase	SO:0001217, UniRef:UniRef50_A0A1X6Y7L4
contig_1	cds	1477146	1477964	-	AAFOLC_06935		citrate synthase (unknown stereospecificity)	SO:0001217, UniRef:UniRef50_A0A4S8PNZ9
contig_1	cds	1478551	1478643	+	AAFOLC_06940		hypothetical protein	
contig_1	cds	1478933	1481842	-	AAFOLC_06945		hypothetical protein	PFAM:PF03797.22
contig_1	cds	1482666	1483811	+	AAFOLC_06950		Small ligand-binding sensory domain FIST	SO:0001217, UniRef:UniRef50_A0A0N1AV17
contig_1	cds	1483934	1484818	+	AAFOLC_06955		hypothetical protein	PFAM:PF00248.24
contig_1	cds	1484829	1486661	-	AAFOLC_06960		DEAD/DEAH box helicase	SO:0001217, UniRef:UniRef50_A0A0Q8MC46
contig_1	cds	1486841	1487797	-	AAFOLC_06965		SIS domain protein	SO:0001217, UniRef:UniRef50_A0A088UD03
contig_1	cds	1488343	1489161	+	AAFOLC_06970		2,4-dihydroxyhept-2-ene-1,7-dioic acid aldolase	SO:0001217, UniRef:UniRef50_A0A0U5F468
contig_1	cds	1489163	1490140	+	AAFOLC_06975		D-3-phosphoglycerate dehydrogenase	SO:0001217, UniRef:UniRef50_A0A0U5F427
contig_1	cds	1490467	1491399	+	AAFOLC_06980		C4-dicarboxylate ABC transporter substrate-binding protein	SO:0001217, UniRef:UniRef50_A0A1B6YF14
contig_1	cds	1491466	1493376	+	AAFOLC_06985	dctM	DctM domain-containing protein	SO:0001217, UniRef:UniRef50_A0A074JSX3
contig_1	cds	1493769	1494986	-	AAFOLC_06990	larC	Nickel pincer cofactor biosynthesis protein LarC	SO:0001217, UniRef:UniRef50_S9RIL0
contig_1	cds	1494983	1496323	-	AAFOLC_06995		Lar-N domain-containing protein	SO:0001217, UniRef:UniRef50_G1UVG8
contig_1	cds	1496320	1497030	-	AAFOLC_07000		4-hydroxy-4-methyl-2-oxoglutarate aldolase	SO:0001217, UniRef:UniRef50_A0A132BYB9
contig_1	cds	1497129	1498043	-	AAFOLC_07005		4-hydroxy-tetrahydrodipicolinate synthase	SO:0001217, UniRef:UniRef50_A0A0T5PD44
contig_1	cds	1498055	1499785	-	AAFOLC_07010		6-deoxy-6-sulfo-D-gluconate dehydratase	SO:0001217, UniRef:UniRef50_P0DOV7
contig_1	cds	1499982	1500722	-	AAFOLC_07015	fadR	FadR family transcriptional regulator	SO:0001217, UniRef:UniRef50_A0A2M8J5B2
contig_1	cds	1500719	1501417	-	AAFOLC_07020		hypothetical protein	PFAM:PF00731.23
contig_1	cds	1501410	1502198	-	AAFOLC_07025		Asparagine synthetase domain-containing protein	SO:0001217, UniRef:UniRef50_A0A4R6VEC4
contig_1	cds	1502330	1504021	+	AAFOLC_07030		Acetolactate synthase isozyme II large subunit, putative	SO:0001217, UniRef:UniRef50_B6IMY6
contig_1	cds	1504018	1505451	+	AAFOLC_07035		FAD-binding PCMH-type domain-containing protein	SO:0001217, UniRef:UniRef50_A0A1X0SZQ8
contig_1	cds	1505451	1506083	+	AAFOLC_07040	yfcG	Disulfide-bond oxidoreductase YfcG	SO:0001217, UniRef:UniRef50_A0A2U3QCJ6
contig_1	cds	1506098	1506874	-	AAFOLC_07045	iclR	IclR family transcriptional regulator	SO:0001217, UniRef:UniRef50_S5SWS7
contig_1	cds	1506871	1507860	-	AAFOLC_07050		hypothetical protein	PFAM:PF00725.25, PFAM:PF02737.21
contig_1	cds	1508123	1509328	+	AAFOLC_07055		3-oxoadipyl-CoA/3-oxo-5,6-dehydrosuberyl-CoA thiolase	SO:0001217, UniRef:UniRef50_P0C7L2
contig_1	cds	1509364	1510587	+	AAFOLC_07060		Peripla-BP-6 domain-containing protein	SO:0001217, UniRef:UniRef50_A0A0S3Q0L0
contig_1	cds	1510718	1511008	+	AAFOLC_07065		Muconolactone Delta-isomerase	SO:0001217, UniRef:UniRef50_P80573
contig_1	cds	1511020	1511697	+	AAFOLC_07070		3-oxoadipate CoA-transferase	SO:0001217, UniRef:UniRef50_A0A024HMG1
contig_1	cds	1511694	1512353	+	AAFOLC_07075		3-oxoadipate CoA-transferase subunit B	SO:0001217, UniRef:UniRef50_P0A101
contig_1	cds	1512363	1512674	+	AAFOLC_07080		YCII domain-containing protein	SO:0001217, UniRef:UniRef50_A0A2E3IHA5
contig_1	cds	1512671	1513390	+	AAFOLC_07085	fabG1	3-oxoacyl-[acyl-carrier-protein] reductase FabG1	SO:0001217, UniRef:UniRef50_A0A1S2BI96
contig_1	cds	1513412	1514446	+	AAFOLC_07090		Cyclase	SO:0001217, UniRef:UniRef50_A5G2K1
contig_1	cds	1514472	1515269	+	AAFOLC_07095		3-oxoadipate enol-lactonase II	SO:0001217, UniRef:UniRef50_G7ZFP9
contig_1	cds	1515353	1516852	-	AAFOLC_07100		tripartite tricarboxylate transporter permease	KEGG:K07793, SO:0001217, UniRef:UniRef50_P70795, UniRef:UniRef90_UPI001EE048B6
contig_1	cds	1516863	1517324	-	AAFOLC_07105	tctB	Tripartite tricarboxylate transporter TctB family protein	SO:0001217, UniRef:UniRef50_A7IEY7
contig_1	cds	1517692	1519281	-	AAFOLC_07110		Acyl-CoA synthetase	SO:0001217, UniRef:UniRef50_A0A2M9U6X1
contig_1	cds	1519299	1520342	-	AAFOLC_07115		Cyclase	SO:0001217, UniRef:UniRef50_A0A024HKZ2
contig_1	cds	1520392	1522038	-	AAFOLC_07120		ATP-dependent acyl-CoA ligase	SO:0001217, UniRef:UniRef50_A0A556AVD2
contig_1	cds	1522087	1523244	-	AAFOLC_07125		Carnitine dehydratase	SO:0001217, UniRef:UniRef50_A0A2M9U5V4
contig_1	cds	1523256	1524386	-	AAFOLC_07130		Acyl-CoA dehydrogenase	SO:0001217, UniRef:UniRef50_A0A6P2FGM2
contig_1	cds	1524424	1525611	-	AAFOLC_07135		L-carnitine dehydratase/bile acid-inducible protein F	SO:0001217, UniRef:UniRef50_A0A8B4R3G9
contig_1	cds	1525608	1526663	-	AAFOLC_07140		Glycoside hydrolase, family 88	SO:0001217, UniRef:UniRef50_A0A158M3T5
contig_1	cds	1526780	1528348	+	AAFOLC_07145		Acetolactate synthase-1/2/3 large subunit	SO:0001217, UniRef:UniRef50_A0A059F7L5
contig_1	cds	1528404	1529408	+	AAFOLC_07150		Tripartite tricarboxylate transporter substrate binding protein	SO:0001217, UniRef:UniRef50_A0A2M9U5U2
contig_1	cds	1529478	1530653	+	AAFOLC_07155		Acyl-CoA dehydrogenase	SO:0001217, UniRef:UniRef50_A0A6S7F847
contig_1	cds	1530640	1531335	-	AAFOLC_07160	tetR	Transcriptional regulator, TetR family	SO:0001217, UniRef:UniRef50_C5T0A9
contig_1	cds	1531799	1533604	+	AAFOLC_07165		Type I secretion system ATPase	SO:0001217, UniRef:UniRef50_E6VL92
contig_1	cds	1533613	1534923	+	AAFOLC_07170		Membrane fusion protein (MFP) family protein	SO:0001217, UniRef:UniRef50_A0A1S7SUV3
contig_1	cds	1535406	1543340	+	AAFOLC_07175		hypothetical protein	PFAM:PF00353.22, PFAM:PF02872.21, PFAM:PF03372.26, PFAM:PF17803.4, PFAM:PF17892.4, PFAM:PF17963.4
contig_1	cds	1543490	1544602	-	AAFOLC_07180	araC	AraC family transcriptional regulator	SO:0001217, UniRef:UniRef50_A0A858WZN8
contig_1	cds	1545067	1545816	+	AAFOLC_07185		Quinoprotein alcohol dehydrogenase-like superfamily	SO:0001217, UniRef:UniRef50_A0A0X8CPR2
contig_1	cds	1546131	1546568	-	AAFOLC_07190		(pseudo) DUF3489 domain-containing protein	SO:0001217, UniRef:UniRef50_A0A2W4QEH1, UniRef:UniRef90_A0A259CDS1
contig_1	cds	1547245	1547532	-	AAFOLC_07195		IstB-IS21 domain-containing protein	SO:0001217, UniRef:UniRef50_J9A161
contig_1	cds	1547752	1547871	+	AAFOLC_07200		(pseudo) Tnp-DDE-dom domain-containing protein	SO:0001217, UniRef:UniRef50_A0A840YS91, UniRef:UniRef90_A0A840YS91
contig_1	cds	1548117	1548545	+	AAFOLC_07205		(pseudo) IS110 family transposase	SO:0001217, UniRef:UniRef50_A0A1M7DVR2, UniRef:UniRef90_A0A521LIG2
contig_1	cds	1548624	1549130	+	AAFOLC_07210		(pseudo) IS110 family transposase	COG:COG3547, COG:X, SO:0001217, UniRef:UniRef50_A0A1M7DVR2, UniRef:UniRef90_A0A1D7UCN0
contig_1	cds	1549539	1550381	-	AAFOLC_07215		Ureidoglycolate lyase	SO:0001217, UniRef:UniRef50_C5AJ19
contig_1	cds	1550441	1551178	-	AAFOLC_07220		SDR family oxidoreductase	SO:0001217, UniRef:UniRef50_A0A0X8CPB1, UniRef:UniRef90_A0A258J1D8
contig_1	cds	1551175	1552434	-	AAFOLC_07225		Branched-chain amino acid transport system substrate-binding protein	SO:0001217, UniRef:UniRef50_A4Z2M7, UniRef:UniRef90_A0A848JZV2
contig_1	cds	1552470	1553234	-	AAFOLC_07230		Acetoacetate decarboxylase	SO:0001217, UniRef:UniRef50_Q142X1, UniRef:UniRef90_A0A848K3C5
contig_1	cds	1553281	1554471	-	AAFOLC_07235		Alpha-hydroxy-acid oxidizing enzyme	SO:0001217, UniRef:UniRef50_A0A069PW73, UniRef:UniRef90_A0A258J0M1
contig_1	cds	1554678	1555679	+	AAFOLC_07240		HTH gntR-type domain-containing protein	SO:0001217, UniRef:UniRef50_A0A0F2KLD9, UniRef:UniRef90_A0A258J1R1
contig_1	cds	1555798	1556076	+	AAFOLC_07245		DUF772 domain-containing protein	SO:0001217, UniRef:UniRef50_A0A238LK09
contig_1	cds	1556564	1557187	+	AAFOLC_07250		Tnp-DDE-dom domain-containing protein	SO:0001217, UniRef:UniRef50_A0A1H7WH26
contig_1	cds	1557350	1558681	-	AAFOLC_07255		histidine kinase	SO:0001217, UniRef:UniRef50_A0A2N6B2X3
contig_1	cds	1558678	1559412	-	AAFOLC_07260		response regulator	SO:0001217, UniRef:UniRef50_A0A1B3P1E1, UniRef:UniRef90_UPI001E2C6918
contig_1	cds	1559584	1560153	+	AAFOLC_07265		Ca2+-binding protein, EF-hand superfamily	SO:0001217, UniRef:UniRef50_A0A327JV87
contig_1	cds	1560218	1560715	+	AAFOLC_07270		Ni-hydr-CYTB domain-containing protein	SO:0001217, UniRef:UniRef50_A0A1B6YSU7
contig_1	cds	1560793	1562115	+	AAFOLC_07275		MFS transporter	SO:0001217, UniRef:UniRef50_A0A8H2RR73
contig_1	cds	1562222	1562941	+	AAFOLC_07280		Nickel/cobalt efflux system	SO:0001217, UniRef:UniRef50_A0A2W5M3G9
contig_1	cds	1562946	1564328	-	AAFOLC_07285	dosC	Diguanylate cyclase DosC	SO:0001217, UniRef:UniRef50_A0A7W6EHF7
contig_1	cds	1564753	1567062	+	AAFOLC_07290		hypothetical protein	PFAM:PF00563.23, PFAM:PF00990.24, PFAM:PF08447.15
contig_1	cds	1567972	1568988	+	AAFOLC_07295		NMT1 domain-containing protein	SO:0001217, UniRef:UniRef50_A0A1B1PYH4
contig_1	cds	1568985	1569389	+	AAFOLC_07300	ridA	RidA family protein	SO:0001217, UniRef:UniRef50_A0A2T7HHS2, UniRef:UniRef90_UPI00216359AB
contig_1	cds	1569386	1570168	+	AAFOLC_07305		ABC transporter permease	SO:0001217, UniRef:UniRef50_A0A1B1PYI5, UniRef:UniRef90_UPI002162CB68
contig_1	cds	1570165	1570965	+	AAFOLC_07310	cmpD	Bicarbonate transport ATP-binding protein CmpD	SO:0001217, UniRef:UniRef50_A0A5E4ZH86
contig_1	cds	1571074	1572264	+	AAFOLC_07315		MFS domain-containing protein	SO:0001217, UniRef:UniRef50_A0A1B1PYJ1
contig_1	cds	1572399	1573301	+	AAFOLC_07320	iclR	IclR family transcriptional regulator	SO:0001217, UniRef:UniRef50_A0A506U0R6
contig_1	cds	1573626	1574393	+	AAFOLC_07325		sulfotransferase	SO:0001217, UniRef:UniRef50_UPI001F203E11
contig_1	cds	1574557	1575390	+	AAFOLC_07330		Glycosyltransferase family 2 protein	SO:0001217, UniRef:UniRef50_A0A848K381
contig_1	tRNA	1575671	1575745	-	AAFOLC_07335	trnT	tRNA-Thr(ggt)	SO:0000270
contig_1	cds	1576326	1577492	+	AAFOLC_07340	potA	Spermidine/putrescine import ATP-binding protein PotA	SO:0001217, UniRef:UniRef50_A0A126NUC2
contig_1	cds	1577503	1578420	+	AAFOLC_07345		Putrescine transporter, membrane component of ABC transporter	SO:0001217, UniRef:UniRef50_F8J7Z1
contig_1	cds	1578417	1579235	+	AAFOLC_07350	potC	ABC-type spermidine/putrescine transport system, permease component II	COG:COG1177, COG:E, SO:0001217, UniRef:UniRef50_F8J7Z2, UniRef:UniRef90_A7IJI6
contig_1	cds	1579696	1581645	+	AAFOLC_07355		Acyltransferase	SO:0001217, UniRef:UniRef50_A0A259KUG6
contig_1	cds	1581729	1582559	-	AAFOLC_07360		Universal stress protein	SO:0001217, UniRef:UniRef50_A8HX81
contig_1	cds	1582900	1583919	+	AAFOLC_07365	arnC	Polymyxin resistance protein ArnC glycosyl transferase EC 24	SO:0001217, UniRef:UniRef50_A0A160UAF7
contig_1	cds	1583916	1584716	+	AAFOLC_07370		ChbG/HpnK family deacetylase	SO:0001217, UniRef:UniRef50_A0A0A1Q1R0
contig_1	cds	1585071	1585586	+	AAFOLC_07375		HPP family protein	SO:0001217, UniRef:UniRef50_A7IDV5
contig_1	cds	1585702	1587114	-	AAFOLC_07380		Chloride channel protein	SO:0001217, UniRef:UniRef50_A0A1F3AJY2
contig_1	cds	1587186	1588928	-	AAFOLC_07385		Putative ABC transporter (Fused ATP-binding and permease components)	SO:0001217, UniRef:UniRef50_A4Z0U5
contig_1	cds	1589223	1589876	-	AAFOLC_07390		Abasic site processing protein	SO:0001217, UniRef:UniRef50_A0A848K3Y8
contig_1	cds	1589921	1590835	-	AAFOLC_07395		Hydroxyacylglutathione hydrolase	SO:0001217, UniRef:UniRef50_A0A679ITX6
contig_1	cds	1591316	1592080	-	AAFOLC_07400		OMP-b-brl domain-containing protein	SO:0001217, UniRef:UniRef50_A0A1E3EM50
contig_1	cds	1592413	1592751	+	AAFOLC_07405		SH3 domain-containing protein	SO:0001217, UniRef:UniRef50_A7II65
contig_1	cds	1592864	1593628	-	AAFOLC_07410		Outer membrane protein Omp31	SO:0001217, UniRef:UniRef50_A8INA9
contig_1	cds	1594158	1594439	+	AAFOLC_07415		Conserved secreted protein	SO:0001217, UniRef:UniRef50_A0A3L7ANC2
contig_1	cds	1594725	1596641	-	AAFOLC_07420		Propionyl-CoA synthetase	SO:0001217, UniRef:UniRef50_A0A1C7NX74, UniRef:UniRef90_A0A3L7AN00
contig_1	cds	1596970	1598598	+	AAFOLC_07425		Acetate/butyrate--CoA ligase AAE7, peroxisomal	SO:0001217, UniRef:UniRef50_A0A1Y6JSS9
contig_1	cds	1599040	1599819	-	AAFOLC_07430		DUF1499 domain-containing protein	SO:0001217, UniRef:UniRef50_A7II71
contig_1	cds	1599965	1600672	-	AAFOLC_07435		HAD-superfamily hydrolase	SO:0001217, UniRef:UniRef50_A0A0H5BQ68
contig_1	cds	1600808	1602232	+	AAFOLC_07440		hypothetical protein	
contig_1	cds	1602391	1603038	-	AAFOLC_07445		Flavin-Reduct domain-containing protein	SO:0001217, UniRef:UniRef50_A6U8D0
contig_1	cds	1603199	1604248	-	AAFOLC_07450		PNPLA domain-containing protein	SO:0001217, UniRef:UniRef50_A0A2S0NB25
contig_1	cds	1604527	1604997	-	AAFOLC_07455		Putative membrane protein insertion efficiency factor	SO:0001217, UniRef:UniRef50_A0A3L7A991
contig_1	cds	1605069	1605683	+	AAFOLC_07460		HD domain-containing protein	SO:0001217, UniRef:UniRef50_A0A1M3PL60
contig_1	cds	1605687	1606145	-	AAFOLC_07465		NifU-N domain-containing protein	SO:0001217, UniRef:UniRef50_A5ELY3
contig_1	cds	1606537	1607433	+	AAFOLC_07470		GTP cyclohydrolase 1	SO:0001217, UniRef:UniRef50_A5VQL0
contig_1	cds	1608047	1608526	+	AAFOLC_07475	hisI	phosphoribosyl-AMP cyclohydrolase	COG:COG0139, COG:E, SO:0001217, UniRef:UniRef50_Q89IW3, UniRef:UniRef90_A7IFV0
contig_1	cds	1608545	1609009	-	AAFOLC_07480		Allophanate hydrolase	SO:0001217, UniRef:UniRef50_A0A346R369
contig_1	cds	1609020	1612565	-	AAFOLC_07485		biotin carboxylase	SO:0001217, UniRef:UniRef50_A0A839RTG7
contig_1	cds	1612571	1613221	-	AAFOLC_07490		Aminomethyltransferase	SO:0001217, UniRef:UniRef50_A0A0N9Y8W8
contig_1	cds	1613232	1614047	-	AAFOLC_07495		DUF1989 domain-containing protein	SO:0001217, UniRef:UniRef50_Q138R8
contig_1	cds	1614060	1614875	-	AAFOLC_07500	cmpD	Bicarbonate transport ATP-binding protein CmpD	SO:0001217, UniRef:UniRef50_A0A0M6XWU1
contig_1	ncRNA-region	1614077	1614126	-			Guanidine-II riboswitch	RFAM:RF01068, SO:0000035
contig_1	cds	1614872	1615687	-	AAFOLC_07505	cmpB	Bicarbonate transport system permease protein CmpB	SO:0001217, UniRef:UniRef50_A0A2E2KTG7
contig_1	cds	1615931	1617034	-	AAFOLC_07510		Lipid kinase	SO:0001217, UniRef:UniRef50_A0A508TV10
contig_1	ncRNA-region	1617106	1617221	-			Guanidine-I riboswitch	RFAM:RF00442, SO:0000035
contig_1	cds	1617436	1618125	+	AAFOLC_07515		HAD family hydrolase	SO:0001217, UniRef:UniRef50_A0A3L7A9C0
contig_1	cds	1618479	1620431	-	AAFOLC_07520	acs	acetate--CoA ligase	COG:COG0365, COG:I, EC:6.2.1.1, GO:0003987, GO:0005524, GO:0016208, GO:0019427, GO:0046872, SO:0001217, UniRef:UniRef50_A7IFD4, UniRef:UniRef90_A7IFD4
contig_1	cds	1620816	1621187	+	AAFOLC_07525		DUF423 domain-containing protein	SO:0001217, UniRef:UniRef50_A0A258DJC7
contig_1	cds	1621192	1621848	-	AAFOLC_07530		Ribosomal protein L11 methyltransferase	SO:0001217, UniRef:UniRef50_A0A0M7AK90
contig_1	cds	1621845	1622258	-	AAFOLC_07535	eVE	putative RNA-binding protein, contains EVE domain	COG:COG2947, COG:R, SO:0001217, UniRef:UniRef50_A0A6P5ULN2, UniRef:UniRef90_A0A848JU90
contig_1	cds	1622381	1622680	+	AAFOLC_07540		ABM domain-containing protein	SO:0001217, UniRef:UniRef50_Q0SIZ1
contig_1	cds	1622809	1623564	+	AAFOLC_07545	ykgJ	YkgJ family cysteine cluster protein	SO:0001217, UniRef:UniRef50_A7IEB6
contig_1	cds	1623803	1624783	-	AAFOLC_07550		Glycerol-3-phosphate dehydrogenase [NAD(P)+]	SO:0001217, UniRef:UniRef50_Q89WW0
contig_1	cds	1624786	1625853	-	AAFOLC_07555		tRNA N6-adenosine threonylcarbamoyltransferase	SO:0001217, UniRef:UniRef50_Q21DB1
contig_1	cds	1625958	1626908	+	AAFOLC_07560		Porphobilinogen deaminase	SO:0001217, UniRef:UniRef50_Q92LH7
contig_1	cds	1626920	1627615	+	AAFOLC_07565		HEM4 domain-containing protein	SO:0001217, UniRef:UniRef50_A0A257ZFG7
contig_1	cds	1627706	1629454	+	AAFOLC_07570		hypothetical protein	
contig_1	cds	1629451	1631448	+	AAFOLC_07575		hypothetical protein	PFAM:PF07219.16
contig_1	cds	1631735	1631959	+	AAFOLC_07580		hypothetical protein	
contig_1	cds	1632044	1633333	+	AAFOLC_07585	murA	UDP-N-acetylglucosamine 1-carboxyvinyltransferase	EC:2.5.1.7, KEGG:K00790, SO:0001217, UniRef:UniRef50_Q8UHW9, UniRef:UniRef90_A0A3L7A8N7
contig_1	cds	1633491	1635209	+	AAFOLC_07590		EAL domain-containing protein	SO:0001217, UniRef:UniRef50_A0A3L7AA66
contig_1	cds	1635268	1635555	-	AAFOLC_07595		hypothetical protein	PFAM:PF02635.18
contig_1	cds	1635927	1636364	+	AAFOLC_07600		DUF2948 domain-containing protein	SO:0001217, UniRef:UniRef50_A7IEN6
contig_1	cds	1636459	1637763	+	AAFOLC_07605		Histidinol dehydrogenase	SO:0001217, UniRef:UniRef50_Q8G2R2
contig_1	cds	1637767	1638249	+	AAFOLC_07610		UPF0262 protein D9R14_15000	SO:0001217, UniRef:UniRef50_Q89V02, UniRef:UniRef90_A0A3L7A8M2
contig_1	cds	1638254	1638715	+	AAFOLC_07615		protein-tyrosine-phosphatase	SO:0001217, UniRef:UniRef50_A0A0C6EUA4
contig_1	cds	1638954	1639913	-	AAFOLC_07620		NMO domain-containing protein	SO:0001217, UniRef:UniRef50_T0GD50
contig_1	cds	1640015	1640650	-	AAFOLC_07625		UPF0056 membrane protein	SO:0001217, UniRef:UniRef50_A0A0K2DIA2
contig_1	cds	1640689	1641687	-	AAFOLC_07630		DUF4105 domain-containing protein	SO:0001217, UniRef:UniRef50_A7IJF1
contig_1	cds	1641962	1642798	+	AAFOLC_07635		Usp domain-containing protein	SO:0001217, UniRef:UniRef50_A8I562
contig_1	cds	1643082	1643630	+	AAFOLC_07640		FMN-red domain-containing protein	SO:0001217, UniRef:UniRef50_A0A0J8YMG5
contig_1	cds	1643812	1644177	-	AAFOLC_07645		6-carboxy-5,6,7,8-tetrahydropterin synthase	SO:0001217, UniRef:UniRef50_Q6N991
contig_1	cds	1644174	1644806	-	AAFOLC_07650		7-carboxy-7-deazaguanine synthase	SO:0001217, UniRef:UniRef50_Q89SC0
contig_1	cds	1644878	1646125	-	AAFOLC_07655		6,7-dimethyl-8-ribityllumazine synthase	SO:0001217, UniRef:UniRef50_A0A259BL71
contig_1	cds	1646474	1647415	+	AAFOLC_07660	mhqA	Putative ring-cleaving dioxygenase MhqA	SO:0001217, UniRef:UniRef50_I3XC85
contig_1	cds	1647570	1648052	-	AAFOLC_07665		CMD domain-containing protein	SO:0001217, UniRef:UniRef50_Q1LHR4
contig_1	cds	1648115	1648621	+	AAFOLC_07670		HTH marR-type domain-containing protein	SO:0001217, UniRef:UniRef50_A0A0S2EIN2
contig_1	cds	1648721	1649851	-	AAFOLC_07675		Aminomethyltransferase	SO:0001217, UniRef:UniRef50_A0A679J282
contig_1	cds	1650217	1651620	+	AAFOLC_07680	caiA	Acyl-CoA dehydrogenase related to the alkylation response protein AidB	COG:COG1960, COG:I, SO:0001217, UniRef:UniRef50_A0A3P5XGK7, UniRef:UniRef90_A7IK73
contig_1	cds	1651715	1652227	+	AAFOLC_07685		Nitrilotriacetate monooxygenase	SO:0001217, UniRef:UniRef50_A0A258IIS5
contig_1	cds	1652231	1654531	+	AAFOLC_07690		aminomethyltransferase	SO:0001217, UniRef:UniRef50_A0A7V9IAY3
contig_1	cds	1654993	1655580	+	AAFOLC_07695	hypA	Hydrogenase maturation factor HypA	SO:0001217, UniRef:UniRef50_A7IK69
contig_1	cds	1655577	1656530	+	AAFOLC_07700		Phthalate dioxygenase reductase	SO:0001217, UniRef:UniRef50_A0A679JH73
contig_1	cds	1656541	1657602	+	AAFOLC_07705		Conserved hypothetical cytosolic protein	EC:1.14.13.238, KEGG:K22342, SO:0001217, UniRef:UniRef50_A0A1I4JGQ0, UniRef:UniRef90_A7IK67
contig_1	cds	1657739	1658653	-	AAFOLC_07710	lysR	LysR substrate-binding domain-containing protein	SO:0001217, UniRef:UniRef50_A0A1B1A8D7, UniRef:UniRef90_UPI001EE08281
contig_1	cds	1658781	1660505	+	AAFOLC_07715	aidB	Acyl-CoA dehydrogenase AidB	SO:0001217, UniRef:UniRef50_A0A5P9FJ81
contig_1	cds	1660502	1661737	+	AAFOLC_07720		L-carnitine dehydratase/bile acid-inducible protein F	SO:0001217, UniRef:UniRef50_A0A2X2QD26
contig_1	cds	1661774	1662904	+	AAFOLC_07725		C4-dicarboxylate ABC transporter substrate-binding protein	SO:0001217, UniRef:UniRef50_A0A1I1J1M9
contig_1	cds	1662972	1664948	+	AAFOLC_07730	dctM	DctM domain-containing protein	SO:0001217, UniRef:UniRef50_K2H9C2
contig_1	cds	1665064	1666299	-	AAFOLC_07735		Acetyl-CoA:oxalate CoA-transferase	SO:0001217, UniRef:UniRef50_A0A6J5GE93
contig_1	cds	1666406	1667212	-	AAFOLC_07740	iclR	IclR family transcriptional regulator	SO:0001217, UniRef:UniRef50_A0A7C4XZH3
contig_1	cds	1667303	1668049	-	AAFOLC_07745		1,2-epoxyphenylacetyl-CoA isomerase	SO:0001217, UniRef:UniRef50_A0A1F2Q5G0
contig_1	cds	1668119	1669105	-	AAFOLC_07750		NMO domain-containing protein	SO:0001217, UniRef:UniRef50_L0WFV5
contig_1	cds	1669102	1669812	-	AAFOLC_07755		ATP-binding cassette domain-containing protein	SO:0001217, UniRef:UniRef50_A0A853T0Z0, UniRef:UniRef90_UPI001EDE2BC0
contig_1	cds	1669805	1670515	-	AAFOLC_07760	lptB	Lipopolysaccharide export system ATP-binding protein LptB	SO:0001217, UniRef:UniRef50_A0A853T096
contig_1	cds	1670509	1671528	-	AAFOLC_07765		Branched-chain amino acid ABC transporter	SO:0001217, UniRef:UniRef50_W0LFK5
contig_1	cds	1671540	1672412	-	AAFOLC_07770		Branched-chain amino acid ABC transporter	SO:0001217, UniRef:UniRef50_W0LGT7
contig_1	cds	1672491	1673660	-	AAFOLC_07775		Branched-chain amino acid ABC transporter substrate-binding protein	SO:0001217, UniRef:UniRef50_A0A0C2BVL7
contig_1	cds	1674079	1676154	+	AAFOLC_07780		Peroxisomal bifunctional enzyme	SO:0001217, UniRef:UniRef50_A0A098FX00
contig_1	cds	1676151	1677866	+	AAFOLC_07785		Long-chain-fatty-acid--CoA ligase	SO:0001217, UniRef:UniRef50_A0A379PQ54
contig_1	cds	1677887	1679074	+	AAFOLC_07790		acetyl-CoA C-acyltransferase	SO:0001217, UniRef:UniRef50_A0A6L3SZC3, UniRef:UniRef90_UPI001EFFA586
contig_1	cds	1679078	1680274	+	AAFOLC_07795	caiA	Acyl-CoA dehydrogenase related to the alkylation response protein AidB	COG:COG1960, COG:I, SO:0001217, UniRef:UniRef50_A0A0P7YAA4, UniRef:UniRef90_A8ID29
contig_1	cds	1680288	1681442	+	AAFOLC_07800		Pimeloyl-CoA dehydrogenase (Small subunit)	SO:0001217, UniRef:UniRef50_Q6N3I1
contig_1	cds	1681507	1682640	-	AAFOLC_07805		DUF1513 domain-containing protein	SO:0001217, UniRef:UniRef50_A0A4R3M364
contig_1	cds	1682732	1683838	-	AAFOLC_07810		Peptidase-M75 domain-containing protein	SO:0001217, UniRef:UniRef50_A7IK81
contig_1	cds	1683857	1685122	-	AAFOLC_07815		Cytochrome c domain-containing protein	SO:0001217, UniRef:UniRef50_A0A2W5MDI4
contig_1	cds	1685122	1686612	-	AAFOLC_07820		Multicopper oxidase family protein	SO:0001217, UniRef:UniRef50_A0A259BN26
contig_1	cds	1686626	1687915	-	AAFOLC_07825		Peptidase-M75 domain-containing protein	SO:0001217, UniRef:UniRef50_A0A6S7F3P3
contig_1	cds	1688641	1689483	+	AAFOLC_07830	efeU	Ferrous iron permease EfeU	SO:0001217, UniRef:UniRef50_A0A679K6K8
contig_1	cds	1689729	1690091	-	AAFOLC_07835		MgtE-N domain-containing protein	SO:0001217, UniRef:UniRef50_A0A259BGT0
contig_1	cds	1690361	1691110	+	AAFOLC_07840		Putative transaldolase	SO:0001217, UniRef:UniRef50_A0A0S3PUS4
contig_1	cds	1691386	1692585	+	AAFOLC_07845		Exopolyphosphatase/guanosine-5'-triphosphate, 3'-diphosphate pyrophosphatase	SO:0001217, UniRef:UniRef50_A0A7W5Z5E7
contig_1	cds	1692582	1693307	+	AAFOLC_07850		Ribosomal RNA large subunit methyltransferase E	SO:0001217, UniRef:UniRef50_Q11L51
contig_1	cds	1693323	1694762	-	AAFOLC_07855		MFS domain-containing protein	SO:0001217, UniRef:UniRef50_A0A023XGL1
contig_1	cds	1694977	1695228	+	AAFOLC_07860		YqaE/Pmp3 family membrane protein	SO:0001217, UniRef:UniRef50_Q6N7Q7, UniRef:UniRef90_A0A3L7APD9
contig_1	cds	1695433	1696002	-	AAFOLC_07865		DUF3849 domain-containing protein	SO:0001217, UniRef:UniRef50_A8II69
contig_1	cds	1696296	1697039	-	AAFOLC_07870		MTS domain-containing protein	SO:0001217, UniRef:UniRef50_A0A258R0F5
contig_1	cds	1697032	1697259	-	AAFOLC_07875		DUF2007 domain-containing protein	SO:0001217, UniRef:UniRef50_A0A3L7AQV3
contig_1	cds	1697387	1698394	+	AAFOLC_07880		Farnesyl pyrophosphate synthetase	SO:0001217, UniRef:UniRef50_A0A4Y1MZG3
contig_1	cds	1698584	1699840	-	AAFOLC_07885		Cytochrome P450	SO:0001217, UniRef:UniRef50_A7ICA2
contig_1	cds	1699824	1701551	-	AAFOLC_07890		Cytochrome c domain-containing protein	SO:0001217, UniRef:UniRef50_A0A086ML92
contig_1	cds	1701716	1702840	-	AAFOLC_07895	luxR	Regulatory protein LuxR	SO:0001217, UniRef:UniRef50_A7ICA0
contig_1	cds	1703269	1704750	+	AAFOLC_07900		Heme peroxidase	SO:0001217, UniRef:UniRef50_A0A3L7AQJ4
contig_1	cds	1704831	1706171	-	AAFOLC_07905		Cyclic nucleotide-binding domain-containing protein	SO:0001217, UniRef:UniRef50_A0A3L7AQC4
contig_1	cds	1706290	1706781	-	AAFOLC_07910		Ion-trans-2 domain-containing protein	SO:0001217, UniRef:UniRef50_A0A258DT17
contig_1	cds	1706937	1708766	+	AAFOLC_07915	typA	translational GTPase TypA	COG:COG1217, COG:T, SO:0001217, UniRef:UniRef50_N0BBM6, UniRef:UniRef90_A0A3L7AQW3
contig_1	cds	1708965	1709462	+	AAFOLC_07920		N-acetyltransferase domain-containing protein	SO:0001217, UniRef:UniRef50_A0A073AYU6
contig_1	cds	1709494	1709790	-	AAFOLC_07925		TM2 domain-containing protein	SO:0001217, UniRef:UniRef50_T0H9L6
contig_1	cds	1710107	1711063	+	AAFOLC_07930		Quercetin 2,3-dioxygenase	SO:0001217, UniRef:UniRef50_A0A0P1ECB8
contig_1	cds	1711087	1713930	-	AAFOLC_07935		Malto-oligosyltrehalose synthase	SO:0001217, UniRef:UniRef50_A0A3L7AN08
contig_1	cds	1714550	1717891	-	AAFOLC_07940		Maltokinase	SO:0001217, UniRef:UniRef50_A0A0P9H4N7
contig_1	cds	1718170	1719774	+	AAFOLC_07945		Oligo-1,6-glucosidase	SO:0001217, UniRef:UniRef50_A0A2H5Z309
contig_1	cds	1719841	1721439	-	AAFOLC_07950		Fumarate reductase	SO:0001217, UniRef:UniRef50_A0A0H3X2Q0
contig_1	cds	1721448	1722986	-	AAFOLC_07955		Methylmalonyl-CoA carboxytransferase	SO:0001217, UniRef:UniRef50_A0A192IKU2
contig_1	cds	1723223	1723444	+	AAFOLC_07960		Biotin/lipoyl attachment domain-containing protein	SO:0001217, UniRef:UniRef50_I3TXE5
contig_1	cds	1723459	1723962	-	AAFOLC_07965		FMN reductase	SO:0001217, UniRef:UniRef50_A0A3L7AKR0
contig_1	cds	1724136	1725290	+	AAFOLC_07970		Acyl-CoA dehydrogenase	SO:0001217, UniRef:UniRef50_A0A0C5K0J9, UniRef:UniRef90_A0A3L7ANF2
contig_1	cds	1725321	1725785	+	AAFOLC_07975		MaoC-dehydrat-N domain-containing protein	SO:0001217, UniRef:UniRef50_A0A176EV73
contig_1	cds	1725790	1727478	+	AAFOLC_07980		Sulfurtransferase	SO:0001217, UniRef:UniRef50_A0A3L7AL29
contig_1	cds	1727620	1729023	-	AAFOLC_07985		2-aminoadipate transaminase	SO:0001217, UniRef:UniRef50_A0A0T5PD03
contig_1	cds	1729314	1730966	+	AAFOLC_07990		Long-chain-fatty-acid--CoA ligase	SO:0001217, UniRef:UniRef50_A0A0T5PD68
contig_1	cds	1731145	1731921	+	AAFOLC_07995		glucose 1-dehydrogenase [NAD(P)(+)]	SO:0001217, UniRef:UniRef50_A0A6H1P320
contig_1	cds	1731986	1733149	+	AAFOLC_08000		Acyl-CoA dehydrogenase	SO:0001217, UniRef:UniRef50_A0A0E3YC17, UniRef:UniRef90_A0A3L7AKE4
contig_1	cds	1733165	1733623	+	AAFOLC_08005		MaoC-like domain-containing protein	SO:0001217, UniRef:UniRef50_A0A176FIY1
contig_1	cds	1733803	1735209	+	AAFOLC_08010		Biotin carboxylase	SO:0001217, UniRef:UniRef50_A0A1L8WJH2
contig_1	cds	1735389	1735928	+	AAFOLC_08015		TRAP transporter small permease protein	SO:0001217, UniRef:UniRef50_A0A3L7AMW1
contig_1	cds	1735971	1737278	+	AAFOLC_08020		TRAP transporter large permease protein	SO:0001217, UniRef:UniRef50_A0A0P1GHH7
contig_1	cds	1737324	1738463	+	AAFOLC_08025		TRAP-type C4-dicarboxylate transport system, substrate-binding protein	SO:0001217, UniRef:UniRef50_A0A3L7ANE4
contig_1	cds	1738528	1739268	+	AAFOLC_08030		Enoyl-CoA hydratase/isomerase family protein	SO:0001217, UniRef:UniRef50_A0A3L7AL16
contig_1	cds	1739280	1740449	+	AAFOLC_08035		3-ketoacyl-CoA thiolase, Acetyl-CoA acetyltransferase	SO:0001217, UniRef:UniRef50_A0A1Q8JYA4
contig_1	cds	1740681	1740860	+	AAFOLC_08040		hypothetical protein	
contig_1	cds	1740788	1742650	-	AAFOLC_08045	dctM	DctM domain-containing protein	SO:0001217, UniRef:UniRef50_A0A330H9D3
contig_1	cds	1743146	1743532	+	AAFOLC_08050		CMD domain-containing protein	SO:0001217, UniRef:UniRef50_A0A164AEJ1
contig_1	cds	1743577	1744536	+	AAFOLC_08055		Tripartite tricarboxylate transporter substrate binding protein	SO:0001217, UniRef:UniRef50_A0A428JHR5
contig_1	cds	1744613	1745071	+	AAFOLC_08060		hypothetical protein	
contig_1	cds	1745071	1746564	+	AAFOLC_08065		Tricarboxylic transport membrane protein	SO:0001217, UniRef:UniRef50_A0A428JI36
contig_1	cds	1746564	1747418	+	AAFOLC_08070		2-pyrone-4,6-dicarboxylate hydrolase	SO:0001217, UniRef:UniRef50_A0A428JHP4
contig_1	cds	1747423	1748136	-	AAFOLC_08075		hypothetical protein	PFAM:PF00392.24, PFAM:PF07729.15
contig_1	cds	1748327	1749109	+	AAFOLC_08080		2-oxo-hept-4-ene-1,7-dioate hydratase	SO:0001217, UniRef:UniRef50_P42270
contig_1	cds	1749106	1749909	+	AAFOLC_08085		5-keto-4-deoxy-D-glucarate aldolase	SO:0001217, UniRef:UniRef50_A0A850F492
contig_1	cds	1750096	1751115	-	AAFOLC_08090	yiaO	Extracytoplasmic solute receptor protein yiaO	SO:0001217, UniRef:UniRef50_A0A379PLK6
contig_1	cds	1751334	1752206	+	AAFOLC_08095	iclR	Regulatory protein IclR	SO:0001217, UniRef:UniRef50_A7IJ52
contig_1	cds	1752271	1753920	+	AAFOLC_08100		4-chlorobenzoate--CoA ligase	SO:0001217, UniRef:UniRef50_A0A0D6HA87
contig_1	cds	1753987	1754748	+	AAFOLC_08105		Glucose 1-dehydrogenase	SO:0001217, UniRef:UniRef50_A0A7X3MSD9
contig_1	cds	1754846	1756378	+	AAFOLC_08110		Glycerol-3-phosphate dehydrogenase	SO:0001217, UniRef:UniRef50_A0A0H2LZS5
contig_1	cds	1756398	1757888	+	AAFOLC_08115		Glycerol kinase 1	SO:0001217, UniRef:UniRef50_Q9HY41
contig_1	cds	1757895	1758407	-	AAFOLC_08120		UPF0178 protein bll3966	SO:0001217, UniRef:UniRef50_Q89N76
contig_1	cds	1758513	1759310	+	AAFOLC_08125		Phosphoesterase PA-phosphatase related protein	SO:0001217, UniRef:UniRef50_I3TUR0
contig_1	cds	1759398	1760060	+	AAFOLC_08130		DUF72 domain-containing protein	SO:0001217, UniRef:UniRef50_A0A7W3WAQ4
contig_1	cds	1760326	1762026	+	AAFOLC_08135		MFS domain-containing protein	SO:0001217, UniRef:UniRef50_A0A0S2EW92
contig_1	cds	1762317	1763729	+	AAFOLC_08140		Two component, sigma54 specific, transcriptional regulator, Fis family	SO:0001217, UniRef:UniRef50_H4F2R4
contig_1	cds	1763722	1765980	+	AAFOLC_08145		histidine kinase	SO:0001217, UniRef:UniRef50_A0A378ZXA0
contig_1	cds	1766074	1767645	+	AAFOLC_08150		Acyl-coenzyme A synthetase/AMP-(Fatty) acid ligase	SO:0001217, UniRef:UniRef50_A0A1G9R782
contig_1	cds	1767787	1769367	-	AAFOLC_08155		N-carbamoyl-L-amino acid hydrolase (L-carbamoylase)	SO:0001217, UniRef:UniRef50_G7ZIC9
contig_1	cds	1769433	1770161	-	AAFOLC_08160		Amino acid ABC transporter ATP-binding protein	SO:0001217, UniRef:UniRef50_P39456, UniRef:UniRef90_A0A3L7AD65
contig_1	cds	1770148	1770798	-	AAFOLC_08165		ABC transmembrane type-1 domain-containing protein	SO:0001217, UniRef:UniRef50_A0A2U8G9G7
contig_1	cds	1770803	1771465	-	AAFOLC_08170		ABC transmembrane type-1 domain-containing protein	SO:0001217, UniRef:UniRef50_A0A0Q7TA80
contig_1	cds	1771510	1772307	-	AAFOLC_08175		Amino acid ABC transporter substrate-binding protein	SO:0001217, UniRef:UniRef50_N6VS42
contig_1	cds	1772459	1773346	+	AAFOLC_08180	lysR	LysR family transcriptional regulator	SO:0001217, UniRef:UniRef50_A0A150U9B5
contig_1	cds	1773459	1775306	-	AAFOLC_08185		hypothetical protein	PFAM:PF13641.9
contig_1	cds	1775614	1776366	+	AAFOLC_08190		Class I SAM-dependent methyltransferase	SO:0001217, UniRef:UniRef50_A0A4P6X3B0
contig_1	cds	1776400	1776801	-	AAFOLC_08195	gtrA	GtrA domain-containing protein	SO:0001217, UniRef:UniRef50_U2Z548
contig_1	cds	1776798	1777757	-	AAFOLC_08200	ykoT	Putative glycosyltransferase YkoT	SO:0001217, UniRef:UniRef50_A0A0M7AYL4
contig_1	cds	1777754	1778716	-	AAFOLC_08205		UDP-glucuronate decarboxylase	SO:0001217, UniRef:UniRef50_A0A8J3G198
contig_1	cds	1778808	1780802	-	AAFOLC_08210		hypothetical protein	
contig_1	cds	1780868	1782688	-	AAFOLC_08215		hypothetical protein	PFAM:PF13641.9, PFAM:PF17994.4, PFAM:PF19320.2
contig_1	cds	1782747	1783874	-	AAFOLC_08220		UDP-galactopyranose mutase	SO:0001217, UniRef:UniRef50_A0A496VBB2
contig_1	cds	1783885	1784823	-	AAFOLC_08225		DUF707 domain-containing protein	SO:0001217, UniRef:UniRef50_A0A212Q814
contig_1	cds	1784820	1785638	-	AAFOLC_08230		hypothetical protein	
contig_1	cds	1785805	1786227	-	AAFOLC_08235	sufE	SufE domain-containing protein	SO:0001217, UniRef:UniRef50_A0A0S2ERT4
contig_1	cds	1786321	1786785	-	AAFOLC_08240		DUF5330 domain-containing protein	SO:0001217, UniRef:UniRef50_A7IF60
contig_1	cds	1787023	1788492	+	AAFOLC_08245		histidine kinase	SO:0001217, UniRef:UniRef50_A8HR11
contig_1	cds	1788489	1789151	+	AAFOLC_08250		PG-binding-1 domain-containing protein	SO:0001217, UniRef:UniRef50_A0A848K2N2
contig_1	cds	1789151	1789495	+	AAFOLC_08255		DUF1491 domain-containing protein	SO:0001217, UniRef:UniRef50_B0UED3
contig_1	cds	1789577	1789825	+	AAFOLC_08260		hypothetical protein	
contig_1	cds	1790108	1790764	-	AAFOLC_08265		DUF1254 domain-containing protein	SO:0001217, UniRef:UniRef50_A0A258J2T8
contig_1	cds	1790761	1791336	-	AAFOLC_08270		DUF1214 domain-containing protein	SO:0001217, UniRef:UniRef50_A0A5S9NCP4
contig_1	cds	1791484	1791915	-	AAFOLC_08275		Acyl-CoA thioester hydrolase	SO:0001217, UniRef:UniRef50_A0A1H7GAR9
contig_1	cds	1791972	1793237	-	AAFOLC_08280		Phosphoribosylamine--glycine ligase	SO:0001217, UniRef:UniRef50_A8I6B2
contig_1	cds	1793375	1794964	+	AAFOLC_08285		Exodeoxyribonuclease 7 large subunit	SO:0001217, UniRef:UniRef50_A6X3A0
contig_1	cds	1795036	1795260	+	AAFOLC_08290		DUF2093 domain-containing protein	SO:0001217, UniRef:UniRef50_A0A657M1M5
contig_1	cds	1795467	1796504	-	AAFOLC_08295		Tetraacyldisaccharide 4'-kinase	SO:0001217, UniRef:UniRef50_A7IFD6
contig_1	cds	1796501	1797796	-	AAFOLC_08300		3-deoxy-D-manno-octulosonic acid transferase	SO:0001217, UniRef:UniRef50_Q89DC4
contig_1	cds	1797793	1798500	-	AAFOLC_08305		DUF374 domain-containing protein	SO:0001217, UniRef:UniRef50_A0A1Q4DKG7
contig_1	cds	1798602	1798841	-	AAFOLC_08310		DUF4170 domain-containing protein	SO:0001217, UniRef:UniRef50_A1UU06, UniRef:UniRef90_A0A3L7A681
contig_1	cds	1798838	1799653	-	AAFOLC_08315		Inositol-1-monophosphatase	SO:0001217, UniRef:UniRef50_A0A0S4PY24
contig_1	cds	1799802	1800767	-	AAFOLC_08320		4-hydroxybenzoate octaprenyltransferase	SO:0001217, UniRef:UniRef50_A0A258DUK4
contig_1	cds	1800777	1801262	-	AAFOLC_08325		DUF1311 domain-containing protein	SO:0001217, UniRef:UniRef50_A7IFE2
contig_1	cds	1801774	1803534	+	AAFOLC_08330	ilvB	acetolactate synthase 3 large subunit	COG:COG0028, COG:EH, EC:2.2.1.6, KEGG:K01652, SO:0001217, UniRef:UniRef50_A0A2E9XFJ5, UniRef:UniRef90_A7IFE3
contig_1	cds	1803642	1804157	+	AAFOLC_08335	ilvN	acetolactate synthase small subunit	COG:COG0440, COG:E, SO:0001217, UniRef:UniRef50_M4S3I8, UniRef:UniRef90_A0A3L7A6R1
contig_1	cds	1804255	1805274	+	AAFOLC_08340	ilvC	ketol-acid reductoisomerase	COG:COG0059, COG:EH, EC:1.1.1.86, GO:0000287, GO:0004455, GO:0009097, GO:0009099, GO:0050661, KEGG:K00053, SO:0001217, UniRef:UniRef50_Q9RU74, UniRef:UniRef90_A7IFE5
contig_1	cds	1805618	1805827	+	AAFOLC_08345	copG	CopG family transcriptional regulator	SO:0001217, UniRef:UniRef50_A0A3L7A6M4, UniRef:UniRef90_UPI001E3CF274
contig_1	cds	1806027	1806293	+	AAFOLC_08350	tnp	IS3 family transposase ORF A	SO:0001217, UniRef:UniRef50_P17985, UniRef:UniRef90_A0A1G4UTN6
contig_1	cds	1806287	1807216	+	AAFOLC_08355		IS3 family transposase	SO:0001217, UniRef:UniRef50_A0A8F7ZGV0, UniRef:UniRef90_A7ILR9
contig_1	cds	1807373	1807765	+	AAFOLC_08360		hypothetical protein	
contig_1	cds	1807943	1810189	+	AAFOLC_08365		TonB-dependent receptor	SO:0001217, UniRef:UniRef50_A0A1Q3VYU3
contig_1	ncRNA-region	1810409	1810623	+			Cobalamin riboswitch	RFAM:RF00174, SO:0000035
contig_1	cds	1810731	1812740	+	AAFOLC_08370		TonB-dependent receptor	SO:0001217, UniRef:UniRef50_A0A258J258
contig_1	cds	1812749	1813639	+	AAFOLC_08375		Fe/B12 periplasmic-binding domain-containing protein	SO:0001217, UniRef:UniRef50_A0A259KVL9
contig_1	cds	1813636	1814667	+	AAFOLC_08380		ABC transporter permease	SO:0001217, UniRef:UniRef50_A0A5B0KLU7
contig_1	cds	1814664	1815428	+	AAFOLC_08385	hmuV	Hemin import ATP-binding protein HmuV	SO:0001217, UniRef:UniRef50_A0A173KTS1
contig_1	cds	1815454	1819722	-	AAFOLC_08390	tamB	Translocation/assembly module TamB	SO:0001217, UniRef:UniRef50_D7A5N1
contig_1	cds	1819722	1821608	-	AAFOLC_08395		Omp85 domain-containing protein	SO:0001217, UniRef:UniRef50_A8IQ89
contig_1	cds	1822224	1822571	+	AAFOLC_08400		hypothetical protein	
contig_1	cds	1822697	1823887	+	AAFOLC_08405		MFS domain-containing protein	SO:0001217, UniRef:UniRef50_E0SMV3
contig_1	cds	1823895	1825247	-	AAFOLC_08410		FAD-binding FR-type domain-containing protein	SO:0001217, UniRef:UniRef50_A0A5C1E5L9
contig_1	cds	1825414	1827372	-	AAFOLC_08415		FUSC family protein	SO:0001217, UniRef:UniRef50_A0A4Q6WTV7
contig_1	cds	1827372	1827833	-	AAFOLC_08420	marR	Regulatory protein, MarR	SO:0001217, UniRef:UniRef50_A5EDL3
contig_1	cds	1828489	1829853	-	AAFOLC_08425	accC	acetyl-CoA carboxylase biotin carboxylase subunit	COG:COG0439, COG:I, SO:0001217, UniRef:UniRef50_F9Y7C8, UniRef:UniRef90_A0A4R3LRK9
contig_1	cds	1829881	1830345	-	AAFOLC_08430		Biotin carboxyl carrier protein of acetyl-CoA carboxylase	SO:0001217, UniRef:UniRef50_A0A0P8BSC3
contig_1	cds	1830406	1830846	-	AAFOLC_08435		3-dehydroquinate dehydratase	SO:0001217, UniRef:UniRef50_A6T2B3
contig_1	cds	1831130	1832935	-	AAFOLC_08440		Glutamyl-tRNA(Gln) amidotransferase subunit A	SO:0001217, UniRef:UniRef50_I3X607
contig_1	cds	1833247	1833405	-	AAFOLC_08445		hypothetical protein	
contig_1	cds	1833591	1834460	-	AAFOLC_08450		Formyltetrahydrofolate deformylase	SO:0001217, UniRef:UniRef50_A0A845FWK7
contig_1	cds	1834559	1835179	-	AAFOLC_08455		Sarcosine oxidase subunit gamma	SO:0001217, UniRef:UniRef50_A0A848JQN7
contig_1	cds	1835172	1838144	-	AAFOLC_08460		Sarcosine oxidase subunit alpha	SO:0001217, UniRef:UniRef50_A0A520XTM5
contig_1	cds	1838141	1838419	-	AAFOLC_08465		Sarcosine oxidase, subunit delta	SO:0001217, UniRef:UniRef50_D3P1F8
contig_1	cds	1838625	1839881	-	AAFOLC_08470		Sarcosine oxidase subunit beta	SO:0001217, UniRef:UniRef50_O87388
contig_1	cds	1840061	1841035	+	AAFOLC_08475	cmpR	HTH-type transcriptional activator CmpR	SO:0001217, UniRef:UniRef50_A0A5S9NB01
contig_1	cds	1841154	1841354	-	AAFOLC_08480		CcoQ/FixQ family Cbb3-type cytochrome c oxidase assembly chaperone	SO:0001217, UniRef:UniRef50_A0A3L7ALC8
contig_1	cds	1841501	1842910	-	AAFOLC_08485		Ammonium transporter family protein	SO:0001217, UniRef:UniRef50_F8JBR4
contig_1	cds	1843064	1843156	-	AAFOLC_08490		hypothetical protein	
contig_1	cds	1843392	1844753	-	AAFOLC_08495		Glutamine synthetase	SO:0001217, UniRef:UniRef50_O87393
contig_1	cds	1844875	1846212	-	AAFOLC_08500	gltB2	Glutamate synthase domain 2	COG:COG0069, COG:E, SO:0001217, UniRef:UniRef50_O87392, UniRef:UniRef90_A0A522GR88
contig_1	cds	1846290	1847000	-	AAFOLC_08505		Glutamine amidotransferases class-II	SO:0001217, UniRef:UniRef50_Q0JZ49
contig_1	cds	1846997	1847896	-	AAFOLC_08510	glxB	Glutamine amidotransferase-like protein GlxB	SO:0001217, UniRef:UniRef50_O87390
contig_1	cds	1848030	1848698	-	AAFOLC_08515		HTH cro/C1-type domain-containing protein	SO:0001217, UniRef:UniRef50_W0AES6
contig_1	tRNA	1848931	1849006	+	AAFOLC_08520	trnF	tRNA-Phe(gaa)	SO:0000267
contig_1	cds	1849186	1850367	+	AAFOLC_08525		Integrase	SO:0001217, UniRef:UniRef50_X6DCJ3
contig_1	cds	1850911	1851900	+	AAFOLC_08530		hypothetical protein	PFAM:PF13384.9
contig_1	cds	1852657	1852935	+	AAFOLC_08535		Transposase	SO:0001217, UniRef:UniRef50_A0A087N6S0, UniRef:UniRef90_A0A4R1HFX3
contig_1	cds	1853043	1853801	+	AAFOLC_08540		hypothetical protein	PFAM:PF00665.29, PFAM:PF13276.9, PFAM:PF13683.9
contig_1	cds	1853988	1854851	+	AAFOLC_08545		D-glycerate dehydrogenase	SO:0001217, UniRef:UniRef50_A0A098TAZ6
contig_1	cds	1854842	1855735	-	AAFOLC_08550	lysR	Transcriptional regulator, LysR family	SO:0001217, UniRef:UniRef50_A0A521FBD3
contig_1	cds	1855762	1857303	-	AAFOLC_08555		Tat pathway signal protein	SO:0001217, UniRef:UniRef50_F0RUW3
contig_1	cds	1857329	1857802	-	AAFOLC_08560		hypothetical protein	
contig_1	cds	1857882	1858832	-	AAFOLC_08565	tctC	Tripartite-type tricarboxylate transporter, receptor component TctC	SO:0001217, UniRef:UniRef50_A0A1G7RZS0
contig_1	cds	1859050	1859619	-	AAFOLC_08570		3MP dioxygenase Mdo	SO:0001217, UniRef:UniRef50_B9U5L8
contig_1	cds	1859616	1860842	-	AAFOLC_08575		Carnitine dehydratase	SO:0001217, UniRef:UniRef50_A0A376AET2
contig_1	cds	1860919	1861689	+	AAFOLC_08580		Enoyl-CoA hydratase/isomerase family protein	SO:0001217, UniRef:UniRef50_A0A3D8PBN9
contig_1	cds	1861728	1862483	+	AAFOLC_08585	kdgR	Transcriptional regulator KdgR	SO:0001217, UniRef:UniRef50_A0A221K8I1
contig_1	cds	1862753	1863964	+	AAFOLC_08590		2-dehydro-3-deoxyphosphogalactonate aldolase/galactonate dehydratase	SO:0001217, UniRef:UniRef50_A0A0K8P717
contig_1	cds	1863995	1864336	+	AAFOLC_08595		Carboxymuconolactone decarboxylase family protein	SO:0001217, UniRef:UniRef50_A0A1L3LUA1
contig_1	cds	1864467	1864760	+	AAFOLC_08600		hypothetical protein	
contig_1	cds	1864966	1866111	-	AAFOLC_08605		DUF4915 domain-containing protein	SO:0001217, UniRef:UniRef50_A7HT96
contig_1	cds	1866211	1872891	-	AAFOLC_08610		hypothetical protein	
contig_1	cds	1873666	1874418	-	AAFOLC_08615		Response regulator transcription factor	SO:0001217, UniRef:UniRef50_A0A259LK96
contig_1	cds	1874436	1876523	-	AAFOLC_08620		histidine kinase	SO:0001217, UniRef:UniRef50_A0A259LKK7
contig_1	cds	1876645	1877427	-	AAFOLC_08625		hypothetical protein	
contig_1	cds	1877534	1877890	-	AAFOLC_08630		hypothetical protein	PFAM:PF00576.24
contig_1	cds	1877897	1879666	-	AAFOLC_08635		Benzaldehyde lyase	SO:0001217, UniRef:UniRef50_A0A2P6GJU9
contig_1	cds	1879888	1880001	-	AAFOLC_08640		hypothetical protein	
contig_1	cds	1880254	1881063	-	AAFOLC_08645		NitT/TauT family transport system ATP-binding protein	SO:0001217, UniRef:UniRef50_A0A371B3C8, UniRef:UniRef90_A0A848K385
contig_1	cds	1881069	1881860	-	AAFOLC_08650		ABC transmembrane type-1 domain-containing protein	SO:0001217, UniRef:UniRef50_A0A327L4L9
contig_1	cds	1881875	1883281	-	AAFOLC_08655		Dihydroorotase	SO:0001217, UniRef:UniRef50_A0A6S7FAJ7, UniRef:UniRef90_A0A848JUD9
contig_1	cds	1883397	1884428	-	AAFOLC_08660	yjiA	P-loop guanosine triphosphatase YjiA	SO:0001217, UniRef:UniRef50_A0A6S7FEL3
contig_1	cds	1884465	1885439	-	AAFOLC_08665		NMT1 domain-containing protein	SO:0001217, UniRef:UniRef50_A0A327KB64
contig_1	cds	1885593	1886351	+	AAFOLC_08670	iclR	IclR family transcriptional regulator	SO:0001217, UniRef:UniRef50_A0A1Q4DEY9
contig_1	cds	1886912	1887106	-	AAFOLC_08675		hypothetical protein	
contig_1	cds	1887114	1890197	-	AAFOLC_08680	acrB	Multidrug efflux pump subunit AcrB	COG:COG0841, COG:V, SO:0001217, UniRef:UniRef50_L0GZ97, UniRef:UniRef90_A8IHJ8
contig_1	cds	1890210	1891331	-	AAFOLC_08685	acrA	Multidrug efflux pump subunit AcrA (membrane-fusion protein)	COG:COG0845, COG:MV, SO:0001217, UniRef:UniRef50_A0A0S6V0L8, UniRef:UniRef90_A7IE64
contig_1	cds	1891393	1892928	-	AAFOLC_08690	tolC	Outer membrane protein TolC	COG:COG1538, COG:M, SO:0001217, UniRef:UniRef50_A0A211ZHY6, UniRef:UniRef90_A7IE65
contig_1	cds	1893047	1893682	+	AAFOLC_08695		Transcriptional regulator	SO:0001217, UniRef:UniRef50_A8IHK6
contig_1	cds	1893915	1894295	-	AAFOLC_08700		Tyr recombinase domain-containing protein	SO:0001217, UniRef:UniRef50_A0A2A6LM17
contig_1	cds	1894671	1896587	-	AAFOLC_08705		hypothetical protein	
contig_1	cds	1896618	1897556	-	AAFOLC_08710		TAXI family TRAP transporter solute-binding subunit	SO:0001217, UniRef:UniRef50_A0A7C6LMN1
contig_1	cds	1897902	1898765	-	AAFOLC_08715		Ureidoglycolate lyase	SO:0001217, UniRef:UniRef50_Q0B7L5
contig_1	cds	1898952	1899488	+	AAFOLC_08720		Cupin domain-containing protein	SO:0001217, UniRef:UniRef50_A3JWL1
contig_1	cds	1899523	1900203	+	AAFOLC_08725		FCD domain-containing protein	SO:0001217, UniRef:UniRef50_UPI00036BD8E8
contig_1	cds	1900170	1900490	-	AAFOLC_08730		hypothetical protein	
contig_1	cds	1900886	1902544	+	AAFOLC_08735		Glutathione hydrolase proenzyme	SO:0001217, UniRef:UniRef50_C4WP95
contig_1	cds	1902802	1904595	+	AAFOLC_08740		Sulfatase domain-containing protein	SO:0001217, UniRef:UniRef50_A0A512NDK7
contig_1	cds	1905157	1905486	+	AAFOLC_08745		Transposase	SO:0001217, UniRef:UniRef50_A0A370WXC0
contig_1	ncRNA-region	1905441	1905557	+			ALIL pseudoknot	RFAM:RF01497, SO:0005836
contig_1	cds	1905483	1906388	+	AAFOLC_08750		Transposase	SO:0001217, UniRef:UniRef50_A0A6F8UPQ8
contig_1	cds	1906390	1906674	-	AAFOLC_08755	tnp	IS3 family transposase ORF A	SO:0001217, UniRef:UniRef50_P17985, UniRef:UniRef90_A0A1G4UTN6
contig_1	cds	1906937	1908457	-	AAFOLC_08760		Aldehyde dehydrogenase	SO:0001217, UniRef:UniRef50_A0A653F7Y5, UniRef:UniRef90_A0A3L7AFV6
contig_1	cds	1908477	1909160	-	AAFOLC_08765	gntR	DNA-binding GntR family transcriptional regulator	SO:0001217, UniRef:UniRef50_A0A0A3XSZ6, UniRef:UniRef90_A0A848JVP3
contig_1	cds	1909309	1910559	+	AAFOLC_08770		ABC transporter substrate-binding protein	SO:0001217, UniRef:UniRef50_W6W054, UniRef:UniRef90_UPI002023156C
contig_1	cds	1910719	1911579	+	AAFOLC_08775		Branched-chain amino acid ABC transporter permease	SO:0001217, UniRef:UniRef50_A0A327K1V4, UniRef:UniRef90_A0A3L7AFP7
contig_1	cds	1911576	1912562	+	AAFOLC_08780		Branched-chain amino acid ABC transporter permease	SO:0001217, UniRef:UniRef50_A0A258LQX5, UniRef:UniRef90_A0A258LQX5
contig_1	cds	1912555	1913298	+	AAFOLC_08785		Branched-chain amino acid transport system ATP-binding protein	SO:0001217, UniRef:UniRef50_W6W061, UniRef:UniRef90_A0A848JYC7
contig_1	cds	1913291	1914007	+	AAFOLC_08790		ABC transporter ATP-binding protein	SO:0001217, UniRef:UniRef50_A0A3L7AEU2
contig_1	cds	1914007	1914831	+	AAFOLC_08795		3-oxoadipate enol-lactonase	SO:0001217, UniRef:UniRef50_A0A848JX24
contig_1	cds	1915593	1915766	+	AAFOLC_08800		hypothetical protein	
contig_1	cds	1916450	1917286	+	AAFOLC_08805		polysaccharide deacetylase family protein	SO:0001217, UniRef:UniRef50_A0A346A2Q5, UniRef:UniRef90_UPI001EDE1FD7
contig_1	cds	1917434	1918213	+	AAFOLC_08810		SDR family oxidoreductase	SO:0001217, UniRef:UniRef50_L0M071, UniRef:UniRef90_UPI001EE07E51
contig_1	cds	1918261	1919232	+	AAFOLC_08815		tripartite tricarboxylate transporter substrate-binding protein	SO:0001217, UniRef:UniRef50_A0A327KMR6, UniRef:UniRef90_UPI001EDF643D
contig_1	cds	1919103	1919417	-	AAFOLC_08820		hypothetical protein	
contig_1	cds	1919420	1920292	+	AAFOLC_08825		FCD domain-containing protein	KEGG:K15735, SO:0001217, UniRef:UniRef50_UPI001BA6B3D0, UniRef:UniRef90_UPI001EDD7EA7
contig_1	cds	1920547	1921413	+	AAFOLC_08830		fumarylacetoacetate hydrolase family protein	SO:0001217, UniRef:UniRef50_A0A3N9EUG4, UniRef:UniRef90_UPI001EDFF3FA
contig_1	cds	1921482	1921928	+	AAFOLC_08835	tctB	tripartite tricarboxylate transporter TctB family protein	KEGG:K07794, SO:0001217, UniRef:UniRef50_UPI001EE0D01B, UniRef:UniRef90_UPI001EE0D01B
contig_1	cds	1921928	1923427	+	AAFOLC_08840		tripartite tricarboxylate transporter permease	KEGG:K07793, SO:0001217, UniRef:UniRef50_A0A433SBE2, UniRef:UniRef90_UPI001EE15498
contig_1	cds	1924116	1924874	-	AAFOLC_08845		hypothetical protein	PFAM:PF00665.29, PFAM:PF13276.9, PFAM:PF13683.9
contig_1	cds	1924982	1925260	-	AAFOLC_08850		Transposase	SO:0001217, UniRef:UniRef50_A0A087N6S0, UniRef:UniRef90_A0A4R1HFX3
contig_1	cds	1925310	1925627	-	AAFOLC_08855		hypothetical protein	PFAM:PF02798.23, PFAM:PF13409.9, PFAM:PF13417.9
contig_1	cds	1925754	1925867	+	AAFOLC_08860		hypothetical protein	
contig_1	cds	1925895	1926173	+	AAFOLC_08865		Transposase	SO:0001217, UniRef:UniRef50_A0A087N6S0, UniRef:UniRef90_A0A4R1HFX3
contig_1	cds	1926281	1927039	+	AAFOLC_08870		hypothetical protein	PFAM:PF00665.29, PFAM:PF13276.9, PFAM:PF13683.9
contig_1	cds	1927908	1929164	-	AAFOLC_08875	fimB	Integrase/recombinase, includes phage integrase	COG:COG0582, COG:LX, SO:0001217, UniRef:UniRef50_A0A0R0LPY7, UniRef:UniRef90_A0A259LJ30
contig_1	cds	1929459	1931021	-	AAFOLC_08880	guaA	glutamine-hydrolyzing GMP synthase	COG:COG0519, COG:F, SO:0001217, UniRef:UniRef50_Q8UIL2, UniRef:UniRef90_A7ICG0
contig_1	cds	1931107	1931757	-	AAFOLC_08885		hypothetical protein	
contig_1	cds	1931836	1933134	-	AAFOLC_08890		Putative SUN-family protein, RNA methyltransferase	SO:0001217, UniRef:UniRef50_A5EHQ8
contig_1	cds	1933131	1933790	-	AAFOLC_08895		5-methylthioadenosine/S-adenosylhomocysteine nucleosidase	SO:0001217, UniRef:UniRef50_A0A1L3LHR5
contig_1	cds	1933973	1934320	-	AAFOLC_08900	yggT	YggT family protein	SO:0001217, UniRef:UniRef50_A0A848K040
contig_1	cds	1934482	1934997	+	AAFOLC_08905		Low affinity iron permease family protein	SO:0001217, UniRef:UniRef50_A0A0Q6K8M7
contig_1	cds	1935231	1935761	+	AAFOLC_08910		2,3,4,5-tetrahydropyridine-2,6-dicarboxylate N-acetyltransferase	SO:0001217, UniRef:UniRef50_A0A0P1I7B5
contig_1	cds	1936064	1936705	-	AAFOLC_08915		Transglutaminase	SO:0001217, UniRef:UniRef50_A0A5S9P575
contig_1	cds	1936922	1937671	+	AAFOLC_08920		Rhomboid domain-containing protein	SO:0001217, UniRef:UniRef50_A0A0Q7TUB3
contig_1	cds	1937982	1938413	+	AAFOLC_08925		CBS domain-containing protein	SO:0001217, UniRef:UniRef50_L7LHJ8
contig_1	cds	1938475	1939116	-	AAFOLC_08930		hypothetical protein	PFAM:PF00578.24, PFAM:PF08534.13, PFAM:PF10417.12
contig_1	cds	1939411	1941087	-	AAFOLC_08935		Lysine--tRNA ligase	SO:0001217, UniRef:UniRef50_B0T2A6
contig_1	cds	1941158	1941364	-	AAFOLC_08940		DUF485 domain-containing protein	SO:0001217, UniRef:UniRef50_A0A085EXH5
contig_1	cds	1941446	1942120	+	AAFOLC_08945		hypothetical protein	PFAM:PF00440.26, PFAM:PF16859.8
contig_1	cds	1942114	1943121	-	AAFOLC_08950		Extracellular solute-binding protein family 3	SO:0001217, UniRef:UniRef50_A7IHY3
contig_1	cds	1943172	1945199	+	AAFOLC_08955		Glycosyl transferase family 2	SO:0001217, UniRef:UniRef50_A7IHY2
contig_1	cds	1945144	1945785	-	AAFOLC_08960		Blr1131 protein	SO:0001217, UniRef:UniRef50_Q89VB6
contig_1	cds	1945814	1946020	-	AAFOLC_08965		hypothetical protein	
contig_1	cds	1946331	1947434	+	AAFOLC_08970		hypothetical protein	
contig_1	cds	1947550	1948332	-	AAFOLC_08975		Enoyl-CoA hydratase	SO:0001217, UniRef:UniRef50_F7QER7
contig_1	cds	1948894	1949706	-	AAFOLC_08980		TIGR02186 family protein	SO:0001217, UniRef:UniRef50_A0A3L7ACN2
contig_1	cds	1949703	1950629	-	AAFOLC_08985		putative membrane transporter protein	SO:0001217, UniRef:UniRef50_A0A1C3REU3
contig_1	cds	1950746	1951462	-	AAFOLC_08990		Pyroglutamyl-peptidase I	SO:0001217, UniRef:UniRef50_A0A3L7ADK9
contig_1	cds	1951468	1952448	-	AAFOLC_08995		putative GTPase MT1543	SO:0001217, UniRef:UniRef50_P9WPZ0
contig_1	cds	1952552	1952758	+	AAFOLC_09000		UPF0337 protein Atu4724	SO:0001217, UniRef:UniRef50_Q8U6T2
contig_1	cds	1952852	1953352	-	AAFOLC_09005		2-amino-4-hydroxy-6-hydroxymethyldihydropteridine pyrophosphokinase	SO:0001217, UniRef:UniRef50_A0A6P1YQU8
contig_1	cds	1953342	1954181	-	AAFOLC_09010		Dihydropteroate synthase	SO:0001217, UniRef:UniRef50_A8I063
contig_1	cds	1954366	1957848	-	AAFOLC_09015		Autotransporter domain-containing protein	SO:0001217, UniRef:UniRef50_A0A258K5K5
contig_1	cds	1958270	1960075	+	AAFOLC_09020	lepA	translation elongation factor 4	COG:COG0481, COG:J, EC:3.6.5.n1, GO:0003746, GO:0003924, GO:0005525, GO:0005886, GO:0043022, GO:0045727, GO:0097216, SO:0001217, UniRef:UniRef50_B8DUL6, UniRef:UniRef90_A7IEG8
contig_1	cds	1960435	1960959	-	AAFOLC_09025		Lipoprotein	SO:0001217, UniRef:UniRef50_D7A208
contig_1	cds	1961310	1961597	+	AAFOLC_09030	groES	co-chaperone GroES	COG:COG0234, COG:O, KEGG:K04078, SO:0001217, UniRef:UniRef50_P94819, UniRef:UniRef90_A7IEH1
contig_1	cds	1961670	1963316	+	AAFOLC_09035	groL	chaperonin GroEL	COG:COG0459, COG:O, EC:5.6.1.7, GO:0005524, GO:0005737, GO:0016853, GO:0042026, GO:0051082, GO:0140662, SO:0001217, UniRef:UniRef50_P42383, UniRef:UniRef90_A8ILV4
contig_1	cds	1963543	1964829	+	AAFOLC_09040		Diguanylate cyclase	SO:0001217, UniRef:UniRef50_A0A3L7AD33
contig_1	cds	1964903	1966228	-	AAFOLC_09045		TRAP transporter large permease protein	SO:0001217, UniRef:UniRef50_G2HUU9
contig_1	cds	1966234	1966779	-	AAFOLC_09050		TRAP transporter small permease protein	SO:0001217, UniRef:UniRef50_A0A3L7AED5
contig_1	cds	1966785	1967867	-	AAFOLC_09055		Extracytoplasmic solute receptor protein	SO:0001217, UniRef:UniRef50_A0A1G7PKE0
contig_1	cds	1968259	1968720	+	AAFOLC_09060	cutS	Aldehyde, CO, or xanthine dehydrogenase, Fe-S subunit, CoxS/CutS family	COG:C, COG:COG2080, SO:0001217, UniRef:UniRef50_Q51697, UniRef:UniRef90_A7IJG0
contig_1	cds	1968724	1970958	+	AAFOLC_09065		Ald-Xan-dh-C domain-containing protein	SO:0001217, UniRef:UniRef50_W0AJY4
contig_1	cds	1971150	1972241	-	AAFOLC_09070		Peptidase A2 domain-containing protein	SO:0001217, UniRef:UniRef50_A0A3L7ABX3
contig_1	cds	1972514	1973212	+	AAFOLC_09075		TIGR00266 family protein	SO:0001217, UniRef:UniRef50_A8ILU3
contig_1	cds	1973486	1974415	-	AAFOLC_09080		Acetoin utilization protein	SO:0001217, UniRef:UniRef50_A0A0T5P6C5
contig_1	cds	1974725	1975795	-	AAFOLC_09085		Threonylcarbamoyl-AMP synthase	SO:0001217, UniRef:UniRef50_A0A508TYS9
contig_1	cds	1976042	1977838	+	AAFOLC_09090		Acyl-CoA dehydrogenase	SO:0001217, UniRef:UniRef50_A0A562FL45
contig_1	cds	1978141	1979091	-	AAFOLC_09095		Signal peptide protein	SO:0001217, UniRef:UniRef50_A0A1B3NQN6
contig_1	cds	1979358	1980311	+	AAFOLC_09100		Tim44 domain-containing protein	SO:0001217, UniRef:UniRef50_V4RDF4
contig_1	cds	1980433	1981380	+	AAFOLC_09105	drrA	Daunorubicin/doxorubicin resistance ATP-binding protein DrrA	SO:0001217, UniRef:UniRef50_A0A0M6XZL8
contig_1	cds	1981383	1982144	+	AAFOLC_09110		Transport permease protein	SO:0001217, UniRef:UniRef50_A0A083ZEL1
contig_1	cds	1982217	1982738	-	AAFOLC_09115		DUF1269 domain-containing protein	SO:0001217, UniRef:UniRef50_A0A2U9SBP4
contig_1	cds	1982768	1982920	+	AAFOLC_09120		hypothetical protein	
contig_1	cds	1982954	1983532	+	AAFOLC_09125		ABC transporter ATP-binding protein	SO:0001217, UniRef:UniRef50_A0A3L7AD68
contig_1	cds	1983640	1984059	+	AAFOLC_09130		DUF3775 domain-containing protein	SO:0001217, UniRef:UniRef50_F8JAW9
contig_1	cds	1984120	1984329	+	AAFOLC_09135	chaB	Cation transport regulator ChaB	SO:0001217, UniRef:UniRef50_A0A091ATZ9
contig_1	cds	1984373	1985119	-	AAFOLC_09140	fkbM	FkbM family methyltransferase	SO:0001217, UniRef:UniRef50_A0A3L7ADH8
contig_1	cds	1985241	1985930	-	AAFOLC_09145	gntR	DNA-binding transcriptional regulator, GntR family	COG:COG1802, COG:K, SO:0001217, UniRef:UniRef50_K8PAS6, UniRef:UniRef90_A7IEQ0
contig_1	cds	1986194	1986664	+	AAFOLC_09150		CBS domain-containing protein	SO:0001217, UniRef:UniRef50_A8IFP2
contig_1	cds	1987044	1988273	+	AAFOLC_09155		Formyl-CoA:oxalate CoA-transferase	SO:0001217, UniRef:UniRef50_A0A239JI37
contig_1	cds	1988805	1990064	+	AAFOLC_09160		Oxalate/formate MFS antiporter	SO:0001217, UniRef:UniRef50_A0A521NUL2
contig_1	cds	1990128	1990352	-	AAFOLC_09165		hypothetical protein	
contig_1	cds	1990523	1992157	-	AAFOLC_09170		Glucose-6-phosphate isomerase	SO:0001217, UniRef:UniRef50_Q1MM06
contig_1	cds	1992172	1992894	-	AAFOLC_09175		6-phosphogluconolactonase	SO:0001217, UniRef:UniRef50_A0A6I7HNL7
contig_1	cds	1992887	1994362	-	AAFOLC_09180		Glucose-6-phosphate 1-dehydrogenase	SO:0001217, UniRef:UniRef50_Q9Z3S2
contig_1	cds	1994891	1995121	-	AAFOLC_09185	rpsU	30S ribosomal protein S21	COG:COG0828, COG:J, RefSeq:WP_237345760.1, SO:0001217, UniParc:UPI001F032BB6, UniRef:UniRef100_UPI001F032BB6, UniRef:UniRef50_Q2J055, UniRef:UniRef90_A0A512BN30
contig_1	cds	1995407	1996528	-	AAFOLC_09190		hypothetical protein	
contig_1	cds	1996571	1997680	-	AAFOLC_09195		N5-carboxyaminoimidazole ribonucleotide synthase	SO:0001217, UniRef:UniRef50_A0A0X8CND0
contig_1	cds	1997684	1998166	-	AAFOLC_09200		N5-carboxyaminoimidazole ribonucleotide mutase	SO:0001217, UniRef:UniRef50_P43849
contig_1	cds	1998371	2001382	+	AAFOLC_09205		DNA polymerase I	SO:0001217, UniRef:UniRef50_A0A2D4VMV4
contig_1	cds	2001664	2003157	+	AAFOLC_09210		Uroporphyrin-III C-methyltransferase/precorrin-2 dehydrogenase/sirohydrochlorin ferrochelatase	SO:0001217, UniRef:UniRef50_A0A839ZE33
contig_1	cds	2003223	2004227	-	AAFOLC_09215		MBL fold metallo-hydrolase	SO:0001217, UniRef:UniRef50_A0A3L7ALT1
contig_1	cds	2004500	2005243	-	AAFOLC_09220	yciK	Uncharacterized oxidoreductase yciK	SO:0001217, UniRef:UniRef50_A0A380WPP5
contig_1	cds	2005306	2006826	-	AAFOLC_09225	purF	amidophosphoribosyltransferase	COG:COG0034, COG:F, SO:0001217, UniRef:UniRef50_A9DB67, UniRef:UniRef90_A0A6C1KAF2
contig_1	cds	2007060	2007686	-	AAFOLC_09230	cvpA	CvpA family protein	KEGG:K03558, SO:0001217, UniRef:UniRef50_A0A5S9NF97, UniRef:UniRef90_A0A3L7ALT7
contig_1	cds	2007819	2009297	-	AAFOLC_09235	radA	DNA repair protein RadA	SO:0001217, UniRef:UniRef50_Q2YMH5
contig_1	cds	2009594	2010160	-	AAFOLC_09240		Inh domain-containing protein	SO:0001217, UniRef:UniRef50_D7A6A1
contig_1	cds	2010505	2011275	+	AAFOLC_09245		3-hydroxy acid dehydrogenase/malonic semialdehyde reductase	SO:0001217, UniRef:UniRef50_A0A7W8VCD5
contig_1	cds	2011436	2011966	+	AAFOLC_09250		Putative CDP-diacylglycerol--glycerol-3-phosphate 3-phosphatidyl-transferase 2	SO:0001217, UniRef:UniRef50_A0A0S4PYZ6
contig_1	cds	2012050	2013147	+	AAFOLC_09255		AI-2E family transporter	SO:0001217, UniRef:UniRef50_A7IK16
contig_1	cds	2013154	2013864	+	AAFOLC_09260		AAA domain-containing protein	SO:0001217, UniRef:UniRef50_A8HUF7
contig_1	cds	2013932	2016121	+	AAFOLC_09265		RNA degradosome polyphosphate kinase	EC:2.7.4.1, KEGG:K00937, SO:0001217, UniRef:UniRef50_Q6G327, UniRef:UniRef90_A0A3L7AJ44
contig_1	cds	2016069	2017652	+	AAFOLC_09270		exopolyphosphatase	SO:0001217, UniRef:UniRef50_A0A8I1R1W5
contig_1	cds	2018031	2020313	-	AAFOLC_09275	sfcA	Malic enzyme	COG:C, COG:COG0281, SO:0001217, UniRef:UniRef50_O30807, UniRef:UniRef90_A7IK30
contig_1	cds	2020727	2022781	+	AAFOLC_09280		DUF945 domain-containing protein	SO:0001217, UniRef:UniRef50_A0A3L7APB0
contig_1	cds	2022849	2023529	-	AAFOLC_09285		DUF2066 domain-containing protein	SO:0001217, UniRef:UniRef50_A0A2S0N6G2
contig_1	cds	2023632	2025404	-	AAFOLC_09290		Aspartate--tRNA(Asp/Asn) ligase	SO:0001217, UniRef:UniRef50_Q5GTS0
contig_1	cds	2025698	2027980	+	AAFOLC_09295		EAL domain-containing protein	SO:0001217, UniRef:UniRef50_A0A6C1KH43
contig_1	cds	2028048	2029226	+	AAFOLC_09300	rnd	ribonuclease D	EC:3.1.13.5, KEGG:K03684, SO:0001217, UniRef:UniRef50_B8EN54, UniRef:UniRef90_A0A3L7AH72
contig_1	cds	2029399	2031288	+	AAFOLC_09305	mutL	DNA mismatch repair protein MutL	SO:0001217, UniRef:UniRef50_B2II71
contig_1	cds	2031711	2032685	-	AAFOLC_09310		Glyoxylase-like metal-dependent hydrolase (Beta-lactamase superfamily II)	SO:0001217, UniRef:UniRef50_A0A848K0V6
contig_1	cds	2032953	2033966	-	AAFOLC_09315	aapJ	General L-amino acid-binding periplasmic protein AapJ	SO:0001217, UniRef:UniRef50_A0A128EVT4
contig_1	cds	2034020	2034649	-	AAFOLC_09320	ykuD	YkuD domain-containing protein	SO:0001217, UniRef:UniRef50_A4Z2Q6
contig_1	cds	2035108	2035854	+	AAFOLC_09325		putative transcriptional regulatory protein Saro_0419	SO:0001217, UniRef:UniRef50_Q2GBA6
contig_1	cds	2036139	2036561	-	AAFOLC_09330		HTH merR-type domain-containing protein	SO:0001217, UniRef:UniRef50_A0A5S9Q8T3
contig_1	cds	2036894	2039437	+	AAFOLC_09335		Sel1 repeat family protein	SO:0001217, UniRef:UniRef50_A0A3L7AG87
contig_1	cds	2039508	2040017	+	AAFOLC_09340	ruvC	Crossover junction endodeoxyribonuclease RuvC	SO:0001217, UniRef:UniRef50_Q92M90
contig_1	cds	2040053	2040484	+	AAFOLC_09345		Death domain-containing protein	SO:0001217, UniRef:UniRef50_A0A6N6ZUI5
contig_1	cds	2040504	2041121	+	AAFOLC_09350	ruvA	Holliday junction ATP-dependent DNA helicase RuvA	SO:0001217, UniRef:UniRef50_A8IM99
contig_1	cds	2041132	2041677	-	AAFOLC_09355		Flavin-Reduct domain-containing protein	SO:0001217, UniRef:UniRef50_A0A0D6PLX1
contig_1	cds	2041826	2042662	+	AAFOLC_09360		Alpha/beta hydrolase	SO:0001217, UniRef:UniRef50_F8JCQ6
contig_1	cds	2043002	2044039	+	AAFOLC_09365	ruvB	Holliday junction ATP-dependent DNA helicase RuvB	SO:0001217, UniRef:UniRef50_Q8U9K6
contig_1	cds	2044052	2044378	-	AAFOLC_09370	copG	CopG family transcriptional regulator	SO:0001217, UniRef:UniRef50_A0A3L7AJ32
contig_1	cds	2044533	2045684	-	AAFOLC_09375		Alanine racemase	SO:0001217, UniRef:UniRef50_A0A2D2AZ48
contig_1	cds	2045681	2047168	-	AAFOLC_09380	dnaB	replicative DNA helicase	COG:COG0305, COG:L, SO:0001217, UniRef:UniRef50_A9IRT3, UniRef:UniRef90_A7II03
contig_1	cds	2047522	2048460	+	AAFOLC_09385		Dihydrodipicolinate synthase family protein	SO:0001217, UniRef:UniRef50_K8PA72
contig_1	cds	2048481	2049266	+	AAFOLC_09390	fabG	3-oxoacyl-[acyl-carrier-protein] reductase FabG	SO:0001217, UniRef:UniRef50_A0A127MTX8
contig_1	cds	2049738	2050127	+	AAFOLC_09395		Secreted protein	SO:0001217, UniRef:UniRef50_A7II04
contig_1	cds	2050225	2050521	-	AAFOLC_09400		UPF0235 protein M446_3939	SO:0001217, UniRef:UniRef50_B0UH52
contig_1	cds	2050554	2050844	-	AAFOLC_09405	yggT	YggT family protein	SO:0001217, UniRef:UniRef50_A7ICM3
contig_1	cds	2050942	2051142	-	AAFOLC_09410		hypothetical protein	
contig_1	cds	2051601	2052554	+	AAFOLC_09415		Acetyl-coenzyme A carboxylase carboxyl transferase subunit alpha	SO:0001217, UniRef:UniRef50_Q5P2J0
contig_1	cds	2052830	2054224	+	AAFOLC_09420		hypothetical protein	
contig_1	cds	2054289	2054504	-	AAFOLC_09425		hypothetical protein	
contig_1	cds	2054545	2057325	-	AAFOLC_09430	secA	Protein translocase subunit SecA	SO:0001217, UniRef:UniRef50_Q83F06
contig_1	cds	2057778	2059058	+	AAFOLC_09435		HlyD-D23 domain-containing protein	SO:0001217, UniRef:UniRef50_A0A258IM25
contig_1	cds	2059088	2062312	+	AAFOLC_09440		Efflux pump membrane transporter	SO:0001217, UniRef:UniRef50_A0A508SUG9
contig_1	cds	2062640	2066017	+	AAFOLC_09445		TGc domain-containing protein	SO:0001217, UniRef:UniRef50_A0A518DMV5
contig_1	cds	2066159	2066542	-	AAFOLC_09450	zapA	Cell division protein ZapA	SO:0001217, UniRef:UniRef50_D7A7B1
contig_1	cds	2066547	2066852	-	AAFOLC_09455		DUF4164 domain-containing protein	SO:0001217, UniRef:UniRef50_A8IM83, UniRef:UniRef90_A0A3L7AHN9
contig_1	cds	2067511	2069475	+	AAFOLC_09460		Transketolase	SO:0001217, UniRef:UniRef50_P29277
contig_1	cds	2069582	2070592	+	AAFOLC_09465	gap	type I glyceraldehyde-3-phosphate dehydrogenase	COG:COG0057, COG:G, SO:0001217, UniRef:UniRef50_P27726, UniRef:UniRef90_A0A3L7AHQ1
contig_1	cds	2070616	2071806	+	AAFOLC_09470		Phosphoglycerate kinase	SO:0001217, UniRef:UniRef50_Q8YIY0
contig_1	cds	2071879	2072901	+	AAFOLC_09475		fructose-bisphosphate aldolase class I	EC:4.1.2.13, KEGG:K01623, SO:0001217, UniRef:UniRef50_Q8L207, UniRef:UniRef90_A0A3L7AJF5
contig_1	cds	2073235	2073849	+	AAFOLC_09480		Thiamine-phosphate pyrophosphorylase	SO:0001217, UniRef:UniRef50_A0A848JXU7
contig_1	cds	2073846	2074895	+	AAFOLC_09485		hypothetical protein	PFAM:PF08238.15
contig_1	cds	2075037	2075825	+	AAFOLC_09490		Inositol-1-monophosphatase	SO:0001217, UniRef:UniRef50_Q98F59
contig_1	cds	2075785	2076153	-	AAFOLC_09495	cutA	Divalent-cation tolerance protein CutA	SO:0001217, UniRef:UniRef50_A0A3L7AD05
contig_1	cds	2076480	2077262	+	AAFOLC_09500		NAD kinase	SO:0001217, UniRef:UniRef50_P58056
contig_1	cds	2077286	2078701	+	AAFOLC_09505		MBOAT family protein	SO:0001217, UniRef:UniRef50_A0A1L3SUS1
contig_1	cds	2078752	2079864	+	AAFOLC_09510		ALGX domain-containing protein	SO:0001217, UniRef:UniRef50_A0A3L7AQ92
contig_1	cds	2080418	2081020	-	AAFOLC_09515	ykuD	YkuD domain-containing protein	SO:0001217, UniRef:UniRef50_A0A0Q6A9H6
contig_1	cds	2081335	2081550	+	AAFOLC_09520		hypothetical protein	
contig_1	cds	2081708	2082685	+	AAFOLC_09525		Magnesium transporter	SO:0001217, UniRef:UniRef50_A0A3L7APR3
contig_1	cds	2082698	2083492	-	AAFOLC_09530	fabG	NAD(P)-dependent dehydrogenase, short-chain alcohol dehydrogenase family	COG:COG1028, COG:I, SO:0001217, UniRef:UniRef50_A0A1Y5SDB2, UniRef:UniRef90_A7II76
contig_1	cds	2083612	2084253	-	AAFOLC_09535		Pyridoxine/pyridoxamine 5'-phosphate oxidase	SO:0001217, UniRef:UniRef50_Q89RY8
contig_1	cds	2084366	2084794	+	AAFOLC_09540		17kDa-Anti-2 domain-containing protein	SO:0001217, UniRef:UniRef50_A0A259L035
contig_1	cds	2084880	2085845	+	AAFOLC_09545		Curved DNA-binding protein	SO:0001217, UniRef:UniRef50_A0A2U3Q7C1
contig_1	cds	2085987	2087234	-	AAFOLC_09550		Glyco-hydro-2-C domain-containing protein	SO:0001217, UniRef:UniRef50_A0A848K6Z9
contig_1	cds	2087405	2088775	+	AAFOLC_09555		SAF domain-containing protein	SO:0001217, UniRef:UniRef50_A9CES2
contig_1	cds	2089043	2090536	-	AAFOLC_09560		Polyphosphate:AMP phosphotransferase	SO:0001217, UniRef:UniRef50_A0A3L7AHA4
contig_1	cds	2090575	2091027	-	AAFOLC_09565	maoC	Acyl-CoA dehydratase PaaZ	COG:COG2030, COG:I, SO:0001217, UniRef:UniRef50_A0A0S4Q3I7, UniRef:UniRef90_A0A848K379
contig_1	cds	2091494	2093566	+	AAFOLC_09570		Diguanylate cyclase/phosphodiesterase with PAS/PAC sensor(S)	SO:0001217, UniRef:UniRef50_A0A1H4YUI9
contig_1	cds	2093739	2096273	-	AAFOLC_09575		hypothetical protein	PFAM:PF02786.20
contig_1	tRNA	2096763	2096837	-	AAFOLC_09580	trnQ	tRNA-Gln(ttg)	SO:0000261
contig_1	cds	2097240	2097521	+	AAFOLC_09585		ACT domain-containing protein	SO:0001217, UniRef:UniRef50_A0A3L7AFR1
contig_1	cds	2097529	2098467	+	AAFOLC_09590		Transporter	SO:0001217, UniRef:UniRef50_A0A085EUP6
contig_1	cds	2098446	2099360	-	AAFOLC_09595		tRNA-synt-1c domain-containing protein	SO:0001217, UniRef:UniRef50_A0A2P7RIV0
contig_1	cds	2099435	2100085	+	AAFOLC_09600		ENDO3c domain-containing protein	SO:0001217, UniRef:UniRef50_A0A258J1R8
contig_1	cds	2100181	2100858	+	AAFOLC_09605		Abhydrolase-2 domain-containing protein	SO:0001217, UniRef:UniRef50_A0A1P8X2T2
contig_1	cds	2100937	2101494	+	AAFOLC_09610	mcrA	5-methylcytosine-specific restriction endonuclease McrA	COG:COG1403, COG:V, SO:0001217, UniRef:UniRef50_A0A023XRE3, UniRef:UniRef90_A7IM24
contig_1	cds	2101498	2102004	-	AAFOLC_09615	dsbB	Disulfide bond formation protein DsbB	SO:0001217, UniRef:UniRef50_A0A258E636
contig_1	cds	2102310	2102843	+	AAFOLC_09620		Transcriptional repressor	KEGG:K09826, SO:0001217, UniRef:UniRef50_Q21CG1, UniRef:UniRef90_A0A3L7AFD2
contig_1	cds	2103337	2103705	-	AAFOLC_09625		DUF2794 domain-containing protein	SO:0001217, UniRef:UniRef50_A0A1I3WVH6
contig_1	cds	2104184	2104966	-	AAFOLC_09630		DUF1223 domain-containing protein	SO:0001217, UniRef:UniRef50_A0A258J1S7
contig_1	cds	2105228	2107924	-	AAFOLC_09635	acnA	aconitate hydratase AcnA	COG:C, COG:COG1048, EC:4.2.1.3, KEGG:K01681, SO:0001217, UniRef:UniRef50_C0W378, UniRef:UniRef90_UPI001EE121EC
contig_1	cds	2108090	2108710	+	AAFOLC_09640	ccmA	Cytochrome c biogenesis ATP-binding export protein CcmA	SO:0001217, UniRef:UniRef50_Q2K396
contig_1	cds	2108707	2109378	+	AAFOLC_09645		Heme exporter protein B	SO:0001217, UniRef:UniRef50_Q6NDA5
contig_1	cds	2109479	2110210	+	AAFOLC_09650		Heme exporter protein C	SO:0001217, UniRef:UniRef50_A0A0N0K959
contig_1	cds	2110213	2110434	+	AAFOLC_09655		Heme exporter protein D	SO:0001217, UniRef:UniRef50_A0A3L7AF75
contig_1	cds	2110431	2111027	+	AAFOLC_09660	cycY	Thiol:disulfide interchange protein CycY	SO:0001217, UniRef:UniRef50_P30960
contig_1	cds	2111080	2111892	+	AAFOLC_09665	moeZ	Putative adenylyltransferase/sulfurtransferase MoeZ	SO:0001217, UniRef:UniRef50_A0A2Z4UPL9
contig_1	cds	2112050	2113051	-	AAFOLC_09670	ldhA	Lactate dehydrogenase or related 2-hydroxyacid dehydrogenase	COG:CHR, COG:COG1052, SO:0001217, UniRef:UniRef50_A0A1L3KYQ9, UniRef:UniRef90_A7IMV5
contig_1	cds	2113207	2113770	+	AAFOLC_09675		SH3-like domain-containing protein	SO:0001217, UniRef:UniRef50_D7A1W1
contig_1	cds	2114008	2114946	-	AAFOLC_09680		Lipid A biosynthesis lauroyl acyltransferase	SO:0001217, UniRef:UniRef50_A0A258IX93
contig_1	cds	2114963	2115985	-	AAFOLC_09685		Alcohol dehydrogenase	SO:0001217, UniRef:UniRef50_A0A379N3P2
contig_1	cds	2116007	2116768	-	AAFOLC_09690	fabG	3-oxoacyl-[acyl-carrier-protein] reductase FabG	SO:0001217, UniRef:UniRef50_A0A0P0IPG3
contig_1	cds	2116860	2118143	-	AAFOLC_09695	fabB	beta-ketoacyl-ACP synthase	COG:COG0304, COG:IQ, SO:0001217, UniRef:UniRef50_A0A6A5LEX8, UniRef:UniRef90_A0A848K1N4
contig_1	cds	2118397	2119578	-	AAFOLC_09700		3-oxoacyl-(Acyl carrier protein) synthase	SO:0001217, UniRef:UniRef50_G9A7K3
contig_1	cds	2119571	2120044	-	AAFOLC_09705		3-hydroxyacyl-[acyl-carrier-protein] dehydratase	SO:0001217, UniRef:UniRef50_A0A848K419
contig_1	cds	2120060	2120341	-	AAFOLC_09710	acpP	acyl carrier protein	COG:COG0236, COG:I, SO:0001217, UniRef:UniRef50_Q98L53, UniRef:UniRef90_D7A6B6
contig_1	cds	2120521	2122143	-	AAFOLC_09715	aidB	Acyl-CoA dehydrogenase AidB	SO:0001217, UniRef:UniRef50_A0A7G7SZ64
contig_1	cds	2122522	2123418	-	AAFOLC_09720	flgM	Flagellar biosynthesis protein FlgM	SO:0001217, UniRef:UniRef50_A0A6A0IM47
contig_1	cds	2123677	2124354	+	AAFOLC_09725		Ribonuclease HII	SO:0001217, UniRef:UniRef50_A0A1I3K9S2
contig_1	cds	2124719	2125201	+	AAFOLC_09730		Flavodoxin	SO:0001217, UniRef:UniRef50_C1DP20
contig_1	cds	2125180	2125551	+	AAFOLC_09735		DUF2023 domain-containing protein	SO:0001217, UniRef:UniRef50_A8I674
contig_1	cds	2125657	2126058	+	AAFOLC_09740	modE	Putative transcriptional regulator, ModE family	SO:0001217, UniRef:UniRef50_A7IK86
contig_1	cds	2125979	2127163	-	AAFOLC_09745		Molybdenum ABC transporter ATP-binding protein	SO:0001217, UniRef:UniRef50_A0A3L7A689
contig_1	cds	2127160	2127849	-	AAFOLC_09750		Molybdenum transport system permease	SO:0001217, UniRef:UniRef50_A0A2D5ITP2
contig_1	cds	2127984	2128769	-	AAFOLC_09755		Periplasmic substrate-binding component of an ABC superfamily molybdenum transporter	SO:0001217, UniRef:UniRef50_A0A0N0I9E7
contig_1	cds	2128924	2129448	-	AAFOLC_09760	dedA	DedA family protein	SO:0001217, UniRef:UniRef50_H8NU92
contig_1	cds	2129757	2131388	+	AAFOLC_09765	rhlE	ATP-dependent RNA helicase RhlE	SO:0001217, UniRef:UniRef50_B6JJC0
contig_1	cds	2131527	2131802	+	AAFOLC_09770	infA	translation initiation factor IF-1	COG:COG0361, COG:J, GO:0003743, GO:0005737, GO:0019843, GO:0043022, SO:0001217, UniRef:UniRef50_Q7VZA3, UniRef:UniRef90_A8I655
contig_1	cds	2131827	2133254	+	AAFOLC_09775		hypothetical protein	
contig_1	cds	2133707	2134294	-	AAFOLC_09780	ykuD	YkuD domain-containing protein	SO:0001217, UniRef:UniRef50_W3RI47
contig_1	cds	2134521	2135411	-	AAFOLC_09785		Alpha/beta hydrolase fold	SO:0001217, UniRef:UniRef50_A7IKA2
contig_1	cds	2135586	2136878	+	AAFOLC_09790		DUF3568 domain-containing protein	SO:0001217, UniRef:UniRef50_A7IKA3
contig_1	tRNA	2137377	2137451	-	AAFOLC_09795	trnV	tRNA-Val(cac)	SO:0000273
contig_1	cds	2137602	2138288	-	AAFOLC_09800		Phosphoglycolate phosphatase	SO:0001217, UniRef:UniRef50_A7IKA5
contig_1	cds	2138558	2139046	+	AAFOLC_09805		Serine/threonine protein kinase	SO:0001217, UniRef:UniRef50_A0A259KSB4
contig_1	cds	2139327	2140034	+	AAFOLC_09810		Ribose-5-phosphate isomerase A	SO:0001217, UniRef:UniRef50_Q6G3V6
contig_1	cds	2140070	2140612	+	AAFOLC_09815		DUF2059 domain-containing protein	SO:0001217, UniRef:UniRef50_A7IKA8
contig_1	cds	2140840	2143032	-	AAFOLC_09820		Glycosyltransferase	SO:0001217, UniRef:UniRef50_A0A258ITF2
contig_1	cds	2143258	2144619	+	AAFOLC_09825		Glutathione reductase	SO:0001217, UniRef:UniRef50_A0A4R2GQB7
contig_1	cds	2144684	2145922	-	AAFOLC_09830		Bcr/CflA family efflux transporter	SO:0001217, UniRef:UniRef50_A0A0Q4XX43
contig_1	cds	2146350	2147786	+	AAFOLC_09835		3-deoxy-7-phosphoheptulonate synthase class II	EC:2.5.1.54, KEGG:K01626, SO:0001217, UniRef:UniRef50_A0A7S3FKU4, UniRef:UniRef90_UPI001EDCCD2C
contig_1	cds	2147985	2148158	-	AAFOLC_09840		hypothetical protein	
contig_1	cds	2148338	2150068	+	AAFOLC_09845		Sulfate permease	SO:0001217, UniRef:UniRef50_A0A7X1NER8
contig_1	cds	2150112	2150585	-	AAFOLC_09850		Dihydroneopterin aldolase	SO:0001217, UniRef:UniRef50_A0A3L7A6A5
contig_1	cds	2150860	2151600	+	AAFOLC_09855		hypothetical protein	PFAM:PF00106.28, PFAM:PF13561.9
contig_1	cds	2151610	2152104	-	AAFOLC_09860		N-acetyltransferase domain-containing protein	SO:0001217, UniRef:UniRef50_K8PS37
contig_1	cds	2152814	2153434	+	AAFOLC_09865		dTTP/UTP pyrophosphatase	SO:0001217, UniRef:UniRef50_A9DFP0
contig_1	cds	2153431	2153646	+	AAFOLC_09870	yacG	DNA gyrase inhibitor YacG	SO:0001217, UniRef:UniRef50_A0A2G4RGH5
contig_1	cds	2153729	2154700	-	AAFOLC_09875		Putative non-heme chloroperoxidase	SO:0001217, UniRef:UniRef50_B0RSC7
contig_1	cds	2154971	2156452	+	AAFOLC_09880		Aldehyde dehydrogenase (NAD+)	SO:0001217, UniRef:UniRef50_B8CT61
contig_1	cds	2156630	2157268	-	AAFOLC_09885		Thiopurine S-methyltransferase	SO:0001217, UniRef:UniRef50_A7IIX3
contig_1	cds	2157524	2158957	+	AAFOLC_09890		aminotransferase	SO:0001217, UniRef:UniRef50_Q9I6J2, UniRef:UniRef90_UPI001F1C729E
contig_1	cds	2159023	2159619	-	AAFOLC_09895		GST N-terminal domain-containing protein	SO:0001217, UniRef:UniRef50_A0A1B3NF62
contig_1	cds	2159710	2160633	-	AAFOLC_09900		hypothetical protein	
contig_1	cds	2160657	2161505	-	AAFOLC_09905		Ribosomal RNA large subunit methyltransferase J	SO:0001217, UniRef:UniRef50_V7FH33
contig_1	cds	2161540	2162247	-	AAFOLC_09910		Ribonuclease T	SO:0001217, UniRef:UniRef50_A0A258J2G6
contig_1	cds	2162244	2162753	-	AAFOLC_09915		DUF1036 domain-containing protein	SO:0001217, UniRef:UniRef50_A0A3L7A7T7
contig_1	cds	2163052	2164020	-	AAFOLC_09920	msrP	Protein-methionine-sulfoxide reductase catalytic subunit MsrP	SO:0001217, UniRef:UniRef50_B8ERM9
contig_1	cds	2164120	2164881	-	AAFOLC_09925		hypothetical protein	
contig_1	cds	2164901	2165455	-	AAFOLC_09930		DUF992 domain-containing protein	SO:0001217, UniRef:UniRef50_A8IBY0
contig_1	cds	2165628	2166101	-	AAFOLC_09935		DUF992 domain-containing protein	SO:0001217, UniRef:UniRef50_Q6N1S5
contig_1	cds	2166288	2167490	-	AAFOLC_09940		Aspartate aminotransferase	SO:0001217, UniRef:UniRef50_P58350
contig_1	cds	2167915	2168538	+	AAFOLC_09945		Glutathione S-transferase, unnamed subgroup	SO:0001217, UniRef:UniRef50_X5M6R9
contig_1	cds	2168922	2169281	+	AAFOLC_09950		DUF2335 domain-containing protein	SO:0001217, UniRef:UniRef50_A0A3L7ABT6
contig_1	cds	2169281	2170456	+	AAFOLC_09955		glycine--tRNA ligase	SO:0001217, UniRef:UniRef50_A0A2I6S6S6
contig_1	cds	2170467	2170829	-	AAFOLC_09960		DMT family protein	SO:0001217, UniRef:UniRef50_A0A3L7NUA0
contig_1	cds	2171111	2172034	-	AAFOLC_09965		C1 family peptidase	SO:0001217, UniRef:UniRef50_UPI00045E642B
contig_1	cds	2172041	2172304	-	AAFOLC_09970		hypothetical protein	
contig_1	cds	2172442	2175069	+	AAFOLC_09975		UvrABC system protein B	SO:0001217, UniRef:UniRef50_G8PGD7
contig_1	cds	2175512	2175916	-	AAFOLC_09980		DUF930 domain-containing protein	SO:0001217, UniRef:UniRef50_A7IIZ3
contig_1	cds	2176342	2176947	+	AAFOLC_09985		DUF2478 domain-containing protein	SO:0001217, UniRef:UniRef50_A7IIZ4
contig_1	cds	2177171	2177422	-	AAFOLC_09990		hypothetical protein	
contig_1	cds	2177606	2178034	+	AAFOLC_09995	clpS	ATP-dependent Clp protease adapter protein ClpS	SO:0001217, UniRef:UniRef50_H0SMK4
contig_1	cds	2178959	2180437	-	AAFOLC_10000		MFS transporter	SO:0001217, UniRef:UniRef50_A0A1X1AXB4
contig_1	cds	2180548	2181282	+	AAFOLC_10005		Lipoprotein	SO:0001217, UniRef:UniRef50_A7IIZ5
contig_1	cds	2181314	2182642	-	AAFOLC_10010		Amidase domain-containing protein	SO:0001217, UniRef:UniRef50_A0A259K039
contig_1	cds	2182815	2183789	-	AAFOLC_10015		NMT1 domain-containing protein	SO:0001217, UniRef:UniRef50_A0A6J5G8T7
contig_1	cds	2183888	2184772	-	AAFOLC_10020	ssuC	Aliphatic sulfonates transport permease protein SsuC	SO:0001217, UniRef:UniRef50_A0A679JP83
contig_1	cds	2184769	2185548	-	AAFOLC_10025		ABC transporter ATP-binding protein	SO:0001217, UniRef:UniRef50_H0TRH8, UniRef:UniRef90_A0A3L7A7N2
contig_1	cds	2185871	2186566	+	AAFOLC_10030		SAM-dependent methyltransferase	SO:0001217, UniRef:UniRef50_A0A258K442
contig_1	cds	2186600	2187028	-	AAFOLC_10035	gtrA	GtrA domain-containing protein	SO:0001217, UniRef:UniRef50_A0A348G2Y3
contig_1	cds	2187303	2190665	+	AAFOLC_10040	carB	carbamoyl-phosphate synthase large subunit	COG:COG0458, COG:EF, SO:0001217, UniRef:UniRef50_P38100, UniRef:UniRef90_A7IIZ7
contig_1	cds	2190958	2191416	+	AAFOLC_10045	greA	transcription elongation factor GreA	COG:COG0782, COG:K, GO:0003677, GO:0032784, GO:0070063, SO:0001217, UniRef:UniRef50_Q8UDE5, UniRef:UniRef90_A8HR94
contig_1	cds	2191761	2192243	-	AAFOLC_10050		Lrp/AsnC family transcriptional regulator	SO:0001217, UniRef:UniRef50_K8PF37, UniRef:UniRef90_A0A3L6ZWW0
contig_1	cds	2192463	2193422	+	AAFOLC_10055		Thioredoxin reductase	SO:0001217, UniRef:UniRef50_Q1RJD8
contig_1	cds	2193652	2194542	+	AAFOLC_10060	lysR	DNA-binding transcriptional regulator, LysR family	COG:COG0583, COG:K, KEGG:K03566, SO:0001217, UniRef:UniRef50_A0A7H1NNL8, UniRef:UniRef90_A8HR98
contig_1	cds	2194967	2195485	+	AAFOLC_10065		Autolytic lysozyme	SO:0001217, UniRef:UniRef50_A0A1X6ZKM7
contig_1	cds	2195752	2196303	+	AAFOLC_10070		invasion associated locus B family protein	SO:0001217, UniRef:UniRef50_UPI0015E63DC8
contig_1	cds	2196768	2200358	+	AAFOLC_10075		hypothetical protein	
contig_1	cds	2200468	2201121	+	AAFOLC_10080		D-alanyl-D-alanine dipeptidase	SO:0001217, UniRef:UniRef50_A0A5E4P3U0
contig_1	cds	2201143	2202744	-	AAFOLC_10085		APH domain-containing protein	SO:0001217, UniRef:UniRef50_A7ID27
contig_1	cds	2202782	2203270	-	AAFOLC_10090		T2SP-E domain-containing protein	SO:0001217, UniRef:UniRef50_A0A4R3M3I3
contig_1	cds	2203263	2203565	-	AAFOLC_10095		DUF5132 domain-containing protein	SO:0001217, UniRef:UniRef50_A0A4R3M3M4
contig_1	cds	2203617	2204744	-	AAFOLC_10100		NAD(P)-dependent alcohol dehydrogenase	SO:0001217, UniRef:UniRef50_Q0KDL6, UniRef:UniRef90_A0A3L7A1Q6
contig_1	cds	2204901	2207966	-	AAFOLC_10105		Calcium-transporting ATPase 1	SO:0001217, UniRef:UniRef50_A0A1S1HI23
contig_1	cds	2208044	2209558	-	AAFOLC_10110		Sensor domain-containing diguanylate cyclase	SO:0001217, UniRef:UniRef50_A0A3L7A005
contig_1	cds	2210267	2211013	-	AAFOLC_10115		Transcriptional regulator, Crp/Fnr family	SO:0001217, UniRef:UniRef50_V4RWP5
contig_1	cds	2211027	2211893	-	AAFOLC_10120		ABC-type nitrate/sulfonate/bicarbonate transport system ATPase component	SO:0001217, UniRef:UniRef50_Q3SUV4
contig_1	cds	2211958	2212905	-	AAFOLC_10125		hypothetical protein	
contig_1	cds	2213015	2214370	-	AAFOLC_10130		NMT1 domain-containing protein	SO:0001217, UniRef:UniRef50_U7GRR7
contig_1	cds	2214908	2215723	-	AAFOLC_10135	gntR	Transcriptional regulator, GntR family protein	SO:0001217, UniRef:UniRef50_A0P185
contig_1	cds	2216026	2216982	-	AAFOLC_10140		hypothetical protein	PFAM:PF00514.26, PFAM:PF02985.25, PFAM:PF03130.19, PFAM:PF12717.10, PFAM:PF13513.9, PFAM:PF13646.9, PFAM:PF18944.3
contig_1	cds	2216991	2217224	-	AAFOLC_10145	preA	NAD-dependent dihydropyrimidine dehydrogenase, PreA subunit	COG:COG1146, COG:F, SO:0001217, UniRef:UniRef50_A0A132BSC1, UniRef:UniRef90_V4RQA6
contig_1	cds	2217255	2218991	-	AAFOLC_10150		fumarate reductase/succinate dehydrogenase flavoprotein subunit	SO:0001217, UniRef:UniRef50_A0A022FYR3, UniRef:UniRef90_V4TP14
contig_1	cds	2219051	2219413	-	AAFOLC_10155		gamma-butyrobetaine hydroxylase-like domain-containing protein	SO:0001217, UniRef:UniRef50_UPI001EDFE7D7
contig_1	cds	2219540	2219875	+	AAFOLC_10160		Ferredoxin	SO:0001217, UniRef:UniRef50_Q1RH11
contig_1	cds	2219929	2220741	+	AAFOLC_10165		ferredoxin--NADP(+) reductase	SO:0001217, UniRef:UniRef50_A0A0H5DH38
contig_1	cds	2220877	2223339	+	AAFOLC_10170		nitrite reductase (cytochrome; ammonia-forming)	SO:0001217, UniRef:UniRef50_A0A150ZK01
contig_1	cds	2223806	2226157	+	AAFOLC_10175		DUF3141 domain-containing protein	SO:0001217, UniRef:UniRef50_A0A6J5F3S7
contig_1	cds	2226346	2228955	+	AAFOLC_10180		Magnesium-transporting ATPase, P-type 1	SO:0001217, UniRef:UniRef50_A0A165V1Q6
contig_1	cds	2229167	2230528	+	AAFOLC_10185		PTA-PTB domain-containing protein	SO:0001217, UniRef:UniRef50_A0A6J5F3M5
contig_1	cds	2230543	2231724	+	AAFOLC_10190		Acetate kinase	SO:0001217, UniRef:UniRef50_A0A1S1WZG8
contig_1	cds	2231905	2232378	-	AAFOLC_10195		J domain-containing protein	SO:0001217, UniRef:UniRef50_A0A848K1H6
contig_1	cds	2232621	2233745	+	AAFOLC_10200		Metallophos domain-containing protein	SO:0001217, UniRef:UniRef50_T0IAN8
contig_1	cds	2233742	2236372	+	AAFOLC_10205		DNA repair exonuclease SbcCD ATPase subunit	SO:0001217, UniRef:UniRef50_A0A011TYF2
contig_1	cds	2236466	2237167	+	AAFOLC_10210		Hydrolase, alpha/beta hydrolase fold family	SO:0001217, UniRef:UniRef50_Q9A4R7
contig_1	cds	2237183	2239297	-	AAFOLC_10215		Glutamine-dependent NAD(+) synthetase	SO:0001217, UniRef:UniRef50_P0A5L7
contig_1	cds	2239388	2240050	-	AAFOLC_10220		Protein-L-isoaspartate O-methyltransferase	SO:0001217, UniRef:UniRef50_V4THE3
contig_1	cds	2240075	2240725	-	AAFOLC_10225		DLH domain-containing protein	SO:0001217, UniRef:UniRef50_A0A7V5C169
contig_1	cds	2240895	2242535	-	AAFOLC_10230		Alcohol dehydrogenase [acceptor]	SO:0001217, UniRef:UniRef50_A0A238LEN4
contig_1	cds	2242650	2243534	+	AAFOLC_10235	lysR	DNA-binding transcriptional regulator, LysR family	SO:0001217, UniRef:UniRef50_A0A1G6V5I2
contig_1	cds	2243521	2244411	-	AAFOLC_10240	dmlR	HTH-type transcriptional regulator DmlR	SO:0001217, UniRef:UniRef50_A0A5S9PQP1
contig_1	cds	2244549	2246048	+	AAFOLC_10245		Malonate-semialdehyde dehydrogenase (Acetylating)/methylmalonate-semialdehyde dehydrogenase	EC:1.2.1.18, EC:1.2.1.27, KEGG:K00140, SO:0001217, UniRef:UniRef50_A0A8R2FC99, UniRef:UniRef90_A0A848K7X9
contig_1	cds	2246454	2247212	-	AAFOLC_10250		GMP synthase [glutamine-hydrolyzing]	SO:0001217, UniRef:UniRef50_A0A1Y5SCM2
contig_1	cds	2247327	2248703	-	AAFOLC_10255		Aldehyde dehydrogenase	SO:0001217, UniRef:UniRef50_A0A0W0UAE2
contig_1	cds	2248780	2250276	-	AAFOLC_10260	ethA	FAD-containing monooxygenase EthA	SO:0001217, UniRef:UniRef50_A0A2U3QD60
contig_1	cds	2250300	2251631	-	AAFOLC_10265		Glutamine synthetase	SO:0001217, UniRef:UniRef50_A0A1E4CTY9
contig_1	cds	2251633	2252433	-	AAFOLC_10270		ABC transporter permease subunit	SO:0001217, UniRef:UniRef50_A0A3P5XGM1, UniRef:UniRef90_UPI002022EBE7
contig_1	cds	2252442	2253368	-	AAFOLC_10275		ABC transporter permease subunit	SO:0001217, UniRef:UniRef50_A0A1E4CU46, UniRef:UniRef90_UPI002022CBE2
contig_1	cds	2253371	2254459	-	AAFOLC_10280		ATP-binding cassette domain-containing protein	SO:0001217, UniRef:UniRef50_A0A679JSV6, UniRef:UniRef90_UPI0020230F90
contig_1	cds	2254544	2255638	-	AAFOLC_10285		Spermidine/putrescine-binding periplasmic protein	SO:0001217, UniRef:UniRef50_A0A3P5XXL3
contig_1	cds	2255622	2256389	-	AAFOLC_10290		HTH gntR-type domain-containing protein	SO:0001217, UniRef:UniRef50_A0A1Q4A894
contig_1	cds	2256753	2257910	+	AAFOLC_10295		Abhydrolase-3 domain-containing protein	SO:0001217, UniRef:UniRef50_A0A1Q4A8T8
contig_1	cds	2257903	2259084	+	AAFOLC_10300		Fe-ADH domain-containing protein	SO:0001217, UniRef:UniRef50_A0A1M6N6U2
contig_1	cds	2259163	2260428	-	AAFOLC_10305		D-amino acid dehydrogenase	SO:0001217, UniRef:UniRef50_Q89T28
contig_1	cds	2260457	2261590	-	AAFOLC_10310		Alanine racemase	SO:0001217, UniRef:UniRef50_A0A5C8WRT5
contig_1	cds	2261730	2262194	+	AAFOLC_10315		Uncharacterized HTH-type transcriptional regulator y4sM	SO:0001217, UniRef:UniRef50_P50337
contig_1	cds	2262199	2262747	-	AAFOLC_10320		HTH cro/C1-type domain-containing protein	SO:0001217, UniRef:UniRef50_A0A193LE24
contig_1	cds	2262887	2264227	+	AAFOLC_10325		Beta-alanine--pyruvate aminotransferase	SO:0001217, UniRef:UniRef50_A0A7U7I6E7
contig_1	cds	2264282	2265871	-	AAFOLC_10330		MFS domain-containing protein	SO:0001217, UniRef:UniRef50_A0A0S2ELY0
contig_1	cds	2265900	2267105	-	AAFOLC_10335		Hemolysin D	SO:0001217, UniRef:UniRef50_A0A1Q3K6H8
contig_1	cds	2267250	2267927	+	AAFOLC_10340	betI	HTH-type transcriptional regulator BetI	SO:0001217, UniRef:UniRef50_A0A5S9NU14
contig_1	cds	2268072	2268893	+	AAFOLC_10345		Cytochrome c	SO:0001217, UniRef:UniRef50_A0A3L7AMS8
contig_1	cds	2269231	2270763	-	AAFOLC_10350		Copper oxidase	SO:0001217, UniRef:UniRef50_A0A1G3GV70
contig_1	cds	2270859	2271233	-	AAFOLC_10355		DUF2057 domain-containing protein	SO:0001217, UniRef:UniRef50_A0A0Q6EP85
contig_1	cds	2271247	2274381	-	AAFOLC_10360		Efflux RND transporter permease subunit	SO:0001217, UniRef:UniRef50_I1DZ73
contig_1	cds	2274393	2276048	-	AAFOLC_10365		HlyD-D23 domain-containing protein	SO:0001217, UniRef:UniRef50_A0A512JG55
contig_1	cds	2276126	2277448	-	AAFOLC_10370		histidine kinase	SO:0001217, UniRef:UniRef50_A7IKU0
contig_1	cds	2277445	2278158	-	AAFOLC_10375	ompR	DNA-binding response regulator, OmpR family, contains REC and winged-helix (WHTH) domain	SO:0001217, UniRef:UniRef50_A0A1G6V826
contig_1	cds	2278710	2279285	-	AAFOLC_10380	sinR	HTH-type transcriptional regulator SinR	SO:0001217, UniRef:UniRef50_A0A0M6YBC4
contig_1	cds	2279631	2280683	+	AAFOLC_10385		Extracytoplasmic solute receptor protein	SO:0001217, UniRef:UniRef50_A0A0M9EG43, UniRef:UniRef90_A0A1G4SY58
contig_1	cds	2280688	2281239	+	AAFOLC_10390		TRAP transporter small permease protein	SO:0001217, UniRef:UniRef50_A0A285S127
contig_1	cds	2281236	2282600	+	AAFOLC_10395		TRAP transporter large permease protein	SO:0001217, UniRef:UniRef50_A0A0P1IV23, UniRef:UniRef90_A0A6P1YUF0
contig_1	cds	2282647	2283030	+	AAFOLC_10400		2-iminobutanoate/2-iminopropanoate deaminase	SO:0001217, UniRef:UniRef50_A0A2S5CTL5
contig_1	cds	2283038	2283607	+	AAFOLC_10405		MOSC domain-containing protein	SO:0001217, UniRef:UniRef50_B1M8P0
contig_1	cds	2283611	2284555	+	AAFOLC_10410		Vanillate O-demethylase ferredoxin subunit	SO:0001217, UniRef:UniRef50_A0A7W6AMB5
contig_1	rRNA	2285213	2286697	+	AAFOLC_10415	rrs	16S ribosomal RNA	GO:0003735, GO:0005840, KEGG:K01977, RFAM:RF00177, SO:0001000
contig_1	tRNA	2286930	2287006	+	AAFOLC_10420	trnI	tRNA-Ile(gat)	SO:0000263
contig_1	tRNA	2287078	2287153	+	AAFOLC_10425	trnA	tRNA-Ala(tgc)	SO:0000254
contig_1	rRNA	2287490	2290316	+	AAFOLC_10430	rrl	23S ribosomal RNA	GO:0003735, GO:0005840, KEGG:K01980, RFAM:RF02541, SO:0001001
contig_1	rRNA	2290408	2290522	+	AAFOLC_10435	rrf	5S ribosomal RNA	GO:0003735, GO:0005840, KEGG:K01985, RFAM:RF00001, SO:0000652
contig_1	cds	2290740	2291669	-	AAFOLC_10440		IS3 family transposase	SO:0001217, UniRef:UniRef50_A0A8F7ZGV0, UniRef:UniRef90_A7ILR9
contig_1	cds	2291663	2291929	-	AAFOLC_10445	tnp	IS3 family transposase ORF A	SO:0001217, UniRef:UniRef50_P17985, UniRef:UniRef90_A0A1G4UTN6
contig_1	cds	2292066	2292860	-	AAFOLC_10450		Amino acid/amide ABC transporter ATP-binding protein 2, HAAT family	SO:0001217, UniRef:UniRef50_A0A1H2HIQ0
contig_1	cds	2292974	2293735	-	AAFOLC_10455	metN	Methionine import ATP-binding protein MetN	SO:0001217, UniRef:UniRef50_A0A6M4H5Z4
contig_1	cds	2293745	2294881	-	AAFOLC_10460		Branched-chain amino acid ABC transporter permease	SO:0001217, UniRef:UniRef50_A0A2R8ACW4
contig_1	cds	2294884	2295909	-	AAFOLC_10465		Branched-chain amino acid ABC transporter permease	SO:0001217, UniRef:UniRef50_V9WLB2
contig_1	cds	2296191	2297534	-	AAFOLC_10470		Branched-chain amino acid ABC transporter, periplasmic substrate-binding protein	SO:0001217, UniRef:UniRef50_Q5LUN2
contig_1	cds	2298151	2298984	-	AAFOLC_10475		ABC transmembrane type-1 domain-containing protein	SO:0001217, UniRef:UniRef50_V2UWG5
contig_1	cds	2298981	2299892	-	AAFOLC_10480		ABC transmembrane type-1 domain-containing protein	SO:0001217, UniRef:UniRef50_K8PIQ1
contig_1	cds	2299966	2301234	-	AAFOLC_10485		ABC transporter substrate-binding protein	SO:0001217, UniRef:UniRef50_A0A0M2R924
contig_1	cds	2301286	2302395	-	AAFOLC_10490	ugpC	sn-glycerol-3-phosphate import ATP-binding protein UgpC	SO:0001217, UniRef:UniRef50_A0A1X7AR31
contig_1	cds	2302398	2303180	-	AAFOLC_10495	deoR	DeoR family transcriptional regulator	SO:0001217, UniRef:UniRef50_A0A0D5W913
contig_1	cds	2303367	2304104	-	AAFOLC_10500	gntR	GntR family transcriptional regulator	SO:0001217, UniRef:UniRef50_A0A4R3LQX4
contig_1	cds	2304279	2305460	+	AAFOLC_10505		3-ketoacyl-CoA thiolase	SO:0001217, UniRef:UniRef50_A0A3G9GDC1
contig_1	cds	2305590	2307242	+	AAFOLC_10510	dmdB2	3-methylmercaptopropionyl-CoA ligase of DmdB2 type	SO:0001217, UniRef:UniRef50_A0A6J4JUH8
contig_1	cds	2307349	2309445	+	AAFOLC_10515		3-hydroxyacyl-CoA dehydrogenase	SO:0001217, UniRef:UniRef50_A0A1G7DLY5
contig_1	cds	2309442	2310224	+	AAFOLC_10520		3-oxoacyl-ACP reductase	SO:0001217, UniRef:UniRef50_A0A0K8P3U5
contig_1	cds	2310266	2312086	+	AAFOLC_10525		Acryloyl-CoA reductase (NADH)	SO:0001217, UniRef:UniRef50_A0A7G6UYB1
contig_1	cds	2312164	2313405	+	AAFOLC_10530		Branched chain amino acid ABC transporter amino acid-binding protein	SO:0001217, UniRef:UniRef50_I3TRE9
contig_1	cds	2313532	2315316	-	AAFOLC_10535		Amidohydro-3 domain-containing protein	SO:0001217, UniRef:UniRef50_A0A1I4A4N4
contig_1	cds	2315842	2316855	-	AAFOLC_10540		hypothetical protein	
contig_1	cds	2316995	2317474	+	AAFOLC_10545		HTH asnC-type domain-containing protein	SO:0001217, UniRef:UniRef50_V2TXS0
contig_1	cds	2317526	2318704	-	AAFOLC_10550		Carboxypeptidase G2	SO:0001217, UniRef:UniRef50_A0A1A8TR27
contig_1	cds	2318701	2320110	-	AAFOLC_10555		M20-dimer domain-containing protein	SO:0001217, UniRef:UniRef50_A0A0D7PHW4
contig_1	cds	2320148	2321200	-	AAFOLC_10560	ddpF	Putative D,D-dipeptide transport ATP-binding protein DdpF	SO:0001217, UniRef:UniRef50_A0A0S3PT03
contig_1	cds	2321197	2322177	-	AAFOLC_10565	gsiA	Glutathione import ATP-binding protein GsiA	SO:0001217, UniRef:UniRef50_A0A0J6EZH5
contig_1	cds	2322182	2323099	-	AAFOLC_10570	gsiD	Glutathione transport system permease protein GsiD	SO:0001217, UniRef:UniRef50_A0A221K6V6
contig_1	cds	2323096	2324013	-	AAFOLC_10575	gsiC	Glutathione transport system permease protein GsiC	SO:0001217, UniRef:UniRef50_A0A0S3PSW0
contig_1	cds	2324205	2325734	-	AAFOLC_10580		SBP-bac-5 domain-containing protein	SO:0001217, UniRef:UniRef50_A0A3M3KLV1
contig_1	cds	2325891	2326808	+	AAFOLC_10585		Transcriptional regulator	SO:0001217, UniRef:UniRef50_A8HT96
contig_1	cds	2326936	2328582	-	AAFOLC_10590		Paromamine 6'-oxidase	SO:0001217, UniRef:UniRef50_A0A0W0YNV0
contig_1	cds	2328575	2328919	-	AAFOLC_10595		Transcriptional regulator	SO:0001217, UniRef:UniRef50_A7IDI1
contig_1	cds	2328934	2330307	-	AAFOLC_10600		Sugar transporter	SO:0001217, UniRef:UniRef50_A7IDI2
contig_1	cds	2330366	2331688	-	AAFOLC_10605		aminotransferase class I/II-fold pyridoxal phosphate-dependent enzyme	SO:0001217, UniRef:UniRef50_A0A7V2Z082, UniRef:UniRef90_UPI001EE09635
contig_1	cds	2331840	2333174	+	AAFOLC_10610		Sugar transporter	SO:0001217, UniRef:UniRef50_A7IDI4
contig_1	cds	2333474	2334928	+	AAFOLC_10615		hypothetical protein	PFAM:PF05199.16
contig_1	cds	2334937	2335992	+	AAFOLC_10620		hypothetical protein	
contig_1	cds	2336050	2337177	-	AAFOLC_10625		hypothetical protein	PFAM:PF13579.9
contig_1	cds	2337492	2340767	+	AAFOLC_10630		Glycosyltransferase	SO:0001217, UniRef:UniRef50_A0A5B0DXV5
contig_1	cds	2340906	2341898	-	AAFOLC_10635		Branched-chain amino acid ABC transporter permease	SO:0001217, UniRef:UniRef50_A0A074JXE2
contig_1	cds	2341921	2342802	-	AAFOLC_10640	livH	Branched-chain amino acid ABC-type transport system, permease component	COG:COG0559, COG:E, SO:0001217, UniRef:UniRef50_A0A4P6WCC1, UniRef:UniRef90_A7IF93
contig_1	cds	2342864	2344072	-	AAFOLC_10645		Peripla-BP-6 domain-containing protein	SO:0001217, UniRef:UniRef50_K8PJ35
contig_1	cds	2344127	2344843	-	AAFOLC_10650	livF	ABC-type branched-chain amino acid transport system, ATPase component LivF	COG:COG0410, COG:E, SO:0001217, UniRef:UniRef50_A0A0S3PZF4, UniRef:UniRef90_A7IF91
contig_1	cds	2344845	2345654	-	AAFOLC_10655	lptB	Lipopolysaccharide export system ATP-binding protein LptB	SO:0001217, UniRef:UniRef50_A0A3M2RGI3
contig_1	cds	2345664	2346869	-	AAFOLC_10660	pcaF	3-oxoadipyl-CoA thiolase	SO:0001217, UniRef:UniRef50_A0A327LY40, UniRef:UniRef90_UPI001932942A
contig_1	cds	2346982	2348499	-	AAFOLC_10665		3-hydroxyacyl-CoA dehydrogenase	SO:0001217, UniRef:UniRef50_A0A2X1IBF9
contig_1	cds	2348499	2349497	-	AAFOLC_10670		hypothetical protein	PFAM:PF00107.29, PFAM:PF08240.15, PFAM:PF13602.9
contig_1	cds	2349508	2350623	-	AAFOLC_10675		Putative CoA-transferase	SO:0001217, UniRef:UniRef50_A0A379KQD4
contig_1	cds	2350626	2351294	-	AAFOLC_10680		3-hydroxybutyryl-CoA dehydrogenase	SO:0001217, UniRef:UniRef50_A0A2X2P925
contig_1	cds	2351299	2352174	-	AAFOLC_10685		3-hydroxybutyryl-CoA dehydrogenase	SO:0001217, UniRef:UniRef50_A0A7W5DEU3
contig_1	cds	2352184	2353350	-	AAFOLC_10690		Acyl-CoA dehydrogenase	SO:0001217, UniRef:UniRef50_A0A379KP00, UniRef:UniRef90_A0A0N1N3V1
contig_1	cds	2353361	2354104	-	AAFOLC_10695		Short-chain dehydrogenase	SO:0001217, UniRef:UniRef50_K8PS01
contig_1	cds	2354106	2354870	-	AAFOLC_10700		Enoyl-CoA hydratase/isomerase family protein	SO:0001217, UniRef:UniRef50_A0A0D6IFP5
contig_1	cds	2354873	2356552	-	AAFOLC_10705		Cyclohexanecarboxylate-CoA ligase	SO:0001217, UniRef:UniRef50_A0A193G5D6
contig_1	cds	2356566	2357345	-	AAFOLC_10710		Crotonase	SO:0001217, UniRef:UniRef50_A0A8B4R9G0, UniRef:UniRef90_A0A0N1F4E7
contig_1	cds	2357383	2358639	-	AAFOLC_10715		Formyl-coenzyme A transferase	SO:0001217, UniRef:UniRef50_A0A0P1GHT0
contig_1	cds	2358807	2360435	+	AAFOLC_10720		Fis family transcriptional regulator	SO:0001217, UniRef:UniRef50_A0A0Q8PLR7
contig_1	cds	2360467	2361699	-	AAFOLC_10725		ABC transporter permease	SO:0001217, UniRef:UniRef50_A0A3N8J0K9
contig_1	cds	2361899	2362906	-	AAFOLC_10730		Cation transporter	SO:0001217, UniRef:UniRef50_A0A8G0CT14
contig_1	cds	2362922	2365516	-	AAFOLC_10735		Cation-transporting ATPase (P-type)	SO:0001217, UniRef:UniRef50_C7CG66
contig_1	cds	2365900	2367744	-	AAFOLC_10740	trkA	Potassium transporter TrkA	SO:0001217, UniRef:UniRef50_A0A0K2D9L0
contig_1	cds	2367892	2368881	-	AAFOLC_10745		3-oxopimeloyl-[acyl-carrier-protein] synthase	SO:0001217, UniRef:UniRef50_Q7CTU0
contig_1	cds	2368890	2370152	-	AAFOLC_10750		Adenosylmethionine-8-amino-7-oxononanoate aminotransferase	SO:0001217, UniRef:UniRef50_A0A2E2ZP56
contig_1	cds	2370143	2370787	-	AAFOLC_10755	bioD	ATP-dependent dethiobiotin synthetase BioD	SO:0001217, UniRef:UniRef50_Q8U8T9
contig_1	cds	2370784	2371932	-	AAFOLC_10760	bioF	8-amino-7-oxononanoate synthase BioF	SO:0001217, UniRef:UniRef50_C3MGY4
contig_1	cds	2371929	2373350	-	AAFOLC_10765		hypothetical protein	PFAM:PF04055.24, PFAM:PF06968.16
contig_1	cds	2373639	2374655	+	AAFOLC_10770		2-aminoethylphosphonate ABC transporter substrate-binding protein	SO:0001217, UniRef:UniRef50_A0A6S7E376
contig_1	cds	2374869	2376071	+	AAFOLC_10775	potA	Spermidine/putrescine import ATP-binding protein PotA	SO:0001217, UniRef:UniRef50_A0A2S0XSC4
contig_1	cds	2376073	2378085	+	AAFOLC_10780		2-aminoethylphosphonate ABC transporter permease subunit	SO:0001217, UniRef:UniRef50_J0QT15
contig_1	cds	2378100	2379236	+	AAFOLC_10785		DAO domain-containing protein	SO:0001217, UniRef:UniRef50_A0A1Y1IX71
contig_1	cds	2379233	2380042	+	AAFOLC_10790		Phosphonoacetaldehyde hydrolase	SO:0001217, UniRef:UniRef50_Q13YI8
contig_1	cds	2380039	2381385	+	AAFOLC_10795		2,2-dialkylglycine decarboxylase	SO:0001217, UniRef:UniRef50_A0A5C6FTK7
contig_1	cds	2381536	2382507	+	AAFOLC_10800	yqjG	Glutathionyl-hydroquinone reductase YqjG	SO:0001217, UniRef:UniRef50_P42620
contig_1	cds	2382530	2382832	-	AAFOLC_10805		Signal peptide protein	SO:0001217, UniRef:UniRef50_A0A1H7A692
contig_1	cds	2383117	2383818	+	AAFOLC_10810		VIT family protein	SO:0001217, UniRef:UniRef50_A0A0A2CMT3
contig_1	cds	2383861	2385048	-	AAFOLC_10815		FAD-dependent monooxygenase	SO:0001217, UniRef:UniRef50_A0A7W2BU27
contig_1	cds	2385098	2385358	-	AAFOLC_10820		zf-CHCC domain-containing protein	SO:0001217, UniRef:UniRef50_L0NFB3
contig_1	cds	2385586	2386398	-	AAFOLC_10825		DUF2189 domain-containing protein	SO:0001217, UniRef:UniRef50_G9ZXK1
contig_1	cds	2386648	2388039	+	AAFOLC_10830		Secreted protein	SO:0001217, UniRef:UniRef50_A7IK96
contig_1	cds	2388161	2388913	+	AAFOLC_10835	rdmC	Aclacinomycin methylesterase RdmC	SO:0001217, UniRef:UniRef50_A0A395LCN7
contig_1	cds	2389007	2389900	+	AAFOLC_10840		Serine acetyltransferase	SO:0001217, UniRef:UniRef50_H6SPD1
contig_1	cds	2389951	2390160	+	AAFOLC_10845		DUF3126 domain-containing protein	SO:0001217, UniRef:UniRef50_A0A2D8HFP6, UniRef:UniRef90_A8IIV8
contig_1	cds	2390358	2391134	+	AAFOLC_10850		3-oxoadipate enol-lactonase	SO:0001217, UniRef:UniRef50_A0A6C1KE45
contig_1	cds	2391233	2391604	-	AAFOLC_10855		hypothetical protein	
contig_1	cds	2391608	2392480	+	AAFOLC_10860		Cation transporter	SO:0001217, UniRef:UniRef50_V4PD98
contig_1	cds	2392493	2392723	-	AAFOLC_10865		Formate dehydrogenase subunit delta	SO:0001217, UniRef:UniRef50_A0A848K0Z0
contig_1	cds	2392713	2393597	-	AAFOLC_10870	fdhD	Sulfur carrier protein FdhD	SO:0001217, UniRef:UniRef50_A0A1L3RDL6
contig_1	cds	2393780	2396620	-	AAFOLC_10875	fdhF	formate dehydrogenase subunit alpha	COG:COG3383, COG:R, SO:0001217, UniRef:UniRef50_A0A1D2QP61, UniRef:UniRef90_A0A7W2BU63
contig_1	cds	2396630	2398192	-	AAFOLC_10880	hndC	NADP-reducing hydrogenase subunit HndC	SO:0001217, UniRef:UniRef50_A0A5E6XLQ0
contig_1	cds	2398192	2398686	-	AAFOLC_10885		Formate dehydrogenase gamma subunit	SO:0001217, UniRef:UniRef50_A0A3B9EPB3
contig_1	cds	2398957	2399889	-	AAFOLC_10890	lysR	DNA-binding transcriptional regulator, LysR family	COG:COG0583, COG:K, SO:0001217, UniRef:UniRef50_K8NRV1, UniRef:UniRef90_A7IL18
contig_1	cds	2400132	2400290	+	AAFOLC_10895		Secreted protein	SO:0001217, UniRef:UniRef50_A0A848JW99
contig_1	cds	2400476	2401294	+	AAFOLC_10900		hypothetical protein	
contig_1	cds	2401488	2402816	-	AAFOLC_10905		Chromosome partition protein Smc	SO:0001217, UniRef:UniRef50_A7IL20
contig_1	cds	2402938	2403540	-	AAFOLC_10910		DUF1134 domain-containing protein	SO:0001217, UniRef:UniRef50_M4Z316
contig_1	cds	2403682	2404542	-	AAFOLC_10915	cysQ	3'(2'),5'-bisphosphate nucleotidase CysQ	SO:0001217, UniRef:UniRef50_A0A3L7A2A2
contig_1	cds	2404716	2405390	+	AAFOLC_10920		HPTransfase domain-containing protein	SO:0001217, UniRef:UniRef50_A9W2X1
contig_1	cds	2405532	2406233	-	AAFOLC_10925	ompR	DNA-binding response regulator, OmpR family, contains REC and winged-helix (wHTH) domain	COG:COG0745, COG:TK, SO:0001217, UniRef:UniRef50_A0A512J3G1, UniRef:UniRef90_UPI001F16B5B4
contig_1	cds	2406685	2407083	+	AAFOLC_10930	fliJ	Flagellar FliJ protein	SO:0001217, UniRef:UniRef50_A0A2S9QES0
contig_1	cds	2407508	2408047	+	AAFOLC_10935		Sigma70-r4-2 domain-containing protein	SO:0001217, UniRef:UniRef50_A0A259L1N2
contig_1	cds	2408755	2410419	+	AAFOLC_10940		hypothetical protein	
contig_1	cds	2410422	2411609	-	AAFOLC_10945		Diguanylate cyclase	SO:0001217, UniRef:UniRef50_A0A3L7A333
contig_1	cds	2411909	2412889	+	AAFOLC_10950		Agmatinase protein	SO:0001217, UniRef:UniRef50_Q2K9W6
contig_1	cds	2413042	2414145	+	AAFOLC_10955		Ionic transporter	SO:0001217, UniRef:UniRef50_A0A258IUP4
contig_1	cds	2414190	2414636	+	AAFOLC_10960		Putative NADH-ubiquinone oxidoreductase subunit B17-2 (Complex I-B17-2) (CI-B17-2)	SO:0001217, UniRef:UniRef50_A4YTN6
contig_1	cds	2414799	2415395	+	AAFOLC_10965		DUF2155 domain-containing protein	SO:0001217, UniRef:UniRef50_A7IL31
contig_1	cds	2415332	2416003	-	AAFOLC_10970		Leucyl/phenylalanyl-tRNA--protein transferase	SO:0001217, UniRef:UniRef50_Q6N734
contig_1	cds	2416195	2417379	-	AAFOLC_10975		Aminotransferase	SO:0001217, UniRef:UniRef50_V5SBQ5
contig_1	cds	2417766	2419190	+	AAFOLC_10980		Peptidase-M48 domain-containing protein	SO:0001217, UniRef:UniRef50_Q6N718
contig_1	cds	2419222	2420016	+	AAFOLC_10985		Protein-disulfide isomerase	SO:0001217, UniRef:UniRef50_A0A4V2UXC4
contig_1	cds	2420118	2421212	-	AAFOLC_10990	cobW	CobW C-terminal domain-containing protein	SO:0001217, UniRef:UniRef50_A0A023XRU1
contig_1	cds	2421325	2422302	-	AAFOLC_10995		Zinc/manganese transport system substrate-binding protein	SO:0001217, UniRef:UniRef50_A0A848JYB3
contig_1	cds	2422315	2423187	-	AAFOLC_11000		Zinc/manganese transport system permease protein	SO:0001217, UniRef:UniRef50_A0A024HAM8
contig_1	cds	2423201	2423941	-	AAFOLC_11005	znuC	High-affinity zinc uptake system ATP-binding protein ZnuC	SO:0001217, UniRef:UniRef50_A0A1E2RVH3
contig_1	cds	2423944	2424237	-	AAFOLC_11010		hypothetical protein	
contig_1	cds	2424436	2425083	+	AAFOLC_11015		KHG/KDPG aldolase	SO:0001217, UniRef:UniRef50_A0A1W5DSM6
contig_1	cds	2425219	2426073	+	AAFOLC_11020		Nitroreductase domain-containing protein	SO:0001217, UniRef:UniRef50_A0A2Z6AK12
contig_1	cds	2426217	2426984	+	AAFOLC_11025		NAD-dependent dehydratase	SO:0001217, UniRef:UniRef50_A0A160FWA2
contig_1	cds	2427217	2428392	-	AAFOLC_11030		Amidase	SO:0001217, UniRef:UniRef50_A0A6B9FSR2
contig_1	cds	2428567	2429799	-	AAFOLC_11035		Cytosine deaminase	SO:0001217, UniRef:UniRef50_A0A0M6XZJ4
contig_1	cds	2429842	2432289	-	AAFOLC_11040		ABC transporter	SO:0001217, UniRef:UniRef50_K8PG46
contig_1	cds	2432298	2433170	-	AAFOLC_11045		ABC transporter permease	SO:0001217, UniRef:UniRef50_A0A250AY91
contig_1	cds	2433646	2434872	-	AAFOLC_11050		Peripla-BP-6 domain-containing protein	SO:0001217, UniRef:UniRef50_K8PLF9
contig_1	cds	2435349	2436047	+	AAFOLC_11055		HTH gntR-type domain-containing protein	SO:0001217, UniRef:UniRef50_A0A1Q3VXQ0
contig_1	cds	2436082	2438595	-	AAFOLC_11060		Mechanosensitive ion channel family protein	SO:0001217, UniRef:UniRef50_A0A127CHH7
contig_1	cds	2438880	2440946	-	AAFOLC_11065		hypothetical protein	PFAM:PF00111.30, PFAM:PF00175.24, PFAM:PF00970.27, PFAM:PF01243.23
contig_1	cds	2440957	2441649	-	AAFOLC_11070		Glutathione S-transferase	SO:0001217, UniRef:UniRef50_N8ZJ68
contig_1	cds	2441773	2442675	+	AAFOLC_11075		Transcriptional regulator	SO:0001217, UniRef:UniRef50_A0A0R3C8A3
contig_1	cds	2442805	2443698	+	AAFOLC_11080		Transcriptional regulator	SO:0001217, UniRef:UniRef50_I2QDJ0
contig_1	cds	2443885	2445204	-	AAFOLC_11085		Leucine-, isoleucine-, valine-, threonine-, and alanine-binding protein	SO:0001217, UniRef:UniRef50_A0A0S3Q0P1
contig_1	cds	2445233	2445940	-	AAFOLC_11090		ABC transporter ATP-binding protein	SO:0001217, UniRef:UniRef50_A0A0Q6Z342
contig_1	cds	2445937	2446692	-	AAFOLC_11095	lptB	Lipopolysaccharide export system ATP-binding protein LptB	SO:0001217, UniRef:UniRef50_A0A0S3Q048
contig_1	cds	2446689	2447699	-	AAFOLC_11100		Branched-chain amino acid ABC transporter permease	SO:0001217, UniRef:UniRef50_A0A0D6JDV7
contig_1	cds	2447696	2448553	-	AAFOLC_11105		Branched-chain amino acid ABC transporter permease	SO:0001217, UniRef:UniRef50_A0A0D6JDY9
contig_1	cds	2448797	2449885	+	AAFOLC_11110		Aliphatic nitrilase	SO:0001217, UniRef:UniRef50_A0A380WDY6
contig_1	cds	2450117	2451232	+	AAFOLC_11115		Choloylglycine hydrolase	SO:0001217, UniRef:UniRef50_A0A840AK53
contig_1	cds	2451303	2452007	-	AAFOLC_11120		ABC transporter ATP-binding protein	SO:0001217, UniRef:UniRef50_K8PGC9, UniRef:UniRef90_UPI00166B1EFD
contig_1	cds	2452000	2452797	-	AAFOLC_11125	lptB	Lipopolysaccharide export system ATP-binding protein LptB	SO:0001217, UniRef:UniRef50_A0A564G1J3
contig_1	cds	2452794	2453825	-	AAFOLC_11130		Branched-chain amino acid ABC transporter permease	SO:0001217, UniRef:UniRef50_A0A1Q7G7B6
contig_1	cds	2453822	2454694	-	AAFOLC_11135	livH	Branched-chain amino acid ABC-type transport system, permease component	COG:COG0559, COG:E, SO:0001217, UniRef:UniRef50_K8PLM8, UniRef:UniRef90_A7ID04
contig_1	cds	2454825	2455982	-	AAFOLC_11140	livK	ABC-type branched-chain amino acid transport system, periplasmic component	COG:COG0683, COG:E, SO:0001217, UniRef:UniRef50_K8PTJ4, UniRef:UniRef90_A7ID05
contig_1	cds	2456009	2457211	-	AAFOLC_11145		2Fe-2S ferredoxin-type domain-containing protein	SO:0001217, UniRef:UniRef50_A0A0Q6M0V7
contig_1	cds	2457208	2458068	-	AAFOLC_11150		FAD-binding PCMH-type domain-containing protein	SO:0001217, UniRef:UniRef50_K8PQ70
contig_1	cds	2458065	2460431	-	AAFOLC_11155		Carbon monoxide dehydrogenase large chain parolog without usual motifs	SO:0001217, UniRef:UniRef50_A0A1C3K6P2
contig_1	cds	2460428	2461285	-	AAFOLC_11160		Acetyl esterase/lipase	SO:0001217, UniRef:UniRef50_A0A7W6F5A8
contig_1	cds	2461282	2462559	-	AAFOLC_11165		amidohydrolase/deacetylase family metallohydrolase	COG:COG3964, COG:R, SO:0001217, UniRef:UniRef50_M4Z9B8, UniRef:UniRef90_A0A848K1S6
contig_1	cds	2462723	2463232	+	AAFOLC_11170		HTH marR-type domain-containing protein	SO:0001217, UniRef:UniRef50_A0A810BY70
contig_1	cds	2463459	2464601	+	AAFOLC_11175		Acyl-transf-3 domain-containing protein	SO:0001217, UniRef:UniRef50_A0A259BMQ4
contig_1	cds	2464657	2464899	-	AAFOLC_11180		hypothetical protein	PFAM:PF07769.17
contig_1	cds	2465179	2465733	-	AAFOLC_11185		cytochrome P460 family protein	SO:0001217, UniRef:UniRef50_UPI001C698E1B
contig_1	cds	2465939	2467327	+	AAFOLC_11190		Ribosomal RNA small subunit methyltransferase B	SO:0001217, UniRef:UniRef50_A0A2R8B0E3
contig_1	cds	2467376	2469409	-	AAFOLC_11195	ygiQ	YgiQ family radical SAM protein	COG:COG1032, COG:R, SO:0001217, UniRef:UniRef50_Q89C25, UniRef:UniRef90_UPI0019328B48
contig_1	cds	2469570	2469884	-	AAFOLC_11200	azlC	AzlC protein	SO:0001217, UniRef:UniRef50_F7QF43, UniRef:UniRef90_A7IDV3
contig_1	cds	2470146	2471591	+	AAFOLC_11205		Phospholipase D	SO:0001217, UniRef:UniRef50_A0A0N7LPQ5
contig_1	cds	2471455	2472375	-	AAFOLC_11210		hypothetical protein	
contig_1	cds	2472598	2474001	+	AAFOLC_11215	cmpC	Bicarbonate transport ATP-binding protein CmpC	SO:0001217, UniRef:UniRef50_A0A0M6ZQ63
contig_1	cds	2474033	2475121	+	AAFOLC_11220		ABC transmembrane type-1 domain-containing protein	SO:0001217, UniRef:UniRef50_A0A059DN07
contig_1	cds	2475132	2476901	+	AAFOLC_11225	cmpD	Bicarbonate transport ATP-binding protein CmpD	SO:0001217, UniRef:UniRef50_A0A166BDR2
contig_1	cds	2476901	2477833	+	AAFOLC_11230		GAF domain-containing protein	SO:0001217, UniRef:UniRef50_A7IE88
contig_1	cds	2477845	2480289	+	AAFOLC_11235		hypothetical protein	PFAM:PF00070.30, PFAM:PF03460.20, PFAM:PF04324.18, PFAM:PF07992.17, PFAM:PF18267.4
contig_1	cds	2480295	2480624	+	AAFOLC_11240		Assimilatory nitrite reductase [NAD(P)H] small subunit	SO:0001217, UniRef:UniRef50_A0A2D5J304
contig_1	cds	2480630	2483296	+	AAFOLC_11245		Nitrate reductase	SO:0001217, UniRef:UniRef50_Q06457
contig_1	cds	2483527	2484360	-	AAFOLC_11250		ABC transporter domain-containing protein	SO:0001217, UniRef:UniRef50_A0A023X910
contig_1	cds	2484357	2485217	-	AAFOLC_11255		ABC transporter permease	SO:0001217, UniRef:UniRef50_A0A0R3DUU8
contig_1	cds	2485223	2486206	-	AAFOLC_11260		Aliphatic sulfonate ABC transporter substrate-binding protein	SO:0001217, UniRef:UniRef50_A0A6C1KLV8
contig_1	cds	2486508	2487281	-	AAFOLC_11265		hypothetical protein	
contig_1	cds	2487282	2487725	-	AAFOLC_11270		hypothetical protein	
contig_1	cds	2487722	2488792	-	AAFOLC_11275		DUF3488 domain-containing protein	SO:0001217, UniRef:UniRef50_A0A7V7WQL5
contig_1	cds	2488792	2489463	-	AAFOLC_11280		Transcriptional initiation protein Tat	SO:0001217, UniRef:UniRef50_A0A7V8BIY9
contig_1	cds	2489475	2489984	-	AAFOLC_11285		hypothetical protein	
contig_1	cds	2489981	2490622	-	AAFOLC_11290		hypothetical protein	
contig_1	cds	2490619	2491197	-	AAFOLC_11295		hypothetical protein	
contig_1	cds	2491433	2492494	+	AAFOLC_11300		hypothetical protein	PFAM:PF00196.22
contig_1	cds	2492986	2493594	-	AAFOLC_11305		hypothetical protein	PFAM:PF00106.28, PFAM:PF13561.9
contig_1	cds	2493629	2494267	-	AAFOLC_11310		AEC family transporter	SO:0001217, UniRef:UniRef50_UPI0020119409
contig_1	cds	2494426	2495781	+	AAFOLC_11315		hypothetical protein	PFAM:PF00126.30
contig_1	cds	2496028	2496552	+	AAFOLC_11320		hypothetical protein	
contig_1	cds	2496591	2497454	+	AAFOLC_11325		PBPb domain-containing protein	SO:0001217, UniRef:UniRef50_A0A8J3GGD8
contig_1	cds	2497496	2498242	+	AAFOLC_11330		Amino acid ABC transporter permease	SO:0001217, UniRef:UniRef50_A0A8H2NZU6, UniRef:UniRef90_A0A371B9L2
contig_1	cds	2498239	2499069	+	AAFOLC_11335		Polar amino acid uptake family ABC transporter, permease protein	SO:0001217, UniRef:UniRef50_D5BTU1
contig_1	cds	2499059	2499835	+	AAFOLC_11340		Amino acid ABC transporter ATP-binding protein	SO:0001217, UniRef:UniRef50_A0A5E7KPZ1, UniRef:UniRef90_A0A371B9X4
contig_1	cds	2499941	2501983	+	AAFOLC_11345		Putative N-methylproline demethylase	SO:0001217, UniRef:UniRef50_A0A508X8J8
contig_1	cds	2502004	2503299	-	AAFOLC_11350		DAO domain-containing protein	SO:0001217, UniRef:UniRef50_A0A0S2EQC4
contig_1	cds	2503322	2504020	-	AAFOLC_11355		Haloacetate dehalogenase H-2	SO:0001217, UniRef:UniRef50_A0A1U9Z4E0
contig_1	cds	2504122	2505123	+	AAFOLC_11360		HTH lysR-type domain-containing protein	SO:0001217, UniRef:UniRef50_A0A1J6HZK2
contig_1	cds	2506091	2507137	+	AAFOLC_11365		YheC/YheD family protein	SO:0001217, UniRef:UniRef50_UPI001FCB2C95
contig_1	cds	2507294	2508451	-	AAFOLC_11370		hypothetical protein	
contig_1	cds	2508432	2508695	-	AAFOLC_11375		Acyl carrier protein	SO:0001217, UniRef:UniRef50_A0A5N7Y8I2
contig_1	cds	2508931	2509023	-	AAFOLC_11380		(pseudo) Integrase catalytic domain-containing protein	SO:0001217, UniRef:UniRef50_A0A086Y1G2, UniRef:UniRef90_A0A086Y1G2
contig_1	cds	2509317	2510063	-	AAFOLC_11385		HTH gntR-type domain-containing protein	SO:0001217, UniRef:UniRef50_A0A327KS37
contig_1	cds	2510195	2511169	+	AAFOLC_11390		ABC transporter substrate-binding protein	SO:0001217, UniRef:UniRef50_H0FCD2
contig_1	cds	2511228	2511731	+	AAFOLC_11395	tctB	tripartite tricarboxylate transporter TctB family protein	SO:0001217, UniRef:UniRef50_UPI0003FC651B
contig_1	cds	2511742	2513286	+	AAFOLC_11400		Tricarboxylic transport membrane protein	SO:0001217, UniRef:UniRef50_A0A2I6S355
contig_1	cds	2513283	2514422	+	AAFOLC_11405		Mandelate racemase/muconate lactonizing enzyme, C-terminal domain protein	SO:0001217, UniRef:UniRef50_D5RJ39
contig_1	cds	2514425	2515318	+	AAFOLC_11410		fumarylacetoacetate hydrolase family protein	SO:0001217, UniRef:UniRef50_UPI001BA71335
contig_1	cds	2515315	2516295	+	AAFOLC_11415		Glyoxylate/hydroxypyruvate reductase B	SO:0001217, UniRef:UniRef50_A0A222E5N0
contig_1	cds	2516292	2517431	+	AAFOLC_11420		Mandelate racemase/muconate lactonizing enzyme, C-terminal domain protein	SO:0001217, UniRef:UniRef50_D5RJ36
contig_1	cds	2518000	2518293	+	AAFOLC_11425		hypothetical protein	
contig_1	cds	2518359	2519069	-	AAFOLC_11430	ykuD	YkuD domain-containing protein	SO:0001217, UniRef:UniRef50_A0A0Q4ZU05
contig_1	cds	2519955	2520920	+	AAFOLC_11435		hypothetical protein	
contig_1	cds	2521157	2523205	-	AAFOLC_11440		DNA helicase	SO:0001217, UniRef:UniRef50_A0A0B2BW28
contig_1	cds	2523209	2526037	-	AAFOLC_11445		site-specific DNA-methyltransferase (adenine-specific)	SO:0001217, UniRef:UniRef50_A0A1M7Z8C5
contig_1	cds	2526135	2528951	-	AAFOLC_11450		Restriction endonuclease	EC:3.1.21.5, KEGG:K01156, SO:0001217, UniRef:UniRef50_A0A813AIY7, UniRef:UniRef90_A0A259LGK7
contig_1	cds	2529377	2530306	-	AAFOLC_11455		IS3 family transposase	SO:0001217, UniRef:UniRef50_A0A8F7ZGV0, UniRef:UniRef90_A7ILR9
contig_1	cds	2530300	2530566	-	AAFOLC_11460	tnp	IS3 family transposase ORF A	SO:0001217, UniRef:UniRef50_P17985, UniRef:UniRef90_A0A1G4UTN6
contig_1	cds	2531545	2531724	-	AAFOLC_11465		Type II toxin-antitoxin system Phd/YefM family antitoxin	SO:0001217, UniRef:UniRef50_A0A6C1KJI9
contig_1	cds	2531782	2532015	-	AAFOLC_11470		HTH cro/C1-type domain-containing protein	SO:0001217, UniRef:UniRef50_A0A021XGL6
contig_1	cds	2532108	2532479	+	AAFOLC_11475		PriCT-1 domain-containing protein	SO:0001217, UniRef:UniRef50_A0A3L7A128
contig_1	cds	2532538	2533008	+	AAFOLC_11480		hypothetical protein	
contig_1	cds	2533001	2533468	+	AAFOLC_11485		hypothetical protein	
contig_1	cds	2533461	2533862	+	AAFOLC_11490		hypothetical protein	
contig_1	cds	2534204	2535049	+	AAFOLC_11495	parB	ParB domain-containing protein	SO:0001217, UniRef:UniRef50_K8PKU5
contig_1	tRNA	2535237	2535326	-	AAFOLC_11500	trnS	tRNA-Ser(cga)	SO:0000269
contig_1	cds	2535904	2536725	+	AAFOLC_11505		DUF72 domain-containing protein	SO:0001217, UniRef:UniRef50_A0A5E4XS17
contig_1	cds	2536743	2537189	-	AAFOLC_11510		Rrf2 family transcriptional regulator	SO:0001217, UniRef:UniRef50_A8IC96
contig_1	cds	2537234	2537905	-	AAFOLC_11515	yciB	Inner membrane-spanning protein YciB	SO:0001217, UniRef:UniRef50_B6JAN9
contig_1	cds	2537996	2538667	-	AAFOLC_11520		Biosynthetic peptidoglycan transglycosylase	SO:0001217, UniRef:UniRef50_A0A5S9PDQ1
contig_1	cds	2538838	2539764	+	AAFOLC_11525		Farnesyl diphosphate synthase	SO:0001217, UniRef:UniRef50_A0A848JZR4
contig_1	cds	2539990	2540736	+	AAFOLC_11530	fabG	3-oxoacyl-[acyl-carrier-protein] reductase FabG	SO:0001217, UniRef:UniRef50_A0A0M6XYZ6
contig_1	cds	2540785	2541504	-	AAFOLC_11535		Glutathione S-transferase	SO:0001217, UniRef:UniRef50_A0A154W887
contig_1	cds	2541717	2542304	+	AAFOLC_11540	comR	HTH-type transcriptional repressor ComR	SO:0001217, UniRef:UniRef50_A0A6S7A2G7
contig_1	cds	2542314	2543045	-	AAFOLC_11545		(S)-2-haloacid dehalogenase	SO:0001217, UniRef:UniRef50_Q60099
contig_1	cds	2543166	2543552	-	AAFOLC_11550		GBBH-like-N domain-containing protein	SO:0001217, UniRef:UniRef50_K2P0W1
contig_1	cds	2543765	2544823	+	AAFOLC_11555		GTP 3',8-cyclase	SO:0001217, UniRef:UniRef50_Q89NT2
contig_1	cds	2545073	2546008	+	AAFOLC_11560	eamA	EamA domain-containing protein	SO:0001217, UniRef:UniRef50_A7IF43
contig_1	cds	2546215	2546448	-	AAFOLC_11565		Secreted protein	SO:0001217, UniRef:UniRef50_A0A259J0Y2
contig_1	cds	2546521	2547261	-	AAFOLC_11570		Adenosine 5'-phosphosulfate reductase	SO:0001217, UniRef:UniRef50_B8ELQ2
contig_1	cds	2547270	2547767	-	AAFOLC_11575		Oxidoreductase	SO:0001217, UniRef:UniRef50_Q6N238
contig_1	cds	2547754	2549409	-	AAFOLC_11580		Ferredoxin-nitrite reductase	SO:0001217, UniRef:UniRef50_Q89UD8
contig_1	cds	2549435	2549749	-	AAFOLC_11585		DUF2849 domain-containing protein	SO:0001217, UniRef:UniRef50_A7IF53
contig_1	cds	2550024	2550410	-	AAFOLC_11590		HTH arsR-type domain-containing protein	SO:0001217, UniRef:UniRef50_X5DQM9
contig_1	cds	2550611	2551585	+	AAFOLC_11595		Zinc-binding alcohol dehydrogenase	SO:0001217, UniRef:UniRef50_I7GBF6
contig_1	cds	2551683	2552489	+	AAFOLC_11600		Enoyl-CoA hydratase	SO:0001217, UniRef:UniRef50_K8PMM6
contig_1	cds	2552576	2552665	+	AAFOLC_11605		hypothetical protein	
contig_1	cds	2552981	2555488	+	AAFOLC_11610		Alpha-E domain-containing protein	SO:0001217, UniRef:UniRef50_A0A4P5X216
contig_1	cds	2555496	2556380	+	AAFOLC_11615		Protein-glutamine gamma-glutamyltransferase	SO:0001217, UniRef:UniRef50_A0A1E3H455
contig_1	cds	2556514	2557836	-	AAFOLC_11620		TRAP transporter large permease protein	SO:0001217, UniRef:UniRef50_A8LKF1
contig_1	cds	2557833	2558339	-	AAFOLC_11625		TRAP transporter small permease protein	SO:0001217, UniRef:UniRef50_A0A1E3V9N2
contig_1	cds	2558495	2559505	-	AAFOLC_11630		ABC transporter substrate-binding protein	SO:0001217, UniRef:UniRef50_F2I0R9
contig_1	cds	2559639	2561162	-	AAFOLC_11635		Long-chain-fatty-acid-CoA ligase	SO:0001217, UniRef:UniRef50_A0A1H8WQH5
contig_1	cds	2561178	2562548	-	AAFOLC_11640		Malonyl-CoA decarboxylase	SO:0001217, UniRef:UniRef50_A0A679K6Q8
contig_1	cds	2562868	2563530	+	AAFOLC_11645		Regulatory protein GntR, HTH:GntR, C-terminal	SO:0001217, UniRef:UniRef50_A3K390
contig_1	tRNA	2564204	2564280	+	AAFOLC_11650	trnR	tRNA-Arg(ccg)	SO:0001036
contig_1	cds	2565237	2565869	-	AAFOLC_11655	acrR	DNA-binding protein, AcrR family, includes nucleoid occlusion protein SlmA	COG:COG1309, COG:K, SO:0001217, UniRef:UniRef50_A0A2N7QWZ6, UniRef:UniRef90_A0A0N1N443
contig_1	cds	2565982	2566956	+	AAFOLC_11660		Short-chain dehydrogenase	SO:0001217, UniRef:UniRef50_A0A2N7QX20, UniRef:UniRef90_A0A0N1F410
contig_1	cds	2567100	2567846	+	AAFOLC_11665	fabG	NAD(P)-dependent dehydrogenase, short-chain alcohol dehydrogenase family	COG:COG1028, COG:I, SO:0001217, UniRef:UniRef50_A0A1U8QNU5, UniRef:UniRef90_A0A3D9Z2W8
contig_1	cds	2567861	2568607	+	AAFOLC_11670	fabG	NAD(P)-dependent dehydrogenase, short-chain alcohol dehydrogenase family	COG:COG1028, COG:I, SO:0001217, UniRef:UniRef50_O31680, UniRef:UniRef90_A0A3D9Z318
contig_1	cds	2568658	2568888	+	AAFOLC_11675	yqiC	BMFP domain-containing protein YqiC	SO:0001217, UniRef:UniRef50_A0A5E4ZAL3, UniRef:UniRef90_A0A3D9Z5F9
contig_1	cds	2568905	2569243	+	AAFOLC_11680		DoxX-like protein	SO:0001217, UniRef:UniRef50_A0A4S4AJR2, UniRef:UniRef90_A0A3D9Z7G2
contig_1	cds	2569316	2569801	-	AAFOLC_11685		Secreted protein	SO:0001217, UniRef:UniRef50_A0A839YJW6
contig_1	cds	2569901	2570605	-	AAFOLC_11690		Glutathione S-transferase	SO:0001217, UniRef:UniRef50_A0A154W887, UniRef:UniRef90_A0A2J7TF94
contig_1	cds	2570765	2571064	+	AAFOLC_11695		Antibiotic biosynthesis monooxygenase	SO:0001217, UniRef:UniRef50_B8EJY7
contig_1	cds	2571166	2571963	+	AAFOLC_11700	ridA	RidA family protein	SO:0001217, UniRef:UniRef50_A0A7R6WF81
contig_1	cds	2572092	2572514	-	AAFOLC_11705		VOC family protein	SO:0001217, UniRef:UniRef50_A0A1V9KJV0, UniRef:UniRef90_UPI00026CC62B
contig_1	cds	2573578	2574279	-	AAFOLC_11710		Diacetyl reductase [(S)-acetoin forming]	SO:0001217, UniRef:UniRef50_A0A0P1IDS3
contig_1	cds	2574376	2574699	-	AAFOLC_11715		Short-chain dehydrogenase/reductase SDR	SO:0001217, UniRef:UniRef50_F6IM88
contig_1	cds	2574829	2575689	-	AAFOLC_11720		Integrase catalytic domain-containing protein	SO:0001217, UniRef:UniRef50_A0A259EY06
contig_1	cds	2575686	2576000	-	AAFOLC_11725		Transposase	SO:0001217, UniRef:UniRef50_A0A4V1PNV2
contig_1	cds	2576113	2576523	+	AAFOLC_11730		hypothetical protein	
contig_1	cds	2576570	2576779	-	AAFOLC_11735		DUF6499 domain-containing protein	SO:0001217, UniRef:UniRef50_D6V0Y9, UniRef:UniRef90_D6V0Y9
contig_1	cds	2576901	2577164	-	AAFOLC_11740		DUF2285 domain-containing protein	SO:0001217, UniRef:UniRef50_A7IJQ6, UniRef:UniRef90_A0A1W6MY17
contig_1	cds	2577392	2577637	+	AAFOLC_11745		XRE family transcriptional regulator	SO:0001217, UniRef:UniRef50_A0A441TZJ2
contig_1	cds	2577657	2577869	-	AAFOLC_11750	hipB	Transcriptional regulator, contains XRE-family HTH domain	COG:COG1396, COG:K, RefSeq:WP_114910835.1, SO:0001217, UniParc:UPI000E0D1F60, UniRef:UniRef100_A0A522GQ66, UniRef:UniRef50_U4VCA5, UniRef:UniRef90_D6V0Z2
contig_1	cds	2578007	2578333	-	AAFOLC_11755		DUF736 domain-containing protein	COG:COG5489, COG:S, SO:0001217, UniParc:UPI0011D32A7B, UniRef:UniRef100_A0A8I1RJY0, UniRef:UniRef50_A0A3P5XXE9, UniRef:UniRef90_B5ZHF3
contig_1	cds	2578922	2579362	-	AAFOLC_11760		MFS domain-containing protein	SO:0001217, UniRef:UniRef50_B5ZHF2, UniRef:UniRef90_A0A1W6MY09
contig_1	cds	2579511	2579678	-	AAFOLC_11765		Ammonium transporter	RefSeq:WP_169800938.1, SO:0001217, UniParc:UPI000AD03E1E, UniRef:UniRef100_UPI000AD03E1E, UniRef:UniRef50_W3RM74, UniRef:UniRef90_A0A8I1UTC4
contig_1	cds	2579999	2580208	+	AAFOLC_11770		ATP-binding protein	SO:0001217, UniRef:UniRef50_T0KB24, UniRef:UniRef90_A0A1W6MY65
contig_1	cds	2580282	2581211	-	AAFOLC_11775		DUF2493 domain-containing protein	SO:0001217, UniRef:UniRef50_A7HSF3, UniRef:UniRef90_B5ZHE9
contig_1	cds	2581539	2582591	-	AAFOLC_11780		Toprim domain-containing protein	SO:0001217, UniRef:UniRef50_A0A0N9UJF6, UniRef:UniRef90_A0A7W7Z1A4
contig_1	cds	2582650	2584740	-	AAFOLC_11785	parB	ParB domain-containing protein	SO:0001217, UniRef:UniRef50_A0A0W1EYU5
contig_1	cds	2584913	2586109	-	AAFOLC_11790		DUF932 domain-containing protein	SO:0001217, UniRef:UniRef50_A3UHP2, UniRef:UniRef90_A0A1G6WS79
contig_1	cds	2586375	2587631	+	AAFOLC_11795		putative ATPase, AAA+ superfamily	COG:COG1373, COG:R, SO:0001217, UniRef:UniRef50_M4ZDR4, UniRef:UniRef90_M4ZDR4
contig_1	cds	2587716	2590631	+	AAFOLC_11800		ATPase-AAA-core domain-containing protein	SO:0001217, UniRef:UniRef50_A0A0A1PQ37, UniRef:UniRef90_M4ZDX8
contig_1	cds	2590690	2594676	+	AAFOLC_11805		AAA domain-containing protein	SO:0001217, UniRef:UniRef50_M4ZZN7, UniRef:UniRef90_M4ZZN7
contig_1	cds	2594736	2595815	+	AAFOLC_11810		Restriction endonuclease	SO:0001217, UniRef:UniRef50_E6VPH2
contig_1	cds	2595863	2596861	-	AAFOLC_11815		DUF1837 domain-containing protein	SO:0001217, UniRef:UniRef50_A0A2K9ZC86
contig_1	cds	2597080	2597451	+	AAFOLC_11820		hypothetical protein	
contig_1	cds	2597451	2598314	+	AAFOLC_11825		N-acetyltransferase domain-containing protein	SO:0001217, UniRef:UniRef50_A0A149URT1
contig_1	cds	2598480	2599757	-	AAFOLC_11830		AbiJ-NTD3 domain-containing protein	SO:0001217, UniRef:UniRef50_A0A0H1RA06
contig_1	cds	2599810	2601027	-	AAFOLC_11835		Integrase family protein	SO:0001217, UniRef:UniRef50_A0A2S0XCT9, UniRef:UniRef90_D6V120
contig_1	cds	2601172	2601438	+	AAFOLC_11840	tnp	IS3 family transposase ORF A	SO:0001217, UniRef:UniRef50_P17985, UniRef:UniRef90_A0A1G4UTN6
contig_1	cds	2601432	2602361	+	AAFOLC_11845		IS3 family transposase	SO:0001217, UniRef:UniRef50_A0A8F7ZGV0, UniRef:UniRef90_A7ILR9
contig_1	cds	2602307	2602444	-	AAFOLC_11850		hypothetical protein	
contig_1	cds	2602834	2603043	+	AAFOLC_11855		Transposase	SO:0001217, UniRef:UniRef50_A0A257P0S7
contig_1	cds	2604134	2604538	+	AAFOLC_11860		hypothetical protein	
contig_1	cds	2604481	2605515	-	AAFOLC_11865	tdh	Threonine dehydrogenase or related Zn-dependent dehydrogenase	COG:COG1063, COG:ER, EC:1.1.1.-, KEGG:K18369, SO:0001217, UniRef:UniRef50_A0A1J5RVJ2, UniRef:UniRef90_UPI001932D339
contig_1	cds	2605876	2606796	+	AAFOLC_11870	paaJ	(pseudo) Acetyl-CoA acetyltransferase	COG:COG0183, COG:I, SO:0001217, UniRef:UniRef50_A0A0T5PBM3, UniRef:UniRef90_A7IEZ1
contig_1	cds	2606941	2608185	-	AAFOLC_11875		hypothetical protein	PFAM:PF13472.9
contig_1	cds	2608185	2608331	-	AAFOLC_11880		hypothetical protein	
contig_1	cds	2608331	2608666	-	AAFOLC_11885		hypothetical protein	
contig_1	cds	2608663	2609238	-	AAFOLC_11890		hypothetical protein	
contig_1	cds	2609252	2610733	-	AAFOLC_11895		Tail Collar domain protein	SO:0001217, UniRef:UniRef50_A7INV5
contig_1	cds	2610735	2611337	-	AAFOLC_11900		Phage tail protein	SO:0001217, UniRef:UniRef50_A0A1A9G0B2
contig_1	cds	2611334	2612380	-	AAFOLC_11905		Baseplate-J domain-containing protein	SO:0001217, UniRef:UniRef50_A0A4Q1VNN1
contig_1	cds	2612436	2612888	-	AAFOLC_11910		DUF695 domain-containing protein	SO:0001217, UniRef:UniRef50_A0A371X308
contig_1	cds	2612942	2613502	-	AAFOLC_11915		Mu-like prophage protein gp45-like protein	SO:0001217, UniRef:UniRef50_A7INV9
contig_1	cds	2613499	2614701	-	AAFOLC_11920		Mu P family protein	SO:0001217, UniRef:UniRef50_A7INW0
contig_1	cds	2614698	2615984	-	AAFOLC_11925		Mu-like prophage DNA circulation protein-like protein	SO:0001217, UniRef:UniRef50_A7INW1
contig_1	cds	2615994	2617976	-	AAFOLC_11930		Phage tail tape measure protein, TP901 family	SO:0001217, UniRef:UniRef50_A7INW2
contig_1	cds	2618107	2618574	-	AAFOLC_11935		Major capsid protein	SO:0001217, UniRef:UniRef50_A7INW3
contig_1	cds	2618571	2618936	-	AAFOLC_11940		Phage tail protein	SO:0001217, UniRef:UniRef50_A0A7Y3WWZ6
contig_1	cds	2618963	2620432	-	AAFOLC_11945		Mu-like prophage tail sheath protein gpL	SO:0001217, UniRef:UniRef50_A0A0X6ZPD7
contig_1	cds	2620436	2620723	-	AAFOLC_11950		DUF2635 domain-containing protein	SO:0001217, UniRef:UniRef50_A7INW6
contig_1	cds	2620720	2621328	-	AAFOLC_11955		DUF1834 domain-containing protein	SO:0001217, UniRef:UniRef50_A7INW7
contig_1	cds	2621328	2621762	-	AAFOLC_11960		DUF1320 domain-containing protein	SO:0001217, UniRef:UniRef50_A7INW9
contig_1	cds	2621769	2622596	-	AAFOLC_11965		hypothetical protein	PFAM:PF17891.4
contig_1	cds	2622612	2623508	-	AAFOLC_11970		Mu-like-gpT domain-containing protein	SO:0001217, UniRef:UniRef50_A0A1B0ZZX8
contig_1	cds	2623519	2623923	-	AAFOLC_11975		Ricin B-type lectin domain-containing protein	SO:0001217, UniRef:UniRef50_A0A221KCT5
contig_1	cds	2623923	2625041	-	AAFOLC_11980		Mu-like prophage I protein	SO:0001217, UniRef:UniRef50_A0A6P1YNP7
contig_1	cds	2625242	2625772	-	AAFOLC_11985		Phage virion morphogenesis protein	SO:0001217, UniRef:UniRef50_A7INX5
contig_1	cds	2625797	2626012	-	AAFOLC_11990		hypothetical protein	
contig_1	cds	2626005	2627702	-	AAFOLC_11995		hypothetical protein	
contig_1	cds	2627699	2629315	-	AAFOLC_12000		DUF935 domain-containing protein	SO:0001217, UniRef:UniRef50_D5RM69
contig_1	cds	2629315	2630673	-	AAFOLC_12005		Mu-like prophage FluMu protein gp28	COG:COG4373, COG:X, SO:0001217, UniRef:UniRef50_B9JYG4, UniRef:UniRef90_A7INX8
contig_1	cds	2630670	2631248	-	AAFOLC_12010		Mu-like prophage FluMu protein GP27	SO:0001217, UniRef:UniRef50_A7INX9
contig_1	cds	2631258	2631563	-	AAFOLC_12015	arsR	ArsR family transcriptional regulator	SO:0001217, UniRef:UniRef50_A7INY0
contig_1	cds	2631560	2631952	-	AAFOLC_12020		DUF2730 domain-containing protein	SO:0001217, UniRef:UniRef50_A7INY1
contig_1	cds	2631949	2632158	-	AAFOLC_12025		hypothetical protein	
contig_1	cds	2632169	2632528	-	AAFOLC_12030		hypothetical protein	
contig_1	cds	2632525	2632794	-	AAFOLC_12035		hypothetical protein	
contig_1	cds	2632787	2633971	-	AAFOLC_12040		Peptidoglycan-binding domain 1 protein	SO:0001217, UniRef:UniRef50_A7INY5
contig_1	cds	2634048	2634413	-	AAFOLC_12045		hypothetical protein	PFAM:PF13384.9
contig_1	cds	2634410	2634649	-	AAFOLC_12050		hypothetical protein	
contig_1	cds	2634649	2634849	-	AAFOLC_12055		hypothetical protein	
contig_1	cds	2634853	2635524	-	AAFOLC_12060	gemA	Regulatory protein GemA	SO:0001217, UniRef:UniRef50_A7INY7
contig_1	cds	2635521	2635931	-	AAFOLC_12065		ASCH domain-containing protein	SO:0001217, UniRef:UniRef50_A0A2W6V662
contig_1	cds	2635931	2636194	-	AAFOLC_12070		PHB domain-containing protein	SO:0001217, UniRef:UniRef50_A7INY9
contig_1	cds	2636194	2636715	-	AAFOLC_12075		hypothetical protein	PFAM:PF08299.14
contig_1	cds	2636712	2636975	-	AAFOLC_12080		Host nuclease inhibitor protein	SO:0001217, UniRef:UniRef50_A7INZ3
contig_1	cds	2636972	2637232	-	AAFOLC_12085		hypothetical protein	
contig_1	cds	2637229	2637426	-	AAFOLC_12090		hypothetical protein	
contig_1	cds	2637438	2638097	-	AAFOLC_12095		Sulfate transporter	SO:0001217, UniRef:UniRef50_A7INZ5
contig_1	cds	2638081	2638440	-	AAFOLC_12100		hypothetical protein	
contig_1	cds	2638437	2638751	-	AAFOLC_12105		hypothetical protein	
contig_1	cds	2638762	2639739	-	AAFOLC_12110		AAA family ATPase	SO:0001217, UniRef:UniRef50_A0A1G8GKQ6
contig_1	cds	2639805	2641784	-	AAFOLC_12115		HTH Mu-type domain-containing protein	SO:0001217, UniRef:UniRef50_A0A840C2K1
contig_1	cds	2641786	2642073	-	AAFOLC_12120		hypothetical protein	
contig_1	cds	2642073	2642246	-	AAFOLC_12125		hypothetical protein	
contig_1	cds	2642243	2642389	-	AAFOLC_12130		hypothetical protein	
contig_1	cds	2642386	2642862	-	AAFOLC_12135		DNA transposition protein	SO:0001217, UniRef:UniRef50_A7IP01
contig_1	cds	2642862	2643728	-	AAFOLC_12140	parB	ParB domain-containing protein	SO:0001217, UniRef:UniRef50_A0A6A7Y8V9
contig_1	cds	2644452	2644757	-	AAFOLC_12145		Ner family transcriptional regulator	SO:0001217, UniRef:UniRef50_A0A840C761
contig_1	cds	2644999	2645520	+	AAFOLC_12150		helix-turn-helix domain-containing protein	SO:0001217, UniRef:UniRef50_UPI001933E137
contig_1	cds	2645612	2646088	+	AAFOLC_12155		hypothetical protein	
contig_1	cds	2646709	2646906	+	AAFOLC_12160		hypothetical protein	
contig_1	cds	2646943	2648154	-	AAFOLC_12165	yejR	Zinc metallochaperone YeiR/ZagA and related GTPases, G3E family	COG:COG0523, COG:R, SO:0001217, UniRef:UniRef50_A0A1J5RZH8, UniRef:UniRef90_A7IEZ2
contig_1	cds	2648606	2650645	+	AAFOLC_12170	acoR	Transcriptional regulator DhaR of acetoin/glycerol metabolism	COG:COG3284, COG:K, KEGG:K21405, SO:0001217, UniRef:UniRef50_W9V545, UniRef:UniRef90_A7IEZ3
contig_1	cds	2651060	2652991	+	AAFOLC_12175		hypothetical protein	
contig_1	cds	2652997	2653395	+	AAFOLC_12180		Acetone carboxylase gamma subunit	SO:0001217, UniRef:UniRef50_A0A2U1ZHR0
contig_1	cds	2653490	2655646	+	AAFOLC_12185		Hydantoinase	EC:3.5.2.14, KEGG:K01473, SO:0001217, UniRef:UniRef50_A0A5S9MRN2, UniRef:UniRef90_A0A4Y6KN29
contig_1	cds	2655688	2658006	+	AAFOLC_12190	hyuB	N-methylhydantoinase B/oxoprolinase/acetone carboxylase, alpha subunit	COG:COG0146, COG:EQ, SO:0001217, UniRef:UniRef50_A0A1J5RCJ7, UniRef:UniRef90_A0A512HGY0
contig_1	cds	2658003	2658845	+	AAFOLC_12195		Exodeoxyribonuclease V subunit gamma	SO:0001217, UniRef:UniRef50_R9QQJ2
contig_1	cds	2658990	2659874	+	AAFOLC_12200	sphA	Sphingosine uptake channel SphA-related outer membrane channel	COG:COG4313, COG:M, SO:0001217, UniRef:UniRef50_A7IEZ9, UniRef:UniRef90_A7IEZ9
contig_1	cds	2660215	2660595	-	AAFOLC_12205		hypothetical protein	
contig_1	cds	2660812	2661999	-	AAFOLC_12210		acetyl-CoA C-acetyltransferase	SO:0001217, UniRef:UniRef50_A0A2W0AMK1, UniRef:UniRef90_UPI0011F38658
contig_1	cds	2662057	2662461	-	AAFOLC_12215	yhfA	Uncharacterized OsmC-related protein	COG:COG1765, COG:R, SO:0001217, UniRef:UniRef50_B0SKH6, UniRef:UniRef90_A0A259L902
contig_1	cds	2662470	2662706	-	AAFOLC_12220		Thiol-disulfide isomerase and thioredoxin	SO:0001217, UniRef:UniRef50_L0GX83, UniRef:UniRef90_A7IKV6
contig_1	cds	2662727	2663194	-	AAFOLC_12225		Permease	SO:0001217, UniRef:UniRef50_A0A1W9X876
contig_1	cds	2663271	2664029	-	AAFOLC_12230		hypothetical protein	PFAM:PF00665.29, PFAM:PF13276.9, PFAM:PF13683.9
contig_1	cds	2664137	2664415	-	AAFOLC_12235		Transposase	SO:0001217, UniRef:UniRef50_A0A087N6S0, UniRef:UniRef90_A0A4R1HFX3
contig_1	cds	2664528	2665337	-	AAFOLC_12240		Integrase catalytic domain-containing protein	SO:0001217, UniRef:UniRef50_A0A2R4GYU0
contig_1	cds	2665654	2666367	-	AAFOLC_12245		Spermidine synthase	SO:0001217, UniRef:UniRef50_W6W2W2, UniRef:UniRef90_A0A7W2BWG2
contig_1	cds	2667036	2667821	-	AAFOLC_12250		DUF2182 domain-containing protein	SO:0001217, UniRef:UniRef50_A0A838P2P3
contig_1	cds	2667837	2668508	-	AAFOLC_12255		DUF1326 domain-containing protein	SO:0001217, UniRef:UniRef50_A0A2D6T595, UniRef:UniRef90_UPI001AE97A9F
contig_1	cds	2668634	2669269	-	AAFOLC_12260		Cupin domain-containing protein	SO:0001217, UniRef:UniRef50_A0A3M6QP94
contig_1	cds	2669266	2670459	-	AAFOLC_12265		putative succinyl-diaminopimelate desuccinylase	SO:0001217, UniRef:UniRef50_A0A0S8D9Y8
contig_1	cds	2670501	2671205	-	AAFOLC_12270		ABC-type transporter, ATPase component: HAAT family	SO:0001217, UniRef:UniRef50_Q0JZN0
contig_1	cds	2671202	2671975	-	AAFOLC_12275		ABC-type transporter, ATPase component: HAAT family	SO:0001217, UniRef:UniRef50_Q0JZN1
contig_1	cds	2671972	2673126	-	AAFOLC_12280		branched-chain amino acid ABC transporter permease	SO:0001217, UniRef:UniRef50_UPI001AEB4A5A
contig_1	cds	2673129	2674052	-	AAFOLC_12285		Branched-chain amino acid ABC transporter permease	SO:0001217, UniRef:UniRef50_A0A074J954
contig_1	cds	2674118	2675296	-	AAFOLC_12290		Peripla-BP-6 domain-containing protein	SO:0001217, UniRef:UniRef50_A0A149VUN6
contig_1	ncRNA-region	2675528	2675626	+			Glycine riboswitch	RFAM:RF00504, SO:0000035
contig_1	cds	2675791	2677020	+	AAFOLC_12295		D-amino acid dehydrogenase 3	SO:0001217, UniRef:UniRef50_Q981X2
contig_1	tRNA	2678680	2678754	-	AAFOLC_12300	trnE	tRNA-Glu(ttc)	SO:0000259
contig_1	cds	2678987	2679409	-	AAFOLC_12305	gloA	Catechol 2,3-dioxygenase or related enzyme, vicinal oxygen chelate (VOC) family	COG:COG0346, COG:Q, SO:0001217, UniRef:UniRef50_A0A3L7AKS2, UniRef:UniRef90_A0A3L7AKS2
contig_1	cds	2679530	2680300	+	AAFOLC_12310		NAD-dependent protein deacetylase 1	SO:0001217, UniRef:UniRef50_Q89LY4
contig_1	cds	2680269	2680961	+	AAFOLC_12315		Cold-shock protein	SO:0001217, UniRef:UniRef50_A0A0P0JLF5
contig_1	cds	2680974	2681510	+	AAFOLC_12320		DUF192 domain-containing protein	SO:0001217, UniRef:UniRef50_A0A0Q6KLW5
contig_1	cds	2681534	2681716	+	AAFOLC_12325		hypothetical protein	
contig_1	cds	2681995	2682423	+	AAFOLC_12330		(2Fe-2S)-binding protein	SO:0001217, UniRef:UniRef50_A0A1A6FGV1
contig_1	cds	2682567	2683106	+	AAFOLC_12335		Phage tail protein	SO:0001217, UniRef:UniRef50_A7IEI1
contig_1	cds	2683613	2684770	-	AAFOLC_12340		Tyr recombinase domain-containing protein	SO:0001217, UniRef:UniRef50_A0A0J6SKY4
contig_1	cds	2684958	2685449	-	AAFOLC_12345		DUF968 domain-containing protein	SO:0001217, UniRef:UniRef50_A7ILD6
contig_1	cds	2685449	2685973	-	AAFOLC_12350		hypothetical protein	
contig_1	cds	2685970	2686596	-	AAFOLC_12355	yqaJ	YqaJ domain-containing protein	SO:0001217, UniRef:UniRef50_A7ILL4
contig_1	cds	2686609	2687616	-	AAFOLC_12360		Phage protein	SO:0001217, UniRef:UniRef50_A0A3L7AGF3
contig_1	cds	2687616	2688461	-	AAFOLC_12365		ERF family protein	SO:0001217, UniRef:UniRef50_A7ILL7
contig_1	cds	2688454	2688690	-	AAFOLC_12370		hypothetical protein	
contig_1	cds	2688690	2688920	-	AAFOLC_12375	phoU	Phosphate transport system regulatory protein PhoU	SO:0001217, UniRef:UniRef50_A0A3L7AIX7
contig_1	cds	2688922	2689248	-	AAFOLC_12380		hypothetical protein	
contig_1	cds	2689238	2689447	-	AAFOLC_12385		hypothetical protein	
contig_1	cds	2689444	2689806	-	AAFOLC_12390		hypothetical protein	
contig_1	cds	2690024	2690773	+	AAFOLC_12395		Phage Gp37/Gp68 family protein	SO:0001217, UniRef:UniRef50_A0A4V0XK54
contig_1	cds	2690770	2691708	-	AAFOLC_12400	tcmP	Three-Cys-motif partner protein TcmP	SO:0001217, UniRef:UniRef50_B6IQ07
contig_1	cds	2691647	2692051	-	AAFOLC_12405		hypothetical protein	
contig_1	cds	2692091	2692240	-	AAFOLC_12410		hypothetical protein	
contig_1	cds	2693204	2693407	+	AAFOLC_12415		hypothetical protein	
contig_1	cds	2693907	2694155	+	AAFOLC_12420		Holin	SO:0001217, UniRef:UniRef50_A0A084UDL8
contig_1	cds	2694284	2694577	-	AAFOLC_12425		hypothetical protein	
contig_1	cds	2694664	2694843	+	AAFOLC_12430		hypothetical protein	
contig_1	cds	2694819	2695310	-	AAFOLC_12435	tssL	Type VI secretion system protein TssL	SO:0001217, UniRef:UniRef50_A0A6C1KTM9
contig_1	cds	2695769	2696407	+	AAFOLC_12440		hypothetical protein	PFAM:PF10544.12
contig_1	cds	2696494	2697114	+	AAFOLC_12445		T5orf172 domain-containing protein	SO:0001217, UniRef:UniRef50_A7ILF2
contig_1	cds	2697111	2697317	+	AAFOLC_12450		hypothetical protein	
contig_1	cds	2697320	2697505	+	AAFOLC_12455		hypothetical protein	
contig_1	cds	2697535	2697951	-	AAFOLC_12460	hicB	HicB family protein	SO:0001217, UniRef:UniRef50_A0A2S9Q9N4
contig_1	cds	2698018	2698227	-	AAFOLC_12465	hicA	Addiction module toxin, HicA family	SO:0001217, UniRef:UniRef50_A0A1L3SMH6
contig_1	cds	2698341	2698580	+	AAFOLC_12470		hypothetical protein	
contig_1	cds	2698577	2699161	+	AAFOLC_12475		MT-A70 family protein	SO:0001217, UniRef:UniRef50_A7ILF3
contig_1	cds	2699158	2700075	+	AAFOLC_12480		PAPS-reduct domain-containing protein	SO:0001217, UniRef:UniRef50_A0A444I3L8
contig_1	cds	2700072	2700356	+	AAFOLC_12485		hypothetical protein	
contig_1	cds	2700359	2701177	+	AAFOLC_12490		hypothetical protein	
contig_1	cds	2701254	2701544	+	AAFOLC_12495		hypothetical protein	
contig_1	cds	2701619	2702275	+	AAFOLC_12500		Terminase small subunit	SO:0001217, UniRef:UniRef50_A7ILN6
contig_1	cds	2703115	2703387	-	AAFOLC_12505		HTH cro/C1-type domain-containing protein	SO:0001217, UniRef:UniRef50_K2JBH1
contig_1	cds	2703675	2703971	-	AAFOLC_12510		hypothetical protein	
contig_1	cds	2704135	2704779	+	AAFOLC_12515		PhageMetallopep domain-containing protein	SO:0001217, UniRef:UniRef50_A0A0P0DRT9
contig_1	cds	2705105	2705575	+	AAFOLC_12520		DUF2280 domain-containing protein	SO:0001217, UniRef:UniRef50_A0A8B3R1B5
contig_1	cds	2706780	2707928	+	AAFOLC_12525		Phage uncharacterized protein, C-terminal domain	SO:0001217, UniRef:UniRef50_A0A3S4Z5H5
contig_1	cds	2708534	2709979	+	AAFOLC_12530		Phage portal protein, HK97 family	SO:0001217, UniRef:UniRef50_A7ILN8
contig_1	cds	2709979	2711967	+	AAFOLC_12535		hypothetical protein	
contig_1	cds	2711954	2712157	+	AAFOLC_12540		hypothetical protein	
contig_1	cds	2712165	2712659	+	AAFOLC_12545		HK97 gp10 family phage protein	SO:0001217, UniRef:UniRef50_B8IIV7
contig_1	cds	2712656	2712871	-	AAFOLC_12550		HTH lacI-type domain-containing protein	SO:0001217, UniRef:UniRef50_A0A6C1KJP4
contig_1	cds	2712901	2714037	+	AAFOLC_12555		Phage prohead protease, HK97 family	SO:0001217, UniRef:UniRef50_A7ILP1
contig_1	cds	2714050	2715402	+	AAFOLC_12560		Phage major capsid protein	SO:0001217, UniRef:UniRef50_A0A6G4W759
contig_1	cds	2715467	2715901	+	AAFOLC_12565		Major capsid protein	SO:0001217, UniRef:UniRef50_A7ILP3
contig_1	cds	2715963	2716226	+	AAFOLC_12570		hypothetical protein	
contig_1	cds	2716231	2716719	+	AAFOLC_12575		hypothetical protein	
contig_1	cds	2716723	2717271	+	AAFOLC_12580		DnaT-2 domain-containing protein	SO:0001217, UniRef:UniRef50_A7ILP5
contig_1	cds	2717268	2717624	+	AAFOLC_12585		Phage protein	SO:0001217, UniRef:UniRef50_A7ILP6
contig_1	cds	2717627	2718049	+	AAFOLC_12590		Tail terminator	SO:0001217, UniRef:UniRef50_A7ILP7
contig_1	cds	2718204	2718575	-	AAFOLC_12595		hypothetical protein	PFAM:PF03869.17, PFAM:PF05534.15
contig_1	cds	2718659	2718907	+	AAFOLC_12600		hypothetical protein	
contig_1	cds	2718910	2720064	+	AAFOLC_12605		hypothetical protein	PFAM:PF04383.16
contig_1	cds	2720163	2720645	+	AAFOLC_12610		Phage tail protein	SO:0001217, UniRef:UniRef50_A0A4Y8QEM4
contig_1	cds	2720660	2721046	+	AAFOLC_12615		Phage tail protein	SO:0001217, UniRef:UniRef50_A0A0M3BCJ2
contig_1	cds	2721398	2724040	+	AAFOLC_12620		hypothetical protein	
contig_1	cds	2724044	2724697	+	AAFOLC_12625		Glyco-hydro-81 domain-containing protein	SO:0001217, UniRef:UniRef50_A0A259ADT7
contig_1	cds	2724697	2725290	+	AAFOLC_12630		DUF2163 domain-containing protein	SO:0001217, UniRef:UniRef50_UPI002022F7F1
contig_1	cds	2726333	2728735	+	AAFOLC_12635		hypothetical protein	PFAM:PF13550.9
contig_1	cds	2728732	2730699	+	AAFOLC_12640		hypothetical protein	
contig_1	cds	2730708	2732330	+	AAFOLC_12645		hypothetical protein	
contig_1	cds	2732338	2733735	+	AAFOLC_12650		hypothetical protein	
contig_1	cds	2733732	2734055	+	AAFOLC_12655		hypothetical protein	
contig_1	cds	2734237	2735061	+	AAFOLC_12660		Peptidase-M15-4 domain-containing protein	SO:0001217, UniRef:UniRef50_A0A6S6QW01
contig_1	cds	2735022	2735726	-	AAFOLC_12665		hypothetical protein	PFAM:PF05551.14, PFAM:PF13392.9
contig_1	cds	2735761	2736003	+	AAFOLC_12670		hypothetical protein	
contig_1	cds	2736000	2736392	+	AAFOLC_12675		hypothetical protein	
contig_1	cds	2736436	2736585	+	AAFOLC_12680		hypothetical protein	
contig_1	cds	2736582	2736731	+	AAFOLC_12685		hypothetical protein	
contig_1	cds	2736747	2737133	+	AAFOLC_12690		hypothetical protein	
contig_1	cds	2737897	2738223	+	AAFOLC_12695		hypothetical protein	
contig_1	cds	2738157	2739317	-	AAFOLC_12700		DEAD/DEAH box helicase	SO:0001217, UniRef:UniRef50_A0A1C7P802
contig_1	cds	2739314	2740900	-	AAFOLC_12705		ATP-binding protein	SO:0001217, UniRef:UniRef50_A0A1C7P7Z2
contig_1	cds	2740917	2741906	-	AAFOLC_12710		Methyltransferase	SO:0001217, UniRef:UniRef50_A0A523U5E5
contig_1	cds	2742411	2742596	+	AAFOLC_12715		hypothetical protein	
contig_1	cds	2742596	2743387	+	AAFOLC_12720		hypothetical protein	
contig_1	cds	2743636	2744676	-	AAFOLC_12725		VRR-NUC domain-containing protein	SO:0001217, UniRef:UniRef50_A0A0Q4JYA1
contig_1	cds	2744787	2745143	-	AAFOLC_12730		hypothetical protein	
contig_1	cds	2745171	2745278	+	AAFOLC_12735		hypothetical protein	
contig_1	cds	2745327	2745608	-	AAFOLC_12740		HTH cro/C1-type domain-containing protein	SO:0001217, UniRef:UniRef50_A0A1B3NE94
contig_1	cds	2745574	2745846	-	AAFOLC_12745	brnT	BrnT family toxin	SO:0001217, UniRef:UniRef50_A0A031HUE2
contig_1	tRNA	2746203	2746279	+	AAFOLC_12750	trnP	tRNA-Pro(tgg)	SO:0000268
contig_1	cds	2746429	2747199	-	AAFOLC_12755		hypothetical protein	
contig_1	cds	2747964	2754638	+	AAFOLC_12760		Autotransporter domain-containing protein	SO:0001217, UniRef:UniRef50_A0A259LIX6
contig_1	cds	2754738	2755886	+	AAFOLC_12765		DUF4915 domain-containing protein	SO:0001217, UniRef:UniRef50_A7HT96
contig_1	cds	2756056	2756403	+	AAFOLC_12770		Transposase, IS5 family	SO:0001217, UniRef:UniRef50_A8LRK2, UniRef:UniRef90_Q2G853
contig_1	cds	2756424	2756813	+	AAFOLC_12775		IS4 family transposase	SO:0001217, UniRef:UniRef50_F1Z432
contig_1	cds	2756814	2758166	-	AAFOLC_12780		Tyrosine-type recombinase/integrase	SO:0001217, UniRef:UniRef50_A0A7Z8REU4
contig_1	tRNA	2758295	2758383	+	AAFOLC_12785		(pseudo) tRNA-Xxx	
contig_1	cds	2758628	2759581	-	AAFOLC_12790		YVTN family beta-propeller protein	SO:0001217, UniRef:UniRef50_A0A848K396
contig_1	cds	2759578	2760123	-	AAFOLC_12795		SRPBCC family protein	SO:0001217, UniRef:UniRef50_A0A0P6W417
contig_1	cds	2760120	2761109	-	AAFOLC_12800		VWA domain-containing protein	SO:0001217, UniRef:UniRef50_A0A395CY12
contig_1	cds	2761109	2761693	-	AAFOLC_12805	mxaK	MxaK protein	SO:0001217, UniRef:UniRef50_G7Z9U3
contig_1	cds	2761690	2762697	-	AAFOLC_12810	mxaC	MxaC protein	SO:0001217, UniRef:UniRef50_A0A2H6BF09
contig_1	cds	2762694	2763686	-	AAFOLC_12815	mxaA	Nonribosomal peptide synthetase MxaA	SO:0001217, UniRef:UniRef50_A0A6C1KXC2
contig_1	cds	2763655	2764554	-	AAFOLC_12820		DUF58 domain-containing protein	SO:0001217, UniRef:UniRef50_A0A0F2KUV7
contig_1	cds	2764551	2765582	-	AAFOLC_12825	moxR	Protein MoxR	SO:0001217, UniRef:UniRef50_P30621
contig_1	cds	2765766	2766095	-	AAFOLC_12830		Methanol dehydrogenase [cytochrome c] subunit 2	SO:0001217, UniRef:UniRef50_P14775
contig_1	cds	2766113	2766715	-	AAFOLC_12835		Cytochrome c-L	SO:0001217, UniRef:UniRef50_P29899
contig_1	cds	2766765	2767685	-	AAFOLC_12840		PBPb domain-containing protein	SO:0001217, UniRef:UniRef50_A0A5S9P7E4
contig_1	cds	2767838	2769715	-	AAFOLC_12845		Methanol dehydrogenase (Cytochrome c) subunit 1	EC:1.1.2.7, KEGG:K14028, SO:0001217, UniRef:UniRef50_P16027, UniRef:UniRef90_A0A848JX01
contig_1	cds	2770377	2770916	+	AAFOLC_12850		Lipoprotein	SO:0001217, UniRef:UniRef50_A0A848K5K2
contig_1	cds	2770954	2772381	+	AAFOLC_12855		Histidine kinase	SO:0001217, UniRef:UniRef50_A0A6C1KJD7
contig_1	cds	2772378	2773022	+	AAFOLC_12860	mxcE	Response regulator receiver protein, MxcE	SO:0001217, UniRef:UniRef50_A0A0C6F0P1
contig_1	cds	2772905	2773165	-	AAFOLC_12865		hypothetical protein	
contig_1	cds	2773647	2774771	+	AAFOLC_12870		RND family efflux transporter, MFP subunit	SO:0001217, UniRef:UniRef50_A0A1T5BR10
contig_1	cds	2774768	2777887	+	AAFOLC_12875	acrB	Multidrug efflux pump subunit AcrB	COG:COG0841, COG:V, KEGG:K21134, SO:0001217, UniRef:UniRef50_A0A0P9W6R1, UniRef:UniRef90_UPI001EDF7E79
contig_1	cds	2778060	2779079	+	AAFOLC_12880		PNPLA domain-containing protein	SO:0001217, UniRef:UniRef50_A8HZF3
contig_1	cds	2779083	2780579	+	AAFOLC_12885		Transporter	SO:0001217, UniRef:UniRef50_K9DCD8
contig_1	cds	2780607	2781110	+	AAFOLC_12890		UPF0114 protein Snov_3869	SO:0001217, UniRef:UniRef50_D6ZZ20
contig_1	cds	2781225	2782436	+	AAFOLC_12895		Sodium/glutamate symporter	SO:0001217, UniRef:UniRef50_A0A2A6LZQ5
contig_1	cds	2782507	2783661	-	AAFOLC_12900		Esterase	SO:0001217, UniRef:UniRef50_A7IN82
contig_1	cds	2783844	2784857	+	AAFOLC_12905		AI-2E family transporter	SO:0001217, UniRef:UniRef50_D7A0X2
contig_1	cds	2784861	2786375	-	AAFOLC_12910		Alpha/beta hydrolase	SO:0001217, UniRef:UniRef50_A0A3L7AL38
contig_1	cds	2786591	2786860	+	AAFOLC_12915		Signal peptide protein	SO:0001217, UniRef:UniRef50_A0A3L7ANT0
contig_1	cds	2786967	2787272	+	AAFOLC_12920		ETC complex I subunit region	SO:0001217, UniRef:UniRef50_Q8YGC8
contig_1	tRNA	2787476	2787552	+	AAFOLC_12925	trnR	tRNA-Arg(tct)	SO:0001036
contig_1	cds	2787824	2788114	-	AAFOLC_12930		hypothetical protein	
contig_1	cds	2788253	2790022	+	AAFOLC_12935		Potassium/proton antiporter	SO:0001217, UniRef:UniRef50_A0A2W5KDZ6
contig_1	cds	2790087	2790446	+	AAFOLC_12940		Thioredoxin family protein	SO:0001217, UniRef:UniRef50_A7IP33
contig_1	cds	2790629	2791810	+	AAFOLC_12945		Efflux RND transporter periplasmic adaptor subunit	SO:0001217, UniRef:UniRef50_A0A3L7AKL9
contig_1	cds	2791816	2794956	+	AAFOLC_12950		Acriflavin resistance protein	SO:0001217, UniRef:UniRef50_B2IV96
contig_1	cds	2795168	2795410	+	AAFOLC_12955		hypothetical protein	
contig_1	cds	2795690	2797459	+	AAFOLC_12960		PMT domain-containing protein	SO:0001217, UniRef:UniRef50_A0A258J3N4
contig_1	cds	2797456	2798466	+	AAFOLC_12965		acidPPc domain-containing protein	SO:0001217, UniRef:UniRef50_A0A257ZTT4
contig_1	cds	2798463	2799221	+	AAFOLC_12970		Undecaprenyl-phosphate 4-deoxy-4-formamido-L-arabinose transferase	SO:0001217, UniRef:UniRef50_A0A0M7B1X9
contig_1	cds	2799211	2799543	+	AAFOLC_12975		LAB-N domain-containing protein	SO:0001217, UniRef:UniRef50_A0A0Q9IDP5
contig_1	cds	2799812	2800996	-	AAFOLC_12980		Cystathionine beta-lyase	SO:0001217, UniRef:UniRef50_A0A7V2H2U3
contig_1	cds	2801069	2802190	+	AAFOLC_12985		PBPb domain-containing protein	SO:0001217, UniRef:UniRef50_K8PJY5
contig_1	cds	2802314	2803609	+	AAFOLC_12990		ABC transmembrane type-1 domain-containing protein	SO:0001217, UniRef:UniRef50_A0A1D7U438
contig_1	cds	2803611	2805005	+	AAFOLC_12995		ABC transmembrane type-1 domain-containing protein	SO:0001217, UniRef:UniRef50_A0A0T6ZAV3
contig_1	cds	2805024	2805797	+	AAFOLC_13000	glnQ	ABC-type polar amino acid transport system, ATPase component	COG:COG1126, COG:E, SO:0001217, UniRef:UniRef50_Q52666, UniRef:UniRef90_A0A848JW54
contig_1	cds	2805870	2806751	-	AAFOLC_13005		Putative DNA-binding protein with PD1-like motif	SO:0001217, UniRef:UniRef50_A0A848JZ08
contig_1	cds	2806812	2807897	-	AAFOLC_13010		Radical SAM core domain-containing protein	SO:0001217, UniRef:UniRef50_A0A059DN10
contig_1	cds	2808044	2808382	+	AAFOLC_13015		Putative xanthine dehydrogenase subunit A	SO:0001217, UniRef:UniRef50_A0A0M6Y2U9
contig_1	cds	2808419	2809132	+	AAFOLC_13020		Putative xanthine dehydrogenase subunit A	SO:0001217, UniRef:UniRef50_A0A0M7ABS9
contig_1	cds	2809129	2810739	+	AAFOLC_13025		4-diphosphocytidyl-2C-methyl-D-erythritol kinase	SO:0001217, UniRef:UniRef50_A0A7Y8UJA3
contig_1	cds	2810844	2811296	-	AAFOLC_13030		DUF488 domain-containing protein	SO:0001217, UniRef:UniRef50_A4YS07
contig_1	cds	2811833	2812963	+	AAFOLC_13035		zinc-ribbon-6 domain-containing protein	SO:0001217, UniRef:UniRef50_G0J2Y9
contig_1	cds	2813170	2814642	+	AAFOLC_13040		MFS transporter	SO:0001217, UniRef:UniRef50_A0A1W6ZU50
contig_1	cds	2814884	2817604	-	AAFOLC_13045	topA	type I DNA topoisomerase	COG:COG1754, COG:S, EC:5.6.2.1, KEGG:K03168, SO:0001217, UniRef:UniRef50_E6YR65, UniRef:UniRef90_A7IM95
contig_1	cds	2818035	2818241	+	AAFOLC_13050	marR	MarR family transcriptional regulator	SO:0001217, UniRef:UniRef50_A0A259JXW5
contig_1	cds	2818254	2819411	-	AAFOLC_13055		DprA-WH domain-containing protein	SO:0001217, UniRef:UniRef50_A0A0S4Q0R5
contig_1	cds	2819424	2820038	-	AAFOLC_13060		Glycerol-3-phosphate acyltransferase	SO:0001217, UniRef:UniRef50_Q8UFU1
contig_1	cds	2820065	2821378	-	AAFOLC_13065		Dihydroorotase	SO:0001217, UniRef:UniRef50_Q6N564
contig_1	cds	2821371	2822354	-	AAFOLC_13070		Aspartate carbamoyltransferase	SO:0001217, UniRef:UniRef50_Q8FT39
contig_1	cds	2822557	2822967	+	AAFOLC_13075		Secreted protein	SO:0001217, UniRef:UniRef50_A0A3L6ZV53
contig_1	cds	2823061	2823999	-	AAFOLC_13080		AEC family transporter	SO:0001217, UniRef:UniRef50_A0A1G4URL2
contig_1	cds	2824467	2824967	-	AAFOLC_13085		Putative pre-16S rRNA nuclease	SO:0001217, UniRef:UniRef50_Q89K24
contig_1	cds	2825101	2826255	-	AAFOLC_13090		D,D-heptose 1,7-bisphosphate phosphatase	SO:0001217, UniRef:UniRef50_A0A3L7ABF6
contig_1	cds	2826262	2826861	-	AAFOLC_13095		Phosphoheptose isomerase	SO:0001217, UniRef:UniRef50_B1M2T8
contig_1	cds	2826988	2827860	-	AAFOLC_13100	rfbA	glucose-1-phosphate thymidylyltransferase RfbA	EC:2.7.7.24, KEGG:K00973, SO:0001217, UniRef:UniRef50_K0MWW4, UniRef:UniRef90_A0A3L7AGH6
contig_1	cds	2827857	2828768	-	AAFOLC_13105		dTDP-4-dehydrorhamnose reductase	SO:0001217, UniRef:UniRef50_A0A2U2BXF6
contig_1	cds	2828765	2829835	-	AAFOLC_13110		putative dTDP-glucose 4,6-dehydratase	SO:0001217, UniRef:UniRef50_P55462
contig_1	cds	2829832	2830407	-	AAFOLC_13115		dTDP-4-dehydrorhamnose 3,5-epimerase	SO:0001217, UniRef:UniRef50_A0A6M1LGT6
contig_1	cds	2830565	2831404	-	AAFOLC_13120		Sulfurtransferase	SO:0001217, UniRef:UniRef50_A0A5P8MTL3
contig_1	cds	2831546	2832577	-	AAFOLC_13125	cysK	cysteine synthase A	COG:COG0031, COG:E, SO:0001217, UniRef:UniRef50_A0A0H5BIK0, UniRef:UniRef90_A0A848JWX8
contig_1	cds	2832666	2834123	-	AAFOLC_13130		Deoxyribodipyrimidine photo-lyase	SO:0001217, UniRef:UniRef50_A7IPF0
contig_1	cds	2834193	2835074	-	AAFOLC_13135		HTH lysR-type domain-containing protein	SO:0001217, UniRef:UniRef50_A9WZ61
contig_1	cds	2835333	2835656	+	AAFOLC_13140		DUF1127 domain-containing protein	SO:0001217, UniRef:UniRef50_A7IPC6
contig_1	cds	2835810	2836763	-	AAFOLC_13145		DUF937 domain-containing protein	SO:0001217, UniRef:UniRef50_A0A848K2L2
contig_1	cds	2837128	2838969	-	AAFOLC_13150	kefC	Glutathione-regulated potassium-efflux system protein KefC	SO:0001217, UniRef:UniRef50_A0A5S9Q0N6
contig_1	cds	2839414	2839986	-	AAFOLC_13155		Invasion associated locus B family protein	SO:0001217, UniRef:UniRef50_A0A0F5QJY7
contig_1	cds	2840435	2841280	+	AAFOLC_13160		Cytochrome c oxidase subunit 2	SO:0001217, UniRef:UniRef50_A0A0C6FZL1
contig_1	cds	2841450	2843057	+	AAFOLC_13165	ctaD	cytochrome c oxidase subunit I	COG:C, COG:COG0843, SO:0001217, UniRef:UniRef50_P98002, UniRef:UniRef90_A0A3L7AL32
contig_1	cds	2843243	2844223	+	AAFOLC_13170		Protoheme IX farnesyltransferase	SO:0001217, UniRef:UniRef50_A8LHT6
contig_1	cds	2844220	2844405	+	AAFOLC_13175	coxF	Conserved protein CoxF	SO:0001217, UniRef:UniRef50_B8EPK4
contig_1	cds	2844480	2845136	+	AAFOLC_13180	ctaG	Cytochrome c oxidase assembly protein CtaG	SO:0001217, UniRef:UniRef50_A7IPB8
contig_1	cds	2845250	2846086	+	AAFOLC_13185		cytochrome-c oxidase	SO:0001217, UniRef:UniRef50_A0A2T1HSN0
contig_1	cds	2846167	2846559	+	AAFOLC_13190		DUF983 domain-containing protein	SO:0001217, UniRef:UniRef50_A7IPB6
contig_1	cds	2846648	2847394	+	AAFOLC_13195		SURF1-like protein	SO:0001217, UniRef:UniRef50_A0A0A1PJA8
contig_1	cds	2847562	2848806	+	AAFOLC_13200		DAO domain-containing protein	SO:0001217, UniRef:UniRef50_A0A257ZPD8
contig_1	cds	2848821	2849333	-	AAFOLC_13205		DUF2569 domain-containing protein	SO:0001217, UniRef:UniRef50_A0A3L7ANL4
contig_1	cds	2849407	2850411	-	AAFOLC_13210		Peptidase T4	SO:0001217, UniRef:UniRef50_V9WFI8
contig_1	cds	2850657	2851388	+	AAFOLC_13215	dsbD	Thiol:disulfide interchange protein DsbD	SO:0001217, UniRef:UniRef50_A0A3S4CBY5
contig_1	cds	2851479	2852579	-	AAFOLC_13220		Leu/Ile/Val-binding -like protein	SO:0001217, UniRef:UniRef50_Q8YJ23
contig_1	cds	2852884	2853984	-	AAFOLC_13225		Peripla-BP-6 domain-containing protein	SO:0001217, UniRef:UniRef50_A0A0S3PVV0
contig_1	cds	2854143	2854580	-	AAFOLC_13230		Isoprenylcysteine carboxyl methyltransferase	SO:0001217, UniRef:UniRef50_A7IM85
contig_1	cds	2854580	2855344	-	AAFOLC_13235		High-affinity branched-chain amino acid transport ATP-binding protein	SO:0001217, UniRef:UniRef50_G8Q4Y6
contig_1	cds	2855341	2856312	-	AAFOLC_13240		ABC transporter domain-containing protein	SO:0001217, UniRef:UniRef50_A0A0S2EQX8
contig_1	cds	2856312	2857823	-	AAFOLC_13245		DUF3382 domain-containing protein	SO:0001217, UniRef:UniRef50_K8PCZ5
contig_1	cds	2857823	2858740	-	AAFOLC_13250	livH	Branched-chain amino acid ABC-type transport system, permease component	COG:COG0559, COG:E, SO:0001217, UniRef:UniRef50_A0A3S4DGV9, UniRef:UniRef90_A7IM81
contig_1	cds	2858943	2859407	+	AAFOLC_13255		Carbon monoxide dehydrogenase	SO:0001217, UniRef:UniRef50_A0A1M7UK00
contig_1	cds	2859432	2860508	+	AAFOLC_13260		Bile acid:sodium symporter	SO:0001217, UniRef:UniRef50_A0A6J4G188
contig_1	cds	2860710	2861225	+	AAFOLC_13265		Putative carbon-monoxide dehydrogenase, small subunit (CoxS)	SO:0001217, UniRef:UniRef50_Q146U0
contig_1	cds	2861391	2863775	+	AAFOLC_13270		Carbon monoxide dehydrogenase large chain	SO:0001217, UniRef:UniRef50_A0A3P5X9I4
contig_1	cds	2863788	2864588	+	AAFOLC_13275		Carbon monoxide dehydrogenase medium subunit CoxM/CutM	SO:0001217, UniRef:UniRef50_A0A1L5NNR7
contig_1	cds	2864689	2865033	-	AAFOLC_13280		SPOR domain-containing protein	SO:0001217, UniRef:UniRef50_UPI001CFD3363
contig_1	cds	2865253	2865852	+	AAFOLC_13285		DUF1211 domain-containing protein	SO:0001217, UniRef:UniRef50_A0A6C1KMD0
contig_1	cds	2865987	2867192	+	AAFOLC_13290	mauG	Methylamine utilization protein MauG	SO:0001217, UniRef:UniRef50_A3XAJ8
contig_1	cds	2867364	2868290	+	AAFOLC_13295		hypothetical protein	PFAM:PF00004.32, PFAM:PF07726.14, PFAM:PF07728.17, PFAM:PF13191.9
contig_1	cds	2868307	2869572	+	AAFOLC_13300		VWA domain-containing protein	SO:0001217, UniRef:UniRef50_W6R9S4
contig_1	cds	2869653	2869847	+	AAFOLC_13305		Peptide ABC transporter permease	SO:0001217, UniRef:UniRef50_A7IP18
contig_1	cds	2869860	2870723	-	AAFOLC_13310		Pantothenate synthetase	SO:0001217, UniRef:UniRef50_A0A0P0DFF9
contig_1	cds	2870876	2871598	+	AAFOLC_13315		VWA domain-containing protein	SO:0001217, UniRef:UniRef50_A0A8B6M3W0
contig_1	cds	2871610	2872338	+	AAFOLC_13320		J domain-containing protein	SO:0001217, UniRef:UniRef50_A0A258ISG9
contig_1	cds	2872354	2874384	-	AAFOLC_13325		D-alanyl-D-alanine carboxypeptidase	SO:0001217, UniRef:UniRef50_A0A258IT87
contig_1	cds	2874665	2874997	+	AAFOLC_13330		Phasin-2 domain-containing protein	SO:0001217, UniRef:UniRef50_A7IP13
contig_1	cds	2875222	2875605	+	AAFOLC_13335	clpS	ATP-dependent Clp protease adapter ClpS	COG:COG2127, COG:O, SO:0001217, UniRef:UniRef50_Q89JW5, UniRef:UniRef90_A0A327KXM4
contig_1	cds	2875831	2878302	+	AAFOLC_13340	clpA	ATP-dependent Clp protease ATP-binding subunit ClpA	COG:COG0542, COG:O, KEGG:K03694, SO:0001217, UniRef:UniRef50_A5EKV4, UniRef:UniRef90_UPI001F02FD3F
contig_1	cds	2878557	2879321	+	AAFOLC_13345		Alpha-dehydro-beta-deoxy-D-glucarate aldolase	SO:0001217, UniRef:UniRef50_K0Q244
contig_1	cds	2879422	2880552	+	AAFOLC_13350		DUF3616 domain-containing protein	SO:0001217, UniRef:UniRef50_A0A3L7AKW2
contig_1	cds	2880569	2881426	-	AAFOLC_13355		PBPb domain-containing protein	SO:0001217, UniRef:UniRef50_A0A0Q9IE92
contig_1	cds	2881777	2882784	+	AAFOLC_13360		ABC sulfate transport system, periplasmic binding protein	SO:0001217, UniRef:UniRef50_A7IML5
contig_1	cds	2882829	2883710	+	AAFOLC_13365		Hydroxymethylpyrimidine ABC transporter	SO:0001217, UniRef:UniRef50_A0A0H5BFK6
contig_1	cds	2883714	2884541	+	AAFOLC_13370	ssuB	Aliphatic sulfonates import ATP-binding protein SsuB	SO:0001217, UniRef:UniRef50_A0A0H5BK76
contig_1	cds	2884548	2884991	-	AAFOLC_13375		Group III truncated hemoglobin	SO:0001217, UniRef:UniRef50_A0A2G9WUX3
contig_1	cds	2885329	2886000	+	AAFOLC_13380		Protein-L-isoaspartate O-methyltransferase	SO:0001217, UniRef:UniRef50_A0A6S6N620
contig_1	cds	2886162	2887547	+	AAFOLC_13385	cyaE	Protein CyaE	SO:0001217, UniRef:UniRef50_A0A0P7X784
contig_1	cds	2888393	2888635	+	AAFOLC_13390		DUF2497 domain-containing protein	SO:0001217, UniRef:UniRef50_UPI001F1700D1
contig_1	cds	2888982	2891771	+	AAFOLC_13395		Valine--tRNA ligase	SO:0001217, UniRef:UniRef50_Q5NLA8
contig_1	cds	2892113	2893159	+	AAFOLC_13400		Putative exopolysaccharide regulatory protein	SO:0001217, UniRef:UniRef50_A8I9P0
contig_1	cds	2893637	2894434	-	AAFOLC_13405		Phosphosulfolactate synthase	SO:0001217, UniRef:UniRef50_A0A3L7AKY3
contig_1	cds	2894431	2896779	-	AAFOLC_13410		DUF3604 domain-containing protein	SO:0001217, UniRef:UniRef50_A0A0D6JEV4
contig_1	cds	2896776	2897666	-	AAFOLC_13415	tauC	ABC-type taurine uptake system permease component TauC	SO:0001217, UniRef:UniRef50_A0A0P7WUF2
contig_1	cds	2897663	2898484	-	AAFOLC_13420	tauB	ABC transporter, taurine import ATP-binding protein TauB	SO:0001217, UniRef:UniRef50_F8BS20
contig_1	cds	2898499	2900565	-	AAFOLC_13425		Metallophos domain-containing protein	SO:0001217, UniRef:UniRef50_A0A431MF36
contig_1	cds	2900745	2901773	-	AAFOLC_13430		ABC transporter substrate-binding protein	SO:0001217, UniRef:UniRef50_A0A1Q5R892
contig_1	cds	2901952	2902734	+	AAFOLC_13435		HTH gntR-type domain-containing protein	SO:0001217, UniRef:UniRef50_A0A258K4G4
contig_1	cds	2902875	2903588	+	AAFOLC_13440		UPF0173 metal-dependent hydrolase FHT36_000684	SO:0001217, UniRef:UniRef50_A0A848JW02
contig_1	cds	2903661	2905481	+	AAFOLC_13445		DNA helicase	SO:0001217, UniRef:UniRef50_A0A411HGJ8
contig_1	cds	2905509	2908091	-	AAFOLC_13450		hypothetical protein	PFAM:PF00563.23, PFAM:PF00989.28, PFAM:PF00990.24, PFAM:PF01590.29, PFAM:PF08447.15, PFAM:PF08448.13, PFAM:PF13185.9, PFAM:PF13188.10, PFAM:PF13426.10
contig_1	cds	2908586	2909758	+	AAFOLC_13455	caiA	Acyl-CoA dehydrogenase related to the alkylation response protein AidB	COG:COG1960, COG:I, SO:0001217, UniRef:UniRef50_P26440-2, UniRef:UniRef90_A0A848JSA0
contig_1	cds	2909845	2910645	+	AAFOLC_13460		DUF218 domain-containing protein	SO:0001217, UniRef:UniRef50_A7INT5
contig_1	cds	2910669	2910968	-	AAFOLC_13465		DUF3253 domain-containing protein	SO:0001217, UniRef:UniRef50_A7INT4
contig_1	cds	2911279	2911431	+	AAFOLC_13470		Transmembrane protein	SO:0001217, UniRef:UniRef50_A0A848JYS5
contig_1	cds	2911509	2912186	+	AAFOLC_13475		Gst13 protein	SO:0001217, UniRef:UniRef50_G9A2M1
contig_1	cds	2912348	2913346	+	AAFOLC_13480		DUF4760 domain-containing protein	SO:0001217, UniRef:UniRef50_A0A3L6ZV51
contig_1	cds	2913412	2913846	+	AAFOLC_13485		Lysophospholipase	SO:0001217, UniRef:UniRef50_A0A2W7Q9Q3
contig_1	cds	2914020	2914634	-	AAFOLC_13490		XRE family transcriptional regulator	SO:0001217, UniRef:UniRef50_A8I283, UniRef:UniRef90_A0A3L7AC41
contig_1	cds	2914729	2915571	-	AAFOLC_13495		Bifunctional: hydroxy-methylpyrimidine kinase (HMP kinase) hydroxy-phosphomethylpyrimidine kinase (HMP-P kinase)	SO:0001217, UniRef:UniRef50_I4F5L1
contig_1	cds	2915746	2915982	+	AAFOLC_13500		hypothetical protein	PFAM:PF01037.24
contig_1	cds	2916141	2918189	+	AAFOLC_13505		Acyltransferase	SO:0001217, UniRef:UniRef50_A0A6C1KGX1
contig_1	cds	2918249	2921551	-	AAFOLC_13510		hypothetical protein	PFAM:PF00563.23, PFAM:PF00989.28, PFAM:PF00990.24, PFAM:PF08447.15, PFAM:PF08448.13, PFAM:PF13188.10, PFAM:PF13426.10
contig_1	cds	2921869	2922276	+	AAFOLC_13515		Fe-S-biosyn domain-containing protein	SO:0001217, UniRef:UniRef50_V4Q111
contig_1	tRNA	2922424	2922509	+	AAFOLC_13520	trnL	tRNA-Leu(taa)	SO:0000264
contig_1	cds	2922724	2923077	-	AAFOLC_13525		Phasin-2 domain-containing protein	SO:0001217, UniRef:UniRef50_A0A3L7AEK5
contig_1	cds	2923351	2923734	+	AAFOLC_13530		DUF3601 domain-containing protein	SO:0001217, UniRef:UniRef50_A7IML0
contig_1	cds	2923783	2924559	-	AAFOLC_13535		Ethanolamine ammonia-lyase small subunit	SO:0001217, UniRef:UniRef50_A0A5C0B577
contig_1	cds	2924556	2925944	-	AAFOLC_13540		Ethanolamine ammonia-lyase large subunit	EC:4.3.1.7, KEGG:K03735, SO:0001217, UniRef:UniRef50_A0A1Y0IE85, UniRef:UniRef90_A0A3L7AL87
contig_1	cds	2926312	2926830	+	AAFOLC_13545		G3-ADH subunit II	SO:0001217, UniRef:UniRef50_A0A2C9D9H1
contig_1	cds	2927087	2928268	-	AAFOLC_13550		FAD dependent oxidoreductase	SO:0001217, UniRef:UniRef50_A0A2X2PYZ2
contig_1	cds	2928274	2929452	-	AAFOLC_13555		Succinate--glutarate CoA-transferase	SO:0001217, UniRef:UniRef50_Q7CXU0
contig_1	cds	2930207	2930917	+	AAFOLC_13560		hypothetical protein	
contig_1	cds	2930931	2932601	+	AAFOLC_13565		DNA polymerase Y family protein	SO:0001217, UniRef:UniRef50_A0A8I1P5L4
contig_1	cds	2932609	2936190	+	AAFOLC_13570		Error-prone DNA polymerase	SO:0001217, UniRef:UniRef50_Q2IU52
contig_1	cds	2936357	2937553	-	AAFOLC_13575		EAL domain-containing response regulator	SO:0001217, UniRef:UniRef50_A0A2W5R336
contig_1	cds	2937850	2940390	-	AAFOLC_13580		histidine kinase	SO:0001217, UniRef:UniRef50_A0A3L7AIM4
contig_1	cds	2940387	2941463	-	AAFOLC_13585		Protein-glutamate methylesterase/protein-glutamine glutaminase	SO:0001217, UniRef:UniRef50_D7A029
contig_1	cds	2941460	2943703	-	AAFOLC_13590		histidine kinase	SO:0001217, UniRef:UniRef50_D7A028
contig_1	cds	2943703	2945835	-	AAFOLC_13595		Methyl-accepting chemotaxis protein	SO:0001217, UniRef:UniRef50_A0A2W5TCC2
contig_1	cds	2945967	2946437	-	AAFOLC_13600		hypothetical protein	PFAM:PF01584.22
contig_1	cds	2946421	2947731	-	AAFOLC_13605		MCP methyltransferase, CheR-type	SO:0001217, UniRef:UniRef50_D7A025
contig_1	cds	2947749	2948234	-	AAFOLC_13610		CheW-like domain-containing protein	SO:0001217, UniRef:UniRef50_A0A3L7AIY5
contig_1	cds	2948800	2950407	-	AAFOLC_13615		Long-chain-fatty-acid--CoA ligase	SO:0001217, UniRef:UniRef50_A0A1U9YZS2
contig_1	cds	2950529	2951260	+	AAFOLC_13620	echA8	Putative enoyl-CoA hydratase echA8	SO:0001217, UniRef:UniRef50_A0A1U9YZU2
contig_1	cds	2951395	2951904	+	AAFOLC_13625		Carnitine 3-dehydrogenase / Carnitine 3-dehydratase 3-hydroxyacyl-CoA dehydrogenase / Enoyl-CoA hydratase	SO:0001217, UniRef:UniRef50_A0A2P9HCC2
contig_1	cds	2952133	2952594	-	AAFOLC_13630		Acyl-CoA thioester hydrolase	SO:0001217, UniRef:UniRef50_A0A7W6DWI7
contig_1	cds	2952605	2953516	-	AAFOLC_13635		Short-chain dehydrogenase/reductase SDR	SO:0001217, UniRef:UniRef50_S2FKK9
contig_1	cds	2953513	2953965	-	AAFOLC_13640		Enoyl-CoA hydratase	SO:0001217, UniRef:UniRef50_E8U730
contig_1	cds	2954228	2954875	+	AAFOLC_13645		HTH tetR-type domain-containing protein	SO:0001217, UniRef:UniRef50_A0A7Z7PU33
contig_1	tRNA	2955139	2955214	-	AAFOLC_13650	trnN	tRNA-Asn(gtt)	SO:0000257
contig_1	cds	2955983	2956759	-	AAFOLC_13655		SDR family oxidoreductase	SO:0001217, UniRef:UniRef50_A0A157S4N5, UniRef:UniRef90_UPI001ADA7954
contig_1	cds	2956814	2957566	-	AAFOLC_13660	gntR	Transcriptional regulator, GntR family	SO:0001217, UniRef:UniRef50_A7ICE6
contig_1	cds	2957690	2958970	+	AAFOLC_13665		ABC transporter substrate-binding protein	SO:0001217, UniRef:UniRef50_A0A0S8B4U3
contig_1	cds	2959180	2960061	+	AAFOLC_13670		branched-chain amino acid ABC transporter permease	SO:0001217, UniRef:UniRef50_K8PFB5, UniRef:UniRef90_UPI001ADBD499
contig_1	cds	2960069	2962669	+	AAFOLC_13675		ABC-type branched-chain amino acid transport system, ATPase component	SO:0001217, UniRef:UniRef50_A0A1H6LTK7
contig_1	cds	2962799	2963746	+	AAFOLC_13680		3-hydroxybutyryl-CoA dehydrogenase	SO:0001217, UniRef:UniRef50_Q3IVD9
contig_1	cds	2963794	2964741	+	AAFOLC_13685		DUF849 domain-containing protein	COG:COG3246, COG:S, SO:0001217, UniRef:UniRef50_Q0FWB8, UniRef:UniRef90_A0A4R3LW81
contig_1	cds	2964757	2965173	-	AAFOLC_13690		DDE-Tnp-1 domain-containing protein	SO:0001217, UniRef:UniRef50_A0A2G4RDV0
contig_1	cds	2965285	2965374	-	AAFOLC_13695		hypothetical protein	PFAM:PF13546.9
contig_1	tRNA	2965806	2965882	-	AAFOLC_13700	trnH	tRNA-His(gtg)	SO:0000262
contig_1	cds	2966047	2966529	+	AAFOLC_13705		Cupin-2 domain-containing protein	SO:0001217, UniRef:UniRef50_U2YM23
contig_1	cds	2966599	2968467	-	AAFOLC_13710	thiC	phosphomethylpyrimidine synthase ThiC	COG:COG0422, COG:H, EC:4.1.99.17, KEGG:K03147, SO:0001217, UniRef:UniRef50_Q9A6Q5, UniRef:UniRef90_A7IL51
contig_1	ncRNA-region	2968549	2968684	-			TPP riboswitch (THI element)	RFAM:RF00059, SO:0000035
contig_1	cds	2968894	2969688	+	AAFOLC_13715		thymidylate synthase	SO:0001217, UniRef:UniRef50_Q8A639, UniRef:UniRef90_A0A3L7AIX4
contig_1	cds	2969858	2970955	+	AAFOLC_13720		hypothetical protein	
contig_1	cds	2971059	2971940	+	AAFOLC_13725	msrQ	Protein-methionine-sulfoxide reductase heme-binding subunit MsrQ	SO:0001217, UniRef:UniRef50_A0A3L7AJD2
contig_1	tRNA	2972186	2972259	+	AAFOLC_13730	trnC	tRNA-Cys(gca)	SO:0000258
contig_1	cds	2972565	2974268	+	AAFOLC_13735		Dihydroxyacid dehydratase/phosphogluconate dehydratase	SO:0001217, UniRef:UniRef50_D0RNG2
contig_1	cds	2974476	2976338	+	AAFOLC_13740		ABC transporter ATP-binding protein	SO:0001217, UniRef:UniRef50_A0A259KUV6
contig_1	cds	2976947	2977222	+	AAFOLC_13745		hypothetical protein	
contig_1	cds	2977239	2978138	-	AAFOLC_13750		tRNA dimethylallyltransferase	SO:0001217, UniRef:UniRef50_B6JB74
contig_1	cds	2978188	2979087	+	AAFOLC_13755		Phosphoserine phosphatase	SO:0001217, UniRef:UniRef50_F7X4P3
contig_1	cds	2979426	2980895	-	AAFOLC_13760		Periplasmic serine endoprotease DegP-like	SO:0001217, UniRef:UniRef50_K0Q286
contig_1	cds	2981089	2981274	-	AAFOLC_13765		DUF2065 domain-containing protein	SO:0001217, UniRef:UniRef50_D7A7E9
contig_1	cds	2981306	2982277	-	AAFOLC_13770	hflC	Protein HflC	SO:0001217, UniRef:UniRef50_A0A0Q7TJA4
contig_1	cds	2982274	2983404	-	AAFOLC_13775	hflK	Protein HflK	SO:0001217, UniRef:UniRef50_Q6N449
contig_1	cds	2983632	2983910	-	AAFOLC_13780		RHH-4 domain-containing protein	SO:0001217, UniRef:UniRef50_J9DWY7
contig_1	cds	2983891	2984094	-	AAFOLC_13785		DUF4169 domain-containing protein	SO:0001217, UniRef:UniRef50_A0A494RGS2
contig_1	cds	2984529	2985917	+	AAFOLC_13790	fumC	class II fumarate hydratase	COG:C, COG:COG0114, EC:4.2.1.2, KEGG:K01679, SO:0001217, UniRef:UniRef50_Q8KTE1, UniRef:UniRef90_A7IFW9
contig_1	cds	2986022	2986624	+	AAFOLC_13795	parB	Chromosome partitioning protein ParB	SO:0001217, UniRef:UniRef50_A0A6C1KJS6
contig_1	cds	2986854	2987468	+	AAFOLC_13800	lemA	LemA family protein	SO:0001217, UniRef:UniRef50_A0A0N1LPC9
contig_1	cds	2987500	2988345	+	AAFOLC_13805		TPM-phosphatase domain-containing protein	SO:0001217, UniRef:UniRef50_A3WIE7
contig_1	cds	2988821	2989480	+	AAFOLC_13810		TPM-phosphatase domain-containing protein	SO:0001217, UniRef:UniRef50_A7IFX3
contig_1	cds	2989632	2990615	+	AAFOLC_13815	mdh	malate dehydrogenase	COG:C, COG:COG0039, SO:0001217, UniRef:UniRef50_A0LFF8, UniRef:UniRef90_A7IFX5
contig_1	cds	2991546	2991917	+	AAFOLC_13820	rpsL	30S ribosomal protein S12	COG:COG0048, COG:J, GO:0000049, GO:0003735, GO:0006412, GO:0015935, GO:0019843, RefSeq:WP_012171083.1, SO:0001217, UniParc:UPI00015DC122, UniRef:UniRef100_A8IAT8, UniRef:UniRef50_P14149, UniRef:UniRef90_A8IAT8
contig_1	cds	2991929	2992399	+	AAFOLC_13825	rpsG	30S ribosomal protein S7	COG:COG0049, COG:J, GO:0000049, GO:0003735, GO:0006412, GO:0015935, GO:0019843, KEGG:K02992, SO:0001217, UniRef:UniRef50_P38526, UniRef:UniRef90_A7IFX7
contig_1	cds	2992418	2994493	+	AAFOLC_13830	fusA	elongation factor G	COG:COG0480, COG:J, GO:0003746, GO:0003924, GO:0005525, GO:0005737, GO:0097216, SO:0001217, UniRef:UniRef50_P56002, UniRef:UniRef90_A7IFX8
contig_1	cds	2994559	2995749	+	AAFOLC_13835	tuf	elongation factor Tu	COG:COG0050, COG:J, GO:0003746, GO:0003924, GO:0005525, GO:0005737, GO:0097216, SO:0001217, UniRef:UniRef50_P33167, UniRef:UniRef90_Q6N4Q4
contig_1	cds	2995824	2996132	+	AAFOLC_13840	rpsJ	30S ribosomal protein S10	COG:COG0051, COG:J, GO:0000049, GO:0003735, GO:0005840, GO:0006412, GO:1990904, RefSeq:WP_012113701.1, SO:0001217, UniParc:UPI00006C2910, UniRef:UniRef100_A8IAS9, UniRef:UniRef50_Q2LQA2, UniRef:UniRef90_Q2W2J0
contig_1	cds	2996155	2996892	+	AAFOLC_13845	rplC	50S ribosomal protein L3	COG:COG0087, COG:J, KEGG:K02906, SO:0001217, UniRef:UniRef50_A8IAS6, UniRef:UniRef90_A0A3L6ZWN7
contig_1	cds	2996892	2997512	+	AAFOLC_13850	rplD	50S ribosomal protein L4	COG:COG0088, COG:J, GO:0003735, GO:0005840, GO:0006412, GO:0019843, GO:1990904, KEGG:K02926, SO:0001217, UniRef:UniRef50_A5FZW4, UniRef:UniRef90_A7IFY2
contig_1	cds	2997509	2997817	+	AAFOLC_13855	rplW	50S ribosomal protein L23	COG:COG0089, COG:J, SO:0001217, UniRef:UniRef50_Q72I06, UniRef:UniRef90_A7IFY3
contig_1	cds	2997841	2998674	+	AAFOLC_13860		50S ribosomal protein L2	SO:0001217, UniRef:UniRef50_Q7NM65
contig_1	cds	2998686	2998964	+	AAFOLC_13865	rpsS	30S ribosomal protein S19	COG:COG0185, COG:J, GO:0003735, GO:0005737, GO:0006412, GO:0015935, GO:0019843, SO:0001217, UniRef:UniRef50_Q6N4T8, UniRef:UniRef90_A7IFY5
contig_1	cds	2998971	2999351	+	AAFOLC_13870	rplV	50S ribosomal protein L22	COG:COG0091, COG:J, RefSeq:WP_038193664.1, SO:0001217, UniParc:UPI00056FB251, UniRef:UniRef100_A0A848K5Z6, UniRef:UniRef50_Q2RQW5, UniRef:UniRef90_A7IFY6
contig_1	cds	2999351	3000097	+	AAFOLC_13875	rpsC	30S ribosomal protein S3	COG:COG0092, COG:J, GO:0003729, GO:0003735, GO:0005840, GO:0006412, GO:0019843, GO:1990904, SO:0001217, UniRef:UniRef50_Q18CG5, UniRef:UniRef90_A7IFY7
contig_1	cds	3000127	3000540	+	AAFOLC_13880	rplP	50S ribosomal protein L16	COG:COG0197, COG:J, GO:0000049, GO:0003735, GO:0005840, GO:0006412, GO:0019843, GO:1990904, KEGG:K02878, SO:0001217, UniRef:UniRef50_P56793, UniRef:UniRef90_A7IFY8
contig_1	cds	3000551	3000763	+	AAFOLC_13885		50S ribosomal protein L29	SO:0001217, UniRef:UniRef50_A7IFY9
contig_1	cds	3000771	3001019	+	AAFOLC_13890	rpsQ	30S ribosomal protein S17	COG:COG0186, COG:J, GO:0003735, GO:0005840, GO:0006412, GO:0019843, GO:1990904, SO:0001217, UniRef:UniRef50_Q6N4U3, UniRef:UniRef90_A7IFZ0
contig_1	cds	3001220	3001588	+	AAFOLC_13895	rplN	50S ribosomal protein L14	COG:COG0093, COG:J, GO:0003735, GO:0006412, GO:0015934, GO:0019843, KEGG:K02874, SO:0001217, UniRef:UniRef50_Q6N4U4, UniRef:UniRef90_Q6N4U4
contig_1	cds	3001588	3001905	+	AAFOLC_13900		50S ribosomal protein L24	SO:0001217, UniRef:UniRef50_Q97EI9
contig_1	cds	3001898	3002455	+	AAFOLC_13905	rplE	50S ribosomal protein L5	COG:COG0094, COG:J, KEGG:K02931, SO:0001217, UniRef:UniRef50_Q9RXJ0, UniRef:UniRef90_A0A3L6ZW13
contig_1	cds	3002530	3002835	+	AAFOLC_13910	rpsN	30S ribosomal protein S14	COG:COG0199, COG:J, GO:0003735, GO:0005737, GO:0005840, GO:0006412, GO:0019843, GO:1990904, SO:0001217, UniRef:UniRef50_Q6N4U6, UniRef:UniRef90_A7IPQ7
contig_1	cds	3002849	3003247	+	AAFOLC_13915	rpsH	30S ribosomal protein S8	COG:COG0096, COG:J, GO:0003735, GO:0005840, GO:0006412, GO:0019843, GO:1990904, SO:0001217, UniRef:UniRef50_Q6N4U7, UniRef:UniRef90_A7IPQ6
contig_1	cds	3003264	3003797	+	AAFOLC_13920	rplF	50S ribosomal protein L6	COG:COG0097, COG:J, GO:0003735, GO:0005840, GO:0006412, GO:0019843, GO:1990904, KEGG:K02933, SO:0001217, UniRef:UniRef50_Q6F1X9, UniRef:UniRef90_A7IPQ5
contig_1	cds	3003810	3004172	+	AAFOLC_13925	rplR	50S ribosomal protein L18	COG:COG0256, COG:J, GO:0003735, GO:0005737, GO:0005840, GO:0006412, GO:0019843, GO:1990904, SO:0001217, UniRef:UniRef50_A7IPQ4, UniRef:UniRef90_A7IPQ4
contig_1	cds	3004188	3004745	+	AAFOLC_13930	rpsE	30S ribosomal protein S5	COG:COG0098, COG:J, GO:0003735, GO:0006412, GO:0015935, GO:0019843, SO:0001217, UniRef:UniRef50_Q5FFR5, UniRef:UniRef90_A7IPQ3
contig_1	cds	3004773	3004958	+	AAFOLC_13935	rpmD	50S ribosomal protein L30	COG:COG1841, COG:J, SO:0001217, UniRef:UniRef50_Q16AC6, UniRef:UniRef90_A0A3L6ZYH1
contig_1	cds	3004969	3005454	+	AAFOLC_13940		50S ribosomal protein L15	SO:0001217, UniRef:UniRef50_Q6N4V2
contig_1	cds	3005759	3007093	+	AAFOLC_13945	secY	preprotein translocase subunit SecY	COG:COG0201, COG:U, SO:0001217, UniRef:UniRef50_Q7VTB1, UniRef:UniRef90_A7IPQ0
contig_1	cds	3007095	3007682	+	AAFOLC_13950		Adenylate kinase	SO:0001217, UniRef:UniRef50_Q93FE6
contig_1	cds	3008186	3008554	+	AAFOLC_13955	rpsM	30S ribosomal protein S13	COG:COG0099, COG:J, KEGG:K02952, SO:0001217, UniRef:UniRef50_A6MW20, UniRef:UniRef90_A0A182D7F6
contig_1	cds	3008643	3009032	+	AAFOLC_13960	rpsK	30S ribosomal protein S11	COG:COG0100, COG:J, GO:0003735, GO:0005840, GO:0006412, GO:0019843, GO:1990904, KEGG:K02948, SO:0001217, UniRef:UniRef50_A7IPP7, UniRef:UniRef90_A7IPP7
contig_1	cds	3009127	3010188	+	AAFOLC_13965	rpoA	DNA-directed RNA polymerase subunit alpha	COG:COG0202, COG:K, EC:2.7.7.6, GO:0000428, GO:0003677, GO:0003899, GO:0005737, GO:0006351, GO:0046983, SO:0001217, UniRef:UniRef50_Q925Z2, UniRef:UniRef90_A7IPP6
contig_1	cds	3010263	3010688	+	AAFOLC_13970	rplQ	50S ribosomal protein L17	COG:COG0203, COG:J, GO:0003735, GO:0005840, GO:0006412, GO:1990904, KEGG:K02879, SO:0001217, UniRef:UniRef50_Q6N4V8, UniRef:UniRef90_A7IPP5
contig_1	cds	3010864	3012321	+	AAFOLC_13975		Periplasmic serine endoprotease DegP-like	SO:0001217, UniRef:UniRef50_A0A0S9PSQ6
contig_1	cds	3012332	3013642	+	AAFOLC_13980	rarA	Replication-associated recombination protein RarA (DNA-dependent ATPase)	COG:COG2256, COG:L, SO:0001217, UniRef:UniRef50_A0A1Y5RIW4, UniRef:UniRef90_A7IPP2
contig_1	cds	3013690	3014481	-	AAFOLC_13985		AB hydrolase-1 domain-containing protein	SO:0001217, UniRef:UniRef50_A0A1E5XR32
contig_1	cds	3014795	3015178	+	AAFOLC_13990	crcB	Putative fluoride ion transporter CrcB	SO:0001217, UniRef:UniRef50_P61394
contig_1	cds	3015365	3016456	+	AAFOLC_13995		Pseudouridine synthase	SO:0001217, UniRef:UniRef50_A0A2T7HB96
contig_1	cds	3016468	3017181	+	AAFOLC_14000	lamG	LamG domain-containing protein	SO:0001217, UniRef:UniRef50_A0A848K0E9
contig_1	cds	3017597	3018226	+	AAFOLC_14005		TRAP transporter small permease protein	SO:0001217, UniRef:UniRef50_A0A560CV37
contig_1	cds	3018240	3020162	+	AAFOLC_14010	dctM	DctM domain-containing protein	SO:0001217, UniRef:UniRef50_I3U745
contig_1	cds	3020267	3021040	+	AAFOLC_14015		Zinc ribbon domain-containing protein	SO:0001217, UniRef:UniRef50_A7IPN6
contig_1	cds	3021090	3021773	+	AAFOLC_14020	ppaX	Pyrophosphatase PpaX	SO:0001217, UniRef:UniRef50_A0A679JSK2
contig_1	cds	3021815	3022594	+	AAFOLC_14025		ATPase	SO:0001217, UniRef:UniRef50_A8IAK5
contig_1	cds	3022609	3023004	+	AAFOLC_14030		TfoX-N domain-containing protein	SO:0001217, UniRef:UniRef50_A0A5S9NHT1
contig_1	cds	3023056	3023880	-	AAFOLC_14035		Class I SAM-dependent methyltransferase	SO:0001217, UniRef:UniRef50_A0A3L7ABS8
contig_1	cds	3024219	3025748	-	AAFOLC_14040	srmB	ATP-dependent RNA helicase SrmB	SO:0001217, UniRef:UniRef50_D5AQ30
contig_1	cds	3026036	3027202	+	AAFOLC_14045		MFS domain-containing protein	SO:0001217, UniRef:UniRef50_A0A258LRL4
contig_1	cds	3027287	3029329	-	AAFOLC_14050		DNA topoisomerase 4 subunit B	SO:0001217, UniRef:UniRef50_P94281
contig_1	cds	3029480	3030742	-	AAFOLC_14055		hypothetical protein	PFAM:PF13641.9
contig_1	cds	3030739	3031311	-	AAFOLC_14060		dTDP-4-dehydrorhamnose 3,5-epimerase	SO:0001217, UniRef:UniRef50_A0A0E2NZD2
contig_1	cds	3031441	3032493	+	AAFOLC_14065		N-acetyl-gamma-glutamyl-phosphate reductase	SO:0001217, UniRef:UniRef50_A7IPM9
contig_1	cds	3032585	3033469	-	AAFOLC_14070		AB hydrolase-1 domain-containing protein	SO:0001217, UniRef:UniRef50_A0A2E6Y9Z8
contig_1	cds	3033806	3035674	-	AAFOLC_14075	recJ	Single-stranded-DNA-specific exonuclease RecJ	SO:0001217, UniRef:UniRef50_A0A4Q8R082
contig_1	cds	3035664	3036920	-	AAFOLC_14080		DUF4010 domain-containing protein	SO:0001217, UniRef:UniRef50_A7IPM3
contig_1	cds	3037044	3038027	-	AAFOLC_14085		hypothetical protein	
contig_1	cds	3038038	3039336	-	AAFOLC_14090		Homoserine dehydrogenase	SO:0001217, UniRef:UniRef50_A0A3Q8XPH5
contig_1	cds	3039380	3040651	-	AAFOLC_14095	aspB	LL-diaminopimelate aminotransferase	COG:COG0436, COG:E, SO:0001217, UniRef:UniRef50_A0A0M0EH42, UniRef:UniRef90_A7IL58
contig_1	cds	3040753	3041007	-	AAFOLC_14100		hypothetical protein	
contig_1	cds	3041301	3043946	+	AAFOLC_14105		hypothetical protein	PFAM:PF00561.23
contig_1	cds	3044114	3045421	-	AAFOLC_14110		DNA polymerase IV 1	SO:0001217, UniRef:UniRef50_Q92QM8
contig_1	cds	3045454	3045792	-	AAFOLC_14115		DUF3572 domain-containing protein	SO:0001217, UniRef:UniRef50_A7IM39
contig_1	cds	3045884	3046252	+	AAFOLC_14120	cheY	CheY-like REC (receiver) domain, includes chemotaxis protein CheY and sporulation regulator Spo0F	COG:COG0784, COG:T, SO:0001217, UniRef:UniRef50_M4VHI1, UniRef:UniRef90_A7IM40
contig_1	ncRNA	3046535	3046644	+	AAFOLC_14125	Atu_C6	EcpR1	RFAM:RF02500, SO:0000655
contig_1	cds	3047271	3047438	-	AAFOLC_14130	rpmG	50S ribosomal protein L33	COG:COG0267, COG:J, GO:0003735, GO:0005737, GO:0005840, GO:0006412, GO:1990904, SO:0001217, UniRef:UniRef50_Q9HTN9, UniRef:UniRef90_A7IM41
contig_1	cds	3047586	3048731	-	AAFOLC_14135		MFS domain-containing protein	SO:0001217, UniRef:UniRef50_A0A0V7Z5W7
contig_1	cds	3048774	3049508	-	AAFOLC_14140		NUDIX domain-containing protein	SO:0001217, UniRef:UniRef50_A0A7W2BTJ3
contig_1	cds	3049505	3050017	-	AAFOLC_14145		DUF983 domain-containing protein	SO:0001217, UniRef:UniRef50_A0A258J1P4
contig_1	cds	3050014	3052500	-	AAFOLC_14150		Ribonuclease R	SO:0001217, UniRef:UniRef50_A0A0D5LUB6
contig_1	cds	3052866	3054407	+	AAFOLC_14155		EAL domain-containing protein	SO:0001217, UniRef:UniRef50_A0A3L7ACM0
contig_1	cds	3054622	3056253	-	AAFOLC_14160	groL	chaperonin GroEL	COG:COG0459, COG:O, SO:0001217, UniRef:UniRef50_P42383, UniRef:UniRef90_A7IN91
contig_1	cds	3056397	3056711	-	AAFOLC_14165	groES	co-chaperone GroES	COG:COG0234, COG:O, KEGG:K04078, SO:0001217, UniRef:UniRef50_P35864, UniRef:UniRef90_A0A3L7A0V2
contig_1	cds	3057071	3057352	+	AAFOLC_14170		Aspartate-semialdehyde dehydrogenase	SO:0001217, UniRef:UniRef50_L0NFQ1
contig_1	cds	3057464	3058066	+	AAFOLC_14175		Exopolysaccharide biosynthesis protein	SO:0001217, UniRef:UniRef50_A0A4R3LS27
contig_1	cds	3058083	3059171	+	AAFOLC_14180		S-adenosylmethionine:tRNA ribosyltransferase-isomerase	SO:0001217, UniRef:UniRef50_B5ZPR8
contig_1	cds	3059168	3060307	+	AAFOLC_14185		Queuine tRNA-ribosyltransferase	SO:0001217, UniRef:UniRef50_Q5LQ80
contig_1	cds	3060436	3060723	+	AAFOLC_14190		Aspartyl/glutamyl-tRNA(Asn/Gln) amidotransferase subunit C	SO:0001217, UniRef:UniRef50_Q89K28
contig_1	cds	3060720	3062204	+	AAFOLC_14195	gatA	Asp-tRNA(Asn)/Glu-tRNA(Gln) amidotransferase subunit GatA	COG:COG0154, COG:J, EC:6.3.5.7, GO:0005524, GO:0006412, GO:0030956, GO:0050567, KEGG:K02433, SO:0001217, UniRef:UniRef50_Q8YC57, UniRef:UniRef90_A7IMA7
contig_1	cds	3062189	3062518	+	AAFOLC_14200		chorismate mutase	SO:0001217, UniRef:UniRef50_A0A1G4UT17
contig_1	cds	3062591	3063649	-	AAFOLC_14205		Glycosyltransferase family 2 protein	SO:0001217, UniRef:UniRef50_A0A848JPQ7
contig_1	cds	3063881	3065359	+	AAFOLC_14210		Aspartyl/glutamyl-tRNA(Asn/Gln) amidotransferase subunit B	SO:0001217, UniRef:UniRef50_Q92QK5
contig_1	cds	3065658	3067064	+	AAFOLC_14215		MBOAT family protein	SO:0001217, UniRef:UniRef50_A0A1L3SUS1
contig_1	cds	3067068	3068246	+	AAFOLC_14220		ALGX domain-containing protein	SO:0001217, UniRef:UniRef50_A7IN70
contig_1	cds	3068302	3068697	-	AAFOLC_14225		Fe-S-biosyn domain-containing protein	SO:0001217, UniRef:UniRef50_A5EJW9
contig_1	cds	3068739	3069944	+	AAFOLC_14230		Deoxyguanosinetriphosphate triphosphohydrolase-like protein	SO:0001217, UniRef:UniRef50_Q164B9
contig_1	cds	3069980	3071740	+	AAFOLC_14235		Arginine--tRNA ligase	SO:0001217, UniRef:UniRef50_Q8UEP4
contig_1	cds	3071826	3074312	+	AAFOLC_14240		hypothetical protein	PFAM:PF05036.16
contig_1	cds	3074517	3075410	-	AAFOLC_14245		DUF815 domain-containing protein	SO:0001217, UniRef:UniRef50_E6VHQ9
contig_1	cds	3075716	3076396	+	AAFOLC_14250		DUF481 domain-containing protein	SO:0001217, UniRef:UniRef50_A0A3L7AK29
contig_1	cds	3076426	3077262	-	AAFOLC_14255		putative membrane transporter protein	SO:0001217, UniRef:UniRef50_D7A647
contig_1	cds	3077370	3078329	-	AAFOLC_14260		tRNA-dihydrouridine(20/20a) synthase	SO:0001217, UniRef:UniRef50_A0A7W5Z127
contig_1	cds	3078479	3078868	+	AAFOLC_14265		Shufflon-specific DNA recombinase	SO:0001217, UniRef:UniRef50_A0A7R7B0U2
contig_1	cds	3079048	3085608	-	AAFOLC_14270		hypothetical protein	
contig_1	cds	3085804	3087078	-	AAFOLC_14275	ybdG	Miniconductance mechanosensitive channel YbdG	SO:0001217, UniRef:UniRef50_A0A6S6WNP5
contig_1	cds	3087433	3088407	+	AAFOLC_14280		HTH lysR-type domain-containing protein	SO:0001217, UniRef:UniRef50_A0A259LDU2, UniRef:UniRef90_A0A259LDU2
contig_1	cds	3088583	3089356	-	AAFOLC_14285		hypothetical protein	PFAM:PF01648.23
contig_1	cds	3089325	3089720	-	AAFOLC_14290		SDR family oxidoreductase	SO:0001217, UniRef:UniRef50_UPI00123C31CF
contig_1	cds	3089717	3089947	-	AAFOLC_14295		hypothetical protein	
contig_1	cds	3089944	3091203	-	AAFOLC_14300	entS	Enterobactin transporter EntS	SO:0001217, UniRef:UniRef50_A0A4P7BAB6
contig_1	cds	3091522	3092280	-	AAFOLC_14305	yclP	Petrobactin import ATP-binding protein YclP	SO:0001217, UniRef:UniRef50_P94420
contig_1	cds	3092277	3093242	-	AAFOLC_14310		ABC-type enterochelin transport system, permease component	SO:0001217, UniRef:UniRef50_A0A021WYM0
contig_1	cds	3093391	3094182	-	AAFOLC_14315		FecCD transport family protein	SO:0001217, UniRef:UniRef50_A0A024H9D1
contig_1	cds	3094257	3095234	-	AAFOLC_14320		Iron ABC transporter substrate-binding protein	SO:0001217, UniRef:UniRef50_A0A0F5FWK1
contig_1	cds	3095378	3096244	-	AAFOLC_14325		HTH araC/xylS-type domain-containing protein	SO:0001217, UniRef:UniRef50_A0A0N7IV14
contig_1	cds	3096441	3098264	+	AAFOLC_14330		TonB-dependent siderophore receptor	SO:0001217, UniRef:UniRef50_I3TTK0
contig_1	cds	3098336	3098650	+	AAFOLC_14335		TonB-dep-Rec domain-containing protein	SO:0001217, UniRef:UniRef50_A0A2G8MFW1
contig_1	cds	3099376	3099669	+	AAFOLC_14340		hypothetical protein	
contig_1	cds	3099713	3100624	+	AAFOLC_14345		Aldo-ket-red domain-containing protein	SO:0001217, UniRef:UniRef50_A0A024HK77
contig_1	cds	3100952	3101683	-	AAFOLC_14350		TIGR02281 family clan AA aspartic protease	SO:0001217, UniRef:UniRef50_A0A5S9NSE4
contig_1	cds	3101661	3101912	-	AAFOLC_14355		DUF1289 domain-containing protein	SO:0001217, UniRef:UniRef50_A0A4Q2U514
contig_1	cds	3101951	3102751	-	AAFOLC_14360		Adenosylcobinamide-GDP ribazoletransferase	SO:0001217, UniRef:UniRef50_A7IB66
contig_1	cds	3103037	3103333	+	AAFOLC_14365	yajC	preprotein translocase subunit YajC	KEGG:K03210, SO:0001217, UniRef:UniRef50_A0A318TPS4, UniRef:UniRef90_A0A3L7AJ20
contig_1	cds	3103358	3104965	+	AAFOLC_14370	secD	Protein translocase subunit SecD	SO:0001217, UniRef:UniRef50_A0A2V3U570
contig_1	cds	3104978	3106048	+	AAFOLC_14375	secF	Protein-export membrane protein SecF	SO:0001217, UniRef:UniRef50_A0A258IZU6
contig_1	cds	3106051	3106431	+	AAFOLC_14380		NADH dehydrogenase [ubiquinone] 1 alpha subcomplex assembly factor 3	SO:0001217, UniRef:UniRef50_A8ID78
contig_1	cds	3106443	3107312	+	AAFOLC_14385		Phytoene synthase	SO:0001217, UniRef:UniRef50_A0A2G9WRD3
contig_1	cds	3107326	3108435	-	AAFOLC_14390		Serine/threonine protein kinase	SO:0001217, UniRef:UniRef50_A0A1G4PY51
contig_1	cds	3108445	3109872	-	AAFOLC_14395		Methylenetetrahydrofolate--tRNA-(uracil-5-)-methyltransferase TrmFO	SO:0001217, UniRef:UniRef50_Q11HD9
contig_1	cds	3110642	3111208	+	AAFOLC_14400		hypothetical protein	
contig_1	cds	3111405	3114530	-	AAFOLC_14405	uvrA	excinuclease ABC subunit UvrA	COG:COG0178, COG:L, KEGG:K03701, SO:0001217, UniRef:UniRef50_Q89L46, UniRef:UniRef90_A0A3L7ALR8
contig_1	cds	3114566	3114898	-	AAFOLC_14410		hypothetical protein	
contig_1	cds	3115126	3115692	+	AAFOLC_14415		Single-stranded DNA-binding protein	SO:0001217, UniRef:UniRef50_A0A2R8BDW9
contig_1	cds	3115831	3116229	+	AAFOLC_14420		DUF2306 domain-containing protein	SO:0001217, UniRef:UniRef50_S5Y9Z8
contig_1	cds	3116402	3119158	+	AAFOLC_14425	gyrA	DNA gyrase subunit A	EC:5.6.2.2, KEGG:K02469, SO:0001217, UniRef:UniRef50_Q1RID9, UniRef:UniRef90_A0A3L7ALA4
contig_1	cds	3119155	3119766	+	AAFOLC_14430	lysE	LysE family translocator	SO:0001217, UniRef:UniRef50_A0A258E5K7
contig_1	cds	3120072	3120689	+	AAFOLC_14435		30S ribosomal protein S4	SO:0001217, UniRef:UniRef50_A6X1K6
contig_1	cds	3121114	3121437	-	AAFOLC_14440		DUF1476 domain-containing protein	SO:0001217, UniRef:UniRef50_A0A0H2MRJ6
contig_1	cds	3121812	3122606	+	AAFOLC_14445	purC	phosphoribosylaminoimidazolesuccinocarboxamide synthase	COG:COG0152, COG:F, SO:0001217, UniRef:UniRef50_Q98NM8, UniRef:UniRef90_A7IMS2
contig_1	cds	3122750	3122992	+	AAFOLC_14450	purS	phosphoribosylformylglycinamidine synthase subunit PurS	COG:COG1828, COG:F, SO:0001217, UniRef:UniRef50_A0A259MHS7, UniRef:UniRef90_A7IMS1
contig_1	cds	3123044	3123271	+	AAFOLC_14455		hypothetical protein	
contig_1	cds	3123278	3123976	+	AAFOLC_14460	purQ	Phosphoribosylformylglycinamidine synthase subunit PurQ	SO:0001217, UniRef:UniRef50_Q2RWI2
contig_1	cds	3124035	3126254	+	AAFOLC_14465	purL	Phosphoribosylformylglycinamidine synthase subunit PurL	SO:0001217, UniRef:UniRef50_A6X1J9
contig_1	cds	3126285	3126524	+	AAFOLC_14470	bolA	DNA-binding global transcriptional regulator BolA, affects cell shape, cell division and biofilm formation	COG:COG0271, COG:KT, SO:0001217, UniRef:UniRef50_A0A0U5F4R3, UniRef:UniRef90_A7IMR8
contig_1	cds	3126688	3127026	+	AAFOLC_14475		Glutaredoxin	SO:0001217, UniRef:UniRef50_A0A0K0TCH0
contig_1	cds	3127019	3127318	+	AAFOLC_14480		DUF3649 domain-containing protein	SO:0001217, UniRef:UniRef50_A7IMR6
contig_1	cds	3127387	3128709	-	AAFOLC_14485	purB	adenylosuccinate lyase	COG:COG0015, COG:F, SO:0001217, UniRef:UniRef50_A0A0J7N6B1, UniRef:UniRef90_A7IM30
contig_1	cds	3128941	3130353	+	AAFOLC_14490		Threonine synthase	SO:0001217, UniRef:UniRef50_M9RRR8
contig_1	cds	3130350	3131612	+	AAFOLC_14495		Peptidase M16 domain protein	SO:0001217, UniRef:UniRef50_A7IL61
contig_1	cds	3131799	3132425	+	AAFOLC_14500		[SSU ribosomal protein S5P]-alanine acetyltransferase	SO:0001217, UniRef:UniRef50_Q3SW42
contig_1	cds	3132660	3134606	-	AAFOLC_14505	asmA	AsmA family protein	SO:0001217, UniRef:UniRef50_A7ILU4
contig_1	cds	3134759	3136471	-	AAFOLC_14510		Iron ABC transporter permease	SO:0001217, UniRef:UniRef50_A0A0C6FI07
contig_1	cds	3136473	3137519	-	AAFOLC_14515		Iron ABC transporter substrate-binding protein	SO:0001217, UniRef:UniRef50_A0A1R3TJQ3
contig_1	cds	3138010	3138492	-	AAFOLC_14520	bfr	bacterioferritin	COG:COG2193, COG:P, SO:0001217, UniRef:UniRef50_P22759, UniRef:UniRef90_A7ILU7
contig_1	cds	3138631	3138867	-	AAFOLC_14525		(2Fe-2S)-binding protein	SO:0001217, UniRef:UniRef50_A0A3L7A0H5
contig_1	cds	3139076	3141520	-	AAFOLC_14530		hypothetical protein	PFAM:PF00989.28, PFAM:PF08448.13
contig_1	cds	3141725	3142267	+	AAFOLC_14535		Phasin-2 domain-containing protein	SO:0001217, UniRef:UniRef50_A0A258J4P1
contig_1	cds	3142471	3142944	+	AAFOLC_14540		Phasin	SO:0001217, UniRef:UniRef50_A7ILV1
contig_1	cds	3143177	3144214	+	AAFOLC_14545		Heptosyltransferase-2	SO:0001217, UniRef:UniRef50_A0A840AJP6
contig_1	cds	3144211	3145230	+	AAFOLC_14550		Heptosyltransferase-1	SO:0001217, UniRef:UniRef50_A0A840AKA0
contig_1	cds	3145250	3146407	-	AAFOLC_14555		Acetylornithine deacetylase	SO:0001217, UniRef:UniRef50_A0A4Q0M8W3
contig_1	ncRNA-region	3146545	3146749	+			Cobalamin riboswitch	RFAM:RF00174, SO:0000035
contig_1	cds	3146798	3147424	+	AAFOLC_14560		HupE/UreJ family protein	SO:0001217, UniRef:UniRef50_A0A5S9P2H3
contig_1	cds	3147421	3148005	+	AAFOLC_14565		Bifunctional adenosylcobalamin biosynthesis protein	SO:0001217, UniRef:UniRef50_A0A6G6X214
contig_1	cds	3148002	3148622	+	AAFOLC_14570		Corrinoid adenosyltransferase	SO:0001217, UniRef:UniRef50_Q0K7H6
contig_1	cds	3148627	3150084	+	AAFOLC_14575		Cobyric acid synthase	SO:0001217, UniRef:UniRef50_W8S2T7
contig_1	cds	3150068	3151039	-	AAFOLC_14580	cobD	Cobalamin biosynthesis protein CobD	SO:0001217, UniRef:UniRef50_D3NUA5
contig_1	cds	3151298	3152065	+	AAFOLC_14585		Serine/threonine protein phosphatase 1	SO:0001217, UniRef:UniRef50_A0A848JXZ4
contig_1	cds	3152500	3153684	+	AAFOLC_14590		Polysaccharide export protein	SO:0001217, UniRef:UniRef50_A0A3L7A1V9
contig_1	cds	3153896	3155068	+	AAFOLC_14595		VWA domain-containing protein	SO:0001217, UniRef:UniRef50_A0A0N1LCS0
contig_1	cds	3155065	3155700	+	AAFOLC_14600		Lipoprotein	SO:0001217, UniRef:UniRef50_A7ILW5
contig_1	cds	3155689	3156777	-	AAFOLC_14605		TIGR01620 family protein	SO:0001217, UniRef:UniRef50_A0A0M7A7T8
contig_1	cds	3156811	3158271	-	AAFOLC_14610	ycjX	YcjX family protein	SO:0001217, UniRef:UniRef50_A0A1H9PEL2
contig_1	cds	3158302	3158823	-	AAFOLC_14615		Phosphohistidine phosphatase	SO:0001217, UniRef:UniRef50_A0A5S9NTJ9
contig_1	cds	3159058	3160491	+	AAFOLC_14620		hypothetical protein	
contig_1	cds	3160663	3161052	-	AAFOLC_14625		hypothetical protein	
contig_1	cds	3161055	3161909	-	AAFOLC_14630		Lon protease 1	SO:0001217, UniRef:UniRef50_A0A166ANW1
contig_1	cds	3162210	3162626	+	AAFOLC_14635	dksA	RNA polymerase-binding protein DksA	COG:COG1734, COG:K, SO:0001217, UniRef:UniRef50_P0CAU3, UniRef:UniRef90_A7IPB1
contig_1	cds	3162814	3164544	-	AAFOLC_14640		hypothetical protein	
contig_1	cds	3164720	3167251	+	AAFOLC_14645		histidine kinase	SO:0001217, UniRef:UniRef50_A7IPA9
contig_1	cds	3167424	3169397	+	AAFOLC_14650		hypothetical protein	
contig_1	cds	3169793	3170158	+	AAFOLC_14655	nuoA	NADH:ubiquinone oxidoreductase subunit 3 (chain A)	COG:C, COG:COG0838, SO:0001217, UniRef:UniRef50_P29919, UniRef:UniRef90_A7IPA7
contig_1	cds	3170149	3170733	+	AAFOLC_14660	nuoB	NADH-quinone oxidoreductase subunit B	COG:C, COG:COG0377, EC:7.1.1.-, GO:0005506, GO:0005886, GO:0008137, GO:0048038, GO:0051539, SO:0001217, UniRef:UniRef50_B6JGW0, UniRef:UniRef90_A7IPA6
contig_1	cds	3170785	3171426	+	AAFOLC_14665		NADH-quinone oxidoreductase chain 5	SO:0001217, UniRef:UniRef50_P29917
contig_1	cds	3171441	3172649	+	AAFOLC_14670		NADH-quinone oxidoreductase subunit D	SO:0001217, UniRef:UniRef50_A1B495
contig_1	cds	3172724	3173398	+	AAFOLC_14675	nuoE	NADH-quinone oxidoreductase subunit NuoE	SO:0001217, UniRef:UniRef50_A0A3L6ZXT5, UniRef:UniRef90_A0A3L6ZXT5
contig_1	cds	3173404	3174705	+	AAFOLC_14680	nuoF	NADH-quinone oxidoreductase subunit NuoF	COG:C, COG:COG1894, SO:0001217, UniRef:UniRef50_P29913, UniRef:UniRef90_UPI001EE13CAE
contig_1	cds	3174710	3175072	+	AAFOLC_14685		Bleomycin resistance protein	SO:0001217, UniRef:UniRef50_A0A257W9J1
contig_1	cds	3175319	3177397	+	AAFOLC_14690		NADH-quinone oxidoreductase	SO:0001217, UniRef:UniRef50_W8I651
contig_1	cds	3177476	3178495	+	AAFOLC_14695	nuoH	NADH-quinone oxidoreductase subunit NuoH	COG:C, COG:COG1005, SO:0001217, UniRef:UniRef50_Q8YGK7, UniRef:UniRef90_A7IPA0
contig_1	cds	3178530	3179018	+	AAFOLC_14700	nuoI	NADH-quinone oxidoreductase subunit NuoI	COG:C, COG:COG1143, EC:7.1.1.-, GO:0005506, GO:0005886, GO:0048038, GO:0050136, GO:0051539, SO:0001217, UniRef:UniRef50_Q8UFW9, UniRef:UniRef90_A7IP99
contig_1	cds	3179260	3179877	+	AAFOLC_14705		hypothetical protein	
contig_1	cds	3179889	3180197	+	AAFOLC_14710	nuoK	NADH-quinone oxidoreductase subunit NuoK	COG:C, COG:COG0713, EC:7.1.1.-, GO:0005886, GO:0042773, GO:0048038, GO:0050136, SO:0001217, UniRef:UniRef50_P50940, UniRef:UniRef90_A8I413
contig_1	cds	3180202	3182127	+	AAFOLC_14715		hypothetical protein	
contig_1	cds	3182133	3183644	+	AAFOLC_14720	nuoM	NADH-quinone oxidoreductase subunit M	COG:C, COG:COG1008, SO:0001217, UniRef:UniRef50_P29925, UniRef:UniRef90_A7IP95
contig_1	cds	3183659	3185089	+	AAFOLC_14725		NADH-quinone oxidoreductase subunit N 1	SO:0001217, UniRef:UniRef50_Q92QN9
contig_1	cds	3185096	3185863	+	AAFOLC_14730		biotin--[biotin carboxyl-carrier protein] ligase	SO:0001217, UniRef:UniRef50_A0A0H5BFM5
contig_1	cds	3186170	3187783	+	AAFOLC_14735		Ribonuclease J	SO:0001217, UniRef:UniRef50_M4MR97
contig_1	cds	3187830	3188234	+	AAFOLC_14740	mce	methylmalonyl-CoA epimerase	COG:COG3185, COG:ER, SO:0001217, UniRef:UniRef50_Q3IZP4, UniRef:UniRef90_A0A6C1KIB3
contig_1	cds	3188245	3188517	+	AAFOLC_14745		DUF1467 domain-containing protein	SO:0001217, UniRef:UniRef50_A8I435
contig_1	cds	3189060	3190382	+	AAFOLC_14750		Proline--tRNA ligase	SO:0001217, UniRef:UniRef50_Q6N5P6
contig_1	cds	3190379	3191677	+	AAFOLC_14755		lipoprotein-releasing ABC transporter permease subunit	SO:0001217, UniRef:UniRef50_A0A537QRY6, UniRef:UniRef90_A0A3L6ZYD2
contig_1	cds	3191677	3192420	+	AAFOLC_14760	lolD	Lipoprotein-releasing system ATP-binding protein LolD 1	SO:0001217, UniRef:UniRef50_Q2RU16
contig_1	cds	3192872	3193756	-	AAFOLC_14765		Enoyl-CoA hydratase	SO:0001217, UniRef:UniRef50_G7Z1K8
contig_1	cds	3193826	3194254	+	AAFOLC_14770		4HBT domain-containing protein	SO:0001217, UniRef:UniRef50_I4YLC2
contig_1	cds	3194431	3195015	+	AAFOLC_14775		Flavodoxin-2 domain-containing protein	SO:0001217, UniRef:UniRef50_H0I1F9
contig_1	cds	3195238	3195699	+	AAFOLC_14780	rplM	50S ribosomal protein L13	COG:COG0102, COG:J, GO:0003735, GO:0005840, GO:0006412, GO:1990904, KEGG:K02871, SO:0001217, UniRef:UniRef50_Q2W1B4, UniRef:UniRef90_A7INH1
contig_1	cds	3195701	3196180	+	AAFOLC_14785	rpsI	30S ribosomal protein S9	GO:0003735, GO:0005840, GO:0006412, GO:1990904, SO:0001217, UniRef:UniRef50_B6JGT6, UniRef:UniRef90_A7INH2
contig_1	cds	3196292	3196705	-	AAFOLC_14790		hypothetical protein	
contig_1	cds	3196877	3197218	-	AAFOLC_14795		Secreted protein	SO:0001217, UniRef:UniRef50_A0A259L4T2
contig_1	cds	3197337	3197822	-	AAFOLC_14800	doxX	DoxX family protein	SO:0001217, UniRef:UniRef50_A0A1J4QES6
contig_1	cds	3197819	3198634	-	AAFOLC_14805		DUF2063 domain-containing protein	SO:0001217, UniRef:UniRef50_B8EP43
contig_1	cds	3198642	3199493	-	AAFOLC_14810		UPF0276 protein Arad_4857	SO:0001217, UniRef:UniRef50_B9JEP8
contig_1	cds	3199559	3199831	-	AAFOLC_14815		DUF2282 domain-containing protein	SO:0001217, UniRef:UniRef50_A0A167ABY4
contig_1	cds	3200020	3200577	+	AAFOLC_14820		Sigma-70 family RNA polymerase sigma factor	SO:0001217, UniRef:UniRef50_A0A1Q3LPA8
contig_1	cds	3200574	3201209	+	AAFOLC_14825		DUF1109 domain-containing protein	SO:0001217, UniRef:UniRef50_A0A2H6BC30
contig_1	cds	3201485	3202012	+	AAFOLC_14830		hypothetical protein	
contig_1	cds	3202056	3203000	-	AAFOLC_14835		HTH lysR-type domain-containing protein	SO:0001217, UniRef:UniRef50_A0A1C3TQP3
contig_1	cds	3203023	3204078	-	AAFOLC_14840		UPF0324 membrane protein RPA1770	SO:0001217, UniRef:UniRef50_Q6N8Y1
contig_1	cds	3204235	3205233	-	AAFOLC_14845		Limonene 1,2-monooxygenase	SO:0001217, UniRef:UniRef50_A0A0N1JRV8
contig_1	cds	3205476	3206504	-	AAFOLC_14850		Haloacid dehalogenase-like hydrolase	SO:0001217, UniRef:UniRef50_A0A7Y2YRD9
contig_1	cds	3206541	3206891	-	AAFOLC_14855		HdeA/HdeB family protein	SO:0001217, UniRef:UniRef50_Q6N8B7
contig_1	cds	3207038	3208630	-	AAFOLC_14860		Arylsulfatase (EC)	SO:0001217, UniRef:UniRef50_A0A6J4XXR6
contig_1	cds	3208662	3209645	-	AAFOLC_14865		hypothetical protein	
contig_1	cds	3209832	3210794	+	AAFOLC_14870		hypothetical protein	PFAM:PF00165.26, PFAM:PF12625.10, PFAM:PF12833.10
contig_1	cds	3210934	3211731	-	AAFOLC_14875		hypothetical protein	
contig_1	tRNA	3211902	3211977	-	AAFOLC_14880	trnK	tRNA-Lys(ttt)	SO:0000265
contig_1	cds	3212061	3212474	+	AAFOLC_14885		hypothetical protein	PFAM:PF06411.14
contig_1	cds	3212657	3213817	+	AAFOLC_14890		Amidohydrolase	SO:0001217, UniRef:UniRef50_A8LIR6
contig_1	cds	3213896	3214774	-	AAFOLC_14895		Bll4494 protein	SO:0001217, UniRef:UniRef50_Q89LP9
contig_1	cds	3214848	3215339	+	AAFOLC_14900		TsaA-like domain-containing protein	SO:0001217, UniRef:UniRef50_A0A0D6B538
contig_1	cds	3216002	3216799	-	AAFOLC_14905		Phosphoribosyl 1,2-cyclic phosphodiesterase	SO:0001217, UniRef:UniRef50_A0A0M6ZJK4
contig_1	cds	3216977	3217153	-	AAFOLC_14910		hypothetical protein	
contig_1	cds	3217269	3218114	+	AAFOLC_14915	sadH	Putative oxidoreductase SadH	SO:0001217, UniRef:UniRef50_A0A0S3PQQ5
contig_1	tRNA	3218247	3218324	-	AAFOLC_14920	trnP	tRNA-Pro(ggg)	SO:0000268
contig_1	cds	3218580	3218933	+	AAFOLC_14925	rlpA	Endolytic peptidoglycan transglycosylase RlpA	SO:0001217, UniRef:UniRef50_A0A179S369
contig_1	cds	3218956	3221043	-	AAFOLC_14930		hypothetical protein	
contig_1	cds	3221253	3221570	-	AAFOLC_14935	ihfA	integration host factor subunit alpha	COG:COG0776, COG:L, GO:0003677, GO:0006310, GO:0006355, GO:0006417, GO:0030527, SO:0001217, UniRef:UniRef50_Q136S3, UniRef:UniRef90_A7INL3
contig_1	cds	3221784	3222758	-	AAFOLC_14940		Beta-ketoacyl-[acyl-carrier-protein] synthase III	SO:0001217, UniRef:UniRef50_Q4URQ0
contig_1	cds	3222755	3223825	-	AAFOLC_14945		Phosphate acyltransferase	SO:0001217, UniRef:UniRef50_Q2KA02
contig_1	cds	3224069	3224593	-	AAFOLC_14950		DUF177 domain-containing protein	SO:0001217, UniRef:UniRef50_D7AAG5
contig_1	cds	3224598	3225146	-	AAFOLC_14955		Ubiq-cyt-C-chap domain-containing protein	SO:0001217, UniRef:UniRef50_A0A5S9NMB7
contig_1	cds	3225241	3225801	+	AAFOLC_14960	smpA	SmpA protein	SO:0001217, UniRef:UniRef50_A8I5M2
contig_1	cds	3226036	3226794	-	AAFOLC_14965		Triosephosphate isomerase	SO:0001217, UniRef:UniRef50_Q07NF3
contig_1	cds	3226966	3228858	+	AAFOLC_14970		Parvulin-like PPIase	SO:0001217, UniRef:UniRef50_A7INK6
contig_1	cds	3228867	3230378	+	AAFOLC_14975	trpE	anthranilate synthase component I	EC:4.1.3.27, KEGG:K01657, SO:0001217, UniRef:UniRef50_A0A1Q8FVQ7, UniRef:UniRef90_A0A3L7AER2
contig_1	cds	3230537	3231142	+	AAFOLC_14980		Aminodeoxychorismate/anthranilate synthase component II	SO:0001217, UniRef:UniRef50_X5MH88, UniRef:UniRef90_A0A3L7AF73
contig_1	cds	3231364	3232398	+	AAFOLC_14985		Anthranilate phosphoribosyltransferase	SO:0001217, UniRef:UniRef50_Q2IWB1
contig_1	cds	3232395	3233186	+	AAFOLC_14990		Indole-3-glycerol phosphate synthase	SO:0001217, UniRef:UniRef50_P26938
contig_1	cds	3233625	3234047	+	AAFOLC_14995		DUF2147 domain-containing protein	SO:0001217, UniRef:UniRef50_A0A0Q7EIR0
contig_1	cds	3234291	3234779	+	AAFOLC_15000		Cyclic pyranopterin monophosphate synthase	SO:0001217, UniRef:UniRef50_B8IPA1
contig_1	cds	3234790	3236004	+	AAFOLC_15005		Molybdopterin molybdenumtransferase	SO:0001217, UniRef:UniRef50_A0A0S4Q3J0
contig_1	cds	3236173	3236886	+	AAFOLC_15010	lexA	transcriptional repressor LexA	COG:COG1974, COG:KT, SO:0001217, UniRef:UniRef50_Q9ZFA4, UniRef:UniRef90_A0A3L7ACT4
contig_1	cds	3237002	3239326	-	AAFOLC_15015		Competence domain-containing protein	SO:0001217, UniRef:UniRef50_A0A258IG14
contig_1	cds	3239498	3240913	+	AAFOLC_15020		Glutamate--tRNA ligase 2	SO:0001217, UniRef:UniRef50_Q11HT5
contig_1	cds	3240910	3241176	+	AAFOLC_15025		UPF0033 domain-containing protein	SO:0001217, UniRef:UniRef50_A0A8H8WV20
contig_1	cds	3241363	3242781	-	AAFOLC_15030	hflX	GTPase HflX	SO:0001217, UniRef:UniRef50_A0A1W6N016
contig_1	cds	3242787	3243041	-	AAFOLC_15035	hfq	RNA chaperone Hfq	COG:COG1923, COG:T, SO:0001217, UniRef:UniRef50_Q89LQ2, UniRef:UniRef90_A0A259JJ56
contig_1	cds	3243191	3244048	-	AAFOLC_15040		D-alanine aminotransferase	SO:0001217, UniRef:UniRef50_A0A523FZ90
contig_1	cds	3244052	3245470	-	AAFOLC_15045	trkH	TrkH family potassium uptake protein	SO:0001217, UniRef:UniRef50_A0A258IIR1
contig_1	cds	3245490	3246866	-	AAFOLC_15050	trkA	Trk system potassium transporter TrkA	SO:0001217, UniRef:UniRef50_Q04856, UniRef:UniRef90_A0A3L7AF36
contig_1	cds	3247008	3248375	-	AAFOLC_15055	ntrC	DNA-binding transcriptional response regulator, NtrC family, contains REC, AAA-type ATPase, and a Fis-type DNA-binding domains	COG:COG2204, COG:T, SO:0001217, UniRef:UniRef50_A0A2S6TKK6, UniRef:UniRef90_A7INM4
contig_1	cds	3248379	3250586	-	AAFOLC_15060	ntrY	Nitrogen regulation protein NtrY	SO:0001217, UniRef:UniRef50_Q04850
contig_1	cds	3250885	3252327	-	AAFOLC_15065	ntrC	nitrogen regulation protein NR(I)	COG:COG2204, COG:T, GO:0000156, GO:0005524, GO:0005737, GO:0006355, GO:0006808, GO:0009399, GO:0043565, SO:0001217, UniRef:UniRef50_P10577, UniRef:UniRef90_Q04848
contig_1	cds	3252335	3253462	-	AAFOLC_15070	ntrB	Sensory histidine kinase/phosphatase NtrB	SO:0001217, UniRef:UniRef50_P10578
contig_1	cds	3253459	3254397	-	AAFOLC_15075		tRNA-dihydrouridine synthase	SO:0001217, UniRef:UniRef50_A0A3P5XSE7
contig_1	cds	3254674	3255876	+	AAFOLC_15080		Bifunctional enzyme IspD/IspF	SO:0001217, UniRef:UniRef50_A5V2U9
contig_1	cds	3255873	3256370	+	AAFOLC_15085	pncC	Nicotinamide-nucleotide amidohydrolase PncC	SO:0001217, UniRef:UniRef50_A0A2Z4UHK8
contig_1	cds	3256393	3256794	+	AAFOLC_15090		Rhodanese-related sulfurtransferase protein	SO:0001217, UniRef:UniRef50_F7Q3Q4
contig_1	cds	3256818	3257276	-	AAFOLC_15095		Polyketide-cyc domain-containing protein	SO:0001217, UniRef:UniRef50_Q1MH23
contig_1	cds	3257280	3258233	-	AAFOLC_15100	lipA	lipoyl synthase	COG:COG0320, COG:H, EC:2.8.1.8, KEGG:K03644, SO:0001217, UniRef:UniRef50_Q0BSW6, UniRef:UniRef90_A0A3L7ACZ5
contig_1	cds	3258415	3258672	-	AAFOLC_15105		GlsB/YeaQ/YmgE family stress response membrane protein	SO:0001217, UniRef:UniRef50_A7IM77
contig_1	cds	3258691	3258966	-	AAFOLC_15110		GlsB/YeaQ/YmgE family stress response membrane protein	SO:0001217, UniRef:UniRef50_A0A085EQV2
contig_1	cds	3259116	3260531	-	AAFOLC_15115	lpdA	dihydrolipoyl dehydrogenase	COG:C, COG:COG1249, SO:0001217, UniRef:UniRef50_O05940, UniRef:UniRef90_A0A3L7AFG0
contig_1	cds	3260524	3261159	-	AAFOLC_15120		Nucleoside 2-deoxyribosyltransferase	SO:0001217, UniRef:UniRef50_A7IM74
contig_1	cds	3261293	3261529	-	AAFOLC_15125		DUF465 domain-containing protein	SO:0001217, UniRef:UniRef50_A0A238Y4H1
contig_1	cds	3261691	3263058	-	AAFOLC_15130		Acetyltransferase component of pyruvate dehydrogenase complex	SO:0001217, UniRef:UniRef50_A0A380W8Z5
contig_1	cds	3263070	3264440	-	AAFOLC_15135		Pyruvate dehydrogenase E1 component subunit beta	SO:0001217, UniRef:UniRef50_Q9R9N4
contig_1	cds	3264446	3264793	-	AAFOLC_15140		DUF4134 domain-containing protein	SO:0001217, UniRef:UniRef50_A7IM70
contig_1	cds	3264808	3265833	-	AAFOLC_15145		Pyruvate dehydrogenase E1 component subunit alpha	SO:0001217, UniRef:UniRef50_Q9R9N5
contig_1	cds	3265994	3266308	-	AAFOLC_15150		Septum formation initiator	SO:0001217, UniRef:UniRef50_A0A2W5R1M6
contig_1	cds	3266466	3267044	+	AAFOLC_15155	wrbA	Flavoprotein WrbA	SO:0001217, UniRef:UniRef50_A0A4P7KZN0
contig_1	cds	3267161	3268987	-	AAFOLC_15160		CBS domain-containing protein	SO:0001217, UniRef:UniRef50_M5FMD8
contig_1	cds	3268992	3271229	-	AAFOLC_15165	parC	DNA topoisomerase IV subunit A	COG:COG0188, COG:L, SO:0001217, UniRef:UniRef50_A0A348FYU6, UniRef:UniRef90_A7IM65
contig_1	cds	3271800	3272543	-	AAFOLC_15170	recO	DNA repair protein RecO	SO:0001217, UniRef:UniRef50_Q9RH67
contig_1	cds	3272552	3273721	-	AAFOLC_15175		GTPase Era	SO:0001217, UniRef:UniRef50_O69162
contig_1	cds	3273718	3274464	-	AAFOLC_15180		Ribonuclease 3	SO:0001217, UniRef:UniRef50_Q6N6C1
contig_1	cds	3274434	3275186	-	AAFOLC_15185		Signal peptidase I	SO:0001217, UniRef:UniRef50_A0A8F8T6K2
contig_1	cds	3275349	3275750	-	AAFOLC_15190		DUF1622 domain-containing protein	SO:0001217, UniRef:UniRef50_A0A2W4QKJ8
contig_1	cds	3275819	3276226	-	AAFOLC_15195		Holo-[acyl-carrier-protein] synthase	SO:0001217, UniRef:UniRef50_Q6N6C3
contig_1	cds	3276223	3276996	-	AAFOLC_15200		Pyridoxine 5'-phosphate synthase	SO:0001217, UniRef:UniRef50_A7IM59
contig_1	cds	3277072	3279291	-	AAFOLC_15205		GTP pyrophosphokinase rsh	EC:2.7.6.5, EC:3.1.7.2, KEGG:K01139, SO:0001217, UniRef:UniRef50_Q8YG65, UniRef:UniRef90_A0A3L6ZUT1
contig_1	cds	3279421	3280245	-	AAFOLC_15210	pknD	Serine/threonine-protein kinase PknD	SO:0001217, UniRef:UniRef50_A0A0M6YCR6
contig_1	cds	3280242	3280658	-	AAFOLC_15215		4-carboxymuconolactone decarboxylase	SO:0001217, UniRef:UniRef50_A0A1B7K8F9
contig_1	cds	3280597	3281025	-	AAFOLC_15220		HTH merR-type domain-containing protein	SO:0001217, UniRef:UniRef50_A0A0N1N139
contig_1	cds	3281276	3282250	-	AAFOLC_15225		Quinone oxidoreductase Qor	SO:0001217, UniRef:UniRef50_B6JF94
contig_1	cds	3282323	3283072	-	AAFOLC_15230		NAD(P)-dependent oxidoreductase	SO:0001217, UniRef:UniRef50_A0A0N1BA84
contig_1	cds	3283085	3283846	-	AAFOLC_15235	terC	TerC family protein	SO:0001217, UniRef:UniRef50_A0A1A8XRG5
contig_1	cds	3284006	3285226	+	AAFOLC_15240		2-octaprenyl-6-methoxyphenyl hydroxylase	SO:0001217, UniRef:UniRef50_A0A363TT36
contig_1	cds	3285293	3286255	-	AAFOLC_15245		AEC family transporter	SO:0001217, UniRef:UniRef50_A0A1M7PNV7
contig_1	cds	3286559	3287599	+	AAFOLC_15250	citE	Citrate lyase beta subunit	COG:COG2301, COG:G, SO:0001217, UniRef:UniRef50_A9WC35, UniRef:UniRef90_A0A848JQI4
contig_1	cds	3287630	3288055	+	AAFOLC_15255	hspQ	Heat shock protein HspQ	SO:0001217, UniRef:UniRef50_A0A5C8RYJ2
contig_1	cds	3288219	3288932	-	AAFOLC_15260		Invasion associated locus B family protein	SO:0001217, UniRef:UniRef50_A0A3L7AEL0
contig_1	cds	3289168	3291033	+	AAFOLC_15265		ABC-type oligopeptide transport system, periplasmic component	SO:0001217, UniRef:UniRef50_I4YY77
contig_1	cds	3291040	3291528	-	AAFOLC_15270		DUF2306 domain-containing protein	SO:0001217, UniRef:UniRef50_A0A1D7U2W6
contig_1	cds	3291805	3292605	+	AAFOLC_15275		hypothetical protein	PFAM:PF08239.14
contig_1	cds	3292686	3293036	+	AAFOLC_15280		hypothetical protein	
contig_1	cds	3293281	3296796	-	AAFOLC_15285	mfd	transcription-repair coupling factor	EC:5.6.2.4, KEGG:K03723, SO:0001217, UniRef:UniRef50_A0A512JNF1, UniRef:UniRef90_A0A3L7AE16
contig_1	cds	3296952	3297248	-	AAFOLC_15290	sdhE	FAD assembly factor SdhE	SO:0001217, UniRef:UniRef50_A0A368A5R1
contig_1	cds	3297387	3297788	-	AAFOLC_15295		hypothetical protein	
contig_1	cds	3297920	3298693	-	AAFOLC_15300	surE	5'/3'-nucleotidase SurE	EC:3.1.3.5, EC:3.1.3.6, KEGG:K03787, SO:0001217, UniRef:UniRef50_Q89L02, UniRef:UniRef90_A0A3L7ACY7
contig_1	cds	3298920	3300527	+	AAFOLC_15305		Wzz domain-containing protein	SO:0001217, UniRef:UniRef50_A0A3L7AFQ1
contig_1	cds	3300531	3300743	-	AAFOLC_15310		DUF2842 domain-containing protein	SO:0001217, UniRef:UniRef50_D7AAH5
contig_1	cds	3300914	3302005	+	AAFOLC_15315		Heme A synthase	SO:0001217, UniRef:UniRef50_Q1QKJ7
contig_1	cds	3302010	3302705	-	AAFOLC_15320	lrgB	LrgB family protein	SO:0001217, UniRef:UniRef50_A0A0U1PWV2
contig_1	cds	3302695	3303159	-	AAFOLC_15325		CidA/LrgA family protein	SO:0001217, UniRef:UniRef50_A0A1Q4UQD2
contig_1	cds	3303259	3304155	+	AAFOLC_15330		HTH lysR-type domain-containing protein	SO:0001217, UniRef:UniRef50_A0A3M5N992
contig_1	cds	3304378	3305661	-	AAFOLC_15335		O-acetylhomoserine aminocarboxypropyltransferase	SO:0001217, UniRef:UniRef50_A0A7R8WD38, UniRef:UniRef90_A0A848JUR0
contig_1	cds	3305734	3306276	-	AAFOLC_15340		O-acetylhomoserine sulfhydrylase	SO:0001217, UniRef:UniRef50_V4RD24
contig_1	cds	3306328	3307104	-	AAFOLC_15345	ycfH	Uncharacterized deoxyribonuclease YcfH	SO:0001217, UniRef:UniRef50_A0A380ZIS5
contig_1	cds	3307284	3307865	+	AAFOLC_15350		Biotin transporter	SO:0001217, UniRef:UniRef50_A0A3L7ACX7
contig_1	cds	3307868	3308803	-	AAFOLC_15355		Alpha/beta hydrolase fold	SO:0001217, UniRef:UniRef50_Q07KI1
contig_1	cds	3308814	3309368	-	AAFOLC_15360		DUF2087 domain-containing protein	SO:0001217, UniRef:UniRef50_A0A239KUT3
contig_1	ncRNA-region	3309454	3309507	-			COG3860 RNA	RFAM:RF02940, SO:0005836
contig_1	cds	3309595	3310095	-	AAFOLC_15365		Lipoprotein	SO:0001217, UniRef:UniRef50_A0A3L7AEJ3
contig_1	cds	3310250	3311809	-	AAFOLC_15370		Methionine--tRNA ligase	SO:0001217, UniRef:UniRef50_P9WFU5
contig_1	cds	3311851	3312888	-	AAFOLC_15375		DNA-directed DNA polymerase	SO:0001217, UniRef:UniRef50_D6ZYG3
contig_1	cds	3312885	3313538	-	AAFOLC_15380		Thymidylate kinase	SO:0001217, UniRef:UniRef50_A0A0D6B0N5
contig_1	cds	3313535	3314764	-	AAFOLC_15385		serine-type D-Ala-D-Ala carboxypeptidase	SO:0001217, UniRef:UniRef50_A7INF1
contig_1	cds	3314754	3315680	-	AAFOLC_15390	rlpA	Endolytic peptidoglycan transglycosylase RlpA	SO:0001217, UniRef:UniRef50_A7INF0
contig_1	tRNA	3316029	3316118	+	AAFOLC_15395	trnS	tRNA-Ser(tga)	SO:0000269
contig_1	cds	3316211	3316822	+	AAFOLC_15400	yihX	Alpha-D-glucose-1-phosphate phosphatase YihX	SO:0001217, UniRef:UniRef50_A0A1U9YZG9
contig_1	cds	3317301	3318095	+	AAFOLC_15405		putative membrane transporter protein	SO:0001217, UniRef:UniRef50_A0A2K9Z2V0
contig_1	cds	3318219	3319127	+	AAFOLC_15410		Sulfate adenylyltransferase subunit 2	SO:0001217, UniRef:UniRef50_Q6LM68
contig_1	cds	3319127	3321025	+	AAFOLC_15415		Bifunctional enzyme CysN/CysC	SO:0001217, UniRef:UniRef50_Q9PD78
contig_1	cds	3321321	3324290	+	AAFOLC_15420		Phosphohydrolase	SO:0001217, UniRef:UniRef50_A0A3L7AFC0
contig_1	cds	3324303	3325172	-	AAFOLC_15425		ATP synthase F1 sector gamma subunit	SO:0001217, UniRef:UniRef50_A0A1Q7BN24
contig_1	cds	3325169	3326704	-	AAFOLC_15430		ATP synthase subunit alpha 3	SO:0001217, UniRef:UniRef50_Q13IW9
contig_1	cds	3326718	3327458	-	AAFOLC_15435		ATP synthase subunit b 3	SO:0001217, UniRef:UniRef50_B2IJX5
contig_1	cds	3327466	3327708	-	AAFOLC_15440	atpE	F0F1 ATP synthase subunit C	COG:C, COG:COG0636, SO:0001217, UniRef:UniRef50_A0A126RLI8, UniRef:UniRef90_B2IJX4
contig_1	cds	3327705	3328403	-	AAFOLC_15445		ATP synthase subunit a 2	SO:0001217, UniRef:UniRef50_A5EBW8
contig_1	cds	3328388	3328681	-	AAFOLC_15450		ATP synthase subunit I	SO:0001217, UniRef:UniRef50_A0A063B1V1
contig_1	cds	3328737	3329039	-	AAFOLC_15455		ATP synthase protein I	SO:0001217, UniRef:UniRef50_A0A6J5FZK4
contig_1	cds	3329036	3329491	-	AAFOLC_15460		ATP synthase epsilon chain	SO:0001217, UniRef:UniRef50_A0A0B1ZN45
contig_1	cds	3329488	3330981	-	AAFOLC_15465		ATP synthase subunit beta 2	SO:0001217, UniRef:UniRef50_Q63IW3
contig_1	cds	3331311	3332252	+	AAFOLC_15470		hypothetical protein	PFAM:PF13365.9
contig_1	cds	3332373	3332600	-	AAFOLC_15475		CxxC-CXXC-SSSS domain-containing protein	SO:0001217, UniRef:UniRef50_F8JHR3
contig_1	cds	3332792	3333124	+	AAFOLC_15480		Rieske domain-containing protein	SO:0001217, UniRef:UniRef50_A4YU00
contig_1	cds	3333360	3333716	+	AAFOLC_15485		Cytochrome c2	SO:0001217, UniRef:UniRef50_P00082
contig_1	cds	3333821	3334516	+	AAFOLC_15490	fabG1	3-oxoacyl-[acyl-carrier-protein] reductase FabG1	SO:0001217, UniRef:UniRef50_A0A132C0W4
contig_1	cds	3334720	3335907	-	AAFOLC_15495		Acetate kinase	SO:0001217, UniRef:UniRef50_B8EIS2
contig_1	cds	3335907	3337331	-	AAFOLC_15500		Phosphate acetyltransferase (Phosphotransacetylase)	SO:0001217, UniRef:UniRef50_G8PT65
contig_1	cds	3337328	3339736	-	AAFOLC_15505		DUF3141 domain-containing protein	SO:0001217, UniRef:UniRef50_A0A1N7K0E5
contig_1	cds	3340033	3340332	+	AAFOLC_15510		Transcriptional regulator	SO:0001217, UniRef:UniRef50_A0A7W2BUK0
contig_1	cds	3340576	3341007	-	AAFOLC_15515		DUF2568 domain-containing protein	SO:0001217, UniRef:UniRef50_A7INC4
contig_1	cds	3341004	3342068	-	AAFOLC_15520		3-hydroxyisobutyryl-CoA hydrolase	SO:0001217, UniRef:UniRef50_A0A0H5B7D9
contig_1	cds	3342338	3343378	+	AAFOLC_15525		Delta-aminolevulinic acid dehydratase	SO:0001217, UniRef:UniRef50_P42504
contig_1	cds	3343706	3344959	+	AAFOLC_15530		Threonine ammonia-lyase	SO:0001217, UniRef:UniRef50_A0A5C7NR78
contig_1	cds	3345072	3345929	-	AAFOLC_15535		HTH lysR-type domain-containing protein	SO:0001217, UniRef:UniRef50_K8PDR4
contig_1	cds	3346024	3346404	+	AAFOLC_15540	yusQ	Putative tautomerase YusQ	SO:0001217, UniRef:UniRef50_A0A1N7RWP6
contig_1	cds	3346590	3347132	+	AAFOLC_15545		RDD domain-containing protein	SO:0001217, UniRef:UniRef50_Q136V1
contig_1	cds	3347227	3347997	+	AAFOLC_15550		Aspartate/glutamate leucyltransferase	SO:0001217, UniRef:UniRef50_Q8UG81
contig_1	cds	3348178	3348855	+	AAFOLC_15555		UPF0056 inner membrane protein	SO:0001217, UniRef:UniRef50_A7INB8
contig_1	cds	3348975	3350015	+	AAFOLC_15560		3-hydroxyacyl-CoA dehydrogenase	SO:0001217, UniRef:UniRef50_A0A0D6IE51
contig_1	cds	3350191	3351474	-	AAFOLC_15565	eno	phosphopyruvate hydratase	EC:4.2.1.11, KEGG:K01689, SO:0001217, UniRef:UniRef50_P42848, UniRef:UniRef90_A0A3L6ZY41
contig_1	cds	3351905	3352822	+	AAFOLC_15570		CYTH domain-containing protein	SO:0001217, UniRef:UniRef50_A8HUP2
contig_1	cds	3352815	3353456	+	AAFOLC_15575		Putative chromate transport protein	SO:0001217, UniRef:UniRef50_A8HUP6
contig_1	cds	3353453	3353974	+	AAFOLC_15580		Chromate transporter	SO:0001217, UniRef:UniRef50_A0A176Z6V4
contig_1	cds	3354156	3354608	+	AAFOLC_15585	queF	preQ(1) synthase	COG:COG0780, COG:J, SO:0001217, UniRef:UniRef50_A5FY70, UniRef:UniRef90_A0A848JVB9
contig_1	cds	3354563	3355657	+	AAFOLC_15590		DUF1835 domain-containing protein	SO:0001217, UniRef:UniRef50_A7INB4
contig_1	cds	3355782	3356099	-	AAFOLC_15595		Guanidinium exporter	SO:0001217, UniRef:UniRef50_Q7MZY0
contig_1	ncRNA-region	3356116	3356166	-			Guanidine-II riboswitch	RFAM:RF01068, SO:0000035
contig_1	cds	3356241	3357116	-	AAFOLC_15600		Glyoxalase-like-dom domain-containing protein	SO:0001217, UniRef:UniRef50_A7IN29
contig_1	cds	3357459	3359087	-	AAFOLC_15605	pyrG	CTP synthase	COG:COG0504, COG:F, SO:0001217, UniRef:UniRef50_Q89KU5, UniRef:UniRef90_A0A257YYV7
contig_1	cds	3359241	3359666	-	AAFOLC_15610	secG	Protein-export membrane protein SecG	SO:0001217, UniRef:UniRef50_A0A4U6C796
contig_1	cds	3359795	3360574	-	AAFOLC_15615		hypothetical protein	
contig_1	cds	3360608	3361906	-	AAFOLC_15620		Xanthine/uracil/vitamin C permease	SO:0001217, UniRef:UniRef50_B8CKE7
contig_1	cds	3362017	3362622	-	AAFOLC_15625		Trimeric intracellular cation channel family protein	SO:0001217, UniRef:UniRef50_K8PJA9
contig_1	cds	3362674	3364821	-	AAFOLC_15630	oVP1	sodium-translocating pyrophosphatase	COG:C, COG:COG3808, SO:0001217, UniRef:UniRef50_Q8UG67, UniRef:UniRef90_A7IN25
contig_1	cds	3365336	3366802	-	AAFOLC_15635		Serine--tRNA ligase	SO:0001217, UniRef:UniRef50_B8ELG9
contig_1	cds	3366969	3367769	-	AAFOLC_15640	tatC	Sec-independent protein translocase protein TatC	SO:0001217, UniRef:UniRef50_A0A4D7BER3
contig_1	cds	3367766	3368269	-	AAFOLC_15645	tatB	Sec-independent protein translocase protein TatB	SO:0001217, UniRef:UniRef50_A0A3L6ZXT9
contig_1	cds	3368335	3368562	-	AAFOLC_15650	tatA	Sec-independent protein translocase protein TatA	SO:0001217, UniRef:UniRef50_Q1QME5
contig_1	cds	3368628	3369722	-	AAFOLC_15655	fbpC	Fe(3+) ions import ATP-binding protein FbpC 2	SO:0001217, UniRef:UniRef50_A0A0H5BHH0
contig_1	cds	3369719	3370438	-	AAFOLC_15660	scpB	SMC-Scp complex subunit ScpB	SO:0001217, UniRef:UniRef50_A0A1H8M773
contig_1	cds	3370435	3371250	-	AAFOLC_15665		Segregation/condensation protein A	SO:0001217, UniRef:UniRef50_A0NQM3
contig_1	cds	3371254	3372267	-	AAFOLC_15670		Beta-N-acetylhexosaminidase	SO:0001217, UniRef:UniRef50_A0A4S3MA19
contig_1	cds	3372387	3373547	-	AAFOLC_15675	nlpD	Murein DD-endopeptidase MepM/ murein hydrolase activator NlpD	SO:0001217, UniRef:UniRef50_A0A4R3LQN9
contig_1	cds	3373733	3375004	-	AAFOLC_15680		Alpha/beta fold hydrolase	SO:0001217, UniRef:UniRef50_A0A8B6MB71
contig_1	cds	3375107	3375766	-	AAFOLC_15685		Protein-L-isoaspartate O-methyltransferase	SO:0001217, UniRef:UniRef50_A7INP1
contig_1	cds	3376019	3378103	+	AAFOLC_15690	recG	ATP-dependent DNA helicase RecG	SO:0001217, UniRef:UniRef50_U2XQM6
contig_1	cds	3378115	3378585	+	AAFOLC_15695		DUF454 domain-containing protein	SO:0001217, UniRef:UniRef50_A7INP3
contig_1	cds	3378560	3379471	-	AAFOLC_15700		EamA/RhaT family transporter	SO:0001217, UniRef:UniRef50_Q2RXF2
contig_1	cds	3379636	3380430	+	AAFOLC_15705	arsR	Transcriptional regulator, ArsR family protein	SO:0001217, UniRef:UniRef50_I3TNC7
contig_1	cds	3380372	3382222	-	AAFOLC_15710	glmS	glutamine--fructose-6-phosphate transaminase (isomerizing)	EC:2.6.1.16, KEGG:K00820, SO:0001217, UniRef:UniRef50_Q8YC47, UniRef:UniRef90_A0A3L7AES7
contig_1	cds	3382339	3383703	-	AAFOLC_15715	glmU	Bifunctional protein GlmU	SO:0001217, UniRef:UniRef50_A4YUF4
contig_1	cds	3383984	3384412	+	AAFOLC_15720	doxX	DoxX family protein	SO:0001217, UniRef:UniRef50_A7INP7
contig_1	cds	3384372	3386030	-	AAFOLC_15725		Glucan 1,3-beta-glucosidase	SO:0001217, UniRef:UniRef50_A0A848JXD9
contig_1	cds	3386193	3386648	+	AAFOLC_15730		Beta-1-3, beta-1-6-glucan biosynthesis protein	SO:0001217, UniRef:UniRef50_A0A3C1NDE9
contig_1	cds	3386926	3389496	+	AAFOLC_15735		Putative beta-(1-3)-glucosyl transferase, ndvB-like	SO:0001217, UniRef:UniRef50_A4YUE9
contig_1	cds	3389568	3390248	+	AAFOLC_15740		Molybdenum cofactor guanylyltransferase	SO:0001217, UniRef:UniRef50_A0A3L7AEK9
contig_1	cds	3390371	3391681	+	AAFOLC_15745	gltA	citrate synthase	COG:C, COG:COG0372, SO:0001217, UniRef:UniRef50_P18789, UniRef:UniRef90_A0A3L7AD40
contig_1	cds	3391953	3393161	-	AAFOLC_15750		Lipid-A-disaccharide synthase	SO:0001217, UniRef:UniRef50_A0A259K8W8
contig_1	cds	3393148	3394014	-	AAFOLC_15755	lpxI	LpxI family protein	SO:0001217, UniRef:UniRef50_A7INQ4
contig_1	cds	3394017	3394823	-	AAFOLC_15760		Acyl-[acyl-carrier-protein]--UDP-N-acetylglucosamine O-acyltransferase	SO:0001217, UniRef:UniRef50_A0A1G4QB66
contig_1	cds	3394827	3395306	-	AAFOLC_15765	fabZ	3-hydroxyacyl-[acyl-carrier-protein] dehydratase FabZ	SO:0001217, UniRef:UniRef50_A6X0K0
contig_1	cds	3395303	3396409	-	AAFOLC_15770		UDP-3-O-acylglucosamine N-acyltransferase	SO:0001217, UniRef:UniRef50_A8I485
contig_1	cds	3396472	3398928	-	AAFOLC_15775	bamA	Outer membrane protein assembly factor BamA	SO:0001217, UniRef:UniRef50_F8BW56
contig_1	cds	3399167	3400312	-	AAFOLC_15780		Putative zinc metalloprotease R01501	SO:0001217, UniRef:UniRef50_Q92Q49
contig_1	cds	3400544	3401713	-	AAFOLC_15785		1-deoxy-D-xylulose 5-phosphate reductoisomerase	SO:0001217, UniRef:UniRef50_A0A1D7U4Z5
contig_1	cds	3401757	3402575	-	AAFOLC_15790		Phosphatidate cytidylyltransferase	SO:0001217, UniRef:UniRef50_A7INR1
contig_1	cds	3402576	3403358	-	AAFOLC_15795		Isoprenyl transferase 2	SO:0001217, UniRef:UniRef50_Q89KP7
contig_1	cds	3403370	3403933	-	AAFOLC_15800		Ribosome-recycling factor	SO:0001217, UniRef:UniRef50_Q8UFM0
contig_1	cds	3404297	3405070	-	AAFOLC_15805		Uridylate kinase	SO:0001217, UniRef:UniRef50_Q1LNF6
contig_1	cds	3405094	3406017	-	AAFOLC_15810		Elongation factor Ts	SO:0001217, UniRef:UniRef50_A6X0J2
contig_1	cds	3406153	3407160	-	AAFOLC_15815	rpsB	30S ribosomal protein S2	COG:COG0052, COG:J, KEGG:K02967, SO:0001217, UniRef:UniRef50_A0A1G0JFY1, UniRef:UniRef90_UPI001EDE9BDC
contig_1	cds	3407427	3408233	-	AAFOLC_15820		hypothetical protein	
contig_1	cds	3408583	3412056	-	AAFOLC_15825		DNA polymerase III subunit alpha	SO:0001217, UniRef:UniRef50_A0A833HFW3
contig_1	cds	3412227	3413345	-	AAFOLC_15830		Choloylglycine hydrolase	SO:0001217, UniRef:UniRef50_A0A1E2S0N5
contig_1	cds	3413699	3414694	-	AAFOLC_15835		Thiamine-monophosphate kinase	SO:0001217, UniRef:UniRef50_B0UHS7
contig_1	cds	3414696	3415226	-	AAFOLC_15840	nusB	Transcription antitermination protein NusB	SO:0001217, UniRef:UniRef50_Q8UG69
contig_1	cds	3415223	3415717	-	AAFOLC_15845		6,7-dimethyl-8-ribityllumazine synthase 1	SO:0001217, UniRef:UniRef50_Q89K80
contig_1	cds	3415751	3416362	-	AAFOLC_15850		Riboflavin synthase, alpha subunit	SO:0001217, UniRef:UniRef50_E0ML62
contig_1	cds	3416364	3417515	-	AAFOLC_15855	ribD	Riboflavin biosynthesis protein RibD	SO:0001217, UniRef:UniRef50_A0A4U6S5G8
contig_1	cds	3417512	3418084	-	AAFOLC_15860	nrdR	Transcriptional repressor NrdR	SO:0001217, UniRef:UniRef50_B1LZ89
contig_1	cds	3418112	3419425	-	AAFOLC_15865	glyA	Glycine/serine hydroxymethyltransferase	COG:COG0112, COG:E, EC:2.1.2.1, KEGG:K00600, SO:0001217, UniRef:UniRef50_B2DEU7, UniRef:UniRef90_A7INA3
contig_1	cds	3419597	3420496	-	AAFOLC_15870	tonB	Protein TonB	SO:0001217, UniRef:UniRef50_A0A258JRP7
contig_1	cds	3420493	3421023	-	AAFOLC_15875	exbD	Biopolymer transport protein ExbD	SO:0001217, UniRef:UniRef50_A0A0W0HZJ3
contig_1	cds	3421033	3421692	-	AAFOLC_15880	exbB	Biopolymer transport protein ExbB	SO:0001217, UniRef:UniRef50_A0A844SA04
contig_1	cds	3422690	3424036	+	AAFOLC_15885	rimO	30S ribosomal protein S12 methylthiotransferase RimO	EC:2.8.4.4, KEGG:K14441, SO:0001217, UniRef:UniRef50_A4WRD4, UniRef:UniRef90_A0A3L6ZWP5
contig_1	cds	3424092	3425087	-	AAFOLC_15890		Aminotransferase class III-fold pyridoxal phosphate-dependent enzyme	SO:0001217, UniRef:UniRef50_A0A6C1KH19
contig_1	cds	3425225	3425608	-	AAFOLC_15895		DNA-directed RNA polymerase subunit omega	SO:0001217, UniRef:UniRef50_Q9RH70
contig_1	cds	3425809	3426414	+	AAFOLC_15900	labA	NYN domain, putative PIN-related RNAse, tRNA/rRNA maturation	COG:COG1432, COG:R, SO:0001217, UniRef:UniRef50_B6JGA9, UniRef:UniRef90_A7IM17
contig_1	cds	3426426	3427094	+	AAFOLC_15905		Type-5 uracil-DNA glycosylase	SO:0001217, UniRef:UniRef50_B3QJG7
contig_1	cds	3427073	3427639	-	AAFOLC_15910		hypothetical protein	PFAM:PF00578.24, PFAM:PF08534.13
contig_1	cds	3427636	3428031	-	AAFOLC_15915		Catechol 2,3-dioxygenase-like lactoylglutathione lyase family enzyme	SO:0001217, UniRef:UniRef50_A0A1Q9AB01
contig_1	cds	3428043	3428519	-	AAFOLC_15920	smpB	SsrA-binding protein SmpB	KEGG:K03664, SO:0001217, UniRef:UniRef50_Q1GDQ2, UniRef:UniRef90_A0A3L6ZYI1
contig_1	cds	3428736	3429635	-	AAFOLC_15925		4-hydroxy-tetrahydrodipicolinate synthase	SO:0001217, UniRef:UniRef50_Q28WG2
contig_1	cds	3430008	3432326	+	AAFOLC_15930		hypothetical protein	PFAM:PF01464.23
contig_1	cds	3432724	3433581	-	AAFOLC_15935		hypothetical protein	
contig_1	cds	3433578	3433685	-	AAFOLC_15940		hypothetical protein	
contig_1	cds	3433682	3435922	-	AAFOLC_15945		Outer membrane protein OmpA-like peptidoglycan-associated protein	SO:0001217, UniRef:UniRef50_A0A848JVY2
contig_1	cds	3436324	3436701	+	AAFOLC_15950		hypothetical protein	PFAM:PF18602.4
contig_1	cds	3437086	3438444	-	AAFOLC_15955		Porin	SO:0001217, UniRef:UniRef50_A0A3L7AC25
contig_1	cds	3438789	3440135	-	AAFOLC_15960		Porin	SO:0001217, UniRef:UniRef50_A0A0P0J850
contig_1	tRNA	3440906	3440997	-	AAFOLC_15965	trnS	tRNA-Ser(gct)	SO:0000269
contig_1	cds	3441126	3443084	-	AAFOLC_15970		hypothetical protein	PFAM:PF00515.31, PFAM:PF03704.20, PFAM:PF07719.20, PFAM:PF12895.10, PFAM:PF13174.9, PFAM:PF13181.9, PFAM:PF13414.9, PFAM:PF13424.9, PFAM:PF13428.9, PFAM:PF13431.9, PFAM:PF13432.9, PFAM:PF14559.9
contig_1	cds	3443170	3443883	-	AAFOLC_15975		Glutathione S-transferase/GST-like protein	SO:0001217, UniRef:UniRef50_A0A7W8HWD0
contig_1	cds	3444115	3445680	-	AAFOLC_15980		PMT-2 domain-containing protein	SO:0001217, UniRef:UniRef50_A0A258IJJ5
contig_1	cds	3445841	3446155	-	AAFOLC_15985		Acylphosphatase	SO:0001217, UniRef:UniRef50_A8I5S8
contig_1	cds	3446152	3446976	-	AAFOLC_15990		DUF1849 domain-containing protein	SO:0001217, UniRef:UniRef50_A7ILX6
contig_1	cds	3447090	3447551	+	AAFOLC_15995		Enamine/imine deaminase	SO:0001217, UniRef:UniRef50_A0A1V5BWA4
contig_1	cds	3447583	3448338	+	AAFOLC_16000		GP-PDE domain-containing protein	SO:0001217, UniRef:UniRef50_K8PCB6
contig_1	cds	3448402	3449580	+	AAFOLC_16005		N-acetyltransferase	SO:0001217, UniRef:UniRef50_A0A0A8K3Z9
contig_1	cds	3449793	3450572	+	AAFOLC_16010		Peptidase	SO:0001217, UniRef:UniRef50_F7QPB7
contig_1	cds	3450711	3451166	-	AAFOLC_16015		Peptidyl-prolyl cis-trans isomerase	SO:0001217, UniRef:UniRef50_A0A5J4E2J0, UniRef:UniRef90_A0A3L7AF08
contig_1	cds	3451281	3451859	-	AAFOLC_16020		Peptidyl-prolyl cis-trans isomerase	SO:0001217, UniRef:UniRef50_A4YV22
contig_1	cds	3451913	3452428	-	AAFOLC_16025	coaD	pantetheine-phosphate adenylyltransferase	SO:0001217, UniRef:UniRef50_Q8RT67, UniRef:UniRef90_A0A3L7AG48
contig_1	cds	3452610	3453320	+	AAFOLC_16030		GMP synthase [glutamine-hydrolyzing]	SO:0001217, UniRef:UniRef50_A0A0T5PF91
contig_1	cds	3453387	3454664	-	AAFOLC_16035		Membrane-bound lytic murein transglycosylase B	SO:0001217, UniRef:UniRef50_A0A0S3PX83
contig_1	cds	3454901	3455773	-	AAFOLC_16040		Glutamate racemase	SO:0001217, UniRef:UniRef50_A0A5S9P691
contig_1	cds	3455981	3456301	-	AAFOLC_16045		2Fe-2S ferredoxin	SO:0001217, UniRef:UniRef50_A0A3R7QZF6, UniRef:UniRef90_A0A3L7A2Z2
contig_1	cds	3456580	3460866	+	AAFOLC_16050		Apolipoprotein A1/A4/E domain-containing protein	SO:0001217, UniRef:UniRef50_A7IMV2
contig_1	cds	3461225	3461851	-	AAFOLC_16055		ABC-trans-aux domain-containing protein	SO:0001217, UniRef:UniRef50_D7A0D3
contig_1	cds	3461859	3462785	-	AAFOLC_16060	mlaD	MlaD domain-containing protein	SO:0001217, UniRef:UniRef50_A0A259KV67
contig_1	cds	3462810	3463598	-	AAFOLC_16065		ABC transporter domain-containing protein	SO:0001217, UniRef:UniRef50_K8PDE3
contig_1	cds	3463605	3464735	-	AAFOLC_16070		STAS domain-containing protein	SO:0001217, UniRef:UniRef50_B2IGX4
contig_1	cds	3464872	3465861	+	AAFOLC_16075		Dipeptide epimerase	SO:0001217, UniRef:UniRef50_A0A562ERE9
contig_1	cds	3465831	3467006	-	AAFOLC_16080		MFS-1-like domain-containing protein	SO:0001217, UniRef:UniRef50_A0A258J3S3
contig_1	cds	3467109	3468098	-	AAFOLC_16085		Threonine dehydratase	SO:0001217, UniRef:UniRef50_Q89HT7
contig_1	cds	3468095	3469162	-	AAFOLC_16090		Glycosyltransferase family 1 protein	SO:0001217, UniRef:UniRef50_A0A564FWV8, UniRef:UniRef90_A0A3L7A070
contig_1	cds	3469162	3469971	-	AAFOLC_16095		Metallophos-2 domain-containing protein	SO:0001217, UniRef:UniRef50_G8AEX4
contig_1	cds	3470400	3471248	+	AAFOLC_16100		Ureidoglycolate lyase	SO:0001217, UniRef:UniRef50_E1TGV0
contig_1	cds	3471360	3471839	+	AAFOLC_16105		hypothetical protein	
contig_1	cds	3471876	3472994	-	AAFOLC_16110		Putative glutamate--cysteine ligase 2	SO:0001217, UniRef:UniRef50_A8I5N7
contig_1	cds	3473233	3473976	-	AAFOLC_16115		Ribosomal RNA small subunit methyltransferase E	SO:0001217, UniRef:UniRef50_A0A1E3H5V5
contig_1	cds	3474546	3474938	-	AAFOLC_16120		Cytochrome C	SO:0001217, UniRef:UniRef50_A0A0L0J377
contig_1	cds	3475108	3475737	+	AAFOLC_16125		Aspartokinase-like uncharacterized kinase	SO:0001217, UniRef:UniRef50_A0A848JW73
contig_1	cds	3475734	3476303	+	AAFOLC_16130		Flavoprotein domain-containing protein	SO:0001217, UniRef:UniRef50_A0A2H6B3A9
contig_1	cds	3476310	3477725	+	AAFOLC_16135		Pterin-binding domain-containing protein	SO:0001217, UniRef:UniRef50_A0A125NU12
contig_1	cds	3477722	3478288	+	AAFOLC_16140		DUF447 domain-containing protein	SO:0001217, UniRef:UniRef50_A0A1H7CTJ6
contig_1	cds	3478285	3479001	+	AAFOLC_16145		(5-formylfuran-3-yl)methyl phosphate synthase	SO:0001217, UniRef:UniRef50_A0A212RZX8
contig_1	cds	3479096	3479749	-	AAFOLC_16150		SAM-dependent methyltransferase	SO:0001217, UniRef:UniRef50_B3RCV8
contig_1	cds	3479816	3480193	-	AAFOLC_16155		4a-hydroxytetrahydrobiopterin dehydratase	SO:0001217, UniRef:UniRef50_A0A836TMY1
contig_1	cds	3480325	3481209	-	AAFOLC_16160	folD	Bifunctional protein FolD	SO:0001217, UniRef:UniRef50_A0A7Z2SPD6
contig_1	cds	3481360	3483480	-	AAFOLC_16165		EAL domain-containing protein	SO:0001217, UniRef:UniRef50_A0A3L7A0M4
contig_1	cds	3483684	3485084	-	AAFOLC_16170	mgtE	Magnesium transporter MgtE	SO:0001217, UniRef:UniRef50_A0A2U2DT45
contig_1	cds	3485372	3486181	+	AAFOLC_16175		Chitooligosaccharide deacetylase	SO:0001217, UniRef:UniRef50_A0A2S0NBH7
contig_1	tRNA	3486430	3486514	-	AAFOLC_16180	trnL	tRNA-Leu(gag)	SO:0000264
contig_1	cds	3486744	3487481	+	AAFOLC_16185		Octanoyltransferase	SO:0001217, UniRef:UniRef50_Q2YKK8
contig_1	cds	3487599	3488387	+	AAFOLC_16190		Exodeoxyribonuclease III	SO:0001217, UniRef:UniRef50_A1USK8
contig_1	cds	3488384	3488824	+	AAFOLC_16195		CENP-V/GFA domain-containing protein	SO:0001217, UniRef:UniRef50_A0A848JUP4
contig_1	cds	3489435	3490307	+	AAFOLC_16200		LIV-I protein H	SO:0001217, UniRef:UniRef50_A0A1R3TSA2
contig_1	cds	3490308	3491150	+	AAFOLC_16205		Branched-chain amino acid ABC transporter permease	SO:0001217, UniRef:UniRef50_A0A2R8CEU8
contig_1	cds	3491147	3491908	+	AAFOLC_16210	lptB	Lipopolysaccharide export system ATP-binding protein LptB	SO:0001217, UniRef:UniRef50_A0A2R8CEX0
contig_1	cds	3491912	3492631	+	AAFOLC_16215		ABC transporter ATP-binding protein	SO:0001217, UniRef:UniRef50_A0A0N0KHF5
contig_1	cds	3492663	3493838	+	AAFOLC_16220		Peripla-BP-6 domain-containing protein	SO:0001217, UniRef:UniRef50_A0A0N0KHY4
contig_1	cds	3493937	3494635	+	AAFOLC_16225		DUF2848 domain-containing protein	SO:0001217, UniRef:UniRef50_Q6N8X3
contig_1	cds	3494682	3495353	+	AAFOLC_16230		Regulatory protein	SO:0001217, UniRef:UniRef50_A8IM31
contig_1	cds	3495614	3496978	-	AAFOLC_16235		Aspartyl-tRNA(Asn)/glutamyl-tRNA(Gln) amidotransferase subunit A	SO:0001217, UniRef:UniRef50_A0A7W7Z479
contig_1	cds	3497039	3497419	-	AAFOLC_16240		Cupin	SO:0001217, UniRef:UniRef50_A0A1H8THX8
contig_1	cds	3497452	3498936	-	AAFOLC_16245		4-hydroxyphenylacetate 3-monooxygenase	SO:0001217, UniRef:UniRef50_F8GQF4, UniRef:UniRef90_A0A3L7A280
contig_1	cds	3498964	3499458	-	AAFOLC_16250		Flavin-Reduct domain-containing protein	SO:0001217, UniRef:UniRef50_K8PLJ5
contig_1	cds	3499631	3500227	+	AAFOLC_16255	marR	MarR family transcriptional regulator	SO:0001217, UniRef:UniRef50_A0A3L7A303
contig_1	cds	3500906	3503068	+	AAFOLC_16260		ATP-grasp domain-containing protein	SO:0001217, UniRef:UniRef50_A0A257ZQR2
contig_1	cds	3503065	3504054	+	AAFOLC_16265		Enoyl reductase (ER) domain-containing protein	SO:0001217, UniRef:UniRef50_A0A258M348
contig_1	cds	3504051	3504845	+	AAFOLC_16270		Enoyl-CoA hydratase/isomerase family protein	SO:0001217, UniRef:UniRef50_A0A259BKN5
contig_1	cds	3505060	3506241	-	AAFOLC_16275		Acyl-CoA dehydrogenase	SO:0001217, UniRef:UniRef50_A0A259BKF8
contig_1	cds	3506243	3507250	-	AAFOLC_16280		Tripartite tricarboxylate transporter substrate binding protein	SO:0001217, UniRef:UniRef50_A0A259BKK2
contig_1	cds	3507396	3508145	+	AAFOLC_16285		HTH tetR-type domain-containing protein	SO:0001217, UniRef:UniRef50_A0A258M380
contig_1	cds	3508242	3508481	-	AAFOLC_16290		hypothetical protein	
contig_1	cds	3508629	3512363	+	AAFOLC_16295	putA	Bifunctional protein PutA	SO:0001217, UniRef:UniRef50_B6JH11
contig_1	cds	3512395	3513351	-	AAFOLC_16300		Ornithine cyclodeaminase	SO:0001217, UniRef:UniRef50_A0A0Q7TPG4
contig_1	cds	3513672	3515219	+	AAFOLC_16305		aldehyde dehydrogenase (NAD(+))	SO:0001217, UniRef:UniRef50_A0A1G3K9U8
contig_1	cds	3515557	3516390	+	AAFOLC_16310		DUF2092 domain-containing protein	SO:0001217, UniRef:UniRef50_A0A848JW31
contig_1	cds	3516390	3517052	+	AAFOLC_16315		hypothetical protein	
contig_1	cds	3517104	3518000	-	AAFOLC_16320		hypothetical protein	PFAM:PF00440.26, PFAM:PF17932.4
contig_1	cds	3518098	3519297	+	AAFOLC_16325		acyl-CoA dehydrogenase family protein	EC:1.3.8.6, KEGG:K00252, SO:0001217, UniRef:UniRef50_Q2KHZ9, UniRef:UniRef90_UPI001F485426
contig_1	cds	3519665	3521128	+	AAFOLC_16330	hldE	Bifunctional protein HldE	SO:0001217, UniRef:UniRef50_A0A1S7NBR4
contig_1	cds	3521234	3522223	+	AAFOLC_16335		ADP-L-glycero-D-manno-heptose-6-epimerase	SO:0001217, UniRef:UniRef50_B4RAY4
contig_1	cds	3522409	3523713	-	AAFOLC_16340		UDP-glucose 6-dehydrogenase	SO:0001217, UniRef:UniRef50_A0A0L6JDB8
contig_1	cds	3524206	3526455	+	AAFOLC_16345	exoP	Succinoglycan biosynthesis transport protein ExoP	SO:0001217, UniRef:UniRef50_A0A848K4W1
contig_1	cds	3526881	3527705	+	AAFOLC_16350		hypothetical protein	PFAM:PF08241.15, PFAM:PF13489.9
contig_1	cds	3528100	3528219	+	AAFOLC_16355		hypothetical protein	
contig_1	cds	3528836	3529348	+	AAFOLC_16360	rfaH	Transcription antitermination protein RfaH	SO:0001217, UniRef:UniRef50_A0A348G2U8
contig_1	cds	3529511	3530707	+	AAFOLC_16365		glycosyltransferase family 4 protein	SO:0001217, UniRef:UniRef50_UPI001CD6F907
contig_1	cds	3530866	3531846	+	AAFOLC_16370		Bifunctional GDP-fucose synthetase	SO:0001217, UniRef:UniRef50_A0A378JEH6
contig_1	cds	3532140	3533126	+	AAFOLC_16375		GDP-L-fucose synthase	SO:0001217, UniRef:UniRef50_P55353
contig_1	cds	3533236	3534216	+	AAFOLC_16380		UDP-glucose 4-epimerase	SO:0001217, UniRef:UniRef50_A0A0M7A094
contig_1	cds	3534281	3535486	+	AAFOLC_16385		Glycosyltransferase	SO:0001217, UniRef:UniRef50_A0A0P6VIF4
contig_1	cds	3535473	3536036	+	AAFOLC_16390		Putative colanic acid biosynthesis acetyltransferase	SO:0001217, UniRef:UniRef50_A0A3S2URF7
contig_1	cds	3536062	3537048	+	AAFOLC_16395		Epimerase domain-containing protein	SO:0001217, UniRef:UniRef50_A0A1E4G6K2
contig_1	cds	3537089	3538546	+	AAFOLC_16400		hypothetical protein	
contig_1	cds	3538871	3540397	+	AAFOLC_16405		hypothetical protein	
contig_1	cds	3540532	3541773	+	AAFOLC_16410		hypothetical protein	
contig_1	cds	3541805	3543061	+	AAFOLC_16415		hypothetical protein	
contig_1	cds	3543590	3544432	-	AAFOLC_16420		2-dehydro-3-deoxyphosphooctonate aldolase	SO:0001217, UniRef:UniRef50_Q8UFH3
contig_1	cds	3544471	3545217	-	AAFOLC_16425		3-deoxy-manno-octulosonate cytidylyltransferase	SO:0001217, UniRef:UniRef50_Q2RPI7
contig_1	cds	3545233	3546231	-	AAFOLC_16430		Arabinose 5-phosphate isomerase	SO:0001217, UniRef:UniRef50_A5EBQ2
contig_1	cds	3546736	3548232	-	AAFOLC_16435		hypothetical protein	
contig_1	cds	3548252	3549010	-	AAFOLC_16440		hypothetical protein	
contig_1	cds	3549130	3549489	-	AAFOLC_16445		hypothetical protein	
contig_1	cds	3550738	3552198	+	AAFOLC_16450		Undecaprenyl-phosphate glucose phosphotransferase	SO:0001217, UniRef:UniRef50_A0A3L7ALP9
contig_1	cds	3552515	3553585	+	AAFOLC_16455		Epimerase domain-containing protein	SO:0001217, UniRef:UniRef50_A0A2S5M6A5
contig_1	cds	3553625	3554704	-	AAFOLC_16460		hypothetical protein	PFAM:PF03567.17
contig_1	cds	3554701	3555456	-	AAFOLC_16465	pncC	Nicotinamide-nucleotide amidohydrolase PncC	SO:0001217, UniRef:UniRef50_A0A447IB36
contig_1	cds	3555625	3557040	+	AAFOLC_16470		Circularly permuted ATP-grasp protein	COG:COG2308, COG:R, SO:0001217, UniRef:UniRef50_D0LFZ3, UniRef:UniRef90_A7IL76
contig_1	cds	3557092	3558042	+	AAFOLC_16475	alpha-E	Uncharacterized conserved protein, Alpha-E superfamily	COG:COG2307, COG:S, SO:0001217, UniRef:UniRef50_A0A0E9MJD3, UniRef:UniRef90_A7IL75
contig_1	cds	3558089	3558922	+	AAFOLC_16480		TGc domain-containing protein	SO:0001217, UniRef:UniRef50_A0A258J015
contig_1	cds	3559138	3559980	+	AAFOLC_16485	pstB	Phosphate import ATP-binding protein PstB 1	SO:0001217, UniRef:UniRef50_P46342
contig_1	cds	3560058	3561194	+	AAFOLC_16490		Mannose-6-phosphate isomerase	SO:0001217, UniRef:UniRef50_A0A175XYR0
contig_1	cds	3561251	3562666	-	AAFOLC_16495		mannose-1-phosphate guanylyltransferase	SO:0001217, UniRef:UniRef50_D6ZYF6
contig_1	cds	3563029	3563463	+	AAFOLC_16500		HIT domain-containing protein	SO:0001217, UniRef:UniRef50_V9WL40
contig_1	cds	3563460	3564452	+	AAFOLC_16505		GHMP kinase	SO:0001217, UniRef:UniRef50_A0A2W5R4S8
contig_1	cds	3564542	3565678	+	AAFOLC_16510		ATP-grasp-3 domain-containing protein	SO:0001217, UniRef:UniRef50_A0A259L0C7
contig_1	cds	3565710	3566549	+	AAFOLC_16515		triphosphoribosyl-dephospho-CoA synthase	SO:0001217, UniRef:UniRef50_A0A848K961
contig_1	cds	3566554	3567249	-	AAFOLC_16520		Histidine biosynthesis protein	SO:0001217, UniRef:UniRef50_A0A0F2KTC5
contig_1	cds	3567289	3568254	+	AAFOLC_16525		ATP-grasp domain-containing protein	SO:0001217, UniRef:UniRef50_A7IG92
contig_1	cds	3568580	3569017	+	AAFOLC_16530		7,8-dihydroneopterin aldolase	SO:0001217, UniRef:UniRef50_A0A7W2BZS5
contig_1	cds	3569202	3569456	-	AAFOLC_16535		Integral membrane protein	SO:0001217, UniRef:UniRef50_A0A3L7A3V5
contig_1	cds	3569766	3570758	+	AAFOLC_16540		Fructose-1,6-bisphosphatase class 1	SO:0001217, UniRef:UniRef50_B1LUU9
contig_1	cds	3571304	3572908	+	AAFOLC_16545		Acetyl-coenzyme A synthetase	SO:0001217, UniRef:UniRef50_Q89DS2
contig_1	cds	3572943	3573491	-	AAFOLC_16550		Invasion associated locus B family protein	SO:0001217, UniRef:UniRef50_A7ILU3
contig_1	cds	3573756	3574931	+	AAFOLC_16555		UDP-glucuronosyltransferase-like protein	SO:0001217, UniRef:UniRef50_A0A3L7ALT4
contig_1	cds	3575012	3576064	-	AAFOLC_16560	fecR	FecR domain-containing protein	SO:0001217, UniRef:UniRef50_A0A3L7AJT9
contig_1	cds	3576077	3577375	-	AAFOLC_16565		TPR-REGION domain-containing protein	SO:0001217, UniRef:UniRef50_A0A3L7AJ31
contig_1	cds	3577758	3578546	-	AAFOLC_16570		SGNH/GDSL hydrolase family protein	SO:0001217, UniRef:UniRef50_A0A6C1KEL0
contig_1	cds	3578665	3582882	-	AAFOLC_16575		hypothetical protein	PFAM:PF03797.22, PFAM:PF12951.10
contig_1	tRNA	3583794	3583870	-	AAFOLC_16580	trnD	tRNA-Asp(gtc)	SO:0000256
contig_1	tRNA	3584405	3584480	-	AAFOLC_16585	trnV	tRNA-Val(tac)	SO:0000273
contig_1	cds	3584864	3585142	-	AAFOLC_16590	himA	Bacterial nucleoid DNA-binding protein IHF-alpha	COG:COG0776, COG:L, SO:0001217, UniRef:UniRef50_A0A1F8ZWB6, UniRef:UniRef90_A7ILC9
contig_1	cds	3585368	3587794	-	AAFOLC_16595	lon	endopeptidase La	COG:COG0466, COG:O, EC:3.4.21.53, KEGG:K01338, SO:0001217, UniRef:UniRef50_O69177, UniRef:UniRef90_A0A6C1KER3
contig_1	cds	3588131	3589399	-	AAFOLC_16600	clpX	ATP-dependent Clp protease ATP-binding subunit ClpX	COG:COG1219, COG:O, SO:0001217, UniRef:UniRef50_Q89KG2, UniRef:UniRef90_A0A2S0NHH6
contig_1	cds	3590040	3590675	-	AAFOLC_16605	clpP	ATP-dependent Clp endopeptidase proteolytic subunit ClpP	COG:COG0740, COG:O, SO:0001217, UniRef:UniRef50_Q9I2U1, UniRef:UniRef90_A0A3L7ALS7
contig_1	cds	3590750	3592102	-	AAFOLC_16610		Trigger factor	SO:0001217, UniRef:UniRef50_A0A0K2DFV6
contig_1	tRNA	3592286	3592370	-	AAFOLC_16615	trnL	tRNA-Leu(tag)	SO:0000264
contig_1	cds	3592862	3594151	+	AAFOLC_16620		Multicopper oxidase type 3	SO:0001217, UniRef:UniRef50_A7ILC3
contig_1	cds	3594464	3595951	-	AAFOLC_16625		Bifunctional NAD(P)H-hydrate repair enzyme	SO:0001217, UniRef:UniRef50_A7ILC2
contig_1	cds	3596173	3596511	+	AAFOLC_16630	glnK	Nitrogen regulatory protein PII	COG:COG0347, COG:TE, SO:0001217, UniRef:UniRef50_P13556, UniRef:UniRef90_A8HYD4
contig_1	cds	3596561	3597976	+	AAFOLC_16635	glnA	type I glutamate--ammonia ligase	COG:COG0174, COG:E, EC:6.3.1.2, GO:0004356, GO:0005524, GO:0005737, GO:0006542, GO:0009399, GO:0046872, SO:0001217, UniRef:UniRef50_P05457, UniRef:UniRef90_P94126
contig_1	cds	3598166	3600157	+	AAFOLC_16640		dTDP-glucose 4,6-dehydratase	SO:0001217, UniRef:UniRef50_A0A1I7JI60
contig_1	cds	3600218	3600676	-	AAFOLC_16645	azlD	AzlD domain-containing protein	SO:0001217, UniRef:UniRef50_A0A3L7AKV2
contig_1	cds	3600673	3601455	-	AAFOLC_16650		Branched-chain amino acid ABC transporter permease	SO:0001217, UniRef:UniRef50_A0A259KQZ7
contig_1	cds	3601962	3603377	+	AAFOLC_16655		aminodeoxychorismate synthase	SO:0001217, UniRef:UniRef50_A0A7W2GVJ1
contig_1	cds	3603374	3604162	+	AAFOLC_16660		putative branched-chain-amino-acid aminotransferase	SO:0001217, UniRef:UniRef50_V6F8V3
contig_1	cds	3604159	3604767	+	AAFOLC_16665		Spermidine N(1)-acetyltransferase	SO:0001217, UniRef:UniRef50_A0A486XNP3
contig_1	cds	3605142	3605546	+	AAFOLC_16670		hypothetical protein	
contig_1	cds	3605584	3606006	+	AAFOLC_16675		hypothetical protein	
contig_1	cds	3606039	3606656	+	AAFOLC_16680		hypothetical protein	
contig_1	cds	3606665	3608782	+	AAFOLC_16685		Heavy metal translocating P-type ATPase	SO:0001217, UniRef:UniRef50_A0A2S5MG63
contig_1	tRNA	3609064	3609140	-	AAFOLC_16690	trnfM	tRNA-fMet(cat)	SO:0000266
contig_1	cds	3609651	3610493	-	AAFOLC_16695	trmJ	tRNA (cytidine/uridine-2'-O-)-methyltransferase TrmJ	SO:0001217, UniRef:UniRef50_A8I2F8
contig_1	cds	3610747	3611961	+	AAFOLC_16700	icd	NADP-dependent isocitrate dehydrogenase	COG:C, COG:COG0538, SO:0001217, UniRef:UniRef50_A0A7K7V3V7, UniRef:UniRef90_A8I2F4
contig_1	cds	3612070	3613239	-	AAFOLC_16705		Cyclic nucleotide-binding protein	SO:0001217, UniRef:UniRef50_A7IP42
contig_1	cds	3613518	3615239	-	AAFOLC_16710		RCK N-terminal domain-containing protein	SO:0001217, UniRef:UniRef50_A0A6C1KIM4
contig_1	cds	3615546	3616337	+	AAFOLC_16715		hypothetical protein	
contig_1	cds	3616165	3618816	-	AAFOLC_16720		Alanine--tRNA ligase	SO:0001217, UniRef:UniRef50_Q89I89
contig_1	cds	3619301	3620347	-	AAFOLC_16725	recA	recombinase RecA	COG:COG0468, COG:L, SO:0001217, UniRef:UniRef50_P62209, UniRef:UniRef90_A8ICX1
contig_1	cds	3620585	3622003	-	AAFOLC_16730		MmgE/PrpD family protein	SO:0001217, UniRef:UniRef50_A0A0Q9JGI2
contig_1	cds	3622019	3622774	-	AAFOLC_16735		Glucose 1-dehydrogenase (NAD(P)(+))	SO:0001217, UniRef:UniRef50_A0A1L7FCL8
contig_1	cds	3622844	3624286	-	AAFOLC_16740		Aldehyde dehydrogenase family protein	SO:0001217, UniRef:UniRef50_Q0VQY8
contig_1	cds	3624293	3624655	-	AAFOLC_16745		Rid family hydrolase	SO:0001217, UniRef:UniRef50_A0A0Q0HFN7, UniRef:UniRef90_UPI001EDD3795
contig_1	cds	3624703	3626076	-	AAFOLC_16750		hypothetical protein	PFAM:PF00289.25, PFAM:PF02785.22, PFAM:PF02786.20
contig_1	cds	3626115	3626849	-	AAFOLC_16755		Transcriptional regulator, XRE family with cupin sensor	SO:0001217, UniRef:UniRef50_A0A1H3DTI4
contig_1	cds	3627051	3627584	+	AAFOLC_16760		MaoC-like domain-containing protein	SO:0001217, UniRef:UniRef50_A0A6J4IZ54
contig_1	cds	3627581	3628735	+	AAFOLC_16765		Butyryl-CoA dehydrogenase	SO:0001217, UniRef:UniRef50_A0A0T5ZSL2
contig_1	cds	3628737	3629225	+	AAFOLC_16770		Beta-methylmalyl-CoA dehydratase	SO:0001217, UniRef:UniRef50_A0A2H5YMS7
contig_1	cds	3629222	3630493	+	AAFOLC_16775		CoA transferase	SO:0001217, UniRef:UniRef50_A0A062UAJ0
contig_1	cds	3630490	3631401	+	AAFOLC_16780		aldolase/citrate lyase family protein	SO:0001217, UniRef:UniRef50_A0A0F7PCK9, UniRef:UniRef90_UPI001EDFC99D
contig_1	cds	3631476	3632513	+	AAFOLC_16785	dctP	TRAP transporter substrate-binding protein DctP	SO:0001217, UniRef:UniRef50_A0A6L6JD20, UniRef:UniRef90_UPI001EE08BAA
contig_1	cds	3632599	3633096	+	AAFOLC_16790		TRAP transporter small permease protein	SO:0001217, UniRef:UniRef50_A0A257VVH9
contig_1	cds	3633099	3634379	+	AAFOLC_16795		TRAP transporter large permease protein	SO:0001217, UniRef:UniRef50_A0A4Q4JW20
contig_1	cds	3634441	3634665	+	AAFOLC_16800		Biotin protein	SO:0001217, UniRef:UniRef50_A0A0H3LNW2
contig_1	cds	3634667	3636193	+	AAFOLC_16805		methylmalonyl-CoA carboxyltransferase	SO:0001217, UniRef:UniRef50_A0A7Y8MRJ9, UniRef:UniRef90_UPI001ADD36E9
contig_1	cds	3636202	3636657	+	AAFOLC_16810		Acyl-CoA thioesterase	SO:0001217, UniRef:UniRef50_A0A6L6JHJ7
contig_1	cds	3636715	3638190	+	AAFOLC_16815		Aldehyde dehydrogenase	SO:0001217, UniRef:UniRef50_A0A085JEU4
contig_1	cds	3638349	3639725	-	AAFOLC_16820		HTH gntR-type domain-containing protein	SO:0001217, UniRef:UniRef50_A0A0D7F814
contig_1	cds	3640016	3640339	+	AAFOLC_16825		NIPSNAP domain-containing protein	SO:0001217, UniRef:UniRef50_V4RLB5
contig_1	cds	3640387	3641265	+	AAFOLC_16830		FAD-binding PCMH-type domain-containing protein	SO:0001217, UniRef:UniRef50_A0A0Q6Z6H0
contig_1	cds	3641262	3641801	+	AAFOLC_16835		2Fe-2S ferredoxin-type domain-containing protein	SO:0001217, UniRef:UniRef50_A0A0Q6Z345
contig_1	cds	3641798	3644209	+	AAFOLC_16840		Carbon monoxide dehydrogenase large chain	SO:0001217, UniRef:UniRef50_A0A0P0MGG5
contig_1	cds	3644206	3645171	+	AAFOLC_16845		Amidohydro-rel domain-containing protein	SO:0001217, UniRef:UniRef50_A0A0D7F4Y6
contig_1	cds	3645182	3645649	+	AAFOLC_16850		Carbon monoxide dehydrogenase	SO:0001217, UniRef:UniRef50_V4RLC0
contig_1	cds	3645654	3646472	+	AAFOLC_16855		AB hydrolase-1 domain-containing protein	SO:0001217, UniRef:UniRef50_A0A0Q6YRB1
contig_1	cds	3646501	3647475	+	AAFOLC_16860		NMT1 domain-containing protein	SO:0001217, UniRef:UniRef50_A0A7X1P3J2
contig_1	cds	3647472	3648281	+	AAFOLC_16865		ABC transmembrane type-1 domain-containing protein	SO:0001217, UniRef:UniRef50_A0A0Q6Z7X2
contig_1	cds	3648278	3649060	+	AAFOLC_16870		ABC transporter	SO:0001217, UniRef:UniRef50_V4R4I1
contig_1	cds	3649093	3650067	+	AAFOLC_16875		WD-40 repeat-containing protein	SO:0001217, UniRef:UniRef50_A0A4R3LZF7
contig_1	cds	3650146	3651771	+	AAFOLC_16880		3-octaprenyl-4-hydroxybenzoate carboxy-lyase	SO:0001217, UniRef:UniRef50_A0A0P0MFZ0
contig_1	cds	3652117	3652614	+	AAFOLC_16885	marR	DNA-binding MarR family transcriptional regulator	SO:0001217, UniRef:UniRef50_A0A848JWL5
contig_1	cds	3652862	3654463	+	AAFOLC_16890		2,5-furandicarboxylate decarboxylase 1	SO:0001217, UniRef:UniRef50_A0A6J5F903, UniRef:UniRef90_A0A4V2UY59
contig_1	cds	3654660	3655625	+	AAFOLC_16895		NMT1 domain-containing protein	SO:0001217, UniRef:UniRef50_G7LTN9
contig_1	cds	3655634	3656440	+	AAFOLC_16900		ABC transmembrane type-1 domain-containing protein	SO:0001217, UniRef:UniRef50_A0A2G8RCA7
contig_1	cds	3656431	3657234	+	AAFOLC_16905		Taurine-transporting ATPase	SO:0001217, UniRef:UniRef50_G7LTP1
contig_1	cds	3657265	3657834	+	AAFOLC_16910		TIGR02444 family protein	SO:0001217, UniRef:UniRef50_A0A3L7A7R0
contig_1	cds	3657909	3658475	+	AAFOLC_16915	ubiX	Flavin prenyltransferase UbiX	SO:0001217, UniRef:UniRef50_P0AG04
contig_1	cds	3658944	3659633	+	AAFOLC_16920		HTH gntR-type domain-containing protein	SO:0001217, UniRef:UniRef50_A0A0Q9IAR3
contig_1	cds	3659739	3660656	+	AAFOLC_16925		NAD(P)-dependent oxidoreductase	SO:0001217, UniRef:UniRef50_K8PLY1
contig_1	cds	3660653	3661861	+	AAFOLC_16930		2-succinyl-6-hydroxy-2, 4-cyclohexadiene-1-carboxylate synthase	SO:0001217, UniRef:UniRef50_A0A5E7SG64
contig_1	cds	3662146	3662937	-	AAFOLC_16935		Lactamase-B domain-containing protein	SO:0001217, UniRef:UniRef50_F7QGE2
contig_1	cds	3662940	3663344	-	AAFOLC_16940		Gamma carboxymuconolactone decarboxylase	SO:0001217, UniRef:UniRef50_A4Z036, UniRef:UniRef90_A0A126P262
contig_1	cds	3663384	3664103	-	AAFOLC_16945		ABC transporter ATP-binding protein	SO:0001217, UniRef:UniRef50_A0A109ZY71
contig_1	cds	3664118	3664840	-	AAFOLC_16950		ABC transporter ATP-binding protein	SO:0001217, UniRef:UniRef50_A0A0H4WA54
contig_1	cds	3664837	3665823	-	AAFOLC_16955		Branched-chain amino acid transport system permease protein	SO:0001217, UniRef:UniRef50_A0A1M5QYS7
contig_1	cds	3665820	3666680	-	AAFOLC_16960		Branched-chain amino acid transport system / permease component family protein	SO:0001217, UniRef:UniRef50_A0A0H4W767, UniRef:UniRef90_A0A1B3NFE4
contig_1	cds	3666723	3667955	-	AAFOLC_16965		Leucine-, isoleucine-, valine-, threonine-, and alanine-binding protein	SO:0001217, UniRef:UniRef50_A0A6S7FAR9
contig_1	cds	3668668	3669144	-	AAFOLC_16970		Bifunctional aldehyde dehydrogenase/enoyl-CoA hydratase	SO:0001217, UniRef:UniRef50_A0A221K943
contig_1	cds	3669141	3670352	-	AAFOLC_16975		CoA transferase	SO:0001217, UniRef:UniRef50_A0A1V0HZV9
contig_1	cds	3670349	3671251	-	AAFOLC_16980		Citryl-CoA lyase protein	SO:0001217, UniRef:UniRef50_U2EHZ3
contig_1	cds	3671244	3671711	-	AAFOLC_16985		Molybdenum cofactor biosynthesis protein	SO:0001217, UniRef:UniRef50_U2E259
contig_1	cds	3671835	3672872	-	AAFOLC_16990		C4-dicarboxylate ABC transporter	SO:0001217, UniRef:UniRef50_A0A1V0I025
contig_1	cds	3672987	3673358	-	AAFOLC_16995		Cupin-2 domain-containing protein	SO:0001217, UniRef:UniRef50_W1N0S7
contig_1	cds	3673376	3674662	-	AAFOLC_17000		TRAP transporter large permease protein	SO:0001217, UniRef:UniRef50_Q6N155
contig_1	cds	3674731	3675231	-	AAFOLC_17005		TRAP transporter small permease protein	SO:0001217, UniRef:UniRef50_A0A3L6ZVI4
contig_1	cds	3675228	3676088	-	AAFOLC_17010		helix-turn-helix domain-containing protein	SO:0001217, UniRef:UniRef50_UPI001F230491
contig_1	cds	3676430	3677275	+	AAFOLC_17015		PPK2 domain-containing protein	SO:0001217, UniRef:UniRef50_A0A679FBD3
contig_1	cds	3677405	3678646	+	AAFOLC_17020		CitMHS domain-containing protein	SO:0001217, UniRef:UniRef50_A0A162U9M9
contig_1	cds	3678793	3680235	-	AAFOLC_17025		STAS domain-containing protein	SO:0001217, UniRef:UniRef50_A0A0M8Y6B9
contig_1	ncRNA-region	3680346	3680401	-			sul1 RNA	RFAM:RF03058, SO:0005836
contig_1	cds	3680561	3681484	-	AAFOLC_17030	eamA	EamA family transporter	SO:0001217, UniRef:UniRef50_A0A258J520
contig_1	cds	3681830	3683200	-	AAFOLC_17035		hypothetical protein	
contig_1	cds	3683341	3684387	-	AAFOLC_17040		AI-2E family transporter	SO:0001217, UniRef:UniRef50_A0A258J324
contig_1	cds	3684619	3686268	-	AAFOLC_17045		Long-chain-fatty-acid--CoA ligase	SO:0001217, UniRef:UniRef50_A0A166APZ6
contig_1	cds	3686451	3687788	-	AAFOLC_17050		Long-chain fatty acid transport protein	SO:0001217, UniRef:UniRef50_A0A258J3G6
contig_1	cds	3688208	3688645	+	AAFOLC_17055	merR	MerR family transcriptional regulator	SO:0001217, UniRef:UniRef50_A0A257SC50
contig_1	cds	3688756	3689892	+	AAFOLC_17060		Acetyl-CoA C-acyltransferase	SO:0001217, UniRef:UniRef50_A0A509JNP6
contig_1	cds	3689908	3692241	+	AAFOLC_17065		3-hydroxyacyl-CoA dehydrogenase	SO:0001217, UniRef:UniRef50_A0A2E9RD05
contig_1	cds	3692426	3694216	+	AAFOLC_17070		Acyl-CoA dehydrogenase	SO:0001217, UniRef:UniRef50_A0A285JLQ8
contig_1	cds	3694268	3694579	+	AAFOLC_17075		Sterol-binding domain protein	SO:0001217, UniRef:UniRef50_A7INS3
contig_1	cds	3694738	3695190	-	AAFOLC_17080		Lactoylglutathione lyase protein	SO:0001217, UniRef:UniRef50_F7QDD3
contig_1	cds	3695192	3695566	-	AAFOLC_17085		FeS-assembly-P domain-containing protein	SO:0001217, UniRef:UniRef50_A4YTU9
contig_1	cds	3695563	3696822	-	AAFOLC_17090		Cysteine desulfurase	SO:0001217, UniRef:UniRef50_U2XXA3
contig_1	cds	3697118	3698443	-	AAFOLC_17095		FeS assembly protein	SO:0001217, UniRef:UniRef50_A8IFG5
contig_1	cds	3698454	3699203	-	AAFOLC_17100		hypothetical protein	PFAM:PF00005.30
contig_1	cds	3699410	3700882	-	AAFOLC_17105	sufB	Fe-S cluster assembly protein SufB	COG:COG0719, COG:O, KEGG:K09014, SO:0001217, UniRef:UniRef50_O78473, UniRef:UniRef90_A0A3L7ADA8
contig_1	cds	3700959	3702191	-	AAFOLC_17110		Cysteine desulfurase	SO:0001217, UniRef:UniRef50_A0A1C3RL77
contig_1	cds	3702616	3703278	+	AAFOLC_17115		Alpha/beta superfamily hydrolase	COG:COG2945, COG:R, KEGG:K07018, SO:0001217, UniRef:UniRef50_A9HMJ9, UniRef:UniRef90_A0A4R3LXB1
contig_1	cds	3703452	3704675	-	AAFOLC_17120	rlmD	23S rRNA (Uracil(1939)-C(5))-methyltransferase RlmD	SO:0001217, UniRef:UniRef50_A0A0S3PR16
contig_1	cds	3704672	3705442	-	AAFOLC_17125		23S rRNA (Cytidine1920-2'-O)/16S rRNA (Cytidine1409-2'-O)-methyltransferase	SO:0001217, UniRef:UniRef50_A0A839ZEB6
contig_1	cds	3705731	3706300	+	AAFOLC_17130		Invasion associated locus B family protein	SO:0001217, UniRef:UniRef50_A0A6C1KLH8
contig_1	cds	3706403	3706900	+	AAFOLC_17135		DUF2846 domain-containing protein	SO:0001217, UniRef:UniRef50_A0A3L7AGC6
contig_1	cds	3707038	3707376	-	AAFOLC_17140	cobW	cobW domain-containing protein	SO:0001217, UniRef:UniRef50_A0A512J2R0
contig_1	cds	3707617	3708273	-	AAFOLC_17145		hypothetical protein	PFAM:PF02814.18, PFAM:PF05194.15
contig_1	cds	3708345	3708920	-	AAFOLC_17150		Ferritin domain-containing protein	SO:0001217, UniRef:UniRef50_A0A6S6QW98
contig_1	cds	3709252	3709947	-	AAFOLC_17155	urtE	urea ABC transporter ATP-binding subunit UrtE	COG:COG0410, COG:E, SO:0001217, UniRef:UniRef50_A4YM23, UniRef:UniRef90_A0A6C1KIC1
contig_1	cds	3709951	3710796	-	AAFOLC_17160		ABC transporter ATPase	SO:0001217, UniRef:UniRef50_A0A105Z7Z4
contig_1	cds	3710802	3711929	-	AAFOLC_17165		Leucine/isoleucine/valine transporter permease subunit	SO:0001217, UniRef:UniRef50_A0A380AFF7
contig_1	cds	3712114	3713922	-	AAFOLC_17170	urtB	Urea ABC transporter permease subunit UrtB	SO:0001217, UniRef:UniRef50_A8TLN5
contig_1	cds	3714111	3715421	-	AAFOLC_17175	urtA	urea ABC transporter substrate-binding protein	COG:COG0683, COG:E, KEGG:K11959, SO:0001217, UniRef:UniRef50_A0A818QV86, UniRef:UniRef90_A0A3L7AE05
contig_1	cds	3716114	3716731	+	AAFOLC_17180		Carbonic anhydrase	SO:0001217, UniRef:UniRef50_A0A8J2UYW0
contig_1	cds	3716995	3718359	+	AAFOLC_17185	mgtE	Magnesium transporter MgtE	SO:0001217, UniRef:UniRef50_W6R6T3
contig_1	cds	3718371	3718634	-	AAFOLC_17190		Nif11 domain-containing protein	SO:0001217, UniRef:UniRef50_A0A848JP18
contig_1	cds	3718865	3720019	+	AAFOLC_17195		Major facilitator superfamily MFS-1	SO:0001217, UniRef:UniRef50_I3TKP0
contig_1	tRNA	3720244	3720320	-	AAFOLC_17200	trnP	tRNA-Pro(cgg)	SO:0000268
contig_1	cds	3720476	3721303	+	AAFOLC_17205	fabI	enoyl-ACP reductase FabI	COG:COG0623, COG:I, SO:0001217, UniRef:UniRef50_A0A077FK44, UniRef:UniRef90_A0A3L7ADK3
contig_1	cds	3721331	3721834	+	AAFOLC_17210		Signal peptide protein	SO:0001217, UniRef:UniRef50_A0A848JZ34
contig_1	cds	3721926	3722570	+	AAFOLC_17215		Glucosyl-3-phosphoglycerate phosphatase	SO:0001217, UniRef:UniRef50_A0A5S9N6G5
contig_1	cds	3722697	3723449	+	AAFOLC_17220		Extracellular solute-binding protein	SO:0001217, UniRef:UniRef50_J7QSW4
contig_1	cds	3723468	3724160	-	AAFOLC_17225		RES domain-containing protein	SO:0001217, UniRef:UniRef50_A0A0Q7AMQ4
contig_1	cds	3724153	3724833	-	AAFOLC_17230		XRE family transcriptional regulator	SO:0001217, UniRef:UniRef50_A0A6S7ACW1
contig_1	cds	3724967	3726316	-	AAFOLC_17235		HlyC/CorC family transporter	SO:0001217, UniRef:UniRef50_A7IMW8
contig_1	cds	3726466	3727578	+	AAFOLC_17240		Chorismate synthase	SO:0001217, UniRef:UniRef50_A8GH82
contig_1	cds	3727715	3728350	+	AAFOLC_17245		hypothetical protein	
contig_1	cds	3728421	3729731	+	AAFOLC_17250		3,4-dihydroxy-2-butanone 4-phosphate synthase	EC:3.5.4.25, EC:4.1.99.12, KEGG:K14652, SO:0001217, UniRef:UniRef50_A0A0M6ZDM1, UniRef:UniRef90_A0A3L7AGC9
contig_1	cds	3729951	3730796	+	AAFOLC_17255		DUF1194 domain-containing protein	SO:0001217, UniRef:UniRef50_A0A8G2BHS1
contig_1	cds	3730871	3731932	-	AAFOLC_17260		Isopentenyl-diphosphate delta-isomerase	SO:0001217, UniRef:UniRef50_A7IMW3
contig_1	cds	3732207	3733187	+	AAFOLC_17265		Geranylgeranyl diphosphate synthase type II	SO:0001217, UniRef:UniRef50_A0A848JNV6
contig_1	cds	3733184	3734182	+	AAFOLC_17270		ABC transporter ATP-binding protein	SO:0001217, UniRef:UniRef50_A0A6C1KI45
contig_1	cds	3734179	3735357	+	AAFOLC_17275		ABC transporter permease	SO:0001217, UniRef:UniRef50_A0A259L3S2
contig_1	cds	3735478	3735975	+	AAFOLC_17280		Beta-carotene hydroxylase	SO:0001217, UniRef:UniRef50_P54973
contig_1	cds	3735982	3737232	-	AAFOLC_17285		UDPGT domain-containing protein	SO:0001217, UniRef:UniRef50_A0A0F5PC15
contig_1	cds	3737229	3738152	-	AAFOLC_17290		15-cis-phytoene synthase	SO:0001217, UniRef:UniRef50_A0A653JYC8
contig_1	cds	3738149	3739669	-	AAFOLC_17295		Phytoene desaturase (lycopene-forming)	SO:0001217, UniRef:UniRef50_P21685
contig_1	cds	3739666	3740817	-	AAFOLC_17300		Lycopene beta-cyclase	SO:0001217, UniRef:UniRef50_P21687
contig_1	cds	3740995	3744429	-	AAFOLC_17305		DUF3971 domain-containing protein	SO:0001217, UniRef:UniRef50_A7IN24
contig_1	cds	3744850	3745323	+	AAFOLC_17310		Thioredoxin peroxidase	SO:0001217, UniRef:UniRef50_C6XHE2
contig_1	cds	3745503	3747191	+	AAFOLC_17315		GGDEF domain-containing protein	SO:0001217, UniRef:UniRef50_A0A3L7AB34
contig_1	cds	3747223	3748038	-	AAFOLC_17320		ABC transporter related	SO:0001217, UniRef:UniRef50_A7IN22
contig_1	cds	3748043	3749155	-	AAFOLC_17325		Iron ABC transporter	SO:0001217, UniRef:UniRef50_J0PYD0
contig_1	cds	3749152	3750063	-	AAFOLC_17330		Fe/B12 periplasmic-binding domain-containing protein	SO:0001217, UniRef:UniRef50_A0A259CA59
contig_1	cds	3750362	3752533	+	AAFOLC_17335		TonB-dependent haemoglobin/transferrin/lactoferrin receptor	SO:0001217, UniRef:UniRef50_A8HW22
contig_1	cds	3752585	3752920	+	AAFOLC_17340		Heme-degrading monooxygenase	SO:0001217, UniRef:UniRef50_A0A1R3TUN7
contig_1	cds	3753124	3754341	+	AAFOLC_17345	cobW	CobW C-terminal domain-containing protein	SO:0001217, UniRef:UniRef50_A0A062ULC2
contig_1	cds	3754425	3755927	+	AAFOLC_17350		Metal-dependent carboxypeptidase	SO:0001217, UniRef:UniRef50_A0A3C0TV61
contig_1	cds	3756299	3757429	-	AAFOLC_17355	prfB	peptide chain release factor 2	COG:COG1186, COG:J, SO:0001217, UniRef:UniRef50_Q1GIB5, UniRef:UniRef90_A7IPE5
contig_1	cds	3757556	3760141	-	AAFOLC_17360		Diguanylate cyclase/phosphodiesterase with PAS/PAC and GAF sensor(S)	SO:0001217, UniRef:UniRef50_A7IPE4
contig_1	cds	3760417	3762828	-	AAFOLC_17365		Penicillin-binding protein 1A	SO:0001217, UniRef:UniRef50_A0A1R3V8R8
contig_1	cds	3763180	3764454	-	AAFOLC_17370		N-acetylmuramoyl-L-alanine amidase	SO:0001217, UniRef:UniRef50_A0A127EX48
contig_1	cds	3765387	3768593	+	AAFOLC_17375		Ribonuclease E	SO:0001217, UniRef:UniRef50_Q8YGV0
contig_1	cds	3768991	3769323	-	AAFOLC_17380		hypothetical protein	
contig_1	cds	3769526	3770317	+	AAFOLC_17385		ATP-dependent DNA ligase	SO:0001217, UniRef:UniRef50_A0A348G377
contig_1	cds	3770325	3770996	+	AAFOLC_17390		Energy-coupling factor transporter putative substrate-capture protein NikMN	SO:0001217, UniRef:UniRef50_A0A0P1H1U1
contig_1	cds	3770993	3771754	+	AAFOLC_17395		hypothetical protein	
contig_1	cds	3771759	3772526	+	AAFOLC_17400	cbiQ	Cobalt ECF transporter T component CbiQ	SO:0001217, UniRef:UniRef50_A0A3L7AMG9
contig_1	cds	3772523	3773266	+	AAFOLC_17405	cbiO	Cobalt import ATP-binding protein CbiO	SO:0001217, UniRef:UniRef50_A0A0M6ZQF0
contig_1	cds	3773414	3773881	+	AAFOLC_17410		Nickel-responsive regulator	SO:0001217, UniRef:UniRef50_Q57IP3
contig_1	cds	3774036	3774446	+	AAFOLC_17415		VOC domain-containing protein	SO:0001217, UniRef:UniRef50_L0KH50
contig_1	cds	3774489	3775178	+	AAFOLC_17420		hypothetical protein	
contig_1	cds	3775857	3779585	-	AAFOLC_17425	nrdA	vitamin B12-dependent ribonucleotide reductase	COG:COG0209, COG:F, SO:0001217, UniRef:UniRef50_Q8UEM4, UniRef:UniRef90_A0A6C1KEE4
contig_1	cds	3780258	3780974	-	AAFOLC_17430	gntR	GntR family transcriptional regulator	SO:0001217, UniRef:UniRef50_A0A1B1UQ17, UniRef:UniRef90_A0A3L7ABC4
contig_1	cds	3781036	3781425	-	AAFOLC_17435	hpxZ	Oxalurate catabolism protein HpxZ	SO:0001217, UniRef:UniRef50_A0A109CVZ3
contig_1	cds	3781439	3782875	-	AAFOLC_17440		Putative glutamyl-tRNA (Gln) amidotransferase subunit A	SO:0001217, UniRef:UniRef50_A4Z2N7
contig_1	cds	3782896	3783117	-	AAFOLC_17445		DUF4089 domain-containing protein	SO:0001217, UniRef:UniRef50_A0A848K075
contig_1	cds	3783128	3784894	-	AAFOLC_17450	gsiA	Glutathione import ATP-binding protein GsiA	SO:0001217, UniRef:UniRef50_A0A508SWR5
contig_1	cds	3784906	3785790	-	AAFOLC_17455		ABC transmembrane type-1 domain-containing protein	SO:0001217, UniRef:UniRef50_K8PVV8
contig_1	cds	3785787	3786800	-	AAFOLC_17460		ABC transmembrane type-1 domain-containing protein	SO:0001217, UniRef:UniRef50_K8PJN0
contig_1	cds	3787018	3788640	-	AAFOLC_17465		Extracellular solute-binding protein family 5	SO:0001217, UniRef:UniRef50_E6VKC5
contig_1	cds	3788871	3789716	-	AAFOLC_17470		CDP-diacylglycerol--serine O-phosphatidyltransferase	SO:0001217, UniRef:UniRef50_A0A2U8PT27
contig_1	cds	3789722	3790423	-	AAFOLC_17475		Phosphatidylserine decarboxylase proenzyme	SO:0001217, UniRef:UniRef50_Q9FDI9
contig_1	cds	3790710	3792185	+	AAFOLC_17480		Betaine aldehyde dehydrogenase 2, mitochondrial	SO:0001217, UniRef:UniRef50_A0A024HC74
contig_1	cds	3792217	3792645	+	AAFOLC_17485		DUF2267 domain-containing protein	SO:0001217, UniRef:UniRef50_A0A091BHD3
contig_1	cds	3792717	3793874	-	AAFOLC_17490		Acyl-CoA dehydrogenase	SO:0001217, UniRef:UniRef50_A0A0T5NVI8
contig_1	cds	3794078	3795220	+	AAFOLC_17495		Acyl-CoA dehydrogenase	SO:0001217, UniRef:UniRef50_A0A6S7FAV3
contig_1	cds	3795217	3796029	+	AAFOLC_17500		Enoyl-CoA hydratase/isomerase	SO:0001217, UniRef:UniRef50_A0A157P5B2
contig_1	cds	3796031	3797182	+	AAFOLC_17505		Thiolase-N domain-containing protein	SO:0001217, UniRef:UniRef50_A0A1Q3UUT6
contig_1	cds	3797183	3797602	+	AAFOLC_17510		Zn-ribbon domain-containing OB-fold protein	SO:0001217, UniRef:UniRef50_E3HMJ0
contig_1	cds	3797606	3797989	+	AAFOLC_17515		MaoC-dehydrat-N domain-containing protein	SO:0001217, UniRef:UniRef50_A0A1M3PQJ9
contig_1	cds	3797986	3798372	+	AAFOLC_17520		Acyl dehydratase	SO:0001217, UniRef:UniRef50_A0A8J3M954
contig_1	cds	3798442	3799683	+	AAFOLC_17525		Peripla-BP-6 domain-containing protein	SO:0001217, UniRef:UniRef50_A0A1M3PQC0
contig_1	cds	3799736	3800500	+	AAFOLC_17530		ABC transporter ATP-binding protein	SO:0001217, UniRef:UniRef50_UPI001932239D
contig_1	cds	3800493	3801200	+	AAFOLC_17535		ABC transporter domain-containing protein	SO:0001217, UniRef:UniRef50_A0A0F2PAX1
contig_1	cds	3801207	3802073	+	AAFOLC_17540		branched-chain amino acid ABC transporter permease	SO:0001217, UniRef:UniRef50_UPI0019323D5B
contig_1	cds	3802073	3803071	+	AAFOLC_17545		branched-chain amino acid ABC transporter permease	SO:0001217, UniRef:UniRef50_UPI0019329839
contig_1	cds	3803068	3805155	+	AAFOLC_17550		acetate--CoA ligase family protein	SO:0001217, UniRef:UniRef50_UPI0019313596
contig_1	cds	3805152	3805913	+	AAFOLC_17555		hypothetical protein	PFAM:PF00378.23, PFAM:PF16113.8
contig_1	cds	3805983	3806798	-	AAFOLC_17560	iclR	IclR family transcriptional regulator	SO:0001217, UniRef:UniRef50_UPI001933B7B7
contig_1	cds	3806995	3807660	-	AAFOLC_17565		HTH tetR-type domain-containing protein	SO:0001217, UniRef:UniRef50_A0A023XHV0
contig_1	cds	3807733	3809235	-	AAFOLC_17570		Putative AMP-dependent synthetase and ligase	SO:0001217, UniRef:UniRef50_Q13GQ9
contig_1	cds	3809517	3810716	+	AAFOLC_17575		Peripla-BP-6 domain-containing protein	SO:0001217, UniRef:UniRef50_A0A837CHF3
contig_1	cds	3810786	3811688	+	AAFOLC_17580		Branched-chain amino acid ABC transporter permease	SO:0001217, UniRef:UniRef50_A0A023XIJ2
contig_1	cds	3811685	3812662	+	AAFOLC_17585		Acyl-CoA synthase	SO:0001217, UniRef:UniRef50_A8U3J5
contig_1	cds	3812659	3813429	+	AAFOLC_17590		4-formylbenzenesulfonate dehydrogenase TsaC1/TsaC2	SO:0001217, UniRef:UniRef50_A0A0S3PQT9
contig_1	cds	3813433	3814188	+	AAFOLC_17595		ABC transporter ATP-binding protein	SO:0001217, UniRef:UniRef50_Q89QE2
contig_1	cds	3814185	3814895	+	AAFOLC_17600		ABC transporter ATP-binding protein	SO:0001217, UniRef:UniRef50_Q89QE1
contig_1	cds	3814913	3816286	+	AAFOLC_17605		MmgE/PrpD family protein 4	SO:0001217, UniRef:UniRef50_F4GV18
contig_1	cds	3816343	3817362	+	AAFOLC_17610		Putative pyruvate dehydrogenase E1 component, alpha subunit	SO:0001217, UniRef:UniRef50_A0A0H3LXV2
contig_1	cds	3817362	3818336	+	AAFOLC_17615		Transket-pyr domain-containing protein	SO:0001217, UniRef:UniRef50_A0A1B3N2N5
contig_1	cds	3818351	3819133	+	AAFOLC_17620		2,3-dehydroadipyl-CoA hydratase	SO:0001217, UniRef:UniRef50_A0A0H4W838
contig_1	cds	3819170	3820402	+	AAFOLC_17625		Dihydrolipoamide acetyltransferase component of pyruvate dehydrogenase complex	SO:0001217, UniRef:UniRef50_A0A0Q9HRK1
contig_1	cds	3820425	3821597	+	AAFOLC_17630		Acyl-CoA dehydrogenase, N-terminal domain protein 14	SO:0001217, UniRef:UniRef50_E3HMH8
contig_1	tRNA	3821859	3821937	-	AAFOLC_17635	trnV	tRNA-Val(cac)	SO:0000273
contig_1	cds	3822219	3822902	+	AAFOLC_17640		hypothetical protein	
contig_1	cds	3823524	3825413	+	AAFOLC_17645		hypothetical protein	
contig_1	cds	3825789	3826217	+	AAFOLC_17650		ion channel	SO:0001217, UniRef:UniRef50_UPI001BCF928A
contig_1	cds	3826345	3827589	-	AAFOLC_17655		CitMHS domain-containing protein	SO:0001217, UniRef:UniRef50_A0A162U9M9
contig_1	cds	3827944	3828960	-	AAFOLC_17660		Urea transporter	SO:0001217, UniRef:UniRef50_A0A430DHH7
contig_1	cds	3828976	3829911	-	AAFOLC_17665	ureD	Urease accessory protein UreD 2	SO:0001217, UniRef:UniRef50_A9W296
contig_1	cds	3829916	3830563	-	AAFOLC_17670	ureG	urease accessory protein UreG	COG:COG0378, COG:O, SO:0001217, UniRef:UniRef50_P42871, UniRef:UniRef90_A0A2U9RZY8
contig_1	cds	3830590	3831309	-	AAFOLC_17675	ureF	Urease accessory protein UreF	SO:0001217, UniRef:UniRef50_A0A1U9Z173
contig_1	cds	3831309	3831935	-	AAFOLC_17680	ureE	Urease accessory protein UreE	SO:0001217, UniRef:UniRef50_A0A142YLL1
contig_1	cds	3831976	3832293	-	AAFOLC_17685	crcB	Putative fluoride ion transporter CrcB	SO:0001217, UniRef:UniRef50_A0A2U9S1K0
contig_1	cds	3832373	3832756	-	AAFOLC_17690	crcB	Putative fluoride ion transporter CrcB 3	SO:0001217, UniRef:UniRef50_Q8ZDB1
contig_1	cds	3832823	3834541	-	AAFOLC_17695	ureC	urease subunit alpha	COG:COG0804, COG:E, SO:0001217, UniRef:UniRef50_Q2YQD8, UniRef:UniRef90_A0A2U9S5Q6
contig_1	ncRNA	3834091	3834391	+	AAFOLC_17700	5_ureB_sRNA	5' ureB small RNA	RFAM:RF02514, SO:0000655
contig_1	cds	3834578	3834988	-	AAFOLC_17705		urease subunit beta	SO:0001217, UniRef:UniRef50_A0A1U7CP15, UniRef:UniRef90_A0A840AHZ4
contig_1	cds	3835005	3835307	-	AAFOLC_17710	ureA	urease subunit gamma	COG:COG0831, COG:E, SO:0001217, UniRef:UniRef50_P31496, UniRef:UniRef90_A0A840AHF4
contig_1	cds	3836052	3836975	+	AAFOLC_17715	lysR	DNA-binding transcriptional LysR family regulator	SO:0001217, UniRef:UniRef50_A0A7W6EI10
contig_1	cds	3837063	3837329	+	AAFOLC_17720		hypothetical protein	PFAM:PF01609.24, PFAM:PF13586.9
contig_1	cds	3837520	3837837	+	AAFOLC_17725	ytcA	Uncharacterized protein YtcA	SO:0001217, UniRef:UniRef50_A0A0D5LM13
contig_1	cds	3837841	3838911	+	AAFOLC_17730	mdtN	Multidrug resistance protein MdtN	SO:0001217, UniRef:UniRef50_A0A0T9PM69
contig_1	cds	3838895	3840796	+	AAFOLC_17735	mdtO	Multidrug resistance protein MdtO	SO:0001217, UniRef:UniRef50_A0A4R3M0K7
contig_1	cds	3840868	3842364	+	AAFOLC_17740	cyaE	Protein CyaE	SO:0001217, UniRef:UniRef50_A0A7R7YCK5
contig_1	tRNA	3842517	3842603	-	AAFOLC_17745	trnL	tRNA-Leu(caa)	SO:0000264
contig_1	cds	3842958	3843926	+	AAFOLC_17750		Putative ABC transport system substrate-binding protein	SO:0001217, UniRef:UniRef50_A0A7W9WNG2
contig_1	cds	3844070	3844681	+	AAFOLC_17755		N-acetyltransferase domain-containing protein	SO:0001217, UniRef:UniRef50_A8HSU3
contig_1	cds	3844678	3845835	+	AAFOLC_17760		Alanine racemase	SO:0001217, UniRef:UniRef50_A0A4R3M9E4
contig_1	cds	3845974	3847200	+	AAFOLC_17765		MFS transporter	SO:0001217, UniRef:UniRef50_A0A6P1ZFN3
contig_1	cds	3847763	3849031	+	AAFOLC_17770		D-3-phosphoglycerate dehydrogenase	SO:0001217, UniRef:UniRef50_P0A9T2
contig_1	cds	3849267	3849566	+	AAFOLC_17775	arsR	ArsR family transcriptional regulator	SO:0001217, UniRef:UniRef50_A0A0N0KC75
contig_1	cds	3849563	3850627	+	AAFOLC_17780		Permease	SO:0001217, UniRef:UniRef50_A0A1T4VZE3
contig_1	cds	3850644	3850880	+	AAFOLC_17785		Thioredoxin-like-fold domain-containing protein	SO:0001217, UniRef:UniRef50_L0GX83
contig_1	cds	3850973	3851437	-	AAFOLC_17790		Carbon monoxide dehydrogenase	SO:0001217, UniRef:UniRef50_A0A447CQB8
contig_1	cds	3851467	3852273	-	AAFOLC_17795		ABC transmembrane type-1 domain-containing protein	SO:0001217, UniRef:UniRef50_K8PHV8
contig_1	cds	3852277	3853122	-	AAFOLC_17800	ssuB	Aliphatic sulfonates import ATP-binding protein SsuB	SO:0001217, UniRef:UniRef50_A0A3P4AWS2
contig_1	cds	3853134	3854162	-	AAFOLC_17805		PBPb domain-containing protein	SO:0001217, UniRef:UniRef50_A0A163YS00
contig_1	cds	3854207	3855211	-	AAFOLC_17810		Amidohydro-rel domain-containing protein	SO:0001217, UniRef:UniRef50_A0A163YRZ3
contig_1	cds	3855218	3857545	-	AAFOLC_17815		Caffeine dehydrogenase subunit alpha	SO:0001217, UniRef:UniRef50_A0A6P2FCG2
contig_1	cds	3857539	3858030	-	AAFOLC_17820		Carbon monoxide dehydrogenase small chain	SO:0001217, UniRef:UniRef50_A0A2S6QEN9
contig_1	cds	3858030	3858923	-	AAFOLC_17825		FAD-binding PCMH-type domain-containing protein	SO:0001217, UniRef:UniRef50_A0A163YRU5
contig_1	cds	3859353	3860210	+	AAFOLC_17830	bpoC	Putative non-heme bromoperoxidase BpoC	SO:0001217, UniRef:UniRef50_A0A2S6QE39
contig_1	cds	3860210	3861010	+	AAFOLC_17835		Enoyl-CoA hydratase	SO:0001217, UniRef:UniRef50_A0A1W6ZYL1
contig_1	cds	3861012	3862508	+	AAFOLC_17840		Malonyl-CoA synthase	SO:0001217, UniRef:UniRef50_A0A3L7ADF6
contig_1	cds	3862526	3863335	+	AAFOLC_17845		SDR family oxidoreductase	SO:0001217, UniRef:UniRef50_A0A0S3PPX7, UniRef:UniRef90_UPI001EDFCE46
contig_1	cds	3863425	3864639	+	AAFOLC_17850		Indoleacetamide hydrolase	SO:0001217, UniRef:UniRef50_A0A3L7AFJ7
contig_1	cds	3864769	3865248	+	AAFOLC_17855	nicR	HTH-type transcriptional repressor NicR	SO:0001217, UniRef:UniRef50_A0A0S3PPT7
contig_1	cds	3865421	3866230	+	AAFOLC_17860		Enoyl-[acyl-carrier-protein] reductase [NADH]	SO:0001217, UniRef:UniRef50_F6GBD3
contig_1	cds	3866319	3868868	-	AAFOLC_17865		Arylsulfatase	SO:0001217, UniRef:UniRef50_A0A518FWW9
contig_1	cds	3869423	3870661	+	AAFOLC_17870		Cyclohexanecarboxyl-CoA dehydrogenase	SO:0001217, UniRef:UniRef50_B3RB07
contig_1	cds	3870703	3872331	+	AAFOLC_17875		Medium-chain fatty-acid--CoA ligase	SO:0001217, UniRef:UniRef50_A0A6S7BJ01
contig_1	cds	3872365	3873162	+	AAFOLC_17880	badI	2-ketocyclohexanecarboxyl-CoA hydrolase	SO:0001217, UniRef:UniRef50_A0A378YK71, UniRef:UniRef90_A0A5M6J1J5
contig_1	cds	3873203	3873676	-	AAFOLC_17885		HTH marR-type domain-containing protein	SO:0001217, UniRef:UniRef50_A0A1M2Z1A0
contig_1	cds	3873807	3874574	+	AAFOLC_17890	fabG	3-oxoacyl-[acyl-carrier-protein] reductase FabG	SO:0001217, UniRef:UniRef50_A0A0D6IFH7
contig_1	cds	3874897	3876792	+	AAFOLC_17895	hoxS	NAD-reducing hydrogenase HoxS subunit alpha	SO:0001217, UniRef:UniRef50_A0A2C9D0X5
contig_1	cds	3876789	3877508	+	AAFOLC_17900		NADH-quinone oxidoreductase subunit G	SO:0001217, UniRef:UniRef50_A0A5Q0EHS6
contig_1	cds	3877514	3878056	+	AAFOLC_17905	hoxS	NAD-reducing hydrogenase HoxS subunit delta	SO:0001217, UniRef:UniRef50_A0A2C9D140
contig_1	cds	3878053	3879543	+	AAFOLC_17910	hoxS	NAD-reducing hydrogenase hoxS subunit beta	SO:0001217, UniRef:UniRef50_G4SW78
contig_1	cds	3879540	3880031	+	AAFOLC_17915		Hydrogenase maturation protease	SO:0001217, UniRef:UniRef50_B8ERX0
contig_1	cds	3880028	3880420	+	AAFOLC_17920		Response regulator receiver protein	SO:0001217, UniRef:UniRef50_B8ERW9
contig_1	cds	3880881	3882002	+	AAFOLC_17925		Extracytoplasmic solute receptor protein	SO:0001217, UniRef:UniRef50_A0A090GJH3
contig_1	cds	3882211	3883332	+	AAFOLC_17930		TRAP transporter small permease protein	SO:0001217, UniRef:UniRef50_A0A1H8LG42
contig_1	cds	3883344	3884711	+	AAFOLC_17935		TRAP transporter large permease protein	SO:0001217, UniRef:UniRef50_K9H0I0
contig_1	cds	3884786	3885547	-	AAFOLC_17940		3-hydroxyacyl-CoA dehydrogenase type-2	SO:0001217, UniRef:UniRef50_A0A1A8XIX2
contig_1	cds	3885589	3886305	-	AAFOLC_17945		hypothetical protein	PFAM:PF00881.27
contig_1	cds	3886314	3887051	-	AAFOLC_17950		FCD domain-containing protein	SO:0001217, UniRef:UniRef50_A0A4U6BJE9, UniRef:UniRef90_UPI001EDEC548
contig_1	cds	3887035	3888681	-	AAFOLC_17955		Acyl-CoA synthetase	SO:0001217, UniRef:UniRef50_A0A1Y3PKW6
contig_1	cds	3888717	3889952	-	AAFOLC_17960		CoA transferase	SO:0001217, UniRef:UniRef50_A0A0P6WF01
contig_1	cds	3889968	3890774	-	AAFOLC_17965		2-deoxy-D-gluconate 3-dehydrogenase	SO:0001217, UniRef:UniRef50_J3GTQ5
contig_1	cds	3890771	3891961	-	AAFOLC_17970		Acyl-CoA dehydrogenase	SO:0001217, UniRef:UniRef50_A0A1N3QNL2
contig_1	cds	3891973	3893160	-	AAFOLC_17975		APH domain-containing protein	SO:0001217, UniRef:UniRef50_A0A037ZHX0
contig_1	cds	3893407	3894735	+	AAFOLC_17980		ABC transporter substrate-binding protein	SO:0001217, UniRef:UniRef50_A4YTH2, UniRef:UniRef90_UPI001EDDCA47
contig_1	cds	3894771	3895670	+	AAFOLC_17985	livF	LivF	SO:0001217, UniRef:UniRef50_G8Q3A4
contig_1	cds	3895694	3897976	+	AAFOLC_17990		ABC-type branched-subunit amino acid transport system ATPase component	SO:0001217, UniRef:UniRef50_A0A848K629
contig_1	cds	3897988	3898878	+	AAFOLC_17995		branched-chain amino acid ABC transporter permease	SO:0001217, UniRef:UniRef50_A0A3M4B5X3, UniRef:UniRef90_UPI001EE0D4B0
contig_1	cds	3898883	3899947	+	AAFOLC_18000		Branched-chain amino acid ABC transporter permease	SO:0001217, UniRef:UniRef50_A0A2Z2P2Y3
contig_1	cds	3899976	3900746	+	AAFOLC_18005		putative enoyl-CoA hydratase	SO:0001217, UniRef:UniRef50_Q52995
contig_1	cds	3900883	3901770	-	AAFOLC_18010		hypothetical protein	PFAM:PF01738.21
contig_1	cds	3901778	3903091	-	AAFOLC_18015		Serine-threonine protein kinase	SO:0001217, UniRef:UniRef50_A0A328BA50
contig_1	cds	3903108	3904688	-	AAFOLC_18020		Peptidase S8 and S53 subtilisin kexin sedolisin	SO:0001217, UniRef:UniRef50_D6ZZD7
contig_1	cds	3904985	3905629	-	AAFOLC_18025		DUF502 domain-containing protein	SO:0001217, UniRef:UniRef50_E6VNQ0
contig_1	cds	3905812	3906276	-	AAFOLC_18030		Carbon monoxide dehydrogenase	SO:0001217, UniRef:UniRef50_A0A1M6BPH8
contig_1	cds	3906472	3907179	-	AAFOLC_18035		ABC transporter ATP-binding protein	SO:0001217, UniRef:UniRef50_K8P7H9, UniRef:UniRef90_A0A3L7AMV2
contig_1	cds	3907166	3907918	-	AAFOLC_18040		ABC transporter ATP-binding protein	SO:0001217, UniRef:UniRef50_A0A508TPT7, UniRef:UniRef90_A0A3L7AKN2
contig_1	cds	3907915	3908928	-	AAFOLC_18045		Branched-chain amino acid ABC transporter permease	SO:0001217, UniRef:UniRef50_K8P5H0
contig_1	cds	3908960	3909835	-	AAFOLC_18050		Branched-chain amino acid ABC transporter permease	SO:0001217, UniRef:UniRef50_K8P2B7, UniRef:UniRef90_A0A3L7AND5
contig_1	cds	3909860	3911107	-	AAFOLC_18055		ABC transporter substrate-binding protein	SO:0001217, UniRef:UniRef50_A0A0A1Q2R1, UniRef:UniRef90_A0A3L7AL06
contig_1	cds	3911152	3913554	-	AAFOLC_18060		Carbon-monoxide dehydrogenase (Acceptor)	SO:0001217, UniRef:UniRef50_A9W284
contig_1	cds	3913551	3914054	-	AAFOLC_18065		Carbon monoxide dehydrogenase small chain	SO:0001217, UniRef:UniRef50_A0A238KG16
contig_1	cds	3914055	3914912	-	AAFOLC_18070	coxM	Oxidoreductase, FAD-binding subunit putative carbon monoxide dehydrogenase, medium subunit CoxM	SO:0001217, UniRef:UniRef50_A0A2N9AVR1
contig_1	cds	3915421	3916047	+	AAFOLC_18075		HTH tetR-type domain-containing protein	SO:0001217, UniRef:UniRef50_A0A023XMI9
contig_1	cds	3916157	3917026	-	AAFOLC_18080		Haloacetate dehalogenase H-1	SO:0001217, UniRef:UniRef50_A0A1X6YV31
contig_1	cds	3917239	3918186	-	AAFOLC_18085		DNA-binding transcriptional regulator	SO:0001217, UniRef:UniRef50_A0A291P0C3
contig_1	cds	3918437	3919753	+	AAFOLC_18090		Methanethiol oxidase	SO:0001217, UniRef:UniRef50_A0A291P0C1
contig_1	cds	3919783	3920499	+	AAFOLC_18095		SCO1/SenC	SO:0001217, UniRef:UniRef50_A0A291P068
contig_1	cds	3920510	3921637	+	AAFOLC_18100		C-type cytochrome	SO:0001217, UniRef:UniRef50_A0A7C4E899
contig_1	cds	3921737	3922471	-	AAFOLC_18105		NADPH azoreductase	SO:0001217, UniRef:UniRef50_A0A0N0GN54
contig_1	cds	3922482	3923801	-	AAFOLC_18110		MFS transporter	SO:0001217, UniRef:UniRef50_A8I0M5
contig_1	cds	3923812	3924243	-	AAFOLC_18115	padR	PadR family transcripitonal regulator	SO:0001217, UniRef:UniRef50_A0A074JG57
contig_1	cds	3924364	3925593	-	AAFOLC_18120		hypothetical protein	PFAM:PF07687.17
contig_1	cds	3925725	3926948	-	AAFOLC_18125		Cytochrome c domain-containing protein	SO:0001217, UniRef:UniRef50_A6WW32
contig_1	cds	3927087	3928001	+	AAFOLC_18130	lysR	DNA-binding transcriptional regulator, LysR family	COG:COG0583, COG:K, SO:0001217, UniRef:UniRef50_A7IKH9, UniRef:UniRef90_A7IKH9
contig_1	cds	3928067	3929458	-	AAFOLC_18135		hypothetical protein	
contig_1	cds	3929714	3930067	+	AAFOLC_18140		5-hydroxyisourate hydrolase	SO:0001217, UniRef:UniRef50_Q8XXJ7
contig_1	cds	3930071	3931516	+	AAFOLC_18145		Chitooligosaccharide deacetylase	SO:0001217, UniRef:UniRef50_A0A7V7TW50
contig_1	cds	3931522	3932802	+	AAFOLC_18150		Amidase, hydantoinase/carbamoylase family	SO:0001217, UniRef:UniRef50_A7IKH5
contig_1	cds	3932952	3933329	+	AAFOLC_18155		Rrf2 family transcriptional regulator	SO:0001217, UniRef:UniRef50_A0A1W6ZS82
contig_1	cds	3933711	3934742	+	AAFOLC_18160		Sulfate transporter subunit periplasmic-binding component of ABC superfamily	SO:0001217, UniRef:UniRef50_A0A2X0SMH1
contig_1	cds	3934767	3935618	+	AAFOLC_18165	cysT	Sulfate transport system permease protein CysT	SO:0001217, UniRef:UniRef50_D5VKP0
contig_1	cds	3935630	3936487	+	AAFOLC_18170	cysW	Sulfate ABC transporter permease subunit CysW	SO:0001217, UniRef:UniRef50_A0A3S0GD82
contig_1	cds	3936500	3937249	+	AAFOLC_18175	cysA	Sulfate/thiosulfate import ATP-binding protein CysA	SO:0001217, UniRef:UniRef50_A0A2C9DE13
contig_1	cds	3937300	3937422	-	AAFOLC_18180		hypothetical protein	
contig_1	cds	3937443	3938306	-	AAFOLC_18185	ydeK	Uncharacterized transporter YdeK	SO:0001217, UniRef:UniRef50_P96668
contig_1	cds	3938421	3939839	+	AAFOLC_18190		8-amino-7-oxononanoate synthase	SO:0001217, UniRef:UniRef50_A0A0C6EYK2
contig_1	cds	3940169	3941683	+	AAFOLC_18195		Efflux transporter outer membrane subunit	SO:0001217, UniRef:UniRef50_A0A437MFI6
contig_1	cds	3941686	3942960	+	AAFOLC_18200		Membrane fusion protein, macrolide-specific efflux system	SO:0001217, UniRef:UniRef50_A0A386E620
contig_1	cds	3942962	3944977	+	AAFOLC_18205	macB	Macrolide export ATP-binding/permease protein MacB	SO:0001217, UniRef:UniRef50_Q2EHL8
contig_1	cds	3945458	3946924	+	AAFOLC_18210		hypothetical protein	
contig_1	cds	3947024	3948049	-	AAFOLC_18215		Diguanylate cyclase	SO:0001217, UniRef:UniRef50_A0A5S9NDT1
contig_1	cds	3948196	3949122	-	AAFOLC_18220		HTH lysR-type domain-containing protein	SO:0001217, UniRef:UniRef50_A0A7Z7LSA2
contig_1	cds	3949230	3950126	+	AAFOLC_18225		Beta-lactamase hydrolase-like protein	SO:0001217, UniRef:UniRef50_A0A0P1EAH5
contig_1	cds	3950166	3950891	+	AAFOLC_18230		Peroxiredoxin	SO:0001217, UniRef:UniRef50_A0A5K7XCY6
contig_1	cds	3950990	3951778	+	AAFOLC_18235		putative membrane transporter protein XF_0764	SO:0001217, UniRef:UniRef50_Q9PFB4
contig_1	cds	3951873	3952313	-	AAFOLC_18240		Thioredoxin	SO:0001217, UniRef:UniRef50_A0A1I2PIL2
contig_1	cds	3952605	3953198	+	AAFOLC_18245		HTH-type transcriptional regulator	SO:0001217, UniRef:UniRef50_A0A1E4L146
contig_1	cds	3953195	3954997	+	AAFOLC_18250	cydD	Thiol reductant ABC exporter subunit CydD	SO:0001217, UniRef:UniRef50_A0A846LFK9
contig_1	cds	3954994	3956700	+	AAFOLC_18255	msbA	Lipid A export ATP-binding/permease protein msbA	SO:0001217, UniRef:UniRef50_W6RW54
contig_1	cds	3956780	3958357	+	AAFOLC_18260		Cytochrome bd-I ubiquinol oxidase subunit 1	SO:0001217, UniRef:UniRef50_P0ABK0
contig_1	cds	3958364	3959518	+	AAFOLC_18265		Cytochrome d ubiquinol oxidase subunit II	SO:0001217, UniRef:UniRef50_Q63XN8
contig_1	cds	3959647	3959784	+	AAFOLC_18270		Cytochrome bd ubiquinol oxidase subunit X	SO:0001217, UniRef:UniRef50_A0A0H2LRX8
contig_1	cds	3960362	3962452	-	AAFOLC_18275		Gluconate 2-dehydrogenase (Acceptor)	SO:0001217, UniRef:UniRef50_A9BZ37
contig_1	cds	3962855	3964579	-	AAFOLC_18280		Acetolactate synthase large subunit	SO:0001217, UniRef:UniRef50_A0A0D6HTB5
contig_1	cds	3964668	3965675	-	AAFOLC_18285		Tripartite tricarboxylate transporter substrate binding protein	SO:0001217, UniRef:UniRef50_A0A086MJH5
contig_1	cds	3966042	3966899	-	AAFOLC_18290		hypothetical protein	PFAM:PF09339.13
contig_1	cds	3967236	3967991	+	AAFOLC_18295		Short-chain dehydrogenase	SO:0001217, UniRef:UniRef50_J1E7H3
contig_1	cds	3968053	3969303	-	AAFOLC_18300		Tyrosine--tRNA ligase	SO:0001217, UniRef:UniRef50_A7INU9
contig_1	cds	3969381	3970499	+	AAFOLC_18305		Anhydro-N-acetylmuramic acid kinase	SO:0001217, UniRef:UniRef50_Q2IVR1
contig_1	cds	3970712	3972340	+	AAFOLC_18310		L-aspartate transporter	SO:0001217, UniRef:UniRef50_A0A0P1F1Q5
contig_1	cds	3972749	3974725	-	AAFOLC_18315	msbA	Lipid A export ATP-binding/permease protein MsbA	SO:0001217, UniRef:UniRef50_A0A021WYB2
contig_1	cds	3974733	3975113	-	AAFOLC_18320	arsR	Regulatory protein ArsR	SO:0001217, UniRef:UniRef50_A7IN12
contig_1	cds	3975283	3975894	+	AAFOLC_18325		Cytokinin riboside 5'-monophosphate phosphoribohydrolase	SO:0001217, UniRef:UniRef50_A0A258L3L4
contig_1	cds	3975920	3976300	+	AAFOLC_18330		hypothetical protein	PFAM:PF09864.12
contig_1	cds	3976373	3977980	-	AAFOLC_18335		(R)-citramalate synthase	SO:0001217, UniRef:UniRef50_A0A1B1YXQ6
contig_1	cds	3977977	3978489	-	AAFOLC_18340		Putative acetyltransferase	SO:0001217, UniRef:UniRef50_A0A840BW41
contig_1	cds	3978486	3979874	-	AAFOLC_18345		Cysteine--tRNA ligase	SO:0001217, UniRef:UniRef50_A7IPJ0
contig_1	cds	3980372	3980695	+	AAFOLC_18350		DUF732 domain-containing protein	SO:0001217, UniRef:UniRef50_A7IPJ1
contig_1	cds	3980902	3981609	+	AAFOLC_18355		carbonic anhydrase	SO:0001217, UniRef:UniRef50_A0A378ZWV9
contig_1	cds	3981674	3982264	-	AAFOLC_18360	creA	CreA family protein	SO:0001217, UniRef:UniRef50_A0A0Q4XX01
contig_1	cds	3982444	3983538	+	AAFOLC_18365		Extracytoplasmic solute receptor protein	SO:0001217, UniRef:UniRef50_W4HR02
contig_1	cds	3983707	3984918	+	AAFOLC_18370		DUF2865 domain-containing protein	SO:0001217, UniRef:UniRef50_A0A259KZT1
contig_1	cds	3985068	3986426	-	AAFOLC_18375		Glutamate--tRNA ligase 1	SO:0001217, UniRef:UniRef50_B6ISG3
contig_1	cds	3986628	3986984	-	AAFOLC_18380		hypothetical protein	PFAM:PF01469.21
contig_1	cds	3986981	3987601	-	AAFOLC_18385		hypothetical protein	
contig_1	cds	3988256	3989680	-	AAFOLC_18390		HTH cro/C1-type domain-containing protein	SO:0001217, UniRef:UniRef50_A7IPJ7
contig_1	cds	3989901	3991433	+	AAFOLC_18395		Propionyl-CoA carboxylase beta chain	SO:0001217, UniRef:UniRef50_Q3J4E3, UniRef:UniRef90_A0A848JXY2
contig_1	cds	3991658	3993685	+	AAFOLC_18400	pccA	Acetyl/propionyl-CoA carboxylase, alpha subunit	COG:COG4770, COG:I, SO:0001217, UniRef:UniRef50_Q5P381, UniRef:UniRef90_A7IPJ9
contig_1	cds	3993685	3993879	+	AAFOLC_18405		hypothetical protein	
contig_1	cds	3993880	3995109	+	AAFOLC_18410		Cyclopropane-fatty-acyl-phospholipid synthase Cfa	SO:0001217, UniRef:UniRef50_I3XFG4
contig_1	cds	3995109	3995303	+	AAFOLC_18415		hypothetical protein	
contig_1	cds	3995300	3997141	+	AAFOLC_18420		Methylmalonyl-CoA mutase small subunit	SO:0001217, UniRef:UniRef50_A0A5S9NCN6
contig_1	cds	3997321	3999477	+	AAFOLC_18425	scpA	methylmalonyl-CoA mutase	COG:COG2185, COG:I, EC:5.4.99.2, KEGG:K01847, SO:0001217, UniRef:UniRef50_H0XJP8, UniRef:UniRef90_UPI001AEB9DFE
contig_1	cds	3999486	4000388	+	AAFOLC_18430		Beta-lactamase	SO:0001217, UniRef:UniRef50_A0A2C9D2L3
contig_1	cds	4001080	4002267	+	AAFOLC_18435		Lipopolysaccharide biosynthesis protein	SO:0001217, UniRef:UniRef50_A0A3L7A2C8
contig_1	cds	4002641	4003849	+	AAFOLC_18440		Lipopolysaccharide biosynthesis protein	SO:0001217, UniRef:UniRef50_A0A3L7A2C8
contig_1	cds	4004040	4005977	-	AAFOLC_18445		1-deoxy-D-xylulose-5-phosphate synthase 1	SO:0001217, UniRef:UniRef50_Q16DV7
contig_1	cds	4006203	4008419	-	AAFOLC_18450		hypothetical protein	PFAM:PF13641.9
contig_1	cds	4008563	4009861	+	AAFOLC_18455		Lipase	SO:0001217, UniRef:UniRef50_A0A3L7AEH5
contig_1	cds	4009858	4010448	+	AAFOLC_18460		Methyltransferase	SO:0001217, UniRef:UniRef50_A0A380W5M9
contig_1	cds	4010688	4010957	-	AAFOLC_18465		Exodeoxyribonuclease 7 small subunit	SO:0001217, UniRef:UniRef50_B6JFI3
contig_1	cds	4011140	4012267	+	AAFOLC_18470		Putative histidyl-tRNA synthetase	SO:0001217, UniRef:UniRef50_A4Z0T2
contig_1	cds	4012264	4013241	+	AAFOLC_18475		ATP phosphoribosyltransferase	SO:0001217, UniRef:UniRef50_D7A3T9
contig_1	cds	4013507	4014850	-	AAFOLC_18480		Membrane fusion protein (MFP) family protein	SO:0001217, UniRef:UniRef50_A0A848JXJ6
contig_1	cds	4014852	4016660	-	AAFOLC_18485	prsD	Type I secretion system ATP-binding protein PrsD	SO:0001217, UniRef:UniRef50_A0A0S3PNW9
contig_1	cds	4016966	4019851	-	AAFOLC_18490		hypothetical protein	PFAM:PF00041.24
contig_1	cds	4020292	4022922	+	AAFOLC_18495		hypothetical protein	PFAM:PF01433.23, PFAM:PF11940.11, PFAM:PF17432.5, PFAM:PF17900.4
contig_1	cds	4023386	4025572	-	AAFOLC_18500		Ethanolamine ammonia-lyase	SO:0001217, UniRef:UniRef50_F8J7S9
contig_1	cds	4025605	4027053	-	AAFOLC_18505		Reactivating factor for ethanolamine ammonia lyase	SO:0001217, UniRef:UniRef50_A0A2L0FBE5
contig_1	cds	4027656	4029254	-	AAFOLC_18510		Beta-lactamase domain-containing protein	SO:0001217, UniRef:UniRef50_A0A8J3H4K5
contig_1	cds	4029444	4031759	-	AAFOLC_18515		histidine kinase	SO:0001217, UniRef:UniRef50_A0A0M6Y9D3
contig_1	cds	4031996	4034965	-	AAFOLC_18520		Bifunctional glutamine synthetase adenylyltransferase/adenylyl-removing enzyme	SO:0001217, UniRef:UniRef50_Q89QJ5
contig_1	cds	4035276	4036733	-	AAFOLC_18525		histidine kinase	SO:0001217, UniRef:UniRef50_A0A0Q6K4P5
contig_1	cds	4036743	4037456	-	AAFOLC_18530	ompR	DNA-binding response regulator, OmpR family, contains REC and winged-helix (wHTH) domain	COG:COG0745, COG:TK, SO:0001217, UniRef:UniRef50_A0A5S9NBC5, UniRef:UniRef90_A0A3L7AHS2
contig_1	cds	4037712	4039304	-	AAFOLC_18535		Periplasmic serine endoprotease DegP-like	SO:0001217, UniRef:UniRef50_Q6N137
contig_1	cds	4039556	4039951	+	AAFOLC_18540		putative lipoprotein with conserved Yx(FWY)xxD motif	SO:0001217, UniRef:UniRef50_A0A329J1G4
contig_1	cds	4040075	4040620	+	AAFOLC_18545	rpoN	RpoN	SO:0001217, UniRef:UniRef50_G8PXT4
contig_1	cds	4040617	4041444	+	AAFOLC_18550		Anti-sigma factor	SO:0001217, UniRef:UniRef50_K8P1E3
contig_1	cds	4041610	4042137	-	AAFOLC_18555		Cytochrome c-type biogenesis protein Ccl2	SO:0001217, UniRef:UniRef50_Q00501
contig_1	cds	4042143	4044131	-	AAFOLC_18560	cycK	Cytochrome c-type biogenesis protein CycK	SO:0001217, UniRef:UniRef50_P45403
contig_1	cds	4044135	4044629	-	AAFOLC_18565	ccmE	Cytochrome c-type biogenesis protein CcmE	SO:0001217, UniRef:UniRef50_Q2VZH2
contig_1	cds	4044633	4045784	-	AAFOLC_18570		Cytochrome c-type biogenesis protein	SO:0001217, UniRef:UniRef50_A8HR71
contig_1	cds	4046259	4048454	+	AAFOLC_18575		peptidoglycan glycosyltransferase	SO:0001217, UniRef:UniRef50_A0A378ZSQ2
contig_1	cds	4048552	4049346	-	AAFOLC_18580		DUF308 domain-containing protein	SO:0001217, UniRef:UniRef50_A7IKK6
contig_1	cds	4049575	4050171	+	AAFOLC_18585	sodA	Superoxide dismutase	COG:COG0605, COG:P, EC:1.15.1.1, KEGG:K04564, SO:0001217, UniRef:UniRef50_Q27740, UniRef:UniRef90_A0A258M2S4
contig_1	cds	4050616	4051605	-	AAFOLC_18590	zntB	Zinc transporter ZntB	SO:0001217, UniRef:UniRef50_A8IBE1
contig_1	cds	4051736	4053199	-	AAFOLC_18595		M20-dimer domain-containing protein	SO:0001217, UniRef:UniRef50_A0A365U2G5
contig_1	cds	4053432	4053863	-	AAFOLC_18600		Response regulatory domain-containing protein	SO:0001217, UniRef:UniRef50_A0A257Z9U8
contig_1	cds	4054101	4055684	-	AAFOLC_18605	yjgR	Uncharacterized protein YjgR	SO:0001217, UniRef:UniRef50_P39342
contig_1	cds	4055923	4056303	+	AAFOLC_18610		DUF2267 domain-containing protein	SO:0001217, UniRef:UniRef50_A8IBF0
contig_1	cds	4056369	4056776	+	AAFOLC_18615		DUF4332 domain-containing protein	SO:0001217, UniRef:UniRef50_A0A1M7C168
contig_1	tRNA	4057000	4057075	+	AAFOLC_18620	trnT	tRNA-Thr(cgt)	SO:0000270
contig_1	cds	4057254	4058012	+	AAFOLC_18625		hypothetical protein	
contig_1	cds	4057928	4058803	-	AAFOLC_18630		2-pyrone-4,6-dicarbaxylate hydrolase	SO:0001217, UniRef:UniRef50_A0A6S6ZIQ2
contig_1	cds	4058834	4059220	-	AAFOLC_18635	ridA	RidA family protein	SO:0001217, UniRef:UniRef50_A0A6P2EFD0, UniRef:UniRef90_A0A3L7A180
contig_1	cds	4059228	4060049	-	AAFOLC_18640		2-oxo-hept-4-ene-1,7-dioate hydratase	SO:0001217, UniRef:UniRef50_P42270
contig_1	cds	4060046	4060909	-	AAFOLC_18645		Ureidoglycolate lyase	SO:0001217, UniRef:UniRef50_A0A088U0H7
contig_1	cds	4060949	4061560	-	AAFOLC_18650		Flavin reductase family protein	SO:0001217, UniRef:UniRef50_A1WKJ4, UniRef:UniRef90_A0A3L7A1Z1
contig_1	cds	4061877	4062860	+	AAFOLC_18655		Twin-arginine translocation pathway signal	SO:0001217, UniRef:UniRef50_F4G4H7
contig_1	cds	4062971	4063420	+	AAFOLC_18660		hypothetical protein	
contig_1	cds	4063428	4064939	+	AAFOLC_18665		Tripartite tricarboxylate transporter permease	SO:0001217, UniRef:UniRef50_A0A1F4AVY9
contig_1	cds	4064978	4065835	-	AAFOLC_18670	iclR	IclR family transcriptional regulator	SO:0001217, UniRef:UniRef50_A0A3L7A184
contig_1	cds	4065917	4066690	+	AAFOLC_18675		Alpha-dehydro-beta-deoxy-D-glucarate aldolase	SO:0001217, UniRef:UniRef50_K0Q244
contig_1	cds	4066842	4067195	-	AAFOLC_18680		hypothetical protein	PFAM:PF12779.10
contig_1	cds	4067330	4068241	-	AAFOLC_18685		HTH lysR-type domain-containing protein	SO:0001217, UniRef:UniRef50_W0A441
contig_1	cds	4068346	4069518	+	AAFOLC_18690		MFS domain-containing protein	SO:0001217, UniRef:UniRef50_V4PE93
contig_1	cds	4069579	4070562	-	AAFOLC_18695		Oxidoreductase	SO:0001217, UniRef:UniRef50_A0A369WH84
contig_1	cds	4070601	4071353	-	AAFOLC_18700	fadR	FadR family transcriptional regulator	SO:0001217, UniRef:UniRef50_A0A506TUV4
contig_1	cds	4071501	4072712	+	AAFOLC_18705		Peripla-BP-6 domain-containing protein	SO:0001217, UniRef:UniRef50_K8P733
contig_1	cds	4072726	4073946	+	AAFOLC_18710	narK	Nitrate/nitrite transporter NarK	SO:0001217, UniRef:UniRef50_A0A4R3MBE8
contig_1	cds	4073967	4074806	+	AAFOLC_18715	echA8	Putative enoyl-CoA hydratase echA8	SO:0001217, UniRef:UniRef50_A0A6J5FXM3
contig_1	cds	4074818	4076254	+	AAFOLC_18720		Ligase	SO:0001217, UniRef:UniRef50_A0A512DN13
contig_1	cds	4076384	4076662	-	AAFOLC_18725		PepSY domain-containing protein	SO:0001217, UniRef:UniRef50_A0A259L5Q6
contig_1	cds	4076797	4077468	+	AAFOLC_18730	qseB	Transcriptional regulatory protein QseB	SO:0001217, UniRef:UniRef50_A0A5E7TH23
contig_1	cds	4077508	4078311	+	AAFOLC_18735		(pseudo) ATP-binding protein	SO:0001217, UniRef:UniRef50_A0A2S4M6K2, UniRef:UniRef90_UPI0021034B11
contig_1	cds	4078296	4078712	+	AAFOLC_18740		hypothetical protein	PFAM:PF02518.29
contig_1	cds	4078806	4079156	+	AAFOLC_18745		Secreted protein	SO:0001217, UniRef:UniRef50_A7IQ67
contig_1	cds	4079197	4079667	+	AAFOLC_18750		Tat pathway signal protein	SO:0001217, UniRef:UniRef50_A0A1N7M902, UniRef:UniRef90_A7IQ68
contig_1	cds	4079687	4081873	+	AAFOLC_18755		Nitric oxide synthase	SO:0001217, UniRef:UniRef50_A0A0U2W273
contig_1	cds	4081920	4082192	+	AAFOLC_18760		hypothetical protein	
contig_1	cds	4082479	4082859	+	AAFOLC_18765		hypothetical protein	
contig_1	cds	4083336	4084013	+	AAFOLC_18770		hypothetical protein	
contig_1	cds	4084150	4084908	-	AAFOLC_18775		Phosphodiesterase	SO:0001217, UniRef:UniRef50_A0A6P1YLV6
contig_1	cds	4085245	4086552	+	AAFOLC_18780		ABC transporter substrate-binding protein	SO:0001217, UniRef:UniRef50_A0A126V497
contig_1	cds	4086784	4087698	+	AAFOLC_18785		ABC transmembrane type-1 domain-containing protein	SO:0001217, UniRef:UniRef50_A0A126V454
contig_1	cds	4087710	4088597	+	AAFOLC_18790		ABC transmembrane type-1 domain-containing protein	SO:0001217, UniRef:UniRef50_A0A126V440
contig_1	cds	4088609	4089682	+	AAFOLC_18795		ABC transporter domain-containing protein	SO:0001217, UniRef:UniRef50_A0A2E6Y7Y1
contig_1	cds	4089698	4090504	+	AAFOLC_18800		HTH deoR-type domain-containing protein	SO:0001217, UniRef:UniRef50_A0A126V5W5
contig_1	cds	4090494	4091309	+	AAFOLC_18805		histidinol-phosphatase	SO:0001217, UniRef:UniRef50_A0A7W5DDY6
contig_1	cds	4091676	4092371	+	AAFOLC_18810		Ni-hydr-CYTB domain-containing protein	SO:0001217, UniRef:UniRef50_A0A3L7AKI7
contig_1	cds	4092496	4092927	-	AAFOLC_18815		Cytochrome C	SO:0001217, UniRef:UniRef50_A0A257ZSR9
contig_1	cds	4093488	4095263	+	AAFOLC_18820		Asparagine synthetase (Glutamine amidotransferase) protein	SO:0001217, UniRef:UniRef50_Q5P0P7
contig_1	cds	4095285	4096973	+	AAFOLC_18825		Cyanophycin synthase	SO:0001217, UniRef:UniRef50_A0A653UYD6
contig_1	cds	4096973	4098136	+	AAFOLC_18830		osmoprotectant NAGGN system M42 family peptidase	SO:0001217, UniRef:UniRef50_A0A127CFX1, UniRef:UniRef90_A0A6P1YM08
contig_1	cds	4098382	4099407	+	AAFOLC_18835		AAA family ATPase	SO:0001217, UniRef:UniRef50_A0A178K7H9
contig_1	cds	4099427	4100392	+	AAFOLC_18840		DUF58 domain-containing protein	SO:0001217, UniRef:UniRef50_A7IDK8
contig_1	cds	4100389	4100928	+	AAFOLC_18845		DUF4381 domain-containing protein	SO:0001217, UniRef:UniRef50_A0A258M198
contig_1	cds	4100925	4102079	+	AAFOLC_18850		VWFA domain-containing protein	SO:0001217, UniRef:UniRef50_A0A0L1JT55
contig_1	cds	4102076	4104310	+	AAFOLC_18855		hypothetical protein	PFAM:PF00515.31, PFAM:PF07719.20, PFAM:PF13519.9
contig_1	cds	4104276	4106150	+	AAFOLC_18860		hypothetical protein	PFAM:PF13584.9
contig_1	cds	4106388	4109618	-	AAFOLC_18865		hypothetical protein	PFAM:PF01935.20, PFAM:PF10412.12, PFAM:PF13191.9
contig_1	cds	4109629	4110261	-	AAFOLC_18870		hypothetical protein	
contig_1	cds	4110283	4111305	-	AAFOLC_18875		hypothetical protein	
contig_1	cds	4111650	4113524	+	AAFOLC_18880		Glutaminase 1	SO:0001217, UniRef:UniRef50_Q89NA7
contig_1	cds	4113671	4114471	+	AAFOLC_18885		DUF2189 domain-containing protein	SO:0001217, UniRef:UniRef50_A0A327JT17
contig_1	cds	4114550	4115770	-	AAFOLC_18890		hypothetical protein	PFAM:PF00293.31
contig_1	cds	4116017	4117288	+	AAFOLC_18895	egtB	Ergothioneine biosynthesis protein EgtB	SO:0001217, UniRef:UniRef50_Q218M6
contig_1	cds	4117389	4118354	+	AAFOLC_18900		L-histidine N(Alpha)-methyltransferase	SO:0001217, UniRef:UniRef50_A0A6N6MPD7
contig_1	cds	4118397	4119071	-	AAFOLC_18905		DUF541 domain-containing protein	SO:0001217, UniRef:UniRef50_A0A3L7AKF2
contig_1	tRNA	4119339	4119414	+	AAFOLC_18910	trnI	tRNA-Ile2(cat)	SO:0000263
contig_1	cds	4119602	4119832	-	AAFOLC_18915		hypothetical protein	
contig_1	cds	4119837	4120094	-	AAFOLC_18920		hypothetical protein	
contig_1	cds	4120066	4120455	-	AAFOLC_18925		hypothetical protein	
contig_1	cds	4120452	4121336	-	AAFOLC_18930		N-acetylmuramidase	SO:0001217, UniRef:UniRef50_A0A6C1KR93
contig_1	cds	4121339	4122028	-	AAFOLC_18935		hypothetical protein	PFAM:PF05257.19
contig_1	cds	4122123	4122446	-	AAFOLC_18940		hypothetical protein	
contig_1	cds	4122987	4123811	-	AAFOLC_18945		hypothetical protein	
contig_1	cds	4123804	4124067	-	AAFOLC_18950		TOBE-2 domain-containing protein	SO:0001217, UniRef:UniRef50_A0A271KG88
contig_1	cds	4124077	4125258	-	AAFOLC_18955		hypothetical protein	
contig_1	cds	4125262	4132125	-	AAFOLC_18960		hypothetical protein	PFAM:PF18857.4
contig_1	cds	4132206	4132484	+	AAFOLC_18965		Transposase	SO:0001217, UniRef:UniRef50_A0A087N6S0, UniRef:UniRef90_A0A4R1HFX3
contig_1	cds	4132592	4133350	+	AAFOLC_18970		hypothetical protein	PFAM:PF00665.29, PFAM:PF13276.9, PFAM:PF13683.9
contig_1	cds	4133384	4133833	+	AAFOLC_18975		hypothetical protein	PFAM:PF00665.29, PFAM:PF13683.9
contig_1	cds	4133850	4134137	-	AAFOLC_18980		hypothetical protein	
contig_1	cds	4134628	4134921	-	AAFOLC_18985		hypothetical protein	
contig_1	cds	4135034	4135345	-	AAFOLC_18990		type II toxin-antitoxin system RelE/ParE family toxin	SO:0001217, UniRef:UniRef50_A0A1W6CWB5, UniRef:UniRef90_UPI00197DFE15
contig_1	cds	4135342	4135617	-	AAFOLC_18995		type II toxin-antitoxin system Phd/YefM family antitoxin	SO:0001217, UniRef:UniRef50_A0A7Z0I2P6, UniRef:UniRef90_UPI00123C3464
contig_1	cds	4136128	4136343	-	AAFOLC_19000		helix-turn-helix domain-containing protein	SO:0001217, UniRef:UniRef50_UPI001C91DD3F
contig_1	cds	4136455	4136733	+	AAFOLC_19005		Transposase	SO:0001217, UniRef:UniRef50_A0A087N6S0, UniRef:UniRef90_A0A4R1HFX3
contig_1	cds	4136841	4137599	+	AAFOLC_19010		hypothetical protein	PFAM:PF00665.29, PFAM:PF13276.9, PFAM:PF13683.9
contig_1	cds	4137686	4138630	-	AAFOLC_19015		HTH lysR-type domain-containing protein	SO:0001217, UniRef:UniRef50_A0A0R3NDT3
contig_1	cds	4138757	4140256	-	AAFOLC_19020	actP	Cation/acetate symporter actP	SO:0001217, UniRef:UniRef50_D2T8G6
contig_1	cds	4140253	4140579	-	AAFOLC_19025		hypothetical protein	
contig_1	cds	4140646	4140783	-	AAFOLC_19030		hypothetical protein	
contig_1	cds	4140850	4142496	+	AAFOLC_19035		Carrier domain-containing protein	SO:0001217, UniRef:UniRef50_A0A257KLF2
contig_1	cds	4142536	4142943	+	AAFOLC_19040		SnoaL-like domain-containing protein	SO:0001217, UniRef:UniRef50_A0A0R3N5I3
contig_1	cds	4142969	4143742	+	AAFOLC_19045		Enoyl-CoA hydratase/isomerase family protein	SO:0001217, UniRef:UniRef50_A0A2S6N7Q6
contig_1	cds	4143745	4144296	+	AAFOLC_19050		Carbonic anhydrase or acetyltransferase, isoleucine patch superfamily	SO:0001217, UniRef:UniRef50_A0A8G2FFC1
contig_1	cds	4144536	4145096	-	AAFOLC_19055		Resolvase	SO:0001217, UniRef:UniRef50_X6EZK6
contig_1	cds	4145435	4146349	+	AAFOLC_19060		hypothetical protein	PFAM:PF18019.4
contig_1	crispr	4146377	4146607	?			CRISPR array with 4 repeats of length 32, consensus sequence GTCGCCTCCCCCGCGGAGGCGTGGATCGAAAC and spacer length 34	SO:0001459
contig_1	CRISPR repeat	4146377	4146408	?			CRISPR repeat	
contig_1	CRISPR spacer	4146409	4146442	?			CRISPR spacer, sequence ACCTGACCTTCGCTGATCCCGGCCGGGGCGTCGC	
contig_1	CRISPR repeat	4146443	4146474	?			CRISPR repeat	
contig_1	CRISPR spacer	4146475	4146507	?			CRISPR spacer, sequence CAGACGGATGGGCTCGTTTTCACGGTCGACCTT	
contig_1	CRISPR repeat	4146508	4146539	?			CRISPR repeat	
contig_1	CRISPR spacer	4146540	4146575	?			CRISPR spacer, sequence ACCTCGCTGGTGAAATTTCTCATGGGGCCGGTGGGG	
contig_1	CRISPR repeat	4146576	4146607	?			CRISPR repeat	
contig_1	cds	4146881	4147810	-	AAFOLC_19065	lysR	LysR family transcriptional regulator	KEGG:K03566, SO:0001217, UniRef:UniRef50_Q89X38, UniRef:UniRef90_A0A3L7ALE9
contig_1	cds	4147884	4149089	+	AAFOLC_19070		MFS transporter	SO:0001217, UniRef:UniRef50_A0A837C6K7, UniRef:UniRef90_UPI001AEE0B02
contig_1	cds	4149443	4150141	-	AAFOLC_19075		DNA-binding response regulator	SO:0001217, UniRef:UniRef50_A0A1B3NGS1
contig_1	cds	4150138	4152861	-	AAFOLC_19080		histidine kinase	SO:0001217, UniRef:UniRef50_A0A352V1B3
contig_1	cds	4152881	4153471	-	AAFOLC_19085	kdpC	Potassium-transporting ATPase KdpC subunit	SO:0001217, UniRef:UniRef50_I9NNC0
contig_1	cds	4153485	4155527	-	AAFOLC_19090	kdpB	potassium-transporting ATPase subunit KdpB	SO:0001217, UniRef:UniRef50_Q98GX6, UniRef:UniRef90_UPI00216298F8
contig_1	cds	4155536	4157224	-	AAFOLC_19095		Potassium-transporting ATPase potassium-binding subunit	SO:0001217, UniRef:UniRef50_Q2RV89
contig_1	cds	4157239	4157328	-	AAFOLC_19100		hypothetical protein	
contig_1	cds	4158128	4159339	-	AAFOLC_19105		Putative acyl-CoA transferase	SO:0001217, UniRef:UniRef50_A8I2H4
contig_1	cds	4159374	4160402	-	AAFOLC_19110	dctP	TRAP transporter substrate-binding protein DctP	SO:0001217, UniRef:UniRef50_A0A6N1AXS5
contig_1	cds	4160426	4161712	-	AAFOLC_19115		TRAP transporter large permease protein	SO:0001217, UniRef:UniRef50_Q6N155
contig_1	cds	4161709	4162248	-	AAFOLC_19120		TRAP transporter small permease protein	SO:0001217, UniRef:UniRef50_A0A6N1B329
contig_1	cds	4162289	4163092	-	AAFOLC_19125	caiD	Carnitinyl-CoA dehydratase CaiD	SO:0001217, UniRef:UniRef50_F8GR77
contig_1	cds	4163100	4163843	-	AAFOLC_19130		Glucose 1-dehydrogenase	SO:0001217, UniRef:UniRef50_A0A7V0NT43
contig_1	cds	4163883	4165034	-	AAFOLC_19135		Acetyl-CoA acetyltransferase	SO:0001217, UniRef:UniRef50_A0A1L7FCK2
contig_1	cds	4165043	4165432	-	AAFOLC_19140		hypothetical protein	PFAM:PF01796.20
contig_1	cds	4165807	4166625	+	AAFOLC_19145	lysR	LysR family transcriptional regulator, glycine cleavage system transcriptional activator	SO:0001217, UniRef:UniRef50_A0A1G8UIF2
contig_1	cds	4167135	4168346	+	AAFOLC_19150		NADPH dehydrogenase	SO:0001217, UniRef:UniRef50_A0A6V7BJH4
contig_1	cds	4168630	4169901	-	AAFOLC_19155		Cysteine synthase	SO:0001217, UniRef:UniRef50_A0A0M8VDC4
contig_1	cds	4170061	4170744	-	AAFOLC_19160		FCD domain-containing protein	SO:0001217, UniRef:UniRef50_UPI001EDFF63F, UniRef:UniRef90_UPI001EDFF63F
contig_1	cds	4170983	4171900	+	AAFOLC_19165	lysR	LysR substrate-binding domain-containing protein	SO:0001217, UniRef:UniRef50_A0A1X4J294, UniRef:UniRef90_UPI001EE0DC18
contig_1	cds	4171996	4172997	+	AAFOLC_19170	dctP	TRAP transporter substrate-binding protein DctP	SO:0001217, UniRef:UniRef50_A0A1X4J287, UniRef:UniRef90_UPI001EDD0CE7
contig_1	cds	4173030	4173506	+	AAFOLC_19175		TRAP transporter small permease protein	SO:0001217, UniRef:UniRef50_A0A1Y5RJA6
contig_1	cds	4173503	4174792	+	AAFOLC_19180		TRAP transporter large permease subunit	SO:0001217, UniRef:UniRef50_K2PI07, UniRef:UniRef90_UPI001EDF9296
contig_1	cds	4174831	4175772	+	AAFOLC_19185		dihydrodipicolinate synthase family protein	SO:0001217, UniRef:UniRef50_A0A0D6ILH8, UniRef:UniRef90_UPI001EE0D03F
contig_1	cds	4175777	4178017	+	AAFOLC_19190		Biotin/methionine sulfoxide reductase	SO:0001217, UniRef:UniRef50_A0A1P8UMF6
contig_1	cds	4178021	4178800	+	AAFOLC_19195	fabG	3-oxoacyl-[acyl-carrier-protein] reductase FabG	SO:0001217, UniRef:UniRef50_A0A1Y5TE48
contig_1	cds	4178817	4180046	+	AAFOLC_19200		D-amino acid dehydrogenase	SO:0001217, UniRef:UniRef50_A0A2Z2P6M5
contig_1	cds	4180633	4181793	-	AAFOLC_19205		PNPLA domain-containing protein	SO:0001217, UniRef:UniRef50_A0A5S9NVA7
contig_1	cds	4182168	4183058	-	AAFOLC_19210	yghU	Disulfide-bond oxidoreductase YghU	SO:0001217, UniRef:UniRef50_Q46845
contig_1	cds	4183275	4184093	+	AAFOLC_19215		WYL domain-containing protein	SO:0001217, UniRef:UniRef50_A7IIW3
contig_1	cds	4184153	4185223	-	AAFOLC_19220		hypothetical protein	PFAM:PF03372.26
contig_1	cds	4185380	4186252	-	AAFOLC_19225		Alpha/beta hydrolase fold	SO:0001217, UniRef:UniRef50_A7IBP7
contig_1	cds	4186272	4188782	-	AAFOLC_19230		Alpha/beta fold hydrolase	SO:0001217, UniRef:UniRef50_A0A0E4FX88
contig_1	cds	4189282	4190529	-	AAFOLC_19235		DUF2254 domain-containing protein	SO:0001217, UniRef:UniRef50_A0A126NRT9
contig_1	tRNA	4190846	4190921	-	AAFOLC_19240	trnA	tRNA-Ala(ggc)	SO:0000254
contig_1	cds	4191065	4191463	-	AAFOLC_19245		TIGR02300 family protein	SO:0001217, UniRef:UniRef50_A8IKN1
contig_1	cds	4191661	4193049	+	AAFOLC_19250		3-phosphoshikimate 1-carboxyvinyltransferase	SO:0001217, UniRef:UniRef50_Q9R4E4
contig_1	cds	4193101	4193730	+	AAFOLC_19255		Cytidylate kinase	SO:0001217, UniRef:UniRef50_Q8U8I9
contig_1	ncRNA-region	4193784	4194003	+			Cobalamin riboswitch	RFAM:RF00174, SO:0000035
contig_1	cds	4194075	4194527	+	AAFOLC_19260		Metal-binding protein	SO:0001217, UniRef:UniRef50_A0A258IRZ9
contig_1	cds	4194524	4195555	+	AAFOLC_19265	cobW	CobW C-terminal domain-containing protein	SO:0001217, UniRef:UniRef50_V9WKP8
contig_1	cds	4195599	4198925	+	AAFOLC_19270	cobN	Cobaltochelatase subunit CobN	SO:0001217, UniRef:UniRef50_A0A5P8MWV7
contig_1	cds	4198922	4200466	+	AAFOLC_19275		Precorrin-3B synthase	SO:0001217, UniRef:UniRef50_A0A3L7APU6
contig_1	cds	4200543	4201175	+	AAFOLC_19280		Precorrin-8X methylmutase	SO:0001217, UniRef:UniRef50_P63840
contig_1	cds	4201172	4201897	+	AAFOLC_19285		Precorrin-2 C(20)-methyltransferase	SO:0001217, UniRef:UniRef50_A0A1A0CG36
contig_1	cds	4201894	4202655	+	AAFOLC_19290		Precorrin-3B C(17)-methyltransferase	SO:0001217, UniRef:UniRef50_P21640
contig_1	cds	4202622	4203410	-	AAFOLC_19295		Precorrin-6A/cobalt-precorrin-6A reductase	SO:0001217, UniRef:UniRef50_A0A142M673
contig_1	cds	4203445	4204677	+	AAFOLC_19300		Precorrin-6Y C(5,15)-methyltransferase [decarboxylating]	SO:0001217, UniRef:UniRef50_P21921
contig_1	cds	4204674	4205060	+	AAFOLC_19305		CbiG-C domain-containing protein	SO:0001217, UniRef:UniRef50_A0A1E3W5R4
contig_1	cds	4205057	4205818	+	AAFOLC_19310		Precorrin-4 C(11)-methyltransferase	SO:0001217, UniRef:UniRef50_P21922
contig_1	cds	4205824	4206993	-	AAFOLC_19315		Cobalt-precorrin-5B C(1)-methyltransferase	SO:0001217, UniRef:UniRef50_Q8UBQ6
contig_1	cds	4207056	4208396	+	AAFOLC_19320		Hydrogenobyrinate a,c-diamide synthase	SO:0001217, UniRef:UniRef50_Q8UBQ8
contig_1	cds	4208418	4208621	-	AAFOLC_19325		CTP synthetase	SO:0001217, UniRef:UniRef50_J6UHF8
contig_1	cds	4208763	4209368	+	AAFOLC_19330		hypothetical protein	PFAM:PF08241.15, PFAM:PF13489.9, PFAM:PF13649.9
contig_1	cds	4209522	4209743	+	AAFOLC_19335		Phage protein	SO:0001217, UniRef:UniRef50_A7IKG0
contig_1	cds	4209849	4211327	+	AAFOLC_19340		Aldehyde dehydrogenase	SO:0001217, UniRef:UniRef50_A0A0A5GJS8
contig_1	cds	4211407	4212804	-	AAFOLC_19345		Chromate efflux transporter	SO:0001217, UniRef:UniRef50_A0A849MU64
contig_1	cds	4212814	4213635	-	AAFOLC_19350		hypothetical protein	PFAM:PF00581.23
contig_1	ncRNA-region	4213633	4213719	-			chrB-a RNA	RFAM:RF03078, SO:0005836
contig_1	cds	4213808	4214668	-	AAFOLC_19355		Macromolecule metabolism	SO:0001217, UniRef:UniRef50_A0A0H5BPP0
contig_1	cds	4214907	4215812	+	AAFOLC_19360		Metallophosphoesterase	SO:0001217, UniRef:UniRef50_A7IF22
contig_1	cds	4215848	4216000	+	AAFOLC_19365		hypothetical protein	
contig_1	cds	4216053	4216544	+	AAFOLC_19370		Spy/CpxP family protein refolding chaperone	SO:0001217, UniRef:UniRef50_A0A3L7AHT0
contig_1	cds	4216843	4218126	+	AAFOLC_19375		MFS domain-containing protein	SO:0001217, UniRef:UniRef50_A0A0S6UQ15
contig_1	cds	4218368	4218805	+	AAFOLC_19380		Signal peptide protein	SO:0001217, UniRef:UniRef50_A7IF25
contig_1	cds	4218852	4219766	-	AAFOLC_19385	lysR	Bacterial regulatory helix-turn-helix, lysR family protein	SO:0001217, UniRef:UniRef50_A0A1B3NHI5
contig_1	cds	4219867	4220295	+	AAFOLC_19390	doxX	DoxX family protein	SO:0001217, UniRef:UniRef50_A0A091B040
contig_1	cds	4220324	4222999	-	AAFOLC_19395		DUF2339 domain-containing protein	SO:0001217, UniRef:UniRef50_A7IF34
contig_1	cds	4223533	4223817	-	AAFOLC_19400		Signal peptide protein	SO:0001217, UniRef:UniRef50_A0A6C1KAW6
contig_1	cds	4224113	4225147	+	AAFOLC_19405	asd	aspartate-semialdehyde dehydrogenase	COG:COG0136, COG:E, SO:0001217, UniRef:UniRef50_V4TF94, UniRef:UniRef90_A7IHG5
contig_1	cds	4225483	4226406	-	AAFOLC_19410	nmoR	HTH-type transcriptional regulator NmoR	SO:0001217, UniRef:UniRef50_Q9HWH8
contig_1	cds	4226526	4227671	+	AAFOLC_19415		Nitronate monooxygenase	SO:0001217, UniRef:UniRef50_A0A6J5BGK3
contig_1	cds	4227909	4229081	-	AAFOLC_19420	paaJ	Acetyl-CoA acetyltransferase	COG:COG0183, COG:I, SO:0001217, UniRef:UniRef50_A0A0H2M4T5, UniRef:UniRef90_A0A3L7AG78
contig_1	cds	4229186	4230883	-	AAFOLC_19425		Formate--tetrahydrofolate ligase	SO:0001217, UniRef:UniRef50_Q83WS0
contig_1	cds	4230995	4231381	+	AAFOLC_19430		DUF4260 domain-containing protein	SO:0001217, UniRef:UniRef50_D7CR18
contig_1	cds	4231395	4233104	-	AAFOLC_19435		Glutamine-dependent NAD(+) synthetase	SO:0001217, UniRef:UniRef50_Q03638
contig_1	cds	4233171	4234388	-	AAFOLC_19440	hemW	Heme chaperone HemW	SO:0001217, UniRef:UniRef50_A0A679KF54
contig_1	cds	4234394	4235029	-	AAFOLC_19445		dITP/XTP pyrophosphatase	SO:0001217, UniRef:UniRef50_F7QH69
contig_1	cds	4235026	4235742	-	AAFOLC_19450	rph	ribonuclease PH	COG:COG0689, COG:J, EC:2.7.7.56, GO:0000049, GO:0000175, GO:0006364, GO:0008033, GO:0009022, GO:0016075, SO:0001217, UniRef:UniRef50_A7IID4, UniRef:UniRef90_A7IID4
contig_1	cds	4235946	4237046	+	AAFOLC_19455	hrcA	Heat-inducible transcription repressor HrcA	SO:0001217, UniRef:UniRef50_B8GXP3
contig_1	cds	4237164	4237838	+	AAFOLC_19460	grpE	Protein GrpE	SO:0001217, UniRef:UniRef50_A0A1B3NIG2
contig_1	cds	4237951	4238520	-	AAFOLC_19465	efp	elongation factor P	COG:COG0231, COG:J, GO:0003746, GO:0005737, SO:0001217, UniRef:UniRef50_P0A3B5, UniRef:UniRef90_A7IID0
contig_1	cds	4238682	4239752	+	AAFOLC_19470		Elongation factor P-(R)-beta-lysine ligase	SO:0001217, UniRef:UniRef50_A0A1R3TVE8
contig_1	cds	4239765	4240076	-	AAFOLC_19475		Anti-sigma factor antagonist	SO:0001217, UniRef:UniRef50_A7IIC8
contig_1	cds	4240166	4241782	-	AAFOLC_19480		Phosphate:Na+ symporter	SO:0001217, UniRef:UniRef50_A0A258DWY3
contig_1	cds	4242180	4242632	-	AAFOLC_19485		ATP-binding protein	SO:0001217, UniRef:UniRef50_A0A3L6ZXK0
contig_1	cds	4242642	4243004	-	AAFOLC_19490		Anti-sigma factor antagonist	SO:0001217, UniRef:UniRef50_A0A848JQX9
contig_1	cds	4243266	4245257	-	AAFOLC_19495		MFS domain-containing protein	SO:0001217, UniRef:UniRef50_A0A257ZS76
contig_1	cds	4245254	4245934	-	AAFOLC_19500		Histidine kinase	SO:0001217, UniRef:UniRef50_A0A848K018
contig_1	cds	4246100	4246846	+	AAFOLC_19505		HAMP domain-containing protein	SO:0001217, UniRef:UniRef50_A7IIC1
contig_1	cds	4246836	4247678	+	AAFOLC_19510		CHASE5 domain-containing protein	SO:0001217, UniRef:UniRef50_A8HSV5
contig_1	cds	4247678	4249735	+	AAFOLC_19515	rsbU	Sigma-B regulation protein RsbU (Phosphoserine phosphatase)	SO:0001217, UniRef:UniRef50_A0A7Y9IXW8
contig_1	cds	4249824	4251032	+	AAFOLC_19520		MFS transporter	SO:0001217, UniRef:UniRef50_A0A3L6ZX99
contig_1	cds	4251190	4252581	-	AAFOLC_19525		FAD-binding PCMH-type domain-containing protein	SO:0001217, UniRef:UniRef50_A0A1X0SZQ8
contig_1	cds	4252795	4253337	+	AAFOLC_19530	rimM	Ribosome maturation factor RimM	SO:0001217, UniRef:UniRef50_A7IIB1
contig_1	cds	4253402	4254127	+	AAFOLC_19535		tRNA (guanine-N(1)-)-methyltransferase	SO:0001217, UniRef:UniRef50_Q98EE1
contig_1	cds	4254232	4254669	+	AAFOLC_19540	rplS	50S ribosomal protein L19	COG:COG0335, COG:J, GO:0003735, GO:0005840, GO:0006412, GO:1990904, KEGG:K02884, SO:0001217, UniRef:UniRef50_Q6ND68, UniRef:UniRef90_A7IIA9
contig_1	cds	4254765	4255700	-	AAFOLC_19545		Glycosyltransferase	SO:0001217, UniRef:UniRef50_A7IIA8
contig_1	cds	4255697	4257295	-	AAFOLC_19550		hypothetical protein	
contig_1	cds	4257741	4258331	+	AAFOLC_19555		Response regulator receiver and ANTAR domain protein	SO:0001217, UniRef:UniRef50_A7IIA5
contig_1	cds	4258328	4259461	+	AAFOLC_19560		Nitrate transporter	SO:0001217, UniRef:UniRef50_A0A327LAA3
contig_1	cds	4259885	4260025	+	AAFOLC_19565		hypothetical protein	
contig_1	cds	4260085	4260513	+	AAFOLC_19570		Nitric oxide dioxygenase	SO:0001217, UniRef:UniRef50_A0A0N7LZA9
contig_1	cds	4260666	4262447	+	AAFOLC_19575		Precorrin-3B synthase	SO:0001217, UniRef:UniRef50_A0A1B3NPJ6
contig_1	cds	4262444	4264081	+	AAFOLC_19580		Sulfite reductase	SO:0001217, UniRef:UniRef50_V5SBE4
contig_1	cds	4264409	4264942	-	AAFOLC_19585	ppa	inorganic diphosphatase	COG:C, COG:COG0221, SO:0001217, UniRef:UniRef50_O67501, UniRef:UniRef90_A7II95
contig_1	cds	4264995	4265546	-	AAFOLC_19590		N-acetyltransferase domain-containing protein	SO:0001217, UniRef:UniRef50_K8P065
contig_1	cds	4265812	4266126	+	AAFOLC_19595		CcmF-C domain-containing protein	SO:0001217, UniRef:UniRef50_A8IPR0
contig_1	cds	4266281	4266937	+	AAFOLC_19600	msrA	Peptide methionine sulfoxide reductase MsrA	SO:0001217, UniRef:UniRef50_G9PPQ8
contig_1	cds	4267377	4269098	+	AAFOLC_19605		Cytochrome C	SO:0001217, UniRef:UniRef50_A0A421BJD7
contig_1	cds	4269521	4270210	+	AAFOLC_19610		FAA-hydrolase domain-containing protein	SO:0001217, UniRef:UniRef50_K8P9Y9
contig_1	cds	4270328	4271068	-	AAFOLC_19615		Adenosylcobinamide amidohydrolase	SO:0001217, UniRef:UniRef50_A0A6C1SPT3
contig_1	cds	4271065	4272321	-	AAFOLC_19620		Nodulation protein E	SO:0001217, UniRef:UniRef50_P04683
contig_1	cds	4272318	4272602	-	AAFOLC_19625		Acyl carrier protein	SO:0001217, UniRef:UniRef50_A0A848K925
contig_1	cds	4273943	4277656	+	AAFOLC_19630		HAD-IIIC family phosphatase	SO:0001217, UniRef:UniRef50_A0A858X1M1
contig_1	cds	4277640	4278449	+	AAFOLC_19635		hypothetical protein	PFAM:PF01648.23
contig_1	cds	4278687	4280033	+	AAFOLC_19640		hypothetical protein	PFAM:PF13533.9, PFAM:PF16576.8
contig_1	cds	4280049	4283183	+	AAFOLC_19645		Acriflavine resistance protein B	SO:0001217, UniRef:UniRef50_A0A0S6UYM9
contig_1	cds	4283180	4286290	+	AAFOLC_19650		Acriflavine resistance protein B	SO:0001217, UniRef:UniRef50_A0A858XAC4
contig_1	cds	4286357	4287211	+	AAFOLC_19655		Hydrolase-4 domain-containing protein	SO:0001217, UniRef:UniRef50_A0A2V3U8W8
contig_1	cds	4287277	4288074	-	AAFOLC_19660		ABC-type nitrate/sulfonate/bicarbonate transport system ATPase component	SO:0001217, UniRef:UniRef50_Q3SUV4
contig_1	cds	4288071	4289450	-	AAFOLC_19665		Amidase domain-containing protein	SO:0001217, UniRef:UniRef50_A0A1Z9PZM0
contig_1	cds	4289546	4290553	-	AAFOLC_19670	tauA	Taurinebinding periplasmic protein TauA	SO:0001217, UniRef:UniRef50_A0A160UFU3
contig_1	cds	4290624	4291451	-	AAFOLC_19675	tauC	Taurine transport system permease protein tauC	SO:0001217, UniRef:UniRef50_M1FLU6
contig_1	cds	4291448	4292752	-	AAFOLC_19680		M20 family peptidase	SO:0001217, UniRef:UniRef50_A0A4P7XGI8
contig_1	cds	4292889	4293785	+	AAFOLC_19685		HTH lysR-type domain-containing protein	SO:0001217, UniRef:UniRef50_A0A2D7F5T4
contig_1	cds	4294334	4295557	+	AAFOLC_19690		Putative formyl-CoA transferase	SO:0001217, UniRef:UniRef50_B3RD63
contig_1	cds	4295616	4296611	+	AAFOLC_19695		ABC transporter substrate-binding protein	SO:0001217, UniRef:UniRef50_B3RD64
contig_1	cds	4296619	4297410	+	AAFOLC_19700	echA8	Putative enoyl-CoA hydratase echA8	SO:0001217, UniRef:UniRef50_A0A3S4BZJ2
contig_1	cds	4297441	4298082	+	AAFOLC_19705		hypothetical protein	
contig_1	cds	4298293	4298757	+	AAFOLC_19710	tctB	Tripartite tricarboxylate transporter TctB family protein	SO:0001217, UniRef:UniRef50_A7IEY7
contig_1	cds	4298767	4300266	+	AAFOLC_19715		tripartite tricarboxylate transporter permease	KEGG:K07793, SO:0001217, UniRef:UniRef50_P70795, UniRef:UniRef90_UPI001EE048B6
contig_1	cds	4300850	4300951	+	AAFOLC_19720		hypothetical protein	
contig_1	cds	4301023	4301853	-	AAFOLC_19725		hypothetical protein	PFAM:PF09339.13
contig_1	cds	4301973	4302959	+	AAFOLC_19730		Tripartite tricarboxylate transporter substrate binding protein	SO:0001217, UniRef:UniRef50_A0A0T5NRQ7
contig_1	cds	4303015	4303569	+	AAFOLC_19735		hypothetical protein	
contig_1	cds	4303575	4305071	+	AAFOLC_19740		C4-dicarboxylate ABC transporter permease	SO:0001217, UniRef:UniRef50_H0J1I0
contig_1	cds	4305217	4306974	+	AAFOLC_19745		Acetolactate synthase large subunit	SO:0001217, UniRef:UniRef50_A0A0D6HTB5
contig_1	cds	4307055	4307819	-	AAFOLC_19750		Carbon monoxide dehydrogenase	SO:0001217, UniRef:UniRef50_A0A0T6Z469
contig_1	cds	4307833	4308234	-	AAFOLC_19755		aldehyde dehydrogenase family protein	SO:0001217, UniRef:UniRef50_UPI000E65057A
contig_1	cds	4308231	4308551	-	AAFOLC_19760		(pseudo) aldehyde dehydrogenase family protein	SO:0001217, UniRef:UniRef50_A0A7H4ME11, UniRef:UniRef90_UPI001F26D017
contig_1	cds	4308704	4309834	-	AAFOLC_19765		S-(Hydroxymethyl)glutathione dehydrogenase	SO:0001217, UniRef:UniRef50_A0A0J6CAC8
contig_1	cds	4309969	4310844	+	AAFOLC_19770		Carbon monoxide dehydrogenase medium chain	SO:0001217, UniRef:UniRef50_C3MI42
contig_1	cds	4310841	4311323	+	AAFOLC_19775		Caffeine dehydrogenase subunit gamma	SO:0001217, UniRef:UniRef50_D7REY5
contig_1	cds	4311320	4313704	+	AAFOLC_19780		Carbon-monoxide dehydrogenase large subunit	SO:0001217, UniRef:UniRef50_A0A7W6X571
contig_1	cds	4313738	4315282	-	AAFOLC_19785		Long-chain-fatty-acid--CoA ligase protein	SO:0001217, UniRef:UniRef50_A0A060I759
contig_1	cds	4315326	4316075	-	AAFOLC_19790		3-oxoacyl-[acyl-carrier-protein] reductase	SO:0001217, UniRef:UniRef50_C3MI50
contig_1	cds	4316138	4316899	-	AAFOLC_19795	attM	N-acyl homoserine lactonase AttM	SO:0001217, UniRef:UniRef50_A0A0S3PZX8
contig_1	cds	4316931	4317704	-	AAFOLC_19800		2,3-dehydroadipyl-CoA hydratase	SO:0001217, UniRef:UniRef50_A0A0S3Q002
contig_1	cds	4317714	4318172	-	AAFOLC_19805		putative thioesterase	SO:0001217, UniRef:UniRef50_Q0KBV1
contig_1	cds	4318580	4319827	+	AAFOLC_19810		Peripla-BP-6 domain-containing protein	SO:0001217, UniRef:UniRef50_A0A0X8HCF9
contig_1	cds	4319901	4320965	-	AAFOLC_19815		Transcriptional regulator	SO:0001217, UniRef:UniRef50_K8PTM7
contig_1	cds	4321404	4322312	-	AAFOLC_19820	lysR	LysR substrate-binding domain-containing protein	SO:0001217, UniRef:UniRef50_UPI0007DA279D, UniRef:UniRef90_UPI001EE149B2
contig_1	cds	4322665	4323918	+	AAFOLC_19825		ABC transporter substrate-binding protein	SO:0001217, UniRef:UniRef50_UPI0004ACD8BA, UniRef:UniRef90_UPI0004ACD8BA
contig_1	cds	4323923	4324711	+	AAFOLC_19830		ABC transporter domain-containing protein	SO:0001217, UniRef:UniRef50_A0A0D7PR01
contig_1	cds	4324698	4325408	+	AAFOLC_19835		ABC transporter ATP-binding protein	SO:0001217, UniRef:UniRef50_UPI001BD33D07, UniRef:UniRef90_UPI00045E7101
contig_1	cds	4325458	4326321	+	AAFOLC_19840		branched-chain amino acid ABC transporter permease	SO:0001217, UniRef:UniRef50_UPI001EDF7B19, UniRef:UniRef90_UPI001EDF7B19
contig_1	cds	4326324	4327340	+	AAFOLC_19845		branched-chain amino acid ABC transporter permease	SO:0001217, UniRef:UniRef50_UPI001EDF3EAC, UniRef:UniRef90_UPI001EDF3EAC
contig_1	cds	4327385	4327873	+	AAFOLC_19850		ester cyclase	SO:0001217, UniRef:UniRef50_A0A4D7B0I5, UniRef:UniRef90_UPI00045EB696
contig_1	cds	4327918	4328568	+	AAFOLC_19855	nthA	nitrile hydratase subunit alpha	SO:0001217, UniRef:UniRef50_P29378, UniRef:UniRef90_UPI00045EA061
contig_1	cds	4328565	4329227	+	AAFOLC_19860		Nitrile hydratase subunit beta	SO:0001217, UniRef:UniRef50_A0A5A7YHZ7
contig_1	cds	4329211	4329582	+	AAFOLC_19865		Nitrile hydratase	SO:0001217, UniRef:UniRef50_A0A0J6SZT0
contig_1	cds	4329582	4330949	+	AAFOLC_19870		Indoleacetamide hydrolase	SO:0001217, UniRef:UniRef50_A0A257KIP0
contig_1	cds	4331135	4332001	+	AAFOLC_19875	tauB	Taurine import ATP-binding protein TauB	SO:0001217, UniRef:UniRef50_F8JEK6
contig_1	cds	4332013	4332789	+	AAFOLC_19880		ABC-type nitrate/sulfonate/bicarbonate transport system, permease component	SO:0001217, UniRef:UniRef50_Q2W666
contig_1	cds	4332814	4333755	+	AAFOLC_19885		ABC-type nitrate/sulfonate/bicarbonate transport system substrate-binding protein	SO:0001217, UniRef:UniRef50_A0A4R3LX01
contig_1	cds	4333869	4335017	+	AAFOLC_19890		Metallophos domain-containing protein	SO:0001217, UniRef:UniRef50_A0A7X2FYF6
contig_1	cds	4335121	4335864	+	AAFOLC_19895		Crp/Fnr family transcriptional regulator	SO:0001217, UniRef:UniRef50_A0A431MBK6
contig_1	cds	4336291	4337196	-	AAFOLC_19900		Carbonate dehydratase	SO:0001217, UniRef:UniRef50_B8GUA3
contig_1	cds	4337318	4338022	+	AAFOLC_19905		Putative quercetin 2,3-dioxygenase sll1773	SO:0001217, UniRef:UniRef50_P73623
contig_1	cds	4338088	4338804	+	AAFOLC_19910		Isochorismatase family protein	SO:0001217, UniRef:UniRef50_L1KIQ6
contig_1	cds	4338834	4339199	+	AAFOLC_19915		Transposase	SO:0001217, UniRef:UniRef50_A0A0F7KXK4
contig_1	cds	4339175	4339591	+	AAFOLC_19920		DDE-Tnp-1 domain-containing protein	SO:0001217, UniRef:UniRef50_A0A512BXH1
contig_1	cds	4339692	4340261	+	AAFOLC_19925		ABM domain-containing protein	SO:0001217, UniRef:UniRef50_A0A1I2F1K2
contig_1	cds	4340400	4342289	+	AAFOLC_19930		Amidohydrolase 3	SO:0001217, UniRef:UniRef50_A0A379KFS3
contig_1	cds	4342301	4342762	+	AAFOLC_19935	doxX	DoxX family protein	SO:0001217, UniRef:UniRef50_Q1LCF3
contig_1	cds	4342759	4343445	+	AAFOLC_19940		DUF1275 domain-containing protein	SO:0001217, UniRef:UniRef50_A0A679JPC2
contig_1	cds	4343958	4344254	+	AAFOLC_19945		Transposase	SO:0001217, UniRef:UniRef50_A0A259KUN9
contig_1	cds	4344251	4345078	+	AAFOLC_19950		Tropinesterase	SO:0001217, UniRef:UniRef50_A0A5S9NBR4
contig_1	cds	4345150	4345911	+	AAFOLC_19955		HTH gntR-type domain-containing protein	SO:0001217, UniRef:UniRef50_K8PTL3
contig_1	cds	4345939	4347048	-	AAFOLC_19960		S-(Hydroxymethyl)glutathione dehydrogenase/alcohol dehydrogenase	SO:0001217, UniRef:UniRef50_A0A7W7Z6Y8, UniRef:UniRef90_A0A848K581
contig_1	cds	4347053	4347775	-	AAFOLC_19965	lptB	Lipopolysaccharide export system ATP-binding protein LptB	SO:0001217, UniRef:UniRef50_A0A380W7T0
contig_1	cds	4347775	4348578	-	AAFOLC_19970	lptB	Lipopolysaccharide export system ATP-binding protein LptB	SO:0001217, UniRef:UniRef50_A0A0S3PZG0
contig_1	cds	4348582	4349598	-	AAFOLC_19975		Branched-chain amino acid ABC transporter permease	SO:0001217, UniRef:UniRef50_K8PTK8
contig_1	cds	4349595	4350476	-	AAFOLC_19980		Branched-chain amino acid transport system permease protein	SO:0001217, UniRef:UniRef50_K8PGD5, UniRef:UniRef90_A0A848K7J4
contig_1	cds	4350489	4351766	-	AAFOLC_19985		Peripla-BP-6 domain-containing protein	SO:0001217, UniRef:UniRef50_A0A0S3PZG3
contig_1	cds	4352114	4352914	+	AAFOLC_19990		Fatty acid hydroxylase domain-containing protein	SO:0001217, UniRef:UniRef50_F8BVD5
contig_1	cds	4352946	4353350	+	AAFOLC_19995		DUF3429 domain-containing protein	SO:0001217, UniRef:UniRef50_A0A848K2N1
contig_1	cds	4353458	4353643	+	AAFOLC_20000		Cytochrome-c oxidase, cbb3-type subunit I	SO:0001217, UniRef:UniRef50_A0A533J2I3
contig_1	cds	4353718	4354092	+	AAFOLC_20005		ABM domain-containing protein	SO:0001217, UniRef:UniRef50_B9JAS7
contig_1	cds	4354441	4354842	+	AAFOLC_20010		hypothetical protein	
contig_1	cds	4354844	4355311	+	AAFOLC_20015		DUF2924 domain-containing protein	SO:0001217, UniRef:UniRef50_A0A1E3GWR1
contig_1	cds	4355304	4356803	+	AAFOLC_20020		Recombinase family protein	SO:0001217, UniRef:UniRef50_A0A0Q6KI25
contig_1	tRNA	4357055	4357128	-	AAFOLC_20025	trnQ	tRNA-Gln(ctg)	SO:0000261
contig_1	cds	4357391	4357597	+	AAFOLC_20030		DUF1127 domain-containing protein	SO:0001217, UniRef:UniRef50_A0A3L7A365
contig_1	cds	4357930	4360056	-	AAFOLC_20035		peptidoglycan glycosyltransferase	SO:0001217, UniRef:UniRef50_A4YUV4
contig_1	cds	4360053	4365335	-	AAFOLC_20040		Alpha-2-macroglobulin	SO:0001217, UniRef:UniRef50_A0A848K5H0
contig_1	cds	4365492	4366109	-	AAFOLC_20045		Putative glycosyl transferase, family 2	SO:0001217, UniRef:UniRef50_A7IKE4
contig_1	cds	4366364	4366618	+	AAFOLC_20050		DUF3467 domain-containing protein	SO:0001217, UniRef:UniRef50_A0A6S6QS07
contig_1	cds	4366788	4367114	-	AAFOLC_20055		Class I SAM-dependent methyltransferase	SO:0001217, UniRef:UniRef50_A0A191ZEK3
contig_1	cds	4367282	4367575	+	AAFOLC_20060		PRTRC system protein C	SO:0001217, UniRef:UniRef50_A7IJF3
contig_1	cds	4367956	4369530	+	AAFOLC_20065	leuA	2-isopropylmalate synthase	COG:COG0119, COG:E, SO:0001217, UniRef:UniRef50_Q89GB0, UniRef:UniRef90_A7IEY5
contig_1	cds	4370156	4370617	+	AAFOLC_20070	tctB	Tripartite tricarboxylate transporter TctB family protein	SO:0001217, UniRef:UniRef50_A7IEY7
contig_1	cds	4370628	4372127	+	AAFOLC_20075		Tripartite tricarboxylate transporter permease	SO:0001217, UniRef:UniRef50_H6RNU4, UniRef:UniRef90_A0A258JQK3
contig_1	tRNA	4372299	4372374	+	AAFOLC_20080	trnK	tRNA-Lys(ctt)	SO:0000265
contig_1	cds	4373163	4374644	-	AAFOLC_20085		Tripartite tricarboxylate transporter permease	SO:0001217, UniRef:UniRef50_A0A1F4AVY9
contig_1	cds	4374649	4375089	-	AAFOLC_20090	tctB	Tripartite tricarboxylate transporter TctB family protein	SO:0001217, UniRef:UniRef50_A0A285SGG2
contig_1	cds	4375073	4375783	-	AAFOLC_20095	gntR	Transcriptional regulator, GntR family	SO:0001217, UniRef:UniRef50_A0A285SH82
contig_1	cds	4375810	4376664	-	AAFOLC_20100		Alpha/beta hydrolase fold	SO:0001217, UniRef:UniRef50_A0A2X1GMG4
contig_1	cds	4376714	4377295	-	AAFOLC_20105		Peptide synthetase	SO:0001217, UniRef:UniRef50_C5AL67
contig_1	cds	4377399	4378373	-	AAFOLC_20110		Tripartite tricarboxylate transporter substrate binding protein	SO:0001217, UniRef:UniRef50_A0A257ZMZ4
contig_1	cds	4378564	4380393	+	AAFOLC_20115	xoxF	Putative dehydrogenase XoxF	SO:0001217, UniRef:UniRef50_P29968
contig_1	cds	4380542	4382167	-	AAFOLC_20120		TRAP transporter large permease protein	SO:0001217, UniRef:UniRef50_A0A0K0Y7T4
contig_1	cds	4382173	4382853	-	AAFOLC_20125		TRAP transporter small permease protein	SO:0001217, UniRef:UniRef50_A0A2R4MIV3
contig_1	cds	4383113	4384117	-	AAFOLC_20130	dctP	TRAP transporter solute receptor, DctP family protein	SO:0001217, UniRef:UniRef50_Q0G0B7
contig_1	cds	4384470	4385834	-	AAFOLC_20135	tyrR	Transcriptional regulatory protein TyrR	SO:0001217, UniRef:UniRef50_A0A3M5PEF6
contig_1	cds	4385911	4387746	-	AAFOLC_20140		C4-dicarboxylate transport sensor protein	SO:0001217, UniRef:UniRef50_A0A2D8K6Q5
contig_1	cds	4387892	4389010	-	AAFOLC_20145		Alanine racemase	SO:0001217, UniRef:UniRef50_A0A6S6QT88
contig_1	cds	4389007	4389687	-	AAFOLC_20150	gntR	GntR family transcriptional regulator	SO:0001217, UniRef:UniRef50_A0A259KZQ0
contig_1	cds	4389814	4391022	-	AAFOLC_20155		Alanine-glyoxylate transaminase/serine-glyoxylate transaminase/serine-pyruvate transaminase	SO:0001217, UniRef:UniRef50_A0A7W6SFU7
contig_1	cds	4391122	4394088	+	AAFOLC_20160		D-lactate dehydrogenase	SO:0001217, UniRef:UniRef50_A8LNG3
contig_1	cds	4394231	4395208	+	AAFOLC_20165		TRAP transporter substrate-binding protein	SO:0001217, UniRef:UniRef50_K2JUH2
contig_1	cds	4395480	4396088	+	AAFOLC_20170		TRAP transporter small permease protein	SO:0001217, UniRef:UniRef50_A0A2H5EZT9
contig_1	cds	4396085	4397380	+	AAFOLC_20175		TRAP transporter large permease protein	SO:0001217, UniRef:UniRef50_V4YLJ6, UniRef:UniRef90_A0A3L7AP35
contig_1	cds	4397462	4398709	+	AAFOLC_20180		Formyl-coenzyme A transferase	SO:0001217, UniRef:UniRef50_A0A380WBC1
contig_1	cds	4398706	4399482	+	AAFOLC_20185		Methylmalonyl-CoA decarboxylase	SO:0001217, UniRef:UniRef50_A0A380WD84
contig_1	cds	4399687	4399866	+	AAFOLC_20190		DUF465 domain-containing protein	SO:0001217, UniRef:UniRef50_J7QIV5
contig_1	cds	4400874	4402688	+	AAFOLC_20195		ATP-binding protein Uup	SO:0001217, UniRef:UniRef50_A0A0X8CHY1
contig_1	cds	4403032	4403217	+	AAFOLC_20200	tatB	Twin arginine-targeting protein translocase TatB	SO:0001217, UniRef:UniRef50_A0A4U8YXN1
contig_1	cds	4403452	4404693	+	AAFOLC_20205	argJ	Arginine biosynthesis bifunctional protein ArgJ	SO:0001217, UniRef:UniRef50_Q9A3Y4
contig_1	cds	4404690	4405094	+	AAFOLC_20210		(Deoxy)nucleoside triphosphate pyrophosphohydrolase	SO:0001217, UniRef:UniRef50_A0A651FVE5, UniRef:UniRef90_A0A3L7AM75
contig_1	cds	4405117	4405971	+	AAFOLC_20215	eamA	EamA family transporter	SO:0001217, UniRef:UniRef50_A0A160NTW5
contig_1	cds	4405997	4406848	+	AAFOLC_20220		SDR family NAD(P)-dependent oxidoreductase	SO:0001217, UniRef:UniRef50_A0A0S2EKD7
contig_1	cds	4407015	4408124	+	AAFOLC_20225		3-isopropylmalate dehydrogenase	SO:0001217, UniRef:UniRef50_P24404
contig_1	cds	4408229	4408591	-	AAFOLC_20230		(2Fe-2S) ferredoxin domain-containing protein	SO:0001217, UniRef:UniRef50_Q9ANL5
contig_1	cds	4408927	4409649	-	AAFOLC_20235	fabG	NAD(P)-dependent dehydrogenase, short-chain alcohol dehydrogenase family	COG:COG1028, COG:I, SO:0001217, UniRef:UniRef50_P50204, UniRef:UniRef90_A0A3L7APQ0
contig_1	cds	4409865	4411043	-	AAFOLC_20240	paaJ	Acetyl-CoA acetyltransferase	COG:COG0183, COG:I, SO:0001217, UniRef:UniRef50_Q5XI22, UniRef:UniRef90_A7IJZ5
contig_1	cds	4411285	4411920	+	AAFOLC_20245	phaR	Polyhydroxyalkanoate synthesis repressor PhaR	SO:0001217, UniRef:UniRef50_Q6NCE2
contig_1	cds	4412264	4412668	-	AAFOLC_20250		Transmembrane protein	SO:0001217, UniRef:UniRef50_A0A3L7AM94
contig_1	cds	4412933	4413118	-	AAFOLC_20255	rpmF	50S ribosomal protein L32	COG:COG0333, COG:J, GO:0003735, GO:0006412, GO:0015934, SO:0001217, UniParc:UPI000BD66D49, UniRef:UniRef100_A0A258M019, UniRef:UniRef50_A5ETH1, UniRef:UniRef90_A8IJI4
contig_1	cds	4413641	4414570	+	AAFOLC_20260		Parvulin-like PPIase	SO:0001217, UniRef:UniRef50_A0A1M3NMI8
contig_1	cds	4414646	4415143	-	AAFOLC_20265		4HBT domain-containing protein	SO:0001217, UniRef:UniRef50_A0A3G9IFI5
contig_1	cds	4415251	4416192	-	AAFOLC_20270		SAM-dependent methyltransferase	SO:0001217, UniRef:UniRef50_A0A3L7ARC5
contig_1	cds	4416386	4416889	+	AAFOLC_20275		HTH marR-type domain-containing protein	SO:0001217, UniRef:UniRef50_A0A2U1W112
contig_1	cds	4416886	4417335	+	AAFOLC_20280		Lipoprotein	SO:0001217, UniRef:UniRef50_A0A0N0KK65
contig_1	cds	4417354	4417749	-	AAFOLC_20285		DUF1850 domain-containing protein	SO:0001217, UniRef:UniRef50_A0A7U7B2I4
contig_1	cds	4417746	4419851	-	AAFOLC_20290		C4-dicarboxylate ABC transporter	SO:0001217, UniRef:UniRef50_G8Q9I3
contig_1	cds	4420048	4420989	-	AAFOLC_20295		C4-dicarboxylate ABC transporter	SO:0001217, UniRef:UniRef50_G8Q9I4
contig_1	cds	4421261	4422571	+	AAFOLC_20300		Glycerate kinase hydroxypyruvate reductase	SO:0001217, UniRef:UniRef50_G7ZDB2
contig_1	cds	4422837	4423487	+	AAFOLC_20305		N-acetyltransferase domain-containing protein	SO:0001217, UniRef:UniRef50_A0A258ZGL2
contig_1	cds	4423561	4423890	-	AAFOLC_20310	qacF	Quaternary ammonium compound-resistance protein QacF	SO:0001217, UniRef:UniRef50_Q9X2N9
contig_1	cds	4424066	4424614	+	AAFOLC_20315		hypothetical protein	PFAM:PF03061.25, PFAM:PF14539.9
contig_1	cds	4424628	4425341	+	AAFOLC_20320		Sugar fermentation stimulation -like protein	SO:0001217, UniRef:UniRef50_Q2RWF6
contig_1	cds	4425480	4426349	+	AAFOLC_20325	map	type I methionyl aminopeptidase	COG:COG0024, COG:J, SO:0001217, UniRef:UniRef50_A0A3M1PKV8, UniRef:UniRef90_A7IJU0
contig_1	cds	4426360	4427064	+	AAFOLC_20330	radC	DNA repair protein RadC	KEGG:K03630, SO:0001217, UniRef:UniRef50_A0A0D1P1K2, UniRef:UniRef90_A0A3L7A664
contig_1	cds	4427398	4428219	-	AAFOLC_20335		Pom domain-containing protein	SO:0001217, UniRef:UniRef50_A7ICM1
contig_1	cds	4428430	4429230	-	AAFOLC_20340		Inh domain-containing protein	SO:0001217, UniRef:UniRef50_A0A6C1KIS6
contig_1	cds	4429323	4430279	-	AAFOLC_20345	gyaR	Glyoxylate reductase GyaR	SO:0001217, UniRef:UniRef50_A0A066PN66
contig_1	cds	4430610	4431671	+	AAFOLC_20350	ugpC	sn-glycerol-3-phosphate import ATP-binding protein UgpC	SO:0001217, UniRef:UniRef50_A0A0S3Q0G0
contig_1	cds	4431797	4433107	+	AAFOLC_20355		ABC transporter substrate-binding protein	SO:0001217, UniRef:UniRef50_A0A2Z3IKE9
contig_1	cds	4433330	4434274	+	AAFOLC_20360	ugpA	ABC-type sugar transport system, permease component	COG:COG1175, COG:G, SO:0001217, UniRef:UniRef50_A7ICL6, UniRef:UniRef90_A7ICL6
contig_1	cds	4434468	4435370	+	AAFOLC_20365	ugpE	ABC-type glycerol-3-phosphate transport system, permease component	COG:COG0395, COG:G, SO:0001217, UniRef:UniRef50_K8PK43, UniRef:UniRef90_A8HSS3
contig_1	cds	4435334	4435444	-	AAFOLC_20370		hypothetical protein	
contig_1	cds	4435474	4435974	+	AAFOLC_20375		UPF0114 protein SAMN05661077_0300	SO:0001217, UniRef:UniRef50_A0A1G5AEJ9
contig_1	cds	4436273	4438045	+	AAFOLC_20380	mscS	MscS family membrane protein	SO:0001217, UniRef:UniRef50_A0A1M7ZQT0
contig_1	cds	4438052	4438927	-	AAFOLC_20385		Zn-dependent hydrolase	SO:0001217, UniRef:UniRef50_V4RRE0
contig_1	cds	4439187	4439327	+	AAFOLC_20390		DUF3096 domain-containing protein	SO:0001217, UniRef:UniRef50_A0A848K115
contig_1	cds	4439499	4442168	+	AAFOLC_20395	ppdK	pyruvate, phosphate dikinase	COG:COG0574, COG:G, SO:0001217, UniRef:UniRef50_A0A2N3CVA2, UniRef:UniRef90_A7ICK9
contig_1	cds	4442332	4442583	+	AAFOLC_20400		GlsB/YeaQ/YmgE family stress response membrane protein	SO:0001217, UniRef:UniRef50_A1UTE6
contig_1	cds	4442629	4443402	-	AAFOLC_20405		Ureidoglycolate lyase	SO:0001217, UniRef:UniRef50_A0A7Z0VKZ8
contig_1	cds	4443608	4444492	-	AAFOLC_20410	sucD	succinate--CoA ligase subunit alpha	COG:C, COG:COG0074, SO:0001217, UniRef:UniRef50_A0A0N4YBH2, UniRef:UniRef90_A0A258JUK7
contig_1	cds	4444492	4445694	-	AAFOLC_20415		Succinate--CoA ligase [ADP-forming] subunit beta	SO:0001217, UniRef:UniRef50_A1UQV9
contig_1	cds	4446133	4447383	-	AAFOLC_20420	frc	formyl-CoA transferase	COG:COG1804, COG:I, SO:0001217, UniRef:UniRef50_A0A239JI37, UniRef:UniRef90_A7ICK4
contig_1	cds	4447537	4447983	-	AAFOLC_20425		Signal-transducing histidine kinase, putative	SO:0001217, UniRef:UniRef50_G0ABP3
contig_1	cds	4448079	4449356	-	AAFOLC_20430	frc	formyl-CoA transferase	EC:2.8.3.16, KEGG:K07749, SO:0001217, UniRef:UniRef50_O06644, UniRef:UniRef90_A0A3L6ZUH1
contig_1	cds	4449546	4451282	-	AAFOLC_20435	oxc	oxalyl-CoA decarboxylase	EC:4.1.1.8, KEGG:K01577, SO:0001217, UniRef:UniRef50_P40149, UniRef:UniRef90_A0A3L6ZTT2
contig_1	cds	4451352	4452176	-	AAFOLC_20440	gntR	GntR family transcriptional regulator	SO:0001217, UniRef:UniRef50_A0A0M3SX34
contig_1	cds	4452322	4453839	-	AAFOLC_20445	tctA	TctA family transporter	COG:COG3333, COG:R, KEGG:K07793, SO:0001217, UniRef:UniRef50_A6X3K4, UniRef:UniRef90_A0A3L6ZTK6
contig_1	cds	4454010	4454540	-	AAFOLC_20450	tctB	Tripartite tricarboxylate transporter TctB family protein	SO:0001217, UniRef:UniRef50_H0HQ62
contig_1	cds	4454636	4455649	-	AAFOLC_20455		Tricarboxylate transporter	SO:0001217, UniRef:UniRef50_A4G235
contig_1	cds	4455949	4456797	-	AAFOLC_20460	iclR	IclR family transcriptional regulator	SO:0001217, UniRef:UniRef50_A0A6P1YJJ8
contig_1	cds	4457109	4458140	+	AAFOLC_20465		2-dehydropantoate 2-reductase	SO:0001217, UniRef:UniRef50_Q987N5
contig_1	cds	4458327	4458503	-	AAFOLC_20470		hypothetical protein	
contig_1	cds	4458792	4459523	+	AAFOLC_20475		BPH-2 domain-containing protein	SO:0001217, UniRef:UniRef50_A0A2E1XTI7
contig_1	cds	4459523	4464412	+	AAFOLC_20480		hypothetical protein	
contig_1	cds	4464574	4465233	-	AAFOLC_20485		hypothetical protein	PFAM:PF06347.16, PFAM:PF08239.14
contig_1	cds	4465342	4466067	-	AAFOLC_20490	macB	Macrolide export ATP-binding/permease protein MacB	SO:0001217, UniRef:UniRef50_A0A2C9DCZ2
contig_1	cds	4466064	4467218	-	AAFOLC_20495		ABC transporter permease	SO:0001217, UniRef:UniRef50_D7A0W4
contig_1	cds	4467215	4468471	-	AAFOLC_20500		efflux RND transporter periplasmic adaptor subunit	SO:0001217, UniRef:UniRef50_UPI0019322CB0
contig_1	cds	4468813	4469529	+	AAFOLC_20505	ompR	Transcriptional regulatory protein OmpR	SO:0001217, UniRef:UniRef50_A0A0M7APF3
contig_1	cds	4469529	4470863	+	AAFOLC_20510		histidine kinase	SO:0001217, UniRef:UniRef50_A0A7W6K3C4
contig_1	cds	4470873	4471550	-	AAFOLC_20515		DUF3313 domain-containing protein	SO:0001217, UniRef:UniRef50_UPI001933CF8E
contig_1	cds	4472214	4472423	-	AAFOLC_20520		putative cold shock protein y4cH	SO:0001217, UniRef:UniRef50_P55390
contig_1	cds	4472723	4472905	-	AAFOLC_20525		DUF1653 domain-containing protein	SO:0001217, UniRef:UniRef50_A0A3L7AMF5
contig_1	cds	4473053	4473424	+	AAFOLC_20530	ytkA	YtkA domain-containing protein	SO:0001217, UniRef:UniRef50_A0A3L7ALW4
contig_1	cds	4473478	4473732	-	AAFOLC_20535	rpsU	30S ribosomal protein S21	SO:0001217, UniRef:UniRef50_Q11B64, UniRef:UniRef90_UPI001F2F21B0
contig_1	cds	4473854	4474669	-	AAFOLC_20540		Transglutaminase-like putative cysteine protease	SO:0001217, UniRef:UniRef50_A0A560L2D0
contig_1	cds	4474774	4475574	+	AAFOLC_20545		N-formylglutamate amidohydrolase	SO:0001217, UniRef:UniRef50_A0A0K2ZLQ2
contig_1	cds	4475747	4477135	+	AAFOLC_20550		UDP-N-acetylglucosamine-peptide N-acetylglucosaminyltransferase	SO:0001217, UniRef:UniRef50_A7IFK2
contig_1	cds	4477689	4478465	-	AAFOLC_20555		Short-chain dehydrogenase	SO:0001217, UniRef:UniRef50_A0A1E3VWB5
contig_1	cds	4478703	4479440	+	AAFOLC_20560		hypothetical protein	
contig_1	cds	4479863	4480840	-	AAFOLC_20565		Diacylglycerol kinase	SO:0001217, UniRef:UniRef50_A0A258E2G4
contig_1	cds	4480935	4481348	+	AAFOLC_20570		DUF4401 domain-containing protein	SO:0001217, UniRef:UniRef50_A7II06
contig_1	cds	4481521	4482735	+	AAFOLC_20575		GGDEF domain-containing protein	SO:0001217, UniRef:UniRef50_A0A3L6ZY84
contig_1	cds	4483395	4484867	+	AAFOLC_20580	ydiU	YdiU family protein	EC:2.7.7.108, KEGG:K08997, SO:0001217, UniRef:UniRef50_Q8UGU0, UniRef:UniRef90_UPI001F2EA56A
contig_1	cds	4485560	4485838	+	AAFOLC_20585		Transposase	SO:0001217, UniRef:UniRef50_A0A087N6S0, UniRef:UniRef90_A0A4R1HFX3
contig_1	cds	4485946	4486704	+	AAFOLC_20590		hypothetical protein	PFAM:PF00665.29, PFAM:PF13276.9, PFAM:PF13683.9
contig_1	cds	4487463	4487840	+	AAFOLC_20595		Transcriptional regulator, XRE family	SO:0001217, UniRef:UniRef50_A0A061M4A3, UniRef:UniRef90_Q2RSX0
contig_1	cds	4487840	4489072	+	AAFOLC_20600	hipA	Serine/threonine protein kinase HipA, toxin component of the HipAB toxin-antitoxin module	COG:COG3550, COG:T, SO:0001217, UniRef:UniRef50_A0A1X4N457, UniRef:UniRef90_A0A317PPS4
contig_1	cds	4489433	4490947	-	AAFOLC_20605		SAVED domain-containing protein	SO:0001217, UniRef:UniRef50_A3X0C0, UniRef:UniRef90_A0A5B8G0K7
contig_1	cds	4490984	4491886	-	AAFOLC_20610		CBASS oligonucleotide cyclase	SO:0001217, UniRef:UniRef50_P0DTF7, UniRef:UniRef90_A0A5B8FI49
contig_1	cds	4491883	4492386	-	AAFOLC_20615		HORMA domain containing protein	RefSeq:WP_138579136.1, SO:0001217, UniParc:UPI00110AFECB, UniRef:UniRef100_A0A5B8G2D6, UniRef:UniRef50_A7HU62, UniRef:UniRef90_A0A5B8G2D6
contig_1	cds	4492383	4492859	-	AAFOLC_20620		DUF4287 domain-containing protein	SO:0001217, UniRef:UniRef50_P0DTF5, UniRef:UniRef90_A0A5B8G3G7
contig_1	cds	4492856	4493776	-	AAFOLC_20625		Cell division protein	SO:0001217, UniRef:UniRef50_P0DTF4, UniRef:UniRef90_A0A2D3HHT9
contig_1	cds	4494032	4494910	+	AAFOLC_20630		WYL domain-containing protein	RefSeq:WP_138579142.1, SO:0001217, UniParc:UPI00110AE227, UniRef:UniRef100_A0A5B8FXR7, UniRef:UniRef50_E3I7V7, UniRef:UniRef90_A0A5B8FXR7
contig_1	cds	4494966	4496504	+	AAFOLC_20635	hsdM	Type I restriction-modification system, DNA methylase subunit	COG:COG0286, COG:V, SO:0001217, UniRef:UniRef50_A0A1A0EWR1, UniRef:UniRef90_F2IUT8
contig_1	cds	4496702	4497688	+	AAFOLC_20640		Restriction endonuclease subunit S	EC:3.1.21.3, KEGG:K01154, SO:0001217, UniRef:UniRef50_A0A6H0ZUR6, UniRef:UniRef90_A0A5B8FIJ0
contig_1	cds	4497691	4498497	+	AAFOLC_20645		Hypoth-Ymh domain-containing protein	SO:0001217, UniRef:UniRef50_I7KYR1, UniRef:UniRef90_A0A154WFW9
contig_1	cds	4498494	4499324	+	AAFOLC_20650		Abortive infection family protein	RefSeq:WP_138579150.1, SO:0001217, UniParc:UPI00110AAA13, UniRef:UniRef100_A0A5B8G212, UniRef:UniRef50_A0A1A0EVV3, UniRef:UniRef90_A0A5B8G212
contig_1	cds	4499335	4501434	+	AAFOLC_20655		DUF262 domain-containing protein	SO:0001217, UniRef:UniRef50_Q8TN76, UniRef:UniRef90_A0A8J3DLM6
contig_1	cds	4501431	4504823	+	AAFOLC_20660		DEAD/DEAH box helicase family protein	EC:3.1.21.3, KEGG:K01153, SO:0001217, UniRef:UniRef50_A0A6N9V4X0, UniRef:UniRef90_A0A6H0ZUF5
contig_1	cds	4505286	4505591	+	AAFOLC_20665		HTH-7 domain-containing protein	SO:0001217, UniRef:UniRef50_A0A074JKT2
contig_1	cds	4505729	4514200	-	AAFOLC_20670		N,N'-diacetylchitobiose phosphorylase	SO:0001217, UniRef:UniRef50_A0A3P4B887
contig_1	cds	4514383	4514604	-	AAFOLC_20675		Transcriptional regulator	SO:0001217, UniRef:UniRef50_A0A4U8YW02, UniRef:UniRef90_UPI001F3E6882
contig_1	cds	4515000	4515302	-	AAFOLC_20680		Excisionase	SO:0001217, UniRef:UniRef50_A0A4Q0M8H3
contig_1	cds	4515312	4515440	-	AAFOLC_20685	yuzL	YuzL family protein	SO:0001217, UniRef:UniRef50_D7A6K2
contig_1	cds	4515647	4515859	-	AAFOLC_20690		Cold-shock protein	KEGG:K03704, SO:0001217, UniRef:UniRef50_A0A5E7YCI7, UniRef:UniRef90_A0A3L7AJ45
contig_1	cds	4516251	4517114	+	AAFOLC_20695		transglutaminase family protein	SO:0001217, UniRef:UniRef50_W0AFS4, UniRef:UniRef90_UPI001F241FB1
contig_1	cds	4517109	4517690	-	AAFOLC_20700	nhaA	Na+/H+ antiporter NhaA	SO:0001217, UniRef:UniRef50_UPI001C66E0FE
contig_1	cds	4517913	4518281	+	AAFOLC_20705		Putative transposase of unassigned insertion sequence	SO:0001217, UniRef:UniRef50_A0A258UYS3, UniRef:UniRef90_W8IEU1
contig_1	cds	4518350	4518667	+	AAFOLC_20710		DDE-Tnp-1 domain-containing protein	SO:0001217, UniRef:UniRef50_A0A2T7TRA1
contig_1	tRNA	4519705	4519781	-	AAFOLC_20715	trnR	tRNA-Arg(cct)	SO:0001036
contig_1	cds	4519974	4520834	+	AAFOLC_20720		Nuclease	SO:0001217, UniRef:UniRef50_A0A3L6ZY77
contig_1	cds	4520879	4522336	+	AAFOLC_20725		Peptidase-M48 domain-containing protein	SO:0001217, UniRef:UniRef50_A4YKZ8
contig_1	cds	4522666	4523271	-	AAFOLC_20730		OmpA-like domain-containing protein	SO:0001217, UniRef:UniRef50_A0A259K5T8
contig_1	cds	4523313	4523732	-	AAFOLC_20735		Cysteine rich repeat protein	SO:0001217, UniRef:UniRef50_A0A259K618
contig_1	cds	4524413	4526125	+	AAFOLC_20740	rpsA	30S ribosomal protein S1	COG:COG0539, COG:J, SO:0001217, UniRef:UniRef50_P14129, UniRef:UniRef90_A0A7W2GWY2
contig_1	cds	4526238	4526465	+	AAFOLC_20745		hypothetical protein	
contig_1	cds	4526963	4527961	+	AAFOLC_20750		Biotin-lipoyl-2 domain-containing protein	SO:0001217, UniRef:UniRef50_U7P6G3
contig_1	cds	4527958	4530684	+	AAFOLC_20755		Putative ABC transporter (Protein fusion consisting of two ATP-binding domains and permease)	SO:0001217, UniRef:UniRef50_A0A090E357
contig_1	cds	4530686	4531870	+	AAFOLC_20760		Transport permease protein	SO:0001217, UniRef:UniRef50_C0B3D5
contig_1	cds	4531895	4532443	-	AAFOLC_20765		hypothetical protein	
contig_1	cds	4532542	4533162	+	AAFOLC_20770		Crp/Fnr family transcriptional regulator	SO:0001217, UniRef:UniRef50_A0A4Y9LPG0
contig_1	cds	4533374	4534132	+	AAFOLC_20775	gntR	GntR family transcriptional regulator	SO:0001217, UniRef:UniRef50_A0A193GE06
contig_1	cds	4534129	4534878	+	AAFOLC_20780		ABC transporter ATP-binding protein	SO:0001217, UniRef:UniRef50_A0A157MIA9
contig_1	cds	4534890	4535726	+	AAFOLC_20785		ABC transmembrane type-1 domain-containing protein	SO:0001217, UniRef:UniRef50_A0A2G8RC68
contig_1	cds	4535787	4536767	+	AAFOLC_20790		NMT1 domain-containing protein	SO:0001217, UniRef:UniRef50_A0A2G8RC98
contig_1	cds	4536888	4537904	+	AAFOLC_20795		Beta-ketoacyl-acyl-carrier-protein synthase I	SO:0001217, UniRef:UniRef50_A0A0E8EKG6
contig_1	cds	4537917	4538336	+	AAFOLC_20800		hotdog fold thioesterase	SO:0001217, UniRef:UniRef50_A8IG34, UniRef:UniRef90_UPI001EDD5E32
contig_1	cds	4538346	4539146	+	AAFOLC_20805		Glyoxalase-like-dom domain-containing protein	SO:0001217, UniRef:UniRef50_B1M8D4
contig_1	cds	4539143	4540684	+	AAFOLC_20810		Long-chain-fatty-acid--CoA ligase	SO:0001217, UniRef:UniRef50_A0A509E5Q8
contig_1	cds	4540693	4541790	+	AAFOLC_20815		PALP domain-containing protein	SO:0001217, UniRef:UniRef50_E4N8F2
contig_1	cds	4541826	4543451	+	AAFOLC_20820		Glutathione hydrolase proenzyme	SO:0001217, UniRef:UniRef50_A0A0D6ICJ4
contig_1	cds	4544052	4545218	-	AAFOLC_20825		hypothetical protein	PFAM:PF00441.27, PFAM:PF02770.22, PFAM:PF02771.19, PFAM:PF08028.14
contig_1	cds	4545215	4546453	-	AAFOLC_20830		Acyl-CoA transferase	SO:0001217, UniRef:UniRef50_A0A157SCF4
contig_1	cds	4546553	4547578	-	AAFOLC_20835		TRAP-type C4-dicarboxylate transport system, substrate-binding protein	SO:0001217, UniRef:UniRef50_A0A1X7DQF2
contig_1	cds	4547662	4548951	-	AAFOLC_20840		TRAP transporter large permease protein	SO:0001217, UniRef:UniRef50_Q6N155
contig_1	cds	4548948	4549499	-	AAFOLC_20845		TRAP transporter small permease protein	SO:0001217, UniRef:UniRef50_F4GNR5
contig_1	cds	4549565	4550689	-	AAFOLC_20850		Carnitine dehydratase	SO:0001217, UniRef:UniRef50_A0A358SPA5
contig_1	cds	4551009	4551878	+	AAFOLC_20855	iclR	Transcriptional regulator, IclR family	SO:0001217, UniRef:UniRef50_J6J2N6
contig_1	cds	4551855	4552877	-	AAFOLC_20860		putative transport system permease protein	SO:0001217, UniRef:UniRef50_Q6N9W7
contig_1	cds	4552892	4553752	-	AAFOLC_20865		Branched-chain amino acid ABC transporter permease	SO:0001217, UniRef:UniRef50_A0A1Q3VBK3
contig_1	cds	4553771	4554475	-	AAFOLC_20870		High-affinity branched-chain amino acid transport ATP-binding protein	SO:0001217, UniRef:UniRef50_H8GP40
contig_1	cds	4554468	4555187	-	AAFOLC_20875		ABC transporter domain-containing protein	SO:0001217, UniRef:UniRef50_A0A1Q5RZZ9
contig_1	cds	4555202	4556434	-	AAFOLC_20880		ABC-type branched-chain amino acid transport system, substrate-binding protein	SO:0001217, UniRef:UniRef50_A0A1M6W171
contig_1	cds	4556701	4557741	+	AAFOLC_20885		Dioxygenase related to 2-nitropropane dioxygenase	SO:0001217, UniRef:UniRef50_A0A0U5MFN9
contig_1	cds	4557731	4559155	+	AAFOLC_20890		hypothetical protein	
contig_1	cds	4559229	4560089	-	AAFOLC_20895		Acyl dehydratase	SO:0001217, UniRef:UniRef50_R0EJT8
contig_1	cds	4560264	4561397	+	AAFOLC_20900		hypothetical protein	PFAM:PF00441.27, PFAM:PF02771.19
contig_1	cds	4561405	4562571	+	AAFOLC_20905		Acyl-CoA dehydrogenase	SO:0001217, UniRef:UniRef50_A0A0T5P1R7
contig_1	cds	4562643	4562882	+	AAFOLC_20910		hypothetical protein	
contig_1	cds	4562831	4563961	-	AAFOLC_20915		hypothetical protein	PFAM:PF00441.27, PFAM:PF02770.22, PFAM:PF02771.19, PFAM:PF08028.14
contig_1	cds	4564149	4565069	+	AAFOLC_20920		Peroxisomal multifunctional enzyme type 2	SO:0001217, UniRef:UniRef50_B7RNN2
contig_1	cds	4565080	4566525	+	AAFOLC_20925		3-hydroxy-3-methylglutaryl CoA synthase	SO:0001217, UniRef:UniRef50_D5VJH7
contig_1	cds	4566527	4567732	+	AAFOLC_20930	paaJ	acetyl-CoA acetyltransferase	COG:COG0183, COG:I, SO:0001217, UniRef:UniRef50_E3HKD7, UniRef:UniRef90_A0A2S0NF94
contig_1	cds	4567860	4569437	-	AAFOLC_20935		Putative AMP-dependent acyl-CoA synthetase	SO:0001217, UniRef:UniRef50_D4Z8A1
contig_1	cds	4569412	4570983	-	AAFOLC_20940		Long-chain-fatty-acid--CoA ligase	SO:0001217, UniRef:UniRef50_J6UCI3
contig_1	cds	4570991	4572190	-	AAFOLC_20945		Acetyl-CoA hydrolase	SO:0001217, UniRef:UniRef50_J6J2M5
contig_1	cds	4572378	4573175	+	AAFOLC_20950		putative enoyl-CoA hydratase/isomerase	SO:0001217, UniRef:UniRef50_Q6N9X5
contig_1	cds	4573214	4574437	+	AAFOLC_20955		hypothetical protein	PFAM:PF13433.9
contig_1	cds	4574561	4575817	-	AAFOLC_20960		Acetyl-CoA:oxalate CoA-transferase	SO:0001217, UniRef:UniRef50_A0A853T4G6
contig_1	cds	4576349	4577785	+	AAFOLC_20965		Aldehyde dehydrogenase 2	SO:0001217, UniRef:UniRef50_E3HNT4
contig_1	cds	4578143	4579351	+	AAFOLC_20970		Peripla-BP-6 domain-containing protein	SO:0001217, UniRef:UniRef50_A0A0S6UVG1
contig_1	cds	4579428	4580492	+	AAFOLC_20975		Enoyl reductase (ER) domain-containing protein	SO:0001217, UniRef:UniRef50_A0A2M9U521
contig_1	cds	4580838	4581185	+	AAFOLC_20980	arsC	ArsC family reductase	SO:0001217, UniRef:UniRef50_R8ATX9
contig_1	cds	4581431	4582411	+	AAFOLC_20985		Putative aryl-alcohol dehydrogenase	SO:0001217, UniRef:UniRef50_A0A1E3L016
contig_1	cds	4582841	4583098	-	AAFOLC_20990		hypothetical protein	
contig_1	cds	4583516	4587703	-	AAFOLC_20995	rpoC	DNA-directed RNA polymerase subunit beta'	COG:COG0086, COG:K, EC:2.7.7.6, GO:0000287, GO:0000428, GO:0003677, GO:0003899, GO:0006351, GO:0008270, SO:0001217, UniRef:UniRef50_Q3A6Q3, UniRef:UniRef90_A7IKQ1
contig_1	cds	4587829	4591905	-	AAFOLC_21000	rpoB	DNA-directed RNA polymerase subunit beta	COG:COG0085, COG:K, EC:2.7.7.6, GO:0000428, GO:0003677, GO:0003899, GO:0006351, GO:0032549, KEGG:K03043, SO:0001217, UniRef:UniRef50_Q92F22, UniRef:UniRef90_A8HTY8
contig_1	cds	4592174	4592545	-	AAFOLC_21005	rplL	50S ribosomal protein L7/L12	COG:COG0222, COG:J, SO:0001217, UniRef:UniRef50_P02394, UniRef:UniRef90_A0A6C1KCP9
contig_1	cds	4592616	4593134	-	AAFOLC_21010	rplJ	50S ribosomal protein L10	COG:COG0244, COG:J, SO:0001217, UniRef:UniRef50_Q6N4R7, UniRef:UniRef90_A0A3L7AH74
contig_1	cds	4593855	4594559	-	AAFOLC_21015	rplA	50S ribosomal protein L1	COG:COG0081, COG:J, KEGG:K02863, SO:0001217, UniRef:UniRef50_Q6N4R5, UniRef:UniRef90_A0A5P8MUB8
contig_1	cds	4594565	4595014	-	AAFOLC_21020		50S ribosomal protein L11	SO:0001217, UniRef:UniRef50_P62441
contig_1	cds	4595291	4595512	-	AAFOLC_21025		Cysteine rich repeat-containing protein	SO:0001217, UniRef:UniRef50_J7Q5B1
contig_1	cds	4595884	4596414	-	AAFOLC_21030	nusG	transcription termination/antitermination protein NusG	COG:COG0250, COG:K, SO:0001217, UniRef:UniRef50_C7LU64, UniRef:UniRef90_A0A1G4UVJ8
contig_1	cds	4596430	4596627	-	AAFOLC_21035	secE	preprotein translocase subunit SecE	COG:COG0690, COG:U, SO:0001217, UniRef:UniRef50_A6U845, UniRef:UniRef90_A7IKP4
contig_1	tRNA	4596913	4596989	-	AAFOLC_21040	trnW	tRNA-Trp(cca)	SO:0000271
contig_1	cds	4597169	4597741	-	AAFOLC_21045		AAA-28 domain-containing protein	SO:0001217, UniRef:UniRef50_M4S0X6
contig_1	cds	4597898	4598212	-	AAFOLC_21050		Secreted protein	SO:0001217, UniRef:UniRef50_A0A3L7ABZ6
contig_1	cds	4598264	4599454	-	AAFOLC_21055	tuf	elongation factor Tu	COG:COG0050, COG:J, GO:0003746, GO:0003924, GO:0005525, GO:0005737, GO:0097216, SO:0001217, UniRef:UniRef50_P33167, UniRef:UniRef90_Q6N4Q4
contig_1	tRNA	4599586	4599659	-	AAFOLC_21060	trnG	tRNA-Gly(tcc)	SO:0000260
contig_1	tRNA	4599890	4599974	-	AAFOLC_21065	trnY	tRNA-Tyr(gta)	SO:0000272
contig_1	cds	4600253	4601119	+	AAFOLC_21070	rlmB	23S rRNA (Guanosine-2'-O-)-methyltransferase rlmB	SO:0001217, UniRef:UniRef50_A0A1Y6KGT9
contig_1	cds	4601783	4603447	+	AAFOLC_21075		MFS domain-containing protein	SO:0001217, UniRef:UniRef50_V4PPF8
contig_1	tRNA	4603631	4603705	+	AAFOLC_21080	trnT	tRNA-Thr(tgt)	SO:0000270
contig_1	cds	4604371	4607571	+	AAFOLC_21085		Autotransporter domain-containing protein	SO:0001217, UniRef:UniRef50_A0A6P1YVD4
contig_1	cds	4607791	4608156	-	AAFOLC_21090		STAS/SEC14 domain-containing protein	SO:0001217, UniRef:UniRef50_Q1LPD1
contig_1	cds	4608274	4608402	-	AAFOLC_21095		hypothetical protein	
contig_1	cds	4608399	4609934	-	AAFOLC_21100		Putative malonyl-CoA synthase	SO:0001217, UniRef:UniRef50_A0A341EKV0, UniRef:UniRef90_A7UBQ7
contig_1	cds	4609936	4610730	-	AAFOLC_21105		Putative enoyl-CoA hydratase	SO:0001217, UniRef:UniRef50_A0A341EJM4, UniRef:UniRef90_A7UBQ6
contig_1	cds	4610759	4611463	-	AAFOLC_21110		HTH gntR-type domain-containing protein	SO:0001217, UniRef:UniRef50_A0A341EM22
contig_1	cds	4611649	4612155	+	AAFOLC_21115		TRAP transporter small permease protein	SO:0001217, UniRef:UniRef50_A0A341EN19
contig_1	cds	4612152	4613414	+	AAFOLC_21120		TRAP transporter large permease protein	SO:0001217, UniRef:UniRef50_I3TKF7
contig_1	cds	4613439	4614446	+	AAFOLC_21125		C4-dicarboxylate ABC transporter substrate-binding protein	SO:0001217, UniRef:UniRef50_A0A341EJ00
contig_1	cds	4614953	4616179	-	AAFOLC_21130		Peripla-BP-6 domain-containing protein	SO:0001217, UniRef:UniRef50_A0A0M2WML7
contig_1	cds	4616215	4617021	-	AAFOLC_21135		Short chain dehydrogenase	SO:0001217, UniRef:UniRef50_A0A146B4P5
contig_1	cds	4617123	4618742	-	AAFOLC_21140		Fatty acid CoA ligase	SO:0001217, UniRef:UniRef50_A0A157SH71
contig_1	cds	4618871	4619434	+	AAFOLC_21145	luxR	LuxR C-terminal-related transcriptional regulator	SO:0001217, UniRef:UniRef50_UPI001932E629
contig_1	cds	4619665	4619793	-	AAFOLC_21150		hypothetical protein	
contig_1	cds	4620151	4620732	+	AAFOLC_21155	ygaA	Uncharacterized membrane protein YqaA, VTT domain	COG:COG1238, COG:S, SO:0001217, UniRef:UniRef50_A0A211YW72, UniRef:UniRef90_A0A3L6ZU16
contig_1	cds	4621010	4621927	-	AAFOLC_21160		hypothetical protein	
contig_1	cds	4622648	4627276	+	AAFOLC_21165	gltB	glutamate synthase large subunit	COG:COG0070, COG:E, SO:0001217, UniRef:UniRef50_B8IJG1, UniRef:UniRef90_UPI001EE0412F
contig_1	cds	4627538	4628959	+	AAFOLC_21170		Glutamate synthase subunit beta	SO:0001217, UniRef:UniRef50_A0A1B1NLQ7, UniRef:UniRef90_A0A3L7A2Y0
contig_1	cds	4629030	4630058	+	AAFOLC_21175		Putative transcriptional regulator	SO:0001217, UniRef:UniRef50_J2J851
contig_1	cds	4630137	4631324	-	AAFOLC_21180	zapE	Cell division protein ZapE	SO:0001217, UniRef:UniRef50_A0A318TBZ7
contig_1	cds	4631535	4633787	+	AAFOLC_21185		FUSC family protein	SO:0001217, UniRef:UniRef50_A0A6C1KJ92
contig_1	cds	4633813	4634946	-	AAFOLC_21190		2'-deoxycytidine 5'-triphosphate deaminase	EC:3.5.4.13, KEGG:K01494, SO:0001217, UniRef:UniRef50_U2XP03, UniRef:UniRef90_A0A3L7ANT4
contig_1	ncRNA-region	4635033	4635113	+			SAM riboswitch (alpha-proteobacteria)	RFAM:RF00521, SO:0000035
contig_1	cds	4635199	4636419	+	AAFOLC_21195		O-succinylhomoserine sulfhydrylase	SO:0001217, UniRef:UniRef50_Q89VE2
contig_1	cds	4636679	4637071	+	AAFOLC_21200	apaG	Protein ApaG	SO:0001217, UniRef:UniRef50_Q2KCU6
contig_1	cds	4637175	4638671	+	AAFOLC_21205		Trk system potassium uptake protein	SO:0001217, UniRef:UniRef50_A8ILF0
contig_1	cds	4638680	4639435	-	AAFOLC_21210		Gluconate 5-dehydrogenase	SO:0001217, UniRef:UniRef50_D4Z756
contig_1	cds	4639596	4640732	-	AAFOLC_21215		MFS transporter	SO:0001217, UniRef:UniRef50_A8HZ35
contig_1	cds	4640729	4640878	-	AAFOLC_21220	fixS	putative fixS	SO:0001217, UniRef:UniRef50_Q6NDU2
contig_1	cds	4640878	4643082	-	AAFOLC_21225	fixI	Nitrogen fixation protein FixI	SO:0001217, UniRef:UniRef50_Q59207
contig_1	cds	4643448	4643954	-	AAFOLC_21230	fixH	Nitrogen fixation protein FixH	SO:0001217, UniRef:UniRef50_A0A127F611
contig_1	cds	4643979	4645463	-	AAFOLC_21235		4Fe-4S ferredoxin-type domain-containing protein	SO:0001217, UniRef:UniRef50_A0A062U7V6
contig_1	cds	4645824	4646705	-	AAFOLC_21240		Cbb3-type cytochrome c oxidase subunit	SO:0001217, UniRef:UniRef50_A0A0L6CZA0
contig_1	cds	4646710	4646865	-	AAFOLC_21245		Cbb3-type cytochrome oxidase component	SO:0001217, UniRef:UniRef50_A7ICH6
contig_1	cds	4646869	4647618	-	AAFOLC_21250		Cytochrome-c oxidase, cbb3-type subunit II	SO:0001217, UniRef:UniRef50_A0A3F2U0A9
contig_1	cds	4647630	4649306	-	AAFOLC_21255	ccoN	cytochrome-c oxidase, cbb3-type subunit I	COG:C, COG:COG3278, EC:7.1.1.9, KEGG:K00404, SO:0001217, UniRef:UniRef50_Q03073, UniRef:UniRef90_A0A3L7ANV6
contig_1	cds	4649693	4650859	-	AAFOLC_21260		Transport permease protein	SO:0001217, UniRef:UniRef50_A0A2P5NTI1
contig_1	cds	4650856	4651851	-	AAFOLC_21265		ABC-type multidrug transporter, ATPase component	SO:0001217, UniRef:UniRef50_Q1LRJ1
contig_1	cds	4651848	4652819	-	AAFOLC_21270	hlyD	HlyD family secretion protein	SO:0001217, UniRef:UniRef50_A0A848K0E6
contig_1	cds	4652816	4653700	-	AAFOLC_21275		hypothetical protein	PFAM:PF00440.26, PFAM:PF14246.9, PFAM:PF16859.8
contig_1	cds	4653919	4654911	-	AAFOLC_21280		Branched-chain amino acid ABC transporter permease	SO:0001217, UniRef:UniRef50_A0A074JXE2
contig_1	cds	4654934	4655596	-	AAFOLC_21285	livH	High-affinity branched-chain amino acid transport system permease protein LivH	SO:0001217, UniRef:UniRef50_A0A3E2YNL2
contig_1	cds	4655878	4657086	-	AAFOLC_21290		Peripla-BP-6 domain-containing protein	SO:0001217, UniRef:UniRef50_K8PJ35
contig_1	cds	4657141	4657857	-	AAFOLC_21295	livF	ABC-type branched-chain amino acid transport system, ATPase component LivF	COG:COG0410, COG:E, SO:0001217, UniRef:UniRef50_A0A0S3PZF4, UniRef:UniRef90_A7IF91
contig_1	cds	4657859	4658632	-	AAFOLC_21300	lptB	Lipopolysaccharide export system ATP-binding protein LptB	SO:0001217, UniRef:UniRef50_A0A3M2RGI3
contig_1	cds	4658954	4659934	-	AAFOLC_21305		hypothetical protein	
contig_1	cds	4660060	4664889	+	AAFOLC_21310		glutamate dehydrogenase	SO:0001217, UniRef:UniRef50_A0A165Z9U4
contig_1	cds	4664987	4665973	-	AAFOLC_21315		O-acetylserine sulfhydrylase	SO:0001217, UniRef:UniRef50_O32978
contig_1	cds	4666016	4666456	-	AAFOLC_21320	iscR	DNA-binding transcriptional regulator, IscR family	COG:COG1959, COG:K, SO:0001217, UniRef:UniRef50_A0A1E1V0A9, UniRef:UniRef90_A7IBE2
contig_1	cds	4666467	4666943	-	AAFOLC_21325		Deoxyuridine 5'-triphosphate nucleotidohydrolase	SO:0001217, UniRef:UniRef50_A1T7Y0
contig_1	cds	4666940	4668154	-	AAFOLC_21330		Coenzyme A biosynthesis bifunctional protein CoaBC	SO:0001217, UniRef:UniRef50_A0A1F2Z1W8
contig_1	cds	4668210	4669778	-	AAFOLC_21335		2-octaprenylphenol hydroxylase	SO:0001217, UniRef:UniRef50_A5E889
contig_1	cds	4669819	4670616	-	AAFOLC_21340	ubiE	Ubiquinone/menaquinone biosynthesis C-methyltransferase UbiE	SO:0001217, UniRef:UniRef50_Q89WD0
contig_1	cds	4670757	4670957	-	AAFOLC_21345		hypothetical protein	
contig_1	cds	4671179	4674691	-	AAFOLC_21350		histidine kinase	SO:0001217, UniRef:UniRef50_Q89V58
contig_1	cds	4674827	4675534	-	AAFOLC_21355		Esterase	SO:0001217, UniRef:UniRef50_A0A6S6QWW0
contig_1	cds	4675645	4676226	-	AAFOLC_21360	marR	Transcriptional regulator, MarR family	SO:0001217, UniRef:UniRef50_D7A071
contig_1	cds	4676366	4676794	+	AAFOLC_21365		Organic hydroperoxide resistance protein	SO:0001217, UniRef:UniRef50_V9WJF1
contig_1	cds	4676926	4677477	+	AAFOLC_21370		DUF4334 domain-containing protein	SO:0001217, UniRef:UniRef50_A0A0N7JZX6
contig_1	cds	4677578	4679164	-	AAFOLC_21375		RNA polymerase sigma-54 factor	SO:0001217, UniRef:UniRef50_P33984
contig_1	cds	4679211	4680206	-	AAFOLC_21380		Putative ABC transporter (ATP-binding protein)	SO:0001217, UniRef:UniRef50_A4YJK9
contig_1	cds	4680424	4681008	-	AAFOLC_21385	lptA	Lipopolysaccharide export system protein LptA	SO:0001217, UniRef:UniRef50_A0A5S9N9M2
contig_1	cds	4681008	4681910	-	AAFOLC_21390	lptC	LPS export ABC transporter periplasmic protein LptC	SO:0001217, UniRef:UniRef50_A0A3L7ANJ4
contig_1	cds	4682079	4682699	-	AAFOLC_21395		Ribonuclease D	SO:0001217, UniRef:UniRef50_Q3IYP8
contig_1	cds	4682945	4683412	+	AAFOLC_21400		hypothetical protein	PFAM:PF08881.13
contig_1	cds	4683530	4685386	-	AAFOLC_21405	ilvD	dihydroxy-acid dehydratase	COG:COG0129, COG:EG, EC:4.2.1.9, KEGG:K01687, SO:0001217, UniRef:UniRef50_Q1MIB2, UniRef:UniRef90_A0A6C1KCZ4
contig_1	cds	4685512	4686078	-	AAFOLC_21410		DUF6456 domain-containing protein	SO:0001217, UniRef:UniRef50_A7IBD8
contig_1	cds	4686087	4686383	-	AAFOLC_21415		Bac-DnaA-C domain-containing protein	SO:0001217, UniRef:UniRef50_A0A6C1KBR0
contig_1	cds	4686554	4687564	+	AAFOLC_21420		hypothetical protein	
contig_1	cds	4687900	4688178	+	AAFOLC_21425		Transposase	SO:0001217, UniRef:UniRef50_A0A087N6S0, UniRef:UniRef90_A0A4R1HFX3
contig_1	cds	4688286	4689044	+	AAFOLC_21430		hypothetical protein	PFAM:PF00665.29, PFAM:PF13276.9, PFAM:PF13683.9
contig_1	cds	4689047	4689997	-	AAFOLC_21435		IS1595 family transposase	KEGG:K07488, SO:0001217, UniRef:UniRef50_A0A059EF29, UniRef:UniRef90_UPI001AE5EB85
contig_1	cds	4690275	4690544	+	AAFOLC_21440		hypothetical protein	
contig_1	cds	4690910	4691323	-	AAFOLC_21445	mucR	MucR family transcriptional regulator	SO:0001217, UniRef:UniRef50_A0A0D6JJC3
contig_1	cds	4691674	4692198	+	AAFOLC_21450		hypothetical protein	
contig_1	cds	4692188	4694323	+	AAFOLC_21455	mntR	Transcriptional regulator MntR	SO:0001217, UniRef:UniRef50_A0A7X3YBV3
contig_1	cds	4694623	4695792	+	AAFOLC_21460	lptF	Lipopolysaccharide export system permease protein LptF	SO:0001217, UniRef:UniRef50_A0A858X655
contig_1	cds	4695789	4696880	+	AAFOLC_21465	lptG	LPS export ABC transporter permease LptG	SO:0001217, UniRef:UniRef50_A0A2S0N8S4
contig_1	cds	4696877	4699378	+	AAFOLC_21470	lptD	LPS-assembly protein LptD	SO:0001217, UniRef:UniRef50_A0A858WV71
contig_1	cds	4699784	4700689	+	AAFOLC_21475		SurA-N domain-containing protein	SO:0001217, UniRef:UniRef50_A8HVJ6
contig_1	cds	4700689	4701723	+	AAFOLC_21480		4-hydroxythreonine-4-phosphate dehydrogenase	SO:0001217, UniRef:UniRef50_A7IJ81
contig_1	cds	4701720	4702595	+	AAFOLC_21485	rsmA	16S rRNA (adenine(1518)-N(6)/adenine(1519)-N(6))-dimethyltransferase RsmA	SO:0001217, UniRef:UniRef50_Q9A7N5, UniRef:UniRef90_A0A3L7AN77
contig_1	cds	4702592	4703869	-	AAFOLC_21490		Flavocytochrome C sulfide dehydrogenase flavoprotein subunit	SO:0001217, UniRef:UniRef50_A0A2R4H0J5
contig_1	cds	4704029	4704553	-	AAFOLC_21495	drsE	DrsE domain-containing protein	SO:0001217, UniRef:UniRef50_A7IFH0
contig_1	cds	4704615	4704983	-	AAFOLC_21500		Cytochrome c domain-containing protein	SO:0001217, UniRef:UniRef50_A0A3L7A0U3
contig_1	cds	4704980	4705702	-	AAFOLC_21505		Cytochrome c domain-containing protein	SO:0001217, UniRef:UniRef50_K8PQJ3
contig_1	cds	4705683	4707014	-	AAFOLC_21510	soxC	SoxC protein	SO:0001217, UniRef:UniRef50_Q89PG4
contig_1	cds	4707091	4708788	-	AAFOLC_21515	soxB	Thiosulfohydrolase SoxB	SO:0001217, UniRef:UniRef50_A0A5P8MZ95
contig_1	cds	4708977	4709306	-	AAFOLC_21520	soxZ	Thiosulfate oxidation carrier complex protein SoxZ	SO:0001217, UniRef:UniRef50_A0A3L6ZZY3
contig_1	cds	4709362	4709826	-	AAFOLC_21525	soxY	SoxY domain-containing protein	SO:0001217, UniRef:UniRef50_A7IFH6
contig_1	cds	4710135	4710965	+	AAFOLC_21530	soxA	L-cysteine S-thiosulfotransferase subunit SoxA	SO:0001217, UniRef:UniRef50_D7A6E5
contig_1	cds	4710978	4711628	+	AAFOLC_21535		Cytochrome c domain-containing protein	SO:0001217, UniRef:UniRef50_A7IFH8
contig_1	cds	4711917	4712810	-	AAFOLC_21540		N-acetyltransferase domain-containing protein	SO:0001217, UniRef:UniRef50_Q1MF01
contig_1	cds	4713177	4713614	+	AAFOLC_21545		hypothetical protein	PFAM:PF01250.20
contig_1	cds	4713614	4713874	+	AAFOLC_21550	rpsR	30S ribosomal protein S18	COG:COG0238, COG:J, RefSeq:WP_237344104.1, SO:0001217, UniParc:UPI001F021D95, UniRef:UniRef100_UPI001F021D95, UniRef:UniRef50_A7IK06, UniRef:UniRef90_A0A3L7A0V1
contig_1	cds	4714060	4715022	+	AAFOLC_21555		DUF2232 domain-containing protein	SO:0001217, UniRef:UniRef50_A7IK07
contig_1	cds	4715069	4715656	+	AAFOLC_21560		50S ribosomal protein L9	SO:0001217, UniRef:UniRef50_Q9F9K6
contig_1	cds	4716028	4717293	+	AAFOLC_21565		Cyclopropane-fatty-acyl-phospholipid synthase	SO:0001217, UniRef:UniRef50_B8IBF7
contig_1	cds	4717310	4718461	-	AAFOLC_21570		ATPase-AAA-core domain-containing protein	SO:0001217, UniRef:UniRef50_A0A8H9KRL5
contig_1	cds	4718498	4719949	-	AAFOLC_21575		Sodium:proton antiporter	SO:0001217, UniRef:UniRef50_F3QGS2
contig_1	cds	4720134	4722776	+	AAFOLC_21580		Leucine--tRNA ligase	SO:0001217, UniRef:UniRef50_A8IMK0
contig_1	cds	4722763	4723413	+	AAFOLC_21585		LPS-assembly lipoprotein	SO:0001217, UniRef:UniRef50_A0A3L6ZZC1
contig_1	cds	4723418	4724452	+	AAFOLC_21590		DNA polymerase-3 subunit delta	SO:0001217, UniRef:UniRef50_A0A839Z4K4
contig_1	cds	4724529	4724957	-	AAFOLC_21595		hypothetical protein	
contig_1	cds	4725217	4727217	-	AAFOLC_21600	rpoD	RNA polymerase sigma factor RpoD	COG:COG0568, COG:K, SO:0001217, UniRef:UniRef50_B6JC58, UniRef:UniRef90_A7IEP4
contig_1	cds	4727407	4729311	-	AAFOLC_21605		DNA primase	SO:0001217, UniRef:UniRef50_J7Q8H9
contig_1	cds	4729594	4731012	+	AAFOLC_21610	alsT	Amino-acid carrier protein AlsT	SO:0001217, UniRef:UniRef50_A0A1E3H5T0
contig_1	cds	4731462	4731923	-	AAFOLC_21615		Aspartyl/glutamyl-tRNA(Asn/Gln) amidotransferase subunit B (Asp/Glu-ADT subunit B)	SO:0001217, UniRef:UniRef50_F8JEF1
contig_1	cds	4732267	4733460	+	AAFOLC_21620		Carbamoyl-phosphate synthase small chain	SO:0001217, UniRef:UniRef50_A6WZJ5
contig_1	cds	4733630	4734064	-	AAFOLC_21625		17kDa-Anti-2 domain-containing protein	SO:0001217, UniRef:UniRef50_A0A3L6ZWK6
contig_1	cds	4734346	4735740	-	AAFOLC_21630		histidine kinase	SO:0001217, UniRef:UniRef50_A0A1Q4BQI4
contig_1	cds	4735780	4736451	-	AAFOLC_21635	ompR	DNA-binding response regulator, OmpR family, contains REC and winged-helix (wHTH) domain	COG:COG0745, COG:TK, SO:0001217, UniRef:UniRef50_O31409, UniRef:UniRef90_A0A3L6ZXP8
contig_1	cds	4736674	4737039	-	AAFOLC_21640		ABC transporter permease	SO:0001217, UniRef:UniRef50_A0A3L7AHF6
contig_1	cds	4737036	4737896	-	AAFOLC_21645		N-acetylmuramidase	SO:0001217, UniRef:UniRef50_A0A6C1KR93
contig_1	cds	4737900	4738595	-	AAFOLC_21650		hypothetical protein	
contig_1	cds	4738648	4739952	-	AAFOLC_21655		hypothetical protein	PFAM:PF13472.9
contig_1	cds	4740716	4741039	-	AAFOLC_21660		MOSC-N domain-containing protein	SO:0001217, UniRef:UniRef50_A0A4R3M4V5
contig_1	cds	4741068	4741772	-	AAFOLC_21665		DUF2793 domain-containing protein	SO:0001217, UniRef:UniRef50_F2J6G7
contig_1	cds	4741830	4745729	-	AAFOLC_21670		Host specificity protein	SO:0001217, UniRef:UniRef50_A0A6P1YPR6
contig_1	cds	4745802	4746260	-	AAFOLC_21675		Murein DD-endopeptidase MepS/Murein LD-carboxypeptidase	SO:0001217, UniRef:UniRef50_A0A5P8YY18
contig_1	cds	4746257	4747147	-	AAFOLC_21680		DUF2163 domain-containing protein	SO:0001217, UniRef:UniRef50_A7IK56
contig_1	cds	4747144	4747785	-	AAFOLC_21685		TIGR02217 family protein	SO:0001217, UniRef:UniRef50_B1ZE99
contig_1	cds	4747894	4748484	+	AAFOLC_21690		hypothetical protein	
contig_1	cds	4748693	4749103	+	AAFOLC_21695		hypothetical protein	
contig_1	cds	4749123	4749698	-	AAFOLC_21700		Phage tail tape measure protein	SO:0001217, UniRef:UniRef50_A0A0K6HAE4
contig_1	cds	4749695	4749925	-	AAFOLC_21705		Phage tail assembly chaperone	SO:0001217, UniRef:UniRef50_B6JFG3
contig_1	cds	4749922	4750263	-	AAFOLC_21710		Transfer Agent	SO:0001217, UniRef:UniRef50_V5SG69
contig_1	cds	4750281	4750688	-	AAFOLC_21715		Phage major tail protein, TP901-1 family	SO:0001217, UniRef:UniRef50_Q1GHR8
contig_1	cds	4750711	4751130	-	AAFOLC_21720		DUF3168 domain-containing protein	SO:0001217, UniRef:UniRef50_A7IK47
contig_1	cds	4751127	4751429	-	AAFOLC_21725		hypothetical protein	
contig_1	cds	4751426	4751749	-	AAFOLC_21730		hypothetical protein	
contig_1	cds	4751746	4752309	-	AAFOLC_21735		PhiE125 gp8 family phage protein	SO:0001217, UniRef:UniRef50_A7IK45
contig_1	cds	4752515	4753261	+	AAFOLC_21740		Peptidase S1 domain-containing protein	SO:0001217, UniRef:UniRef50_A0A5S9ND04
contig_1	cds	4753302	4754351	+	AAFOLC_21745		Lytic transglycosylase	SO:0001217, UniRef:UniRef50_A0A259KY78
contig_1	cds	4754559	4755800	-	AAFOLC_21750		Phage major capsid protein	SO:0001217, UniRef:UniRef50_A0A376AJL5
contig_1	cds	4755811	4756335	-	AAFOLC_21755		HK97 family phage prohead protease	SO:0001217, UniRef:UniRef50_A0A4R6RAT4
contig_1	cds	4756339	4756527	-	AAFOLC_21760		Histidine kinase	SO:0001217, UniRef:UniRef50_A0A3L7AHH5
contig_1	cds	4756820	4757026	-	AAFOLC_21765		PaREP10	SO:0001217, UniRef:UniRef50_J7Q8F2
contig_1	cds	4757387	4758559	-	AAFOLC_21770		Phage portal protein	SO:0001217, UniRef:UniRef50_A0A7Z9C8I9
contig_1	cds	4759181	4759600	-	AAFOLC_21775		HPP family protein	SO:0001217, UniRef:UniRef50_A0A0Q7DVD2
contig_1	cds	4759890	4760177	+	AAFOLC_21780		Secreted protein	SO:0001217, UniRef:UniRef50_A7IK35
contig_1	cds	4760203	4761522	-	AAFOLC_21785		Terminase-6C domain-containing protein	SO:0001217, UniRef:UniRef50_A8HR25
contig_1	cds	4761476	4762072	-	AAFOLC_21790		Transposase	SO:0001217, UniRef:UniRef50_A7IK33
contig_1	cds	4762673	4763965	-	AAFOLC_21795	pncB	nicotinate phosphoribosyltransferase	EC:6.3.4.21, KEGG:K00763, SO:0001217, UniRef:UniRef50_Q89SS3, UniRef:UniRef90_A0A3L7AQN1
contig_1	cds	4764044	4764316	-	AAFOLC_21800		YARHG domain-containing protein	SO:0001217, UniRef:UniRef50_A7IHW6
contig_1	cds	4764506	4766281	+	AAFOLC_21805	gcl	glyoxylate carboligase	COG:COG3960, COG:Q, EC:4.1.1.47, KEGG:K01608, SO:0001217, UniRef:UniRef50_P0AEP8, UniRef:UniRef90_A0A3L7ANR3
contig_1	cds	4766475	4767254	+	AAFOLC_21810		Hydroxypyruvate isomerase	SO:0001217, UniRef:UniRef50_A0A264VQY3
contig_1	cds	4767282	4768157	+	AAFOLC_21815	glxR	2-hydroxy-3-oxopropionate reductase	COG:COG2084, COG:I, SO:0001217, UniRef:UniRef50_P77161, UniRef:UniRef90_A0A6C1KDP8
contig_1	cds	4768508	4770028	+	AAFOLC_21820		Pyruvate kinase	SO:0001217, UniRef:UniRef50_A0A858X759
contig_1	cds	4770492	4770965	+	AAFOLC_21825		Inorganic triphosphatase	SO:0001217, UniRef:UniRef50_A3DIJ8
contig_1	cds	4771163	4771738	-	AAFOLC_21830		SnoaL-like domain-containing protein	SO:0001217, UniRef:UniRef50_A0A7R7CQY4
contig_1	cds	4771935	4772798	-	AAFOLC_21835		Type-4 uracil-DNA glycosylase	SO:0001217, UniRef:UniRef50_H0TVJ0
contig_1	cds	4773090	4774766	+	AAFOLC_21840		Electron transfer flavoprotein-ubiquinone oxidoreductase	EC:1.5.5.1, KEGG:K00311, SO:0001217, UniRef:UniRef50_A0A4S2GWV0, UniRef:UniRef90_A0A259BPA4
contig_1	cds	4774947	4775588	-	AAFOLC_21845		OMP-b-brl domain-containing protein	SO:0001217, UniRef:UniRef50_A0A4Q1V820
contig_1	cds	4775818	4776513	-	AAFOLC_21850		OMP-b-brl domain-containing protein	SO:0001217, UniRef:UniRef50_A0A259KUP2
contig_1	cds	4776756	4777376	-	AAFOLC_21855		Porin	SO:0001217, UniRef:UniRef50_A7IHU3
contig_1	cds	4777594	4779918	+	AAFOLC_21860		UvrABC system protein C	SO:0001217, UniRef:UniRef50_Q3SPL2
contig_1	cds	4780330	4780974	+	AAFOLC_21865		CDP-diacylglycerol--glycerol-3-phosphate 3-phosphatidyltransferase/cardiolipin synthase	SO:0001217, UniRef:UniRef50_A0A7W5Z357
contig_1	cds	4780971	4781222	+	AAFOLC_21870		Molybdopterin synthase sulfur carrier subunit	SO:0001217, UniRef:UniRef50_V6F3I6
contig_1	cds	4781227	4781691	+	AAFOLC_21875		Molybdopterin synthase catalytic subunit	SO:0001217, UniRef:UniRef50_A0A1C3V3D3
contig_1	cds	4781944	4782432	+	AAFOLC_21880		Histidine kinase	SO:0001217, UniRef:UniRef50_A0A6M1LYQ7
contig_1	cds	4782533	4783318	+	AAFOLC_21885		ADP/GDP-polyphosphate phosphotransferase	SO:0001217, UniRef:UniRef50_A0A2S5N0K5
contig_1	cds	4784011	4784979	+	AAFOLC_21890		Enoyl-CoA hydratase	SO:0001217, UniRef:UniRef50_A0A845B3D4
contig_1	cds	4785029	4787527	-	AAFOLC_21895		histidine kinase	SO:0001217, UniRef:UniRef50_A0A5S9PAA3
contig_1	cds	4787511	4789697	-	AAFOLC_21900		Diguanylate cyclase	SO:0001217, UniRef:UniRef50_A0A1V2H665
contig_1	cds	4790358	4792532	-	AAFOLC_21905		Catalase-peroxidase	SO:0001217, UniRef:UniRef50_P73911
contig_1	cds	4792728	4793624	+	AAFOLC_21910	lysR	LysR family transcriptional regulator	SO:0001217, UniRef:UniRef50_A0A0D1P446
contig_1	cds	4793837	4795636	+	AAFOLC_21915		Sulfatase domain-containing protein	SO:0001217, UniRef:UniRef50_A0A512NDK7
contig_1	cds	4795801	4796307	-	AAFOLC_21920		N-acetyltransferase domain-containing protein	SO:0001217, UniRef:UniRef50_D3VFY6
contig_1	cds	4796304	4796588	-	AAFOLC_21925		DUF1778 domain-containing protein	SO:0001217, UniRef:UniRef50_A0A0K8NWM7
contig_1	cds	4797098	4797868	+	AAFOLC_21930		hypothetical protein	PFAM:PF00378.23, PFAM:PF16113.8
contig_1	tRNA	4798161	4798247	+	AAFOLC_21935	trnL	tRNA-Leu(cag)	SO:0000264
contig_1	cds	4798414	4799607	+	AAFOLC_21940		integrase arm-type DNA-binding domain-containing protein	SO:0001217, UniRef:UniRef50_A0A376ACZ7, UniRef:UniRef90_UPI002022F4AE
contig_1	cds	4800540	4800761	+	AAFOLC_21945	alpA	AlpA family phage regulatory protein	SO:0001217, UniRef:UniRef50_A0A2S4HJT0, UniRef:UniRef90_UPI002022FCDF
contig_1	cds	4800927	4801193	+	AAFOLC_21950	tnp	IS3 family transposase ORF A	SO:0001217, UniRef:UniRef50_P17985, UniRef:UniRef90_A0A1G4UTN6
contig_1	cds	4801187	4802116	+	AAFOLC_21955		IS3 family transposase	SO:0001217, UniRef:UniRef50_A0A8F7ZGV0, UniRef:UniRef90_A7ILR9
contig_1	cds	4802649	4803074	-	AAFOLC_21960		hypothetical protein	
contig_1	cds	4803147	4803425	+	AAFOLC_21965		Transposase	SO:0001217, UniRef:UniRef50_A0A087N6S0, UniRef:UniRef90_A0A4R1HFX3
contig_1	cds	4803533	4804291	+	AAFOLC_21970		hypothetical protein	PFAM:PF00665.29, PFAM:PF13276.9, PFAM:PF13683.9
contig_1	cds	4804294	4805847	-	AAFOLC_21975		hypothetical protein	
contig_1	cds	4805844	4806020	-	AAFOLC_21980		Phage tail protein I	SO:0001217, UniRef:UniRef50_B3QCP0
contig_1	cds	4806017	4806442	-	AAFOLC_21985		phage tail assembly protein	SO:0001217, UniRef:UniRef50_UPI00045E8E02
contig_1	cds	4806468	4806872	-	AAFOLC_21990		Head decoration protein	SO:0001217, UniRef:UniRef50_A0A1C2DSB8
contig_1	cds	4806900	4807811	-	AAFOLC_21995		Mu-like prophage I protein	SO:0001217, UniRef:UniRef50_A0A327KNG9
contig_1	cds	4807822	4808715	-	AAFOLC_22000		Mu-like-gpT domain-containing protein	SO:0001217, UniRef:UniRef50_A0A1L9CNE1
contig_1	cds	4808751	4809170	-	AAFOLC_22005		hypothetical protein	PFAM:PF02796.18, PFAM:PF13384.9
contig_1	cds	4809327	4809812	-	AAFOLC_22010		hypothetical protein	
contig_1	cds	4810353	4810565	-	AAFOLC_22015		hypothetical protein	
contig_1	cds	4811156	4811596	+	AAFOLC_22020		hypothetical protein	
contig_1	cds	4811674	4812216	+	AAFOLC_22025		DNA-binding protein	SO:0001217, UniRef:UniRef50_UPI000F8F3BCC
contig_1	tRNA	4812987	4813063	-	AAFOLC_22030	trnR	tRNA-Arg(acg)	SO:0001036
contig_1	cds	4813391	4814875	-	AAFOLC_22035		histidine kinase	SO:0001217, UniRef:UniRef50_A0A5S9NAP6
contig_1	cds	4815107	4815445	-	AAFOLC_22040		HPr domain-containing protein	SO:0001217, UniRef:UniRef50_A0A512IX04
contig_1	cds	4815447	4815848	-	AAFOLC_22045	manX	Phosphotransferase system, mannose/fructose-specific component IIA	COG:COG2893, COG:G, SO:0001217, UniRef:UniRef50_A0A083ZHR3, UniRef:UniRef90_A0A3L7A3P5
contig_1	cds	4815953	4816447	-	AAFOLC_22050		Hpr-kinase-C domain-containing protein	SO:0001217, UniRef:UniRef50_K8P6Z3
contig_1	cds	4816451	4818274	-	AAFOLC_22055	chvG	Sensor protein ChvG	SO:0001217, UniRef:UniRef50_P72292
contig_1	cds	4818271	4818969	-	AAFOLC_22060	ompR	DNA-binding response regulator, OmpR family, contains REC and winged-helix (wHTH) domain	COG:COG0745, COG:TK, SO:0001217, UniRef:UniRef50_A0A7S3FPR7, UniRef:UniRef90_A0A5S9Q6N5
contig_1	cds	4819304	4820017	+	AAFOLC_22065		DUF2470 domain-containing protein	SO:0001217, UniRef:UniRef50_A0A1G4S0H5
contig_1	cds	4820152	4821765	+	AAFOLC_22070		phosphoenolpyruvate carboxykinase	EC:4.1.1.49, KEGG:K01610, SO:0001217, UniRef:UniRef50_Q5SLL5, UniRef:UniRef90_A0A3L7A356
contig_1	cds	4821860	4822180	-	AAFOLC_22075		UPF0060 membrane protein Nham_2004	SO:0001217, UniRef:UniRef50_Q1QLU4
contig_1	cds	4822185	4823054	-	AAFOLC_22080		4-diphosphocytidyl-2-C-methyl-D-erythritol kinase	SO:0001217, UniRef:UniRef50_A7IF36
contig_1	cds	4823240	4824988	+	AAFOLC_22085		Beta-barrel assembly-enhancing protease	SO:0001217, UniRef:UniRef50_A0A5S9Q3I8
contig_1	cds	4825358	4825684	-	AAFOLC_22090		LapA-dom domain-containing protein	SO:0001217, UniRef:UniRef50_A8IN80
contig_1	cds	4825691	4825975	-	AAFOLC_22095	ihfB	integration host factor subunit beta	COG:COG0776, COG:L, GO:0003677, GO:0005694, GO:0006310, GO:0006355, GO:0006417, GO:0030527, SO:0001217, UniRef:UniRef50_A7IHH0, UniRef:UniRef90_A7IHH0
contig_1	cds	4826130	4827101	-	AAFOLC_22100	sohB	Putative protease sohB	SO:0001217, UniRef:UniRef50_A0A0H5BAN6
contig_1	cds	4827265	4827720	-	AAFOLC_22105		Nudix hydrolase domain-containing protein	SO:0001217, UniRef:UniRef50_A8IF00
contig_1	cds	4827758	4828360	-	AAFOLC_22110	gstA	Glutathione S-transferase GstA	SO:0001217, UniRef:UniRef50_A0A1E3GZF2
contig_1	ncRNA-region	4828473	4828572	+			TPP riboswitch (THI element)	RFAM:RF00059, SO:0000035
contig_1	cds	4828561	4829730	+	AAFOLC_22115	thiO	Glycine oxidase ThiO	SO:0001217, UniRef:UniRef50_A0A3L7A1B4
contig_1	cds	4829740	4829952	+	AAFOLC_22120	thiS	Sulfur carrier protein ThiS	SO:0001217, UniRef:UniRef50_A0A8J3FAW8
contig_1	cds	4830027	4830821	+	AAFOLC_22125	thiG	Thiazole synthase	COG:COG2022, COG:H, EC:2.8.1.10, GO:0005737, GO:0009229, GO:1990107, SO:0001217, UniRef:UniRef50_B0UHP4, UniRef:UniRef90_A8IEY6
contig_1	cds	4830840	4831472	+	AAFOLC_22130		Thiamine-phosphate synthase	SO:0001217, UniRef:UniRef50_A0A3S4B3V8
contig_1	cds	4831847	4833010	+	AAFOLC_22135	caiA	Acyl-CoA dehydrogenase related to the alkylation response protein AidB	COG:COG1960, COG:I, SO:0001217, UniRef:UniRef50_A0A157KGU4, UniRef:UniRef90_A7IF01
contig_1	cds	4833010	4834164	+	AAFOLC_22140		CoA transferase	SO:0001217, UniRef:UniRef50_A0A6L7VIE2
contig_1	cds	4834161	4835012	+	AAFOLC_22145		Mesaconyl-C(4)-CoA hydratase	SO:0001217, UniRef:UniRef50_A0A2Z2NTT8
contig_1	cds	4835006	4835815	+	AAFOLC_22150		Citrate lyase subunit beta-like protein	SO:0001217, UniRef:UniRef50_A0A0P1H1R2
contig_1	cds	4835878	4836402	-	AAFOLC_22155		CMD domain-containing protein	SO:0001217, UniRef:UniRef50_Q13PE8
contig_1	cds	4836479	4837297	-	AAFOLC_22160		Short chain dehydrogenase	SO:0001217, UniRef:UniRef50_A0A157SKK3
contig_1	cds	4837452	4838165	-	AAFOLC_22165		HTH gntR-type domain-containing protein	SO:0001217, UniRef:UniRef50_A0A0Q8AX98
contig_1	cds	4838580	4839554	+	AAFOLC_22170		MFS transporter	SO:0001217, UniRef:UniRef50_A0A0Q9IPF9
contig_1	cds	4839711	4840073	+	AAFOLC_22175		Methionine--tRNA ligase	SO:0001217, UniRef:UniRef50_A0A166DJJ1
contig_1	cds	4840078	4840941	-	AAFOLC_22180		Multifunctional CCA protein	SO:0001217, UniRef:UniRef50_V5BI28
contig_1	cds	4841026	4842405	-	AAFOLC_22185		histidine kinase	SO:0001217, UniRef:UniRef50_A0A081BD44
contig_1	cds	4842411	4843136	-	AAFOLC_22190	ompR	Two-component system, OmpR family, phosphate regulon response regulator OmpR	SO:0001217, UniRef:UniRef50_E0TFL1
contig_1	cds	4843243	4843809	-	AAFOLC_22195		HTH marR-type domain-containing protein	SO:0001217, UniRef:UniRef50_A0A0Q7TYU8
contig_1	cds	4844005	4844910	+	AAFOLC_22200		Branched-chain-amino-acid aminotransferase	SO:0001217, UniRef:UniRef50_A0A2S0XIS5
contig_1	cds	4845126	4846424	-	AAFOLC_22205		AAA family ATPase	SO:0001217, UniRef:UniRef50_A7IIG3
contig_1	cds	4846434	4847432	-	AAFOLC_22210		Bifunctional ribokinase/ribose-5-phosphate isomerase A	SO:0001217, UniRef:UniRef50_A0A509EIX3
contig_1	cds	4847793	4849958	+	AAFOLC_22215		hypothetical protein	PFAM:PF00408.23, PFAM:PF02878.19, PFAM:PF02879.19, PFAM:PF02880.19
contig_1	cds	4850675	4851316	+	AAFOLC_22220		Opacity protein and related surface antigens-like protein	SO:0001217, UniRef:UniRef50_A7IIG6
contig_1	cds	4851336	4852007	-	AAFOLC_22225		HTH tetR-type domain-containing protein	SO:0001217, UniRef:UniRef50_A8IL20
contig_1	cds	4852108	4852944	-	AAFOLC_22230		Pyrroline-5-carboxylate reductase	SO:0001217, UniRef:UniRef50_J6UHZ5
contig_1	cds	4853299	4854174	-	AAFOLC_22235	trmB	Transcriptional regulator, TrmB	SO:0001217, UniRef:UniRef50_A7IFM2
contig_1	cds	4854292	4855218	-	AAFOLC_22240		Bifunctional nitrilase/nitrile hydratase NIT4	SO:0001217, UniRef:UniRef50_A0A212KM05
contig_1	cds	4855240	4855944	-	AAFOLC_22245		ATP-binding cassette domain-containing protein	SO:0001217, UniRef:UniRef50_U2FN04, UniRef:UniRef90_UPI001F45FA10
contig_1	cds	4855937	4856692	-	AAFOLC_22250		ABC transporter ATP-binding protein	SO:0001217, UniRef:UniRef50_A0A0H4WA54
contig_1	cds	4856692	4857711	-	AAFOLC_22255		Branched-chain amino acid transport system permease protein	SO:0001217, UniRef:UniRef50_A0A1M5QYS7
contig_1	cds	4857714	4858565	-	AAFOLC_22260	livH	Branched-chain amino acid ABC-type transport system, permease component	COG:COG0559, COG:E, SO:0001217, UniRef:UniRef50_A0A0H4W767, UniRef:UniRef90_UPI001EDE157D
contig_1	cds	4858638	4859855	-	AAFOLC_22265		ABC transporter substrate-binding protein	SO:0001217, UniRef:UniRef50_A0A6S7FAR9, UniRef:UniRef90_UPI001F481F85
contig_1	cds	4860297	4861505	+	AAFOLC_22270		Leucine-, isoleucine-, valine-, threonine-, and alanine-binding protein	SO:0001217, UniRef:UniRef50_A0A6S7FAR9
contig_1	cds	4861596	4862651	+	AAFOLC_22275		Phenylacetaldoxime dehydratase	SO:0001217, UniRef:UniRef50_A0A378TIJ4
contig_1	cds	4862800	4863306	-	AAFOLC_22280	ybjN	YbjN domain-containing protein	SO:0001217, UniRef:UniRef50_Q6N1P1
contig_1	cds	4863586	4863915	-	AAFOLC_22285	ubiK	Accessory factor UbiK family protein	SO:0001217, UniRef:UniRef50_A0A4P6H9A5
contig_1	cds	4864119	4864889	-	AAFOLC_22290		CHAP domain-containing protein	SO:0001217, UniRef:UniRef50_A0A7L5Y0C6
contig_1	cds	4865164	4865982	+	AAFOLC_22295		Phosphatidylglycerol--prolipoprotein diacylglyceryl transferase	SO:0001217, UniRef:UniRef50_P60973
contig_1	cds	4865979	4867085	+	AAFOLC_22300		Class I SAM-dependent methyltransferase	SO:0001217, UniRef:UniRef50_A0A8D5WKZ5
contig_1	cds	4867082	4867849	+	AAFOLC_22305		Purine nucleoside phosphorylase	SO:0001217, UniRef:UniRef50_A0A368NK14
contig_1	cds	4867854	4868408	+	AAFOLC_22310		Alpha/beta hydrolase	SO:0001217, UniRef:UniRef50_A7IIF0
contig_1	cds	4868500	4869165	+	AAFOLC_22315		hypothetical protein	
contig_1	cds	4869246	4870199	+	AAFOLC_22320	prsA	Phosphoribosylpyrophosphate synthetase	COG:COG0462, COG:F, EC:2.7.6.1, KEGG:K00948, SO:0001217, UniRef:UniRef50_Q8PNU0, UniRef:UniRef90_A7IIF2
contig_1	cds	4870240	4871712	-	AAFOLC_22325		Trehalose-6-phosphate synthase	SO:0001217, UniRef:UniRef50_A0A127MSV7
contig_1	cds	4871718	4872491	-	AAFOLC_22330		Trehalose 6-phosphate phosphatase	SO:0001217, UniRef:UniRef50_A0A3L7AJ82
contig_1	cds	4873050	4873319	+	AAFOLC_22335		Gly-zipper-Omp domain-containing protein	SO:0001217, UniRef:UniRef50_A0A2T1HU47
contig_1	cds	4873689	4873979	+	AAFOLC_22340		hypothetical protein	
contig_1	cds	4874100	4874399	+	AAFOLC_22345	nepR	NepR domain-containing protein	SO:0001217, UniRef:UniRef50_A0A3L7AIQ4
contig_1	cds	4874809	4875867	+	AAFOLC_22350		Extensin family protein	SO:0001217, UniRef:UniRef50_A0A3L7AKL5
contig_1	cds	4875872	4876648	+	AAFOLC_22355		DUF429 domain-containing protein	SO:0001217, UniRef:UniRef50_A7IG31
contig_1	cds	4876749	4878260	+	AAFOLC_22360		Succinyl-CoA:coenzyme A transferase	SO:0001217, UniRef:UniRef50_P38946
contig_1	cds	4878321	4879655	-	AAFOLC_22365		Extracellular ligand-binding receptor protein	SO:0001217, UniRef:UniRef50_J6UGX2
contig_1	cds	4879750	4880724	+	AAFOLC_22370		Ribosomal RNA small subunit methyltransferase I	SO:0001217, UniRef:UniRef50_A0A6L5YZ47
contig_1	cds	4880717	4881103	+	AAFOLC_22375		UPF0102 protein AZC_4471	SO:0001217, UniRef:UniRef50_A8HYK3
contig_1	cds	4881686	4882639	+	AAFOLC_22380		Glutathione synthetase	SO:0001217, UniRef:UniRef50_Q89WL0
contig_1	cds	4882661	4882972	+	AAFOLC_22385		Polyhydroxyalkanoic acid synthase	SO:0001217, UniRef:UniRef50_A7IC52
contig_1	cds	4883210	4883989	-	AAFOLC_22390		2-methoxy-6-polyprenyl-1,4-benzoquinol methylase, mitochondrial	SO:0001217, UniRef:UniRef50_A0A6S7CL92
contig_1	cds	4884168	4885454	-	AAFOLC_22395		MFS domain-containing protein	SO:0001217, UniRef:UniRef50_A0A074JI30
contig_1	cds	4885590	4887122	+	AAFOLC_22400		hypothetical protein	PFAM:PF00158.29, PFAM:PF00493.26, PFAM:PF01078.24, PFAM:PF07728.17, PFAM:PF13541.9
contig_1	cds	4887466	4888110	-	AAFOLC_22405		Tat pathway signal sequence domain protein	SO:0001217, UniRef:UniRef50_A8IGD5
contig_1	cds	4888466	4889749	+	AAFOLC_22410		GNAT family N-acetyltransferase	SO:0001217, UniRef:UniRef50_A0A371B9H6
contig_1	cds	4889909	4890331	+	AAFOLC_22415		Peptide chain release factor I	SO:0001217, UniRef:UniRef50_A0A0T5PE22
contig_1	cds	4890544	4892238	-	AAFOLC_22420	recN	DNA repair protein RecN	SO:0001217, UniRef:UniRef50_A0A537N8V6
contig_1	cds	4892245	4893099	-	AAFOLC_22425	bamD	Outer membrane protein assembly factor BamD	SO:0001217, UniRef:UniRef50_A0A1B3NPM6
contig_1	cds	4893715	4894650	-	AAFOLC_22430		UDP-3-O-acyl-N-acetylglucosamine deacetylase	SO:0001217, UniRef:UniRef50_A0A161VN83
contig_1	cds	4894947	4896902	-	AAFOLC_22435	ftsZ	Cell division protein FtsZ	SO:0001217, UniRef:UniRef50_O30992
contig_1	cds	4896991	4898319	-	AAFOLC_22440	ftsA	cell division protein FtsA	COG:COG0849, COG:D, SO:0001217, UniRef:UniRef50_P0A331, UniRef:UniRef90_A7IC42
contig_1	cds	4898316	4899167	-	AAFOLC_22445	ftsQ	Cell division protein FtsQ	SO:0001217, UniRef:UniRef50_A8HZB1
contig_1	cds	4899260	4900180	-	AAFOLC_22450		D-alanine--D-alanine ligase	SO:0001217, UniRef:UniRef50_A8HZA8
contig_1	cds	4900374	4901354	-	AAFOLC_22455		UDP-N-acetylenolpyruvoylglucosamine reductase	SO:0001217, UniRef:UniRef50_Q3J4L9
contig_1	cds	4901635	4902321	+	AAFOLC_22460	yuiH	Uncharacterized oxidoreductase yuiH	SO:0001217, UniRef:UniRef50_F8J7B6
contig_1	cds	4902346	4903692	-	AAFOLC_22465		3-oxo-tetronate kinase	SO:0001217, UniRef:UniRef50_B1M1V6
contig_1	cds	4903705	4904628	-	AAFOLC_22470	ygbJ	3-hydroxyisobutyrate dehydrogenase YgbJ	SO:0001217, UniRef:UniRef50_I0HP73
contig_1	cds	4904863	4906200	-	AAFOLC_22475		Dihydrofolate synthase/folylpolyglutamate synthase	SO:0001217, UniRef:UniRef50_Q6NDN3
contig_1	cds	4906245	4907138	-	AAFOLC_22480	accD	acetyl-CoA carboxylase, carboxyltransferase subunit beta	COG:COG0777, COG:I, EC:2.1.3.15, GO:0003989, GO:0005524, GO:0006633, GO:0009317, GO:0016743, GO:2001295, SO:0001217, UniRef:UniRef50_B6JCP4, UniRef:UniRef90_A7IFZ8
contig_1	cds	4907280	4908119	-	AAFOLC_22485		Tryptophan synthase alpha chain	SO:0001217, UniRef:UniRef50_P07344
contig_1	cds	4908240	4908572	-	AAFOLC_22490		Signal peptide protein	SO:0001217, UniRef:UniRef50_A7IFZ6
contig_1	cds	4908569	4909810	-	AAFOLC_22495		Tryptophan synthase beta chain	SO:0001217, UniRef:UniRef50_Q2KE82
contig_1	cds	4909807	4910514	-	AAFOLC_22500		N-(5'-phosphoribosyl)anthranilate isomerase	SO:0001217, UniRef:UniRef50_A0A6C1KT14
contig_1	cds	4910583	4911569	-	AAFOLC_22505		NADH dehydrogenase	SO:0001217, UniRef:UniRef50_A0A7W6EG70
contig_1	cds	4911889	4912155	+	AAFOLC_22510	rpsT	30S ribosomal protein S20	KEGG:K02968, SO:0001217, UniRef:UniRef50_C1F7F1, UniRef:UniRef90_A0A3L7AK32
