id	name	formula	charge	inchikey	smiles	deltag	kegg id	ms id
cpd00443_c0	ABEE [c0]	C7H6NO2	-1	ALYNCZNDIQEVRV-UHFFFAOYSA-M	Nc1ccc(C(=O)[O-])cc1	-48.99	C00568	cpd00443
cpd02920_c0	2-Amino-4-hydroxy-6-hydroxymethyl-7-8-dihydropteridinediphosphate [c0]	C7H9N5O8P2	-2	FCQGJGLSOWZZON-UHFFFAOYSA-L	N=c1nc([O-])c2c([nH]1)NCC(COP(=O)(O)OP(=O)([O-])O)=N2	-423.61	C04807	cpd02920
cpd00012_c0	PPi [c0]	HO7P2	-3	XPPKVPWEQAFLFU-UHFFFAOYSA-L	O=P([O-])([O-])OP(=O)(O)O	-480.93	C00013	cpd00012
cpd00067_c0	H+ [c0]	H	1	GPRLSGONYQIRFK-UHFFFAOYSA-N	[H+]	-9.53	C00080	cpd00067
cpd00683_c0	Dihydropteroate [c0]	C14H13N6O3	-1	WBFYVDCHGVNRBH-UHFFFAOYSA-M	N=c1nc([O-])c2c([nH]1)NCC(CNc1ccc(C(=O)O)cc1)=N2	12.16	C00921	cpd00683
cpd00002_c0	ATP [c0]	C10H13N5O13P3	-3	ZKHQWZAMYRWXGA-KQYNXXCUSA-K	Nc1ncnc2c1ncn2C1OC(COP(=O)([O-])OP(=O)(O)OP(=O)([O-])[O-])C(O)C1O	-673.85	C00002	cpd00002
cpd00033_c0	Glycine [c0]	C2H5NO2	0	DHMQDGOQFOQNFH-UHFFFAOYSA-N	NCC(=O)O	-87.73	C00037	cpd00033
cpd00506_c0	gamma-Glutamylcysteine [c0]	C8H13N2O5S	-1	RITKHVBHSGLULN-WHFBIAKZSA-M	NC(CCC([O-])=NC(CS)C(=O)O)C(=O)O	-190.374	C00669	cpd00506
cpd00008_c0	ADP [c0]	C10H13N5O10P2	-2	XTWYTFMLZFPYCI-KQYNXXCUSA-L	Nc1ncnc2c1ncn2C1OC(COP(=O)(O)OP(=O)([O-])[O-])C(O)C1O	-465.85	C00008	cpd00008
cpd00009_c0	Phosphate [c0]	HO4P	-2	NBIIXXVUZAFLBC-UHFFFAOYSA-L	O=P([O-])([O-])O	-261.974	C00009	cpd00009
cpd00042_c0	GSH [c0]	C10H16N3O6S	-1	RWSXRVCMGQZWBV-WDSKDSINSA-M	NC(CCC([O-])=NC(CS)C(O)=NCC(=O)O)C(=O)O	-220.954	C00051	cpd00042
cpd00213_c0	Lipoamide [c0]	C8H15NOS2	0	FCCDDURTIIUXBY-SSDOTTSWSA-N	N=C(O)CCCCC1CCSS1	-21.54	C00248	cpd00213
cpd14700_c0	2-Methyl-1-hydroxypropyl-TPP [c0]	C16H25N4O8P2S	-1	SSYCSHKTIOHFEZ-UHFFFAOYSA-M	Cc1ncc(C[n+]2c(C(O)C(C)C)sc(CCOP(=O)([O-])OP(=O)([O-])O)c2C)c(=N)[nH]1	-403.72	C15976	cpd14700
cpd00056_c0	TPP [c0]	C12H17N4O7P2S	-1	AYEKOFBPNLCAJY-UHFFFAOYSA-M	Cc1ncc(C[n+]2csc(CCOP(=O)([O-])OP(=O)([O-])O)c2C)c(=N)[nH]1	-368.32	C00068	cpd00056
cpd02700_c0	S-(2-Methylpropionyl)-dihydrolipoamide [c0]	C12H23NO2S2	0	XZUKURPVWDTXGE-UHFFFAOYSA-N	CC(C)C(=O)SC(CCS)CCCCC(=N)O	-59.754	C04424	cpd02700
cpd00114_c0	IMP [c0]	C10H11N4O8P	-2	GRSZFWQUAKGDAV-KQYNXXCUSA-L	O=P([O-])(O)OCC1OC(n2cnc3c([O-])ncnc32)C(O)C1O	-313.58	C00130	cpd00114
cpd00103_c0	PRPP [c0]	C5H9O14P3	-4	PQGCEDQWHSBAJP-TXICZTDVSA-J	O=P([O-])([O-])OCC1OC(OP(=O)(O)OP(=O)([O-])[O-])C(O)C1O	-814.62	C00119	cpd00103
cpd00226_c0	HYXN [c0]	C5H4N4O	0	FDGQSTZJBFJUBT-UHFFFAOYSA-N	Oc1ncnc2[nH]cnc12	23.12	C00262	cpd00226
cpd00022_c0	Acetyl-CoA [c0]	C23H34N7O17P3S	-4	ZSLZBFCDCINBPY-ZSJPKINUSA-J	CC(=O)SCCN=C([O-])CCN=C([O-])C(O)C(C)(C)COP(=O)(O)OP(=O)(O)OCC1OC(n2cnc3c(N)ncnc32)C(O)C1OP(=O)([O-])[O-]	-785.83	C00024	cpd00022
cpd00054_c0	L-Serine [c0]	C3H7NO3	0	MTCFGRXMJLQNBG-REOHCLBHSA-N	NC(CO)C(=O)O	-124.15	C00065	cpd00054
cpd00010_c0	CoA [c0]	C21H32N7O16P3S	-4	RGJOEKWQDUBAIZ-IBOSZNHHSA-J	CC(C)(COP(=O)(O)OP(=O)(O)OCC1OC(n2cnc3c(N)ncnc32)C(O)C1OP(=O)([O-])[O-])C(O)C([O-])=NCCC([O-])=NCCS	-751.994	C00010	cpd00010
cpd00722_c0	O-Acetyl-L-serine [c0]	C5H9NO4	0	VZXPDPZARILFQX-BYPYZUCNSA-N	CC(=O)OCC(N)C(=O)O	-161.6	C00979	cpd00722
cpd00046_c0	CMP [c0]	C9H12N3O8P	-2	IERHLVCPSMICTF-XVFCMESISA-L	N=c1ccn(C2OC(COP(=O)([O-])O)C(O)C2O)c([O-])n1	-345.38	C00055	cpd00046
cpd00096_c0	CDP [c0]	C9H13N3O11P2	-2	ZWIADYZPOWUWEW-XVFCMESISA-L	N=c1ccn(C2OC(COP(=O)(O)OP(=O)([O-])O)C(O)C2O)c([O-])n1	-553.38	C00112	cpd00096
cpd00067_e0	H+ [e0]	H	1	GPRLSGONYQIRFK-UHFFFAOYSA-N	[H+]	-9.53	C00080	cpd00067
cpd00106_e0	Fumarate [e0]	C4H2O4	-2	VZCYOOQTPOCHFL-OWOJBTEDSA-L	O=C([O-])C=CC(=O)[O-]	-143.7	C00122	cpd00106
cpd00106_c0	Fumarate [c0]	C4H2O4	-2	VZCYOOQTPOCHFL-OWOJBTEDSA-L	O=C([O-])C=CC(=O)[O-]	-143.7	C00122	cpd00106
cpd00037_c0	UDP-N-acetylglucosamine [c0]	C17H25N3O17P2	-2	LFTYTUAZOPRMMI-CFRASDGPSA-L	CC([O-])=NC1C(OP(=O)(O)OP(=O)(O)OCC2OC(n3ccc([O-])nc3=O)C(O)C2O)OC(CO)C(O)C1O	-756.9	C00043	cpd00037
cpd03494_c0	Undecaprenyl-diphospho-N-acetylmuramoyl-L-alanyl-D-glutamyl-meso-2-6-diaminopimeloyl-D-alanyl-D-alanine [c0]	C87H139N7O23P2	-4	PNWZQTONLRRPST-KLDRQJOASA-J	CC(C)=CCCC(C)=CCCC(C)=CCCC(C)=CCCC(C)=CCCC(C)=CCCC(C)=CCCC(C)=CCCC(C)=CCCC(C)=CCCC(C)=CCOP(=O)(O)OP(=O)(O)OC1OC(CO)C(O)C(OC(C)C(O)=NC(C)C([O-])=NC(CCC([O-])=NC(CCCC(N)C(=O)O)C(O)=NC(C)C([O-])=NC(C)C(=O)O)C(=O)O)C1N=C(C)[O-]	-678.6	C05897	cpd03494
cpd00014_c0	UDP [c0]	C9H12N2O12P2	-2	XCCTYIAWTASOJW-XVFCMESISA-L	O=c1nc([O-])ccn1C1OC(COP(=O)(O)OP(=O)([O-])O)C(O)C1O	-605.77	C00015	cpd00014
cpd03495_c0	Undecaprenyl-diphospho-N-acetylmuramoyl--N-acetylglucosamine-L-ala-D-glu-meso-2-6-diaminopimeloyl-D-ala-D-ala [c0]	C95H152N8O28P2	-4	OXJNZXDFVLDLEI-MBCYCBSHSA-J	CC(C)=CCCC(C)=CCCC(C)=CCCC(C)=CCCC(C)=CCCC(C)=CCCC(C)=CCCC(C)=CCCC(C)=CCCC(C)=CCCC(C)=CCOP(=O)(O)OP(=O)(O)OC1OC(CO)C(OC2OC(CO)C(O)C(O)C2N=C(C)[O-])C(OC(C)C(O)=NC(C)C(O)=NC(CCC([O-])=NC(CCCC(N)C(=O)O)C(O)=NC(C)C([O-])=NC(C)C(=O)O)C(=O)O)C1N=C(C)[O-]	-831.43	C05898	cpd03495
cpd00001_c0	H2O [c0]	H2O	0	XLYOFNOQVPJJNP-UHFFFAOYSA-N	O	-56.687	C00001	cpd00001
cpd00658_c0	Isochorismate [c0]	C10H8O6	-2	NTGWPRCCOQCMGE-YUMQZZPRSA-L	C=C(OC1C=CC=C(C(=O)[O-])C1O)C(=O)[O-]	-169.49	C00885	cpd00658
cpd00020_c0	Pyruvate [c0]	C3H3O3	-1	LCTONWCANYUPML-UHFFFAOYSA-M	CC(=O)C(=O)[O-]	-112.69	C00022	cpd00020
cpd02566_c0	2,3-Dihydroxy-2,3-dihydrobenzoate [c0]	C7H7O4	-1	INCSWYKICIYAHB-WDSKDSINSA-M	O=C([O-])C1=CC=CC(O)C1O	-125.71	C04171	cpd02566
cpd11440_c0	fa6 [c0]	C16H31O2	-1			-64.07		cpd11440
cpd00018_c0	AMP [c0]	C10H12N5O7P	-2	UDMBCSSLTHHNCD-KQYNXXCUSA-L	Nc1ncnc2c1ncn2C1OC(COP(=O)([O-])[O-])C(O)C1O	-257.85	C00020	cpd00018
cpd11441_c0	fa6coa [c0]	C37H63N7O17P3S	-3			-764.96		cpd11441
cpd00023_c0	L-Glutamate [c0]	C5H8NO4	-1	WHUUTDBJXJRKMK-VKHMYHEASA-M	NC(CCC(=O)[O-])C(=O)O	-164.13	C00025	cpd00023
cpd00084_c0	L-Cysteine [c0]	C3H7NO2S	0	XUJNEKJLAYXESH-REOHCLBHSA-N	NC(CS)C(=O)O	-83.394	C00097	cpd00084
cpd00004_c0	NADH [c0]	C21H27N7O14P2	-2	BOPGDPNILDQYTO-NNYOXOHSSA-L	N=C([O-])C1=CN(C2OC(COP(=O)([O-])OP(=O)(O)OCC3OC(n4cnc5c(N)ncnc54)C(O)C3O)C(O)C2O)C=CC1	-524.32	C00004	cpd00004
cpd11527_c0	7-methyl-trans-oct-2-enoyl-ACP [c0]	C20H35N2O8PRS	-1					cpd11527
cpd00003_c0	NAD [c0]	C21H26N7O14P2	-1	BAWFJGJZGIEFAR-NNYOXOHSSA-M	N=C([O-])c1ccc[n+](C2OC(COP(=O)(O)OP(=O)([O-])OCC3OC(n4cnc5c(N)ncnc54)C(O)C3O)C(O)C2O)c1	-529.59	C00003	cpd00003
cpd11528_c0	7-methyl-octanoyl-ACP [c0]	C20H37N2O8PRS	-1					cpd11528
cpd00533_c0	dCDP [c0]	C9H13N3O10P2	-2	FTDHDKPUHBLBTL-SHYZEUOFSA-L	N=c1ccn(C2CC(O)C(COP(=O)(O)OP(=O)([O-])O)O2)c([O-])n1	-513.54	C00705	cpd00533
cpd00356_c0	dCTP [c0]	C9H13N3O13P3	-3	RGWHQCVHVJXOKC-SHYZEUOFSA-K	N=c1ccn(C2CC(O)C(COP(=O)(O)OP(=O)(O)OP(=O)([O-])[O-])O2)c([O-])n1	-721.54	C00458	cpd00356
cpd00032_c0	Oxaloacetate [c0]	C4H2O5	-2	KHPXUQMNIQBQEV-UHFFFAOYSA-L	O=C([O-])CC(=O)C(=O)[O-]	-190.52	C00036	cpd00032
cpd00011_c0	CO2 [c0]	CO2	0	CURLTUGMZLYLDI-UHFFFAOYSA-N	O=C=O	-92.26	C00011	cpd00011
cpd00061_c0	Phosphoenolpyruvate [c0]	C3H2O6P	-3	DTBNBXWJWCWCIK-UHFFFAOYSA-K	C=C(OP(=O)([O-])[O-])C(=O)[O-]	-316.08	C00074	cpd00061
cpd03049_c0	2-Hydroxyethyl-ThPP [c0]	C14H21N4O8P2S	-1	RRUVJGASJONMDY-UHFFFAOYSA-M	Cc1ncc(C[n+]2c(C(C)O)sc(CCOP(=O)([O-])OP(=O)([O-])O)c2C)c(=N)[nH]1	-405.15	C05125	cpd03049
cpd00836_c0	S-Acetyldihydrolipoamide [c0]	C10H19NO2S2	0	ARGXEXVCHMNAQU-UHFFFAOYSA-N	CC(=O)SC(CCS)CCCCC(=N)O	-61.184	C01136	cpd00836
cpd00006_c0	NADP [c0]	C21H25N7O17P3	-3	XJLXINKUBYWONI-NNYOXOHSSA-K	N=C([O-])c1ccc[n+](C2OC(COP(=O)(O)OP(=O)([O-])OCC3OC(n4cnc5c(N)ncnc54)C(OP(=O)([O-])[O-])C3O)C(O)C2O)c1	-742.09	C00006	cpd00006
cpd00842_c0	(S)-3-Hydroxybutyryl-CoA [c0]	C25H38N7O18P3S	-4	QHHKKMYHDBRONY-BEVJUKKNSA-J	CC(O)CC(=O)SCCN=C([O-])CCN=C([O-])C(O)C(C)(C)COP(=O)(O)OP(=O)(O)OCC1OC(n2cnc3c(N)ncnc32)C(O)C1OP(=O)([O-])[O-]	-820.63	C01144	cpd00842
cpd00005_c0	NADPH [c0]	C21H26N7O17P3	-4	ACFIXJIJDZMPPO-NNYOXOHSSA-J	N=C([O-])C1=CN(C2OC(COP(=O)([O-])OP(=O)(O)OCC3OC(n4cnc5c(N)ncnc54)C(OP(=O)([O-])[O-])C3O)C(O)C2O)C=CC1	-736.82	C00005	cpd00005
cpd00279_c0	Acetoacetyl-CoA [c0]	C25H36N7O18P3S	-4	OJFDKHTZOUZBOS-CITAKDKDSA-J	CC(=O)CC(=O)SCCN=C([O-])CCN=C([O-])C(O)C(C)(C)COP(=O)(O)OP(=O)(O)OCC1OC(n2cnc3c(N)ncnc32)C(O)C1OP(=O)([O-])[O-]	-812.61	C00332	cpd00279
cpd00179_c0	Maltose [c0]	C12H22O11	0	VQHSOMBJVWLPSR-WUJBLJFYSA-N	OCC(O)C(O)C(OC1OC(CO)C(O)C(O)C1O)C(O)CO	-383.92	C00208	cpd00179
cpd00027_c0	D-Glucose [c0]	C6H12O6	0	WQZGKKKJIJFFOK-DVKNGEFBSA-N	OCC1OC(O)C(O)C(O)C1O	-218.28	C00031	cpd00027
cpd00073_e0	Urea [e0]	CH4N2O	0	XSQUKJJJFZCRTK-UHFFFAOYSA-N	N=C(N)O	-48.7	C00086	cpd00073
cpd00073_c0	Urea [c0]	CH4N2O	0	XSQUKJJJFZCRTK-UHFFFAOYSA-N	N=C(N)O	-48.7	C00086	cpd00073
cpd00521_c0	dTDP-4-oxo-6-deoxy-D-glucose [c0]	C16H22N2O15P2	-2	PSXWNITXWWECNY-UCBTUHGZSA-L	Cc1cn(C2CC(O)C(COP(=O)([O-])OP(=O)(O)OC3OC(C)C(=O)C(O)C3O)O2)c(=O)nc1[O-]	-680.33	C11907	cpd00521
cpd00522_c0	dTDP-4-oxo-L-rhamnose [c0]	C16H22N2O15P2	-2	PSXWNITXWWECNY-LPVGZGSHSA-L	Cc1cn(C2CC(O)C(COP(=O)([O-])OP(=O)(O)OC3OC(C)C(=O)C(O)C3O)O2)c(=O)nc1[O-]	-680.33	C00688	cpd00522
cpd03113_c0	(S)-3-Hydroxyhexadecanoyl-CoA [c0]	C37H62N7O18P3S	-4	DEHLMTDDPWDRDR-QQOJFMBSSA-J	CCCCCCCCCCCCCC(O)CC(=O)SCCN=C([O-])CCN=C([O-])C(O)C(C)(C)COP(=O)(O)OP(=O)(O)OCC1OC(n2cnc3c(N)ncnc32)C(O)C1OP(=O)([O-])[O-]	-801.19	C05258	cpd03113
cpd03114_c0	3-Oxopalmitoyl-CoA [c0]	C37H60N7O18P3S	-4	NQMPLXPCRJOSHL-BBECNAHFSA-J	CCCCCCCCCCCCCC(=O)CC(=O)SCCN=C([O-])CCN=C([O-])C(O)C(C)(C)COP(=O)(O)OP(=O)(O)OCC1OC(n2cnc3c(N)ncnc32)C(O)C1OP(=O)([O-])[O-]	-793.17	C05259	cpd03114
cpd11466_c0	Myristoyl-ACP [c0]	C25H48N2O8PRS	-2				C05761	cpd11466
cpd01695_c0	Myristoyl-CoA [c0]	C35H58N7O17P3S	-4	DUAFKXOFBZQTQE-QSGBVPJFSA-J	CCCCCCCCCCCCCC(=O)SCCN=C([O-])CCN=C([O-])C(O)C(C)(C)COP(=O)(O)OP(=O)(O)OCC1OC(n2cnc3c(N)ncnc32)C(O)C1OP(=O)([O-])[O-]	-766.39	C02593	cpd01695
cpd11493_c0	ACP [c0]	C11H22N2O7PRS	-2				C00229	cpd11493
cpd07923_c0	2'-Deoxy-5-hydroxymethylcytidine-5'-diphosphate [c0]	C10H15N3O11P2	-2	RQKDPSTWKKMBPM-UHFFFAOYSA-L	N=c1nc([O-])n(C2CC(O)C(COP(=O)(O)OP(=O)([O-])O)O2)cc1CO	-550.18	C11038	cpd07923
cpd07924_c0	2'-Deoxy-5-hydroxymethylcytidine-5'-triphosphate [c0]	C10H15N3O14P3	-3	DLHNIFPAUZVLLA-XLPZGREQSA-K	N=c1nc([O-])n(C2CC(O)C(COP(=O)(O)OP(=O)(O)OP(=O)([O-])[O-])O2)cc1CO	-758.18	C11039	cpd07924
cpd15495_c0	Maltopentaose [c0]	C30H52O26	0	FTNIPWXXIGNQQF-HZWIHCTQSA-N	OCC1OC(OC2C(CO)OC(OC3C(CO)OC(OC4C(CO)OC(OC5C(CO)OC(O)C(O)C5O)C(O)C4O)C(O)C3O)C(O)C2O)C(O)C(O)C1O	-852.2		cpd15495
cpd01399_c0	Maltotetraose [c0]	C24H42O21	0	LUEWUZLMQUOBSB-ZLBHSGTGSA-N	OCC1OC(OC2C(CO)OC(OC3C(CO)OC(OC4C(CO)OC(O)C(O)C4O)C(O)C3O)C(O)C2O)C(O)C(O)C1O	-693.72	C02052	cpd01399
cpd02557_c0	Farnesylfarnesylgeraniol [c0]	C40H66O7P2	-2	BZORESSIXXHLNB-DJMILUHSSA-N	CC(C)=CCCC(C)=CCCC(C)=CCCC(C)=CCCC(C)=CCCC(C)=CCCC(C)=CCCC(C)=CCO	177.95	C04146	cpd02557
cpd00113_c0	Isopentenyldiphosphate [c0]	C5H10O7P2	-2	NUHSROFQTUXZQQ-UHFFFAOYSA-L	C=C(C)CCOP(=O)(O)OP(=O)([O-])[O-]	-439.84	C00129	cpd00113
cpd02590_c0	all-trans-Heptaprenyl diphosphate [c0]	C35H58O7P2	-2	LSJLEXWXRKTZAJ-YUIIPXGZSA-L	CC(C)=CCCC(C)=CCCC(C)=CCCC(C)=CCCC(C)=CCCC(C)=CCCC(C)=CCOP(=O)(O)OP(=O)([O-])[O-]	-270.64	C04216	cpd02590
cpd08289_c0	1-deoxy-D-xylulose5-phosphate [c0]	C5H9O7P	-2	AJPADPZSRRUGHI-RFZPGFLSSA-L	CC(=O)C(O)C(O)COP(=O)([O-])[O-]	-357.27	C11437	cpd08289
cpd08449_c0	3-Amino-2-oxopropyl phosphate [c0]	C3H7NO5P	-1	HIQNVODXENYOFK-UHFFFAOYSA-M	NCC(=O)COP(=O)([O-])O	-285.41	C11638	cpd08449
cpd00478_c0	Pyridoxine phosphate [c0]	C8H10NO6P	-2	WHOMFKWHIQZTHY-UHFFFAOYSA-L	Cc1ncc(COP(=O)([O-])O)c(CO)c1[O-]	-279.93	C00627	cpd00478
cpd03187_c0	Oxalosuccinate [c0]	C6H3O7	-3	UFSCUAXLTRFIDC-UHFFFAOYSA-K	O=C([O-])CC(C(=O)[O-])C(=O)C(=O)[O-]	-268.54	C05379	cpd03187
cpd00024_c0	2-Oxoglutarate [c0]	C5H4O5	-2	KPGXRSRHYNQIFN-UHFFFAOYSA-L	O=C([O-])CCC(=O)C(=O)[O-]	-188.9	C00026	cpd00024
cpd03572_c0	(S)-3-Hydroxyisobutyryl-CoA [c0]	C25H38N7O18P3S	-4	WWEOGFZEFHPUAM-UQCJFRAESA-J	CC(CO)C(=O)SCCN=C([O-])CCN=C([O-])C(O)C(C)(C)COP(=O)(O)OP(=O)(O)OCC1OC(n2cnc3c(N)ncnc32)C(O)C1OP(=O)([O-])[O-]	-820.63	C06000	cpd03572
cpd00876_c0	3-Hydroxyisobutyrate [c0]	C4H7O3	-1	DBXBTMSZEOQQDU-VKHMYHEASA-M	CC(CO)C(=O)[O-]	-121.55	C01188	cpd00876
cpd15688_c0	CDP-1,2-diisohexadecanoylglycerol [c0]	C44H79N3O15P2	-2			-641.22		cpd15688
cpd15694_c0	Diisohexadecanoylphosphatidylserine [c0]	C38H72NO10P	-2			-425.5		cpd15694
cpd11589_c0	gly-asp-L [c0]	C6H9N2O5	-1	SCCPDJAQCXWPTF-VKHMYHEASA-M	NCC([O-])=NC(CC(=O)O)C(=O)O	-196.33		cpd11589
cpd00041_c0	L-Aspartate [c0]	C4H6NO4	-1	CKLJMWTZIZZHCS-REOHCLBHSA-M	NC(CC(=O)[O-])C(=O)O	-165.75	C00049	cpd00041
cpd00038_c0	GTP [c0]	C10H13N5O14P3	-3	XKMLYUALXHKNFT-UUOKFMHZSA-K	N=c1nc([O-])c2ncn(C3OC(COP(=O)(O)OP(=O)(O)OP(=O)([O-])[O-])C(O)C3O)c2[nH]1	-724.3	C00044	cpd00038
cpd00048_c0	Sulfate [c0]	O4S	-2	QAOWNCQODCNURD-UHFFFAOYSA-L	O=S(=O)([O-])[O-]	-177.97	C00059	cpd00048
cpd00031_c0	GDP [c0]	C10H13N5O11P2	-2	QGWNDRXFNXRZMB-UUOKFMHZSA-L	N=c1nc([O-])c2ncn(C3OC(COP(=O)(O)OP(=O)([O-])O)C(O)C3O)c2[nH]1	-516.3	C00035	cpd00031
cpd00193_c0	APS [c0]	C10H12N5O10PS	-2	IRLPACMLTUPBCL-KQYNXXCUSA-L	Nc1ncnc2c1ncn2C1OC(COP(=O)([O-])OS(=O)(=O)[O-])C(O)C1O	-367.85	C00224	cpd00193
cpd00029_c0	Acetate [c0]	C2H3O2	-1	QTBSBXVTEAMEQO-UHFFFAOYSA-M	CC(=O)[O-]	-88.29	C00033	cpd00029
cpd00206_c0	dCMP [c0]	C9H12N3O7P	-2	NCMVOABPESMRCP-SHYZEUOFSA-L	N=c1ccn(C2CC(O)C(COP(=O)([O-])O)O2)c([O-])n1	-305.54	C00239	cpd00206
cpd02234_c0	(R)-3-Hydroxybutanoyl-CoA [c0]	C25H38N7O18P3S	-4	QHHKKMYHDBRONY-WZZMXTMRSA-J	CC(O)CC(=O)SCCN=C([O-])CCN=C([O-])C(O)C(C)(C)COP(=O)(O)OP(=O)(O)OCC1OC(n2cnc3c(N)ncnc32)C(O)C1OP(=O)([O-])[O-]	-820.63	C03561	cpd02234
cpd00650_c0	Crotonyl-CoA [c0]	C25H36N7O17P3S	-4	KFWWCMJSYSSPSK-PAXLJYGASA-J	CC=CC(=O)SCCN=C([O-])CCN=C([O-])C(O)C(C)(C)COP(=O)(O)OP(=O)(O)OCC1OC(n2cnc3c(N)ncnc32)C(O)C1OP(=O)([O-])[O-]	-761.78	C00877	cpd00650
cpd02375_c0	Adenylosuccinate [c0]	C14H14N5O11P	-4	OFBHPPMPBOJXRT-DPXQIYNJSA-J	O=C([O-])CC(Nc1ncnc2c1ncn2C1OC(COP(=O)([O-])[O-])C(O)C1O)C(=O)[O-]	-408.89	C03794	cpd02375
cpd00052_c0	CTP [c0]	C9H13N3O14P3	-3	PCDQPRRSZKQHHS-XVFCMESISA-K	N=c1ccn(C2OC(COP(=O)(O)OP(=O)(O)OP(=O)([O-])[O-])C(O)C2O)c([O-])n1	-761.38	C00063	cpd00052
cpd02201_c0	4-phosphopantothenate [c0]	C9H15NO8P	-3	XHFVGHPGDLDEQO-ZETCQYMHSA-K	CC(C)(COP(=O)([O-])O)C(O)C([O-])=NCCC(=O)[O-]	-401.04	C03492	cpd02201
cpd02666_c0	(R)-4'-Phosphopantothenoyl-L-cysteine [c0]	C12H20N2O9PS	-3	XQYALQVLCNHCFT-CBAPKCEASA-K	CC(C)(COP(=O)(O)O)C(O)C([O-])=NCCC([O-])=NC(CS)C(=O)[O-]	-427.284	C04352	cpd02666
cpd00026_c0	UDP-glucose [c0]	C15H22N2O17P2	-2	HSCJRCZFDFQWRP-JZMIEXBBSA-L	O=c1nc([O-])ccn1C1OC(COP(=O)([O-])OP(=O)(O)OC2OC(CO)C(O)C(O)C2O)C(O)C1O	-762.55	C00029	cpd00026
cpd00144_c0	UDPglucuronate [c0]	C15H19N2O18P2	-3	HDYANYHVCAPMJV-LXQIFKJMSA-K	O=C([O-])C1OC(OP(=O)(O)OP(=O)([O-])OCC2OC(n3ccc([O-])nc3=O)C(O)C2O)C(O)C(O)C1O	-805.77	C00167	cpd00144
cpd02097_c0	L-Glutamyl 5-phosphate [c0]	C5H8NO7P	-2	PJRXVIJAERNUIP-VKHMYHEASA-L	NC(CCC(=O)OP(=O)([O-])O)C(=O)[O-]	-379.03	C03287	cpd02097
cpd02168_c0	Prephytoene diphosphate [c0]	C40H66O7P2	-2	RVCNKTPCHZNAAO-XGYYIUAYSA-L	CC(C)=CCCC(C)=CCCC(C)=CCCC(C)=CC1C(COP(=O)(O)OP(=O)([O-])[O-])C1(C)CCC=C(C)CCC=C(C)CCC=C(C)C	-246.69	C03427	cpd02168
cpd03211_c0	15-cis-Phytoene [c0]	C40H64	0	YVLPJIGOMTXXLP-BHLJUDRVSA-N	CC(C)=CCCC(C)=CCCC(C)=CCCC(C)=CC=CC=C(C)CCC=C(C)CCC=C(C)CCC=C(C)C	230.58	C05421	cpd03211
cpd00201_c0	10-Formyltetrahydrofolate [c0]	C20H21N7O7	-2	AUFGTPPARQZWDO-YUZLPWPTSA-L	N=c1nc([O-])c2c([nH]1)NCC(CN(C=O)c1ccc(C(=O)NC(CCC(=O)[O-])C(=O)O)cc1)N2	-144.77	C00234	cpd00201
cpd03524_c0	10-Formyl-THF-L-glutamate [c0]	C25H27N8O10	-3	BHBZPCBOCZGPTF-KBMXLJTQSA-K	N=c1nc([O-])c2c([nH]1)NCC(CN(C=O)c1ccc(C(=O)NC(CCC([O-])=NC(CCC(=O)[O-])C(=O)O)C(=O)O)cc1)N2	-251.75	C05928	cpd03524
cpd00477_c0	N-Acetyl-L-glutamate [c0]	C7H9NO5	-2	RFMMMVDNIPUKGG-YFKPBYRVSA-L	CC([O-])=NC(CCC(=O)[O-])C(=O)O	-193.73	C00624	cpd00477
cpd00654_c0	Deoxycytidine [c0]	C9H13N3O4	0	CKTSBUTUHBMZGZ-SHYZEUOFSA-N	N=c1ccn(C2CC(O)C(CO)O2)c(O)n1	-93.04	C00881	cpd00654
cpd00199_c0	4-Oxobutanoate [c0]	C4H5O3	-1	UIUJIQZEACWQSV-UHFFFAOYSA-M	O=CCCC(=O)[O-]	-110.26	C00232	cpd00199
cpd00036_c0	Succinate [c0]	C4H4O4	-2	KDYFGRWQOYBRFD-UHFFFAOYSA-L	O=C([O-])CCC(=O)[O-]	-162.96	C00042	cpd00036
cpd00036_e0	Succinate [e0]	C4H4O4	-2	KDYFGRWQOYBRFD-UHFFFAOYSA-L	O=C([O-])CCC(=O)[O-]	-162.96	C00042	cpd00036
cpd00136_e0	4-Hydroxybenzoate [e0]	C7H5O3	-1	FJKROLUGYXJWQN-UHFFFAOYSA-M	O=C(O)c1ccc([O-])cc1	-92.53	C00156	cpd00136
cpd00136_c0	4-Hydroxybenzoate [c0]	C7H5O3	-1	FJKROLUGYXJWQN-UHFFFAOYSA-M	O=C(O)c1ccc([O-])cc1	-92.53	C00156	cpd00136
cpd15317_c0	1-Acyl-sn-glycero-3-phosphoethanolamine hexadec-9-enoyl [c0]	C21H42NO7P	0			-304.1		cpd15317
cpd00908_c0	Glycerophosphoethanolamine [c0]	C5H14NO6P	0	JZNWSCPGTDBMEW-UHFFFAOYSA-N	NCCOP(=O)(O)OCC(O)CO	-311.69	C01233	cpd00908
cpd15237_c0	hexadecenoate [c0]	C16H29O2	-1			-41.71		cpd15237
cpd00191_c0	3-Oxopropanoate [c0]	C3H3O3	-1	OAKURXIZZOAYBC-UHFFFAOYSA-M	O=CCC(=O)[O-]	-111.88	C00222	cpd00191
cpd04097_c0	Pb [c0]	Pb	2	RVPVRDXYQKGNMQ-UHFFFAOYSA-N	[Pb+2]		C06696	cpd04097
cpd04097_e0	Pb [e0]	Pb	2	RVPVRDXYQKGNMQ-UHFFFAOYSA-N	[Pb+2]		C06696	cpd04097
cpd00807_c0	L-histidinol-phosphate [c0]	C6H11N3O4P	-1	CWNDERHTHMWBSI-YFKPBYRVSA-M	NC(COP(=O)([O-])O)Cc1cnc[nH]1	-214.91	C01100	cpd00807
cpd00930_c0	imidazole acetol-phosphate [c0]	C6H7N2O5P	-2	YCFFMSOLUMRAMD-UHFFFAOYSA-L	O=C(COP(=O)([O-])[O-])Cc1cnc[nH]1	-242.14	C01267	cpd00930
cpd03414_c0	UroporphyrinogenI [c0]	C40H36N4O16	-8	QTTNOSKSLATGQB-UHFFFAOYSA-F	O=C([O-])CCc1c2[nH]c(c1CC(=O)[O-])Cc1[nH]c(c(CC(=O)[O-])c1CCC(=O)[O-])Cc1[nH]c(c(CC(=O)[O-])c1CCC(=O)[O-])Cc1[nH]c(c(CC(=O)[O-])c1CCC(=O)[O-])C2		C05766	cpd03414
cpd03416_c0	CoproporphyrinogenI [c0]	C36H40N4O8	-4	WIUGGJKHYQIGNH-UHFFFAOYSA-J	Cc1c2[nH]c(c1CCC(=O)[O-])Cc1[nH]c(c(CCC(=O)[O-])c1C)Cc1[nH]c(c(CCC(=O)[O-])c1C)Cc1[nH]c(c(CCC(=O)[O-])c1C)C2		C05768	cpd03416
cpd00118_c0	Putrescine [c0]	C4H14N2	2	KIDHWZJUCRJVML-UHFFFAOYSA-P	[NH3+]CCCC[NH3+]	-6.02	C00134	cpd00118
cpd00264_c0	Spermidine [c0]	C7H22N3	3	ATHGHQPFGPMSJY-UHFFFAOYSA-Q	[NH3+]CCCC[NH2+]CCC[NH3+]	4.79	C00315	cpd00264
cpd00726_c0	1,3-Propanediamine [c0]	C3H12N2	2	XFNJVJPLKCPIBV-UHFFFAOYSA-P	[NH3+]CCC[NH3+]	-7.64	C00986	cpd00726
cpd03802_c0	Homospermidine [c0]	C8H24N3	3	UODZHRGDSPLRMD-UHFFFAOYSA-Q	[NH3+]CCCC[NH2+]CCCC[NH3+]	6.41	C06366	cpd03802
cpd02961_c0	Dihydroneopterin [c0]	C9H13N5O4	0	YQIFAMYNGGOTFB-XINAWCOVSA-N	N=c1nc(O)c2c([nH]1)NCC(C(O)C(O)CO)=N2	-75.95	C04874	cpd02961
cpd00229_c0	Glycolaldehyde [c0]	C2H4O2	0	WGCNASOHLSPBMP-UHFFFAOYSA-N	O=CCO	-70.28	C00266	cpd00229
cpd00954_c0	6-hydroxymethyl dihydropterin [c0]	C7H9N5O2	0	CQQNNQTXUGLUEV-UHFFFAOYSA-N	N=c1nc(O)c2c([nH]1)NCC(CO)=N2	-3.11	C01300	cpd00954
cpd00007_c0	O2 [c0]	O2	0	MYMOFIZGZYHOMD-UHFFFAOYSA-N	O=O	3.9197	C00007	cpd00007
cpd00013_c0	NH3 [c0]	H4N	1	QGZKDVFQNNGYKY-UHFFFAOYSA-O	[NH4+]	-18.97	C00014	cpd00013
cpd00025_c0	H2O2 [c0]	H2O2	0	MHAJPDPJQMAIIY-UHFFFAOYSA-N	OO	-32.05	C00027	cpd00025
cpd02851_c0	AICAR [c0]	C9H13N4O8P	-2	NOTGFIUVDGNKRI-UUOKFMHZSA-L	N=C([O-])c1ncn(C2OC(COP(=O)([O-])O)C(O)C2O)c1N	-336.61	C04677	cpd02851
cpd02506_c0	5-Amino-4-imidazolecarboxyamide [c0]	C4H6N4O	0	PYNDTGFTPOZGRW-UHFFFAOYSA-N	N=C(O)C1N=CNC1=N	-5.28	C04051	cpd02506
cpd00080_c0	Glycerol-3-phosphate [c0]	C3H7O6P	-2	AWUCVROLDVIAJX-GSVOUGTGSA-L	O=P([O-])([O-])OCC(O)CO	-328.68	C00093	cpd00080
cpd15686_c0	CDP-1,2-diisopentadecanoylglycerol [c0]	C42H75N3O15P2	-2			-644.46		cpd15686
cpd15719_c0	Diisopentadecanoylphosphatidylglycerophosphate [c0]	C36H70O13P2	-2			-632.26		cpd15719
cpd00982_c0	FADH2 [c0]	C27H33N9O15P2	-2	YPZRHBJKEMOYQH-UYBVJOGSSA-L	Cc1cc2c(cc1C)N(CC(O)C(O)C(O)COP(=O)(O)OP(=O)(O)OCC1OC(n3cnc4c(N)ncnc43)C(O)C1O)c1nc([O-])nc([O-])c1N2	-538.18	C01352	cpd00982
cpd15560_c0	Ubiquinone-8 [c0]	C49H74O4	0	ICFIZJQGJAJRSU-SGHXUWJISA-N	COC1=C(OC)C(=O)C(CC=C(C)CCC=C(C)CCC=C(C)CCC=C(C)CCC=C(C)CCC=C(C)CCC=C(C)CCC=C(C)C)=C(C)C1=O	142.5	C17569	cpd15560
cpd00015_c0	FAD [c0]	C27H30N9O15P2	-3	IMGVNJNCCGXBHD-UYBVJOGSSA-K	Cc1cc2nc3c([O-])nc(=O)nc-3n(CC(O)C(O)C(O)COP(=O)([O-])OP(=O)([O-])OCC3OC([n+]4c[nH]c5c(N)ncnc54)C(O)C3O)c2cc1C	-515.07	C00016	cpd00015
cpd15561_c0	Ubiquinol-8 [c0]	C49H76O4	0	LOJUQFSPYHMHEO-SGHXUWJISA-N	COc1c(O)c(C)c(CC=C(C)CCC=C(C)CCC=C(C)CCC=C(C)CCC=C(C)CCC=C(C)CCC=C(C)CCC=C(C)C)c(O)c1OC	120.8		cpd15561
cpd15331_c0	1-tetradecanoyl-sn-glycerol 3-phosphate [c0]	C17H33O7P	-2	FAZBDRGXCKPVJU-UHFFFAOYSA-L	CCCCCCCCCCCCCC(=O)OCC(O)COP(=O)([O-])[O-]	-346.69		cpd15331
cpd15522_c0	1,2-ditetradecanoyl-sn-glycerol 3-phosphate [c0]	C31H60O8P	-1			-364.7		cpd15522
cpd15682_c0	1,2-diisohexadecanoyl-sn-glycerol 3-phosphate [c0]	C35H68O8P	-1			-361.84		cpd15682
cpd02498_c0	2,3-Dihydroxy-isovalerate [c0]	C5H9O4	-1	JTEYKUFKXGDTEU-VKHMYHEASA-M	CC(C)(O)C(O)C(=O)[O-]	-161.2	C04039	cpd02498
cpd00123_c0	3-Methyl-2-oxobutanoate [c0]	C5H7O3	-1	QHKABHOOEWYVLI-UHFFFAOYSA-M	CC(C)C(=O)C(=O)[O-]	-111.26	C00141	cpd00123
cpd11543_c0	15-methyl-trans-hexa-dec-2-enoyl-ACP [c0]	C28H51N2O8PRS	-1					cpd11543
cpd11544_c0	15-methyl-hexa-decanoyl-ACP [c0]	C28H53N2O8PRS	-2					cpd11544
cpd11483_c0	(R)-3-Hydroxyoctanoyl-[acyl-carrier protein] [c0]	C19H36N2O9PRS	-2				C04620	cpd11483
cpd11471_c0	(2E)-Octenoyl-[acp] [c0]	C19H34N2O8PRS	-2				C05751	cpd11471
cpd00171_c0	D-Ribulose5-phosphate [c0]	C5H9O8P	-2	FNZLKVNUWIIPSJ-UHNVWZDZSA-L	O=C(CO)C(O)C(O)COP(=O)([O-])[O-]	-393.5	C00199	cpd00171
cpd00047_c0	Formate [c0]	CHO2	-1	BDAGIHXWWSANSR-UHFFFAOYSA-M	O=C[O-]	-83.9	C00058	cpd00047
cpd11225_c0	3-4-dihydroxy-2-butanone4-phosphate [c0]	C4H7O6P	-2	OKYHYXLCTGGOLM-SCSAIBSYSA-L	CC(=O)C(O)COP(=O)([O-])[O-]	-320.85	C15556	cpd11225
cpd00342_c0	N-Acetylornithine [c0]	C7H14N2O3	0	JRLGPAXAGHMNOL-LURJTMIESA-N	CC(O)=NC(CCCN)C(=O)O	-115.26	C00437	cpd00342
cpd00064_c0	Ornithine [c0]	C5H13N2O2	1	AHLPHDHHMVZTML-BYPYZUCNSA-O	NC(CCC[NH3+])C(=O)O	-85.66	C00077	cpd00064
cpd00585_c0	Creatinine [c0]	C4H7N3O	0	DDRJAANPRJIHGJ-UHFFFAOYSA-N	CN1CC(O)=NC1=N	-6.19	C00791	cpd00585
cpd01679_c0	N-Methylhydantoin [c0]	C4H6N2O2	0	RHYBFKMFHLPQPH-UHFFFAOYSA-N	CN1CC(O)=NC1=O	-60.99	C02565	cpd01679
cpd11513_c0	12-methyl-3-hydroxy-tetra-decanoyl-ACP [c0]	C26H49N2O9PRS	-1					cpd11513
cpd11514_c0	12-methyl-trans-tetra-dec-2-enoyl-ACP [c0]	C26H47N2O8PRS	-1					cpd11514
cpd00095_c0	Glycerone-phosphate [c0]	C3H5O6P	-2	GNGACRATGGDKBX-UHFFFAOYSA-L	O=C(CO)COP(=O)([O-])[O-]	-320.66	C00111	cpd00095
cpd02333_c0	Quinolinate [c0]	C7H3NO4	-2	GJAWHXHKYYXBSV-UHFFFAOYSA-L	O=C([O-])c1cccnc1C(=O)[O-]	-119.77	C03722	cpd02333
cpd03470_c0	Iminoaspartate [c0]	C4H3NO4	-2	NMUOATVLLQEYHI-UHFFFAOYSA-L	N=C(CC(=O)[O-])C(=O)[O-]	-173.6	C05840	cpd03470
cpd00147_c0	5-Methylthioadenosine [c0]	C11H15N5O3S	0	WUUGFSXJNOTRMR-IOSLPCCCSA-N	CSCC1OC(n2cnc3c(N)ncnc32)C(O)C1O	1.27	C00170	cpd00147
cpd00128_c0	Adenine [c0]	C5H5N5	0	GFFGJBXGBJISGV-UHFFFAOYSA-N	Nc1nc[nH]c2ncnc1-2	78.85	C00147	cpd00128
cpd01981_c0	5-Methylthio-D-ribose [c0]	C6H12O4S	0	OLVVOVIFTBSBBH-JDJSBBGDSA-N	CSCC1OC(O)C(O)C1O	-135	C03089	cpd01981
cpd15685_c0	CDP-1,2-diisotetradecanoylglycerol [c0]	C40H71N3O15P2	-2			-647.7		cpd15685
cpd15691_c0	Diisotetradecanoylphosphatidylserine [c0]	C34H64NO10P	-2			-431.98		cpd15691
cpd00817_c0	D-Arabinose5-phosphate [c0]	C5H9O8P	-2	PPQRONHOSHZGFQ-WDCZJNDASA-L	O=CC(O)C(O)C(O)COP(=O)([O-])[O-]	-392.04	C01112	cpd00817
cpd00162_c0	Aminoethanol [c0]	C2H8NO	1	HZAXFHJVJLSVMW-UHFFFAOYSA-O	[NH3+]CCO	-44.51	C00189	cpd00162
cpd00071_c0	Acetaldehyde [c0]	C2H4O	0	IKHGUXGNUITLKF-UHFFFAOYSA-N	CC=O	-33.4	C00084	cpd00071
cpd11505_c0	8-methyl-3-hydroxy-decanoyl-ACP [c0]	C22H41N2O9PRS	-1					cpd11505
cpd11506_c0	8-methyl-trans-dec-2-enoyl-ACP [c0]	C22H39N2O8PRS	-1					cpd11506
cpd15506_c0	two disacharide linked murein units, tetrapeptide corsslinked tetrapeptide (A2pm->D-ala) (middle of chain) [c0]	C74H112N14O39	-4			-1238.83		cpd15506
cpd15505_c0	two linked disacharide tetrapeptide murein units (uncrosslinked, middle of chain) [c0]	C74H114N14O40	-4	VTZDBMVDVOTCFD-UHFFFAOYSA-J	CC([O-])=NC1=COC(CO)C(OC2OC(CO)C(OC3OC(CO)C(OC4OC(CO)C(O)C(O)C4N=C(C)[O-])C(OC(C)C(O)=NC(C)C(O)=NC(CCC(=O)O)C(O)=NC(CCCC(N)C(=O)O)C(O)=NC(C)C(=O)O)C3N=C(C)[O-])C(O)C2N=C(C)[O-])C1OC(C)C(O)=NC(C)C(O)=NC(CCC(=O)O)C(O)=NC(CCCC(N)C(=O)O)C(O)=NC(C)C(=O)O	-1295.98		cpd15505
cpd00287_c0	3-Oxo-2-methylpropanoate [c0]	C4H5O3	-1	VOKUMXABRRXHAR-VKHMYHEASA-M	CC(C=O)C(=O)[O-]	-112.07	C00349	cpd00287
cpd00086_c0	Propionyl-CoA [c0]	C24H36N7O17P3S	-4	QAQREVBBADEHPA-IEXPHMLFSA-J	CCC(=O)SCCN=C([O-])CCN=C([O-])C(O)C(C)(C)COP(=O)(O)OP(=O)(O)OCC1OC(n2cnc3c(N)ncnc32)C(O)C1OP(=O)([O-])[O-]	-784.21	C00100	cpd00086
cpd00810_c0	Orotidylic acid [c0]	C10H10N2O11P	-3	KYOBSHFOBAOFBF-XVFCMESISA-K	O=C([O-])c1cc([O-])nc(=O)n1C1OC(COP(=O)([O-])O)C(O)C1O	-479.18	C01103	cpd00810
cpd00091_c0	UMP [c0]	C9H11N2O9P	-2	DJJCXFVJDGTHFX-XVFCMESISA-L	O=c1nc([O-])ccn1C1OC(COP(=O)([O-])O)C(O)C1O	-397.77	C00105	cpd00091
cpd02654_c0	4-Methyl-5--2-phosphoethyl-thiazole [c0]	C6H8NO4PS	-2	OCYMERZCMYJQQO-UHFFFAOYSA-L	Cc1ncsc1CCOP(=O)([O-])[O-]	-219.61	C04327	cpd02654
cpd02894_c0	4-Amino-2-methyl-5-diphosphomethylpyrimidine [c0]	C6H9N3O7P2	-2	AGQJQCFEPUVXNK-UHFFFAOYSA-L	Cc1ncc(COP(=O)(O)OP(=O)([O-])[O-])c(=N)[nH]1	-412.04	C04752	cpd02894
cpd00793_c0	Thiamine phosphate [c0]	C12H16N4O4PS	-1	HZSAJDVWZRBGIF-UHFFFAOYSA-M	Cc1ncc(C[n+]2csc(CCOP(=O)([O-])[O-])c2C)c(=N)[nH]1	-160.32	C01081	cpd00793
cpd01960_c0	2-Oxohept-3-enedioate [c0]	C7H6O5	-2	HYVSZVZMTYIHKF-HNQUOIGGSA-L	O=C([O-])CCC=CC(=O)C(=O)[O-]	-164.85	C03063	cpd01960
cpd03326_c0	2-Hydroxyhepta-2,4-dienedioate [c0]	C7H6O5	-2	ZBCBETMBSDTINL-WFTYEQLWSA-L	O=C([O-])CC=CC=C([O-])C(=O)O	-158.35	C05600	cpd03326
cpd15350_c0	2-dodecanoyl-sn-glycerol 3-phosphate [c0]	C15H30O7P	-1			-349.93		cpd15350
cpd01741_c0	ddca [c0]	C12H23O2	-1	POULHZVOKOAJMA-UHFFFAOYSA-M	CCCCCCCCCCCC(=O)[O-]	-70.55	C02679	cpd01741
cpd03708_c0	2,4-Dihydroxyhept-2-enedioate [c0]	C7H8O6	-2	APNIDHDQYISZAE-HYXAFXHYSA-L	O=C([O-])CCC(O)C=C([O-])C(=O)O	-213.93	C06201	cpd03708
cpd00345_c0	5-Methyltetrahydrofolate [c0]	C20H23N7O6	-2	ZNOVTXRBGFNYRX-UHFFFAOYSA-L	CN1c2c([O-])nc(=N)[nH]c2NCC1CNc1ccc(C(=O)NC(CCC(=O)[O-])C(=O)O)cc1	-101.7	C00440	cpd00345
cpd00125_c0	5-10-Methylenetetrahydrofolate [c0]	C20H21N7O6	-2	QYNUQALWYRSVHF-OLZOCXBDSA-L	N=c1nc([O-])c2c([nH]1)NCC1CN(c3ccc(C(=O)NC(CCC(=O)[O-])C(=O)O)cc3)CN21	-93.65	C00143	cpd00125
cpd00135_c0	Homocysteine [c0]	C4H9NO2S	0	FFFHZYDWPBMWHY-VKHMYHEASA-N	NC(CCS)C(=O)O	-81.774	C00155	cpd00135
cpd00424_c0	Cystathionine [c0]	C7H14N2O4S	0	ILRYLPWNYFXEMH-RFZPGFLSSA-N	NC(CCSCC(N)C(=O)O)C(=O)O	-154.91	C00542	cpd00424
cpd00307_c0	Cytosine [c0]	C4H5N3O	0	OPTASPLRGRRNAP-UHFFFAOYSA-N	N=c1ccnc(O)[nH]1	-8.68	C00380	cpd00307
cpd00092_c0	Uracil [c0]	C4H4N2O2	0	ISAKRJDGNUQOIC-UHFFFAOYSA-N	Oc1ccnc(O)n1	-61.07	C00106	cpd00092
cpd03587_c0	kdo2-lipid a [c0]	C110H196N2O39P2	-6	DIXUKJUHGLIZGU-NPKHCFROSA-H	CCCCCCCCCCCCCC(=O)OC(CCCCCCCCCCC)CC(=O)OC1C(N=C([O-])CC(CCCCCCCCCCC)OC(=O)CCCCCCCCCCC)C(OCC2OC(OP(=O)(O)O)C(N=C([O-])CC(O)CCCCCCCCCCC)C(OC(=O)CC(O)CCCCCCCCCCC)C2O)OC(COC2(C(=O)[O-])CC(OC3(C(=O)[O-])CC(O)C(O)C(C(O)CO)O3)C(O)C(C(O)CO)O2)C1OP(=O)([O-])[O-]	-1450.68	C06026	cpd03587
cpd03831_c0	ADP-L-glycero-D-manno-heptose [c0]	C17H25N5O16P2	-2	KMSFWBYFWSKGGR-DTBZDYEHSA-L	Nc1ncnc2c1ncn2C1OC(COP(=O)([O-])OP(=O)([O-])OC2OC(C(O)CO)C(O)C(O)C2O)C(O)C1O	-659.05	C06398	cpd03831
cpd15485_c0	heptosyl-kdo2-lipidA [c0]	C117H211N2O45P2	-5	HPDZKCJEWNZSML-YPJVYCBMSA-H	CCCCCCCCCCCCCC(=O)OC(CCCCCCCCCCC)CC(=O)OC1C(N=C([O-])CC(CCCCCCCCCCC)OC(=O)CCCCCCCCCCC)C(OCC2OC(OP(=O)(O)O)C(N=C([O-])CC(O)CCCCCCCCCCC)C(OC(=O)CC(O)CCCCCCCCCCC)C2O)OC(COC2(C(=O)[O-])CC(OC3(C(=O)[O-])CC(O)C(O)C(C(O)CO)O3)C(OC3OC(C(O)CO)C(O)C(O)C3O)C(C(O)CO)O2)C1OP(=O)([O-])[O-]	-1645.58		cpd15485
cpd00530_c0	XTP [c0]	C10H12N4O15P3	-3	CAEFEWVYEZABLA-UUOKFMHZSA-K	O=P([O-])(O)OP(=O)(O)OP(=O)(O)OCC1OC(n2cnc3c([O-])nc([O-])nc32)C(O)C1O	-780.43	C00700	cpd00530
cpd00497_c0	XMP [c0]	C10H11N4O9P	-2	DCTLYFZHFGENCW-UUOKFMHZSA-L	O=P(O)(O)OCC1OC(n2cnc3c([O-])nc([O-])nc32)C(O)C1O	-364.43	C00655	cpd00497
cpd02210_c0	Indoleglycerol phosphate [c0]	C11H12NO6P	-2	NQEQTYPJSIEPHW-MNOVXSKESA-L	O=P([O-])([O-])OCC(O)C(O)c1c[nH]c2ccccc12	-267.57	C03506	cpd02210
cpd00102_c0	Glyceraldehyde3-phosphate [c0]	C3H5O6P	-2	LXJXRIRHZLFYRP-VKHMYHEASA-L	O=CC(O)COP(=O)([O-])[O-]	-319.2	C00118	cpd00102
cpd00359_c0	indol [c0]	C8H7N	0	SIKJAQJRHWYJAI-UHFFFAOYSA-N	c1ccc2[nH]ccc2c1	54.41	C00463	cpd00359
cpd15325_c0	1-dodecanoyl-sn-glycerol 3-phosphate [c0]	C15H29O7P	-2	STTKJLVEXMKLNA-UHFFFAOYSA-L	CCCCCCCCCCCC(=O)OCC(O)COP(=O)([O-])[O-]	-349.93		cpd15325
cpd03002_c0	Lipid A disaccharide [c0]	C68H127N2O20P	-2	HLDJGHAAKRKPAV-QDORLFPLSA-L	CCCCCCCCCCCC(O)CC(=O)OC1C(O)C(CO)OC(OCC2OC(OP(=O)(O)O)C(N=C([O-])CC(O)CCCCCCCCCCC)C(OC(=O)CC(O)CCCCCCCCCCC)C2O)C1N=C([O-])CC(O)CCCCCCCCCCC	-727.26	C04932	cpd03002
cpd02993_c0	Lipid IV(A) [c0]	C68H126N2O23P2	-4	KVJWZTLXIROHIL-QDORLFPLSA-J	CCCCCCCCCCCC(O)CC(=O)OC1C(O)C(COC2OC(CO)C(OP(=O)([O-])[O-])C(OC(=O)CC(O)CCCCCCCCCCC)C2N=C([O-])CC(O)CCCCCCCCCCC)OC(OP(=O)(O)O)C1N=C([O-])CC(O)CCCCCCCCCCC	-939.76	C04919	cpd02993
cpd02730_c0	3-Deoxy-D-manno-octulosonate8-phosphate [c0]	C8H12O11P	-3	RTNBXJBOAIDPME-SHUUEZRQSA-K	O=C([O-])C(=O)CC(O)C(O)C(O)C(O)COP(=O)([O-])[O-]	-505.48	C04478	cpd02730
cpd15605_c0	Gly-Phe [c0]	C11H14N2O3	0					cpd15605
cpd00066_c0	L-Phenylalanine [c0]	C9H11NO2	0	COLNVLDHVKWLRT-QMMMGPOBSA-N	NC(Cc1ccccc1)C(=O)O	-51.05	C00079	cpd00066
cpd01977_c0	4-Phospho-L-aspartate [c0]	C4H6NO7P	-2	IXZNKTPIYKDIGG-REOHCLBHSA-L	NC(CC(=O)OP(=O)([O-])O)C(=O)[O-]	-380.65	C03082	cpd01977
cpd15523_c0	1,2-ditetradec-7-enoyl-sn-glycerol 3-phosphate [c0]	C31H56O8P	-1			-319.98		cpd15523
cpd15422_c0	CDP-1,2-ditetradec-7-enoylglycerol [c0]	C40H67N3O15P2	-2			-599.36		cpd15422
cpd00493_c0	Pyridoxamine phosphate [c0]	C8H12N2O5P	-1	ZMJGSOSNSPKHNH-UHFFFAOYSA-M	Cc1ncc(COP(=O)(O)O)c(CN)c1[O-]	-244.68	C00647	cpd00493
cpd00016_c0	Pyridoxal phosphate [c0]	C8H8NO6P	-2	NGVDGCNFYWLIFO-UHFFFAOYSA-L	Cc1ncc(COP(=O)([O-])O)c(C=O)c1[O-]	-272	C00018	cpd00016
cpd15357_c0	2-octadec-11-enoyl-sn-glycerol 3-phosphate [c0]	C21H40O7P	-1			-317.85		cpd15357
cpd15269_c0	octadecenoate [c0]	C18H33O2	-1			-38.47		cpd15269
cpd03205_c0	Phytoene [c0]	C40H64	0	YVLPJIGOMTXXLP-KEKOKYSKSA-N	CC(C)=CCCC(C)=CCCC(C)=CCCC(C)=CC=CC=C(C)CCC=C(C)CCC=C(C)CCC=C(C)C	230.58	C05413	cpd03205
cpd11502_c0	6-methyl-trans-oct-2-enoyl-ACP [c0]	C20H35N2O8PRS	-1					cpd11502
cpd11503_c0	6-methyl-octanoyl-ACP [c0]	C20H37N2O8PRS	-1					cpd11503
cpd00446_c0	cAMP [c0]	C10H11N5O6P	-1	IVOMOUWHDPKRLL-KQYNXXCUSA-M	Nc1ncnc2c1ncn2C1OC2COP(=O)([O-])OC2C1O	-191.87	C00575	cpd00446
cpd11464_c0	Butyryl-ACP [c0]	C15H28N2O8PRS	-2				C05745	cpd11464
cpd11492_c0	Malonyl-acyl-carrierprotein- [c0]	C14H24N2O10PRS	-2				C01209	cpd11492
cpd11486_c0	3-Oxohexanoyl-[acp] [c0]	C17H30N2O9PRS	-2				C05746	cpd11486
cpd03124_c0	Hexanoyl-CoA [c0]	C27H42N7O17P3S	-4	OEXFMSFODMQEPE-UHFFFAOYSA-J	CCCCCC(=O)SCCN=C([O-])CCN=C([O-])C(O)C(C)(C)COP(=O)(O)OP(=O)(O)OCC1OC(n2cnc3c(N)ncnc32)C(O)C1OP(=O)([O-])[O-]	-779.35	C05270	cpd03124
cpd03121_c0	3-Oxooctanoyl-CoA [c0]	C29H44N7O18P3S	-4	WPIVBCGRGVNDDT-CECATXLMSA-J	CCCCCC(=O)CC(=O)SCCN=C([O-])CCN=C([O-])C(O)C(C)(C)COP(=O)(O)OP(=O)(O)OCC1OC(n2cnc3c(N)ncnc32)C(O)C1OP(=O)([O-])[O-]	-806.13	C05267	cpd03121
cpd11522_c0	5-methyl-3-hydroxy-hexanoyl-ACP [c0]	C18H33N2O9PRS	-1					cpd11522
cpd11523_c0	5-methyl-trans-hex-2-enoyl-ACP [c0]	C18H31N2O8PRS	-1					cpd11523
cpd01012_c0	Cd2+ [c0]	Cd	2	WLZRMCYVCSSEQC-UHFFFAOYSA-N	[Cd+2]		C01413	cpd01012
cpd01012_e0	Cd2+ [e0]	Cd	2	WLZRMCYVCSSEQC-UHFFFAOYSA-N	[Cd+2]		C01413	cpd01012
cpd00268_c0	H2S2O3 [c0]	HO3S2	-1	DHCDFWKWKRSZHF-UHFFFAOYSA-M	O=S([O-])(O)=S	-122.7	C00320	cpd00268
cpd11421_c0	trdrd [c0]	C6H9NO2R2S2	0				C00342	cpd11421
cpd00081_c0	Sulfite [c0]	HO3S	-1	LSNNMFCWUKXFEE-UHFFFAOYSA-M	O=S([O-])O	-126.15	C00094	cpd00081
cpd11420_c0	trdox [c0]	C6H7NO2R2S2	0				C00343	cpd11420
cpd00053_c0	L-Glutamine [c0]	C5H10N2O3	0	ZDXPYRJPNDTMRX-VKHMYHEASA-N	N=C(O)CCC(N)C(=O)O	-121.69	C00064	cpd00053
cpd00132_c0	L-Asparagine [c0]	C4H8N2O3	0	DCXYFEDJOCDNAF-REOHCLBHSA-N	N=C(O)CC(N)C(=O)O	-123.31	C00152	cpd00132
cpd00760_c0	2-Methylbutyryl-CoA [c0]	C26H40N7O17P3S	-4	LYNVNYDEQMMNMZ-UHFFFAOYSA-J	CCC(C)C(=O)SCCN=C([O-])CCN=C([O-])C(O)C(C)(C)COP(=O)(O)OP(=O)(O)OCC1OC(n2cnc3c(N)ncnc32)C(O)C1OP(=O)([O-])[O-]	-782.78	C01033	cpd00760
cpd02125_c0	Tiglyl-CoA [c0]	C26H38N7O17P3S	-4	PMWATMXOQQZNBX-DKBZLLMOSA-J	CC=C(C)C(=O)SCCN=C([O-])CCN=C([O-])C(O)C(C)(C)COP(=O)(O)OP(=O)(O)OCC1OC(n2cnc3c(N)ncnc32)C(O)C1OP(=O)([O-])[O-]	-762.53	C03345	cpd02125
cpd15423_c0	CDP-1,2-ditetradecanoylglycerol [c0]	C40H71N3O15P2	-2			-644.08		cpd15423
cpd15553_c0	phosphatidylserine ditetradecanoyl [c0]	C34H64NO10P	-2			-428.36		cpd15553
cpd00794_c0	TRHL [c0]	C12H22O11	0	HDTRYLNUVZCQOY-LIZSDCNHSA-N	OCC1OC(OC2OC(CO)C(O)C(O)C2O)C(O)C(O)C1O	-376.76	C01083	cpd00794
cpd03189_c0	3-Carboxy-1-hydroxypropyl-ThPP [c0]	C16H22N4O10P2S	-2	ZWUKRGPVMMTMAF-UHFFFAOYSA-L	Cc1ncc(C[n+]2c(C(O)CCC(=O)[O-])sc(CCOP(=O)([O-])OP(=O)([O-])O)c2C)c(=N)[nH]1	-481.36	C05381	cpd03189
cpd00860_c0	S-Succinyldihydrolipoamide [c0]	C12H20NO4S2	-1	RJCJWONCSKSHES-VIFPVBQESA-M	N=C([O-])CCCCC(CCS)SC(=O)CCC(=O)O	-137.394	C01169	cpd00860
cpd15239_c0	Hexadecenoyl-ACP [c0]	C27H49N2O8PRS	-1					cpd15239
cpd15418_c0	CDP-1,2-dihexadec-9-enoylglycerol [c0]	C44H75N3O15P2	-2			-592.88		cpd15418
cpd15556_c0	phosphatidylserine dihexadec-9-enoyl [c0]	C38H68NO10P	-2			-377.16		cpd15556
cpd02090_c0	Glycerophosphoglycerol [c0]	C6H14O8P	-1	LLCSXHMJULHSJN-UHFFFAOYSA-M	O=P([O-])(OCC(O)CO)OCC(O)CO	-383.36	C03274	cpd02090
cpd00100_c0	Glycerol [c0]	C3H8O3	0	PEDCQBHIVMGVHV-UHFFFAOYSA-N	OCC(O)CO	-116.18	C00116	cpd00100
cpd01646_c0	2-Isopropylmalate [c0]	C7H10O5	-2	BITYXLXUCSKTJS-UHFFFAOYSA-L	CC(C)C(O)(CC(=O)[O-])C(=O)[O-]	-201.18	C02504	cpd01646
cpd00242_c0	H2CO3 [c0]	CHO3	-1	BVKZGUZCCUSVTD-UHFFFAOYSA-M	O=C([O-])O	-140.26	C00288	cpd00242
cpd12848_c0	Holo-[carboxylase] [c0]	C17H27N5O4R2S	0				C06250	cpd12848
cpd12543_c0	Carboxybiotin-carboxyl-carrier protein [c0]	C18H26N5O6R2S	-1				C04419	cpd12543
cpd00239_c0	H2S [c0]	HS	-1	RWSOTUBLDIXVET-UHFFFAOYSA-M	[SH-]	-6.66	C00283	cpd00239
cpd00383_c0	Shikimate [c0]	C7H9O5	-1	JXOHGGNKMLTUBP-HSUXUTPPSA-M	O=C([O-])C1=CC(O)C(O)C(O)C1	-171.29	C00493	cpd00383
cpd02030_c0	3-phosphoshikimate [c0]	C7H8O8P	-3	QYOJSKGCWNAKGW-PBXRRBTRSA-K	O=C([O-])C1=CC(OP(=O)([O-])[O-])C(O)C(O)C1	-383.79	C03175	cpd02030
cpd00873_c0	Nicotinate ribonucleotide [c0]	C11H12NO9P	-2	JOUIQRNQJGXQDC-ZYUZMQFOSA-L	O=C([O-])c1ccc[n+](C2OC(COP(=O)([O-])[O-])C(O)C2O)c1	-380.18	C01185	cpd00873
cpd03471_c0	Nicotinate D-ribonucleoside [c0]	C11H13NO6	0	PUEDDPCUCPRQNY-ZYUZMQFOSA-N	O=C([O-])c1ccc[n+](C2OC(CO)C(O)C2O)c1	-167.68	C05841	cpd03471
cpd00219_c0	Prephenate [c0]	C10H8O6	-2	FPWMCUPFBRFMLH-XGAOUMNUSA-L	O=C([O-])C(=O)CC1(C(=O)[O-])C=CC(O)C=C1	-186.17	C00254	cpd00219
cpd00868_c0	p-hydroxyphenylpyruvate [c0]	C9H7O4	-1	KKADPXVIOXHVKN-UHFFFAOYSA-M	O=C(O)C(=O)Cc1ccc([O-])cc1	-115.3	C01179	cpd00868
cpd00485_c0	D-Mannose1-phosphate [c0]	C6H11O9P	-2	HXXFSFRBOHSIMQ-RWOPYEJCSA-L	O=P([O-])([O-])OC1OC(CO)C(O)C(O)C1O	-430.78	C00636	cpd00485
cpd00083_c0	GDP-mannose [c0]	C16H23N5O16P2	-2	MVMSCBBUIHUTGJ-GDJBGNAASA-L	N=c1nc([O-])c2ncn(C3OC(COP(=O)([O-])OP(=O)(O)OC4OC(CO)C(O)C(O)C4O)C(O)C3O)c2[nH]1	-673.08	C00096	cpd00083
cpd00044_c0	3-phosphoadenylylsulfate [c0]	C10H11N5O13P2S	-4	GACDQMDRPRGCTN-KQYNXXCUSA-J	Nc1ncnc2c1ncn2C1OC(COP(=O)([O-])OS(=O)(=O)[O-])C(OP(=O)([O-])[O-])C1O	-580.35	C00053	cpd00044
cpd01335_c0	Octanoyl-CoA [c0]	C29H46N7O17P3S	-4	KQMZYOXOBSXMII-CECATXLMSA-J	CCCCCCCC(=O)SCCN=C([O-])CCN=C([O-])C(O)C(C)(C)COP(=O)(O)OP(=O)(O)OCC1OC(n2cnc3c(N)ncnc32)C(O)C1OP(=O)([O-])[O-]	-776.11	C01944	cpd01335
cpd03130_c0	(2E)-Octenoyl-CoA [c0]	C29H44N7O17P3S	-4	CPSDNAXXKWVYIY-NTLMCJQISA-J	CCCCCC=CC(=O)SCCN=C([O-])CCN=C([O-])C(O)C(C)(C)COP(=O)(O)OP(=O)(O)OCC1OC(n2cnc3c(N)ncnc32)C(O)C1OP(=O)([O-])[O-]	-755.3	C05276	cpd03130
cpd00508_c0	3MOP [c0]	C6H9O3	-1	JVQYSWDUAOAHFM-BYPYZUCNSA-M	CCC(C)C(=O)C(=O)[O-]	-109.64	C00671	cpd00508
cpd14702_c0	2-Methyl-1-hydroxybutyl-TPP [c0]	C17H27N4O8P2S	-1	CUBSXOWPMAOFDG-MYHCZTBNSA-M	CCC(C)C(O)c1sc(CCOP(=O)([O-])OP(=O)([O-])O)c(C)[n+]1Cc1cnc(C)[nH]c1=N	-402.1	C15978	cpd14702
cpd00504_c0	LL-2,6-Diaminopimelate [c0]	C7H14N2O4	0	GMKMEZVLHJARHF-WHFBIAKZSA-N	NC(CCCC(N)C(=O)O)C(=O)O	-163.68	C00666	cpd00504
cpd00516_c0	meso-2,6-Diaminopimelate [c0]	C7H14N2O4	0	GMKMEZVLHJARHF-SYDPRGILSA-N	NC(CCCC(N)C(=O)O)C(=O)O	-163.68	C00680	cpd00516
cpd00905_c0	Guanosine 3',5'-bis(diphosphate) [c0]	C10H12N5O17P4	-5	BUFLLCUFNHESEH-UUOKFMHZSA-I	N=c1nc([O-])c2ncn(C3OC(COP(=O)(O)OP(=O)([O-])[O-])C(OP(=O)(O)OP(=O)([O-])[O-])C3O)c2[nH]1	-936.8	C01228	cpd00905
cpd11585_c0	L-alanylglycine [c0]	C5H10N2O3	0	CXISPYVYMQWFLE-VKHMYHEASA-N	CC(N)C(O)=NCC(=O)O	-118.5		cpd11585
cpd00035_c0	L-Alanine [c0]	C3H7NO2	0	QNAYBMKLOCPYGJ-REOHCLBHSA-N	CC(N)C(=O)O	-87.92	C00041	cpd00035
cpd00075_c0	Nitrite [c0]	NO2	-1	IOVCWXUNBOPUCH-UHFFFAOYSA-M	O=N[O-]	-8.9	C00088	cpd00075
cpd00157_c0	Glycerone [c0]	C3H6O3	0	RXKJFZQQPQGTFL-UHFFFAOYSA-N	O=C(CO)CO	-108.16	C00184	cpd00157
cpd00246_e0	Inosine [e0]	C10H12N4O5	0	UGQMRVRMYYASKQ-KQYNXXCUSA-N	OCC1OC(n2cnc3c(O)ncnc32)C(O)C1O	-101.08	C00294	cpd00246
cpd00246_c0	Inosine [c0]	C10H12N4O5	0	UGQMRVRMYYASKQ-KQYNXXCUSA-N	OCC1OC(n2cnc3c(O)ncnc32)C(O)C1O	-101.08	C00294	cpd00246
cpd02547_c0	(R)-1-Aminopropan-2-yl phosphate [c0]	C3H9NO4P	-1	YBOLZUJJGUZUDC-GSVOUGTGSA-M	CC(CN)OP(=O)([O-])O	-257.2	C04122	cpd02547
cpd03917_c0	Adenosylcobyric acid [c0]	C55H79CoN15O11	3	GOELZEWZSUSKBO-AVFCAEGCSA-M	CC1=C2N=C(C=C3N=C(C(C)=C4NC(C(CC(=N)O)C4(C)CCC(=O)O)C4(C)N=C1C(CCC(=N)O)C4(C)CC(=N)O)C(CCC(=N)O)C3(C)C)C(CCC(=N)[O-])C2(C)CC(=N)O.[CH2]C1OC(n2cnc3c(N)ncnc32)C(O)C1O.[Co+2]		C06507	cpd03917
cpd03919_c0	Adenosyl cobinamide phosphate [c0]	C58H86CoN16O14P	2	MQCMBMUJJHSGIF-QMUWONGRSA-K	CC1=C2N=C(C=C3N=C(C(C)=C4NC(C)(C5N=C1C(C)(CCC(O)=NCC(C)OP(=O)(O)O)C5CC(=N)O)C(C)(CC(=N)O)C4CCC(=N)[O-])C(C)(CC(=N)O)C3CCC([NH-])=O)C(C)(C)C2CCC(=N)[O-].[CH2]C1OC(n2cnc3c(N)ncnc32)C(O)C1O.[Co+2]		C06509	cpd03919
cpd00017_c0	S-Adenosyl-L-methionine [c0]	C15H23N6O5S	1	MEFKEPWMEQBLKI-AIRLBKTGSA-O	C[S+](CCC(N)C(=O)O)CC1OC(n2cnc3c(N)ncnc32)C(O)C1O	-66.63	C00019	cpd00017
cpd01620_c0	Precorrin 2 [c0]	C42H41N4O16	-7	OQIIYZQTTMKFAU-ZNLOQLQNSA-G	CC1(CC(=O)O)C2=Cc3[nH]c(c(CCC(=O)[O-])c3CC(=O)[O-])Cc3[nH]c(c(CC(=O)[O-])c3CCC(=O)[O-])C=C3NC(=CC(=N2)C1CCC(=O)[O-])C(C)(CC(=O)[O-])C3CCC(=O)[O-]		C02463	cpd01620
cpd00019_c0	S-Adenosyl-homocysteine [c0]	C14H20N6O5S	0	ZJUKTBDSGOFHSH-WFMPWKQPSA-N	Nc1ncnc2c1ncn2C1OC(CSCCC(N)C(=O)O)C(O)C1O	-76.11	C00021	cpd00019
cpd03420_c0	Precorrin 3A [c0]	C43H43N4O16	-7	AILJETHLKULYHE-IHDLTXBCSA-G	CC1=C2NC(=CC3=NC(=Cc4[nH]c(c(CCC(=O)[O-])c4CC(=O)[O-])Cc4[nH]c1c(CC(=O)[O-])c4CCC(=O)[O-])C(CCC(=O)[O-])C3(C)CC(=O)[O-])C(CCC(=O)[O-])C2(C)CC(=O)O		C05772	cpd03420
cpd00689_c0	Porphobilinogen [c0]	C10H13N2O4	-1	QSHWIQZFGQKFMA-UHFFFAOYSA-M	NCc1[nH]cc(CCC(=O)[O-])c1CC(=O)O	-118.18	C00931	cpd00689
cpd00755_c0	Hydroxymethylbilane [c0]	C40H38N4O17	-8	WDFJYRZCZIUBPR-UHFFFAOYSA-F	O=C([O-])CCc1c[nH]c(Cc2[nH]c(Cc3[nH]c(Cc4[nH]c(CO)c(CC(=O)[O-])c4CCC(=O)[O-])c(CC(=O)[O-])c3CCC(=O)[O-])c(CC(=O)[O-])c2CCC(=O)[O-])c1CC(=O)[O-]	-479.5	C01024	cpd00755
cpd00196_c0	Acetylphosphate [c0]	C2H3O5P	-2	LIPOUNRJVLNBCD-UHFFFAOYSA-L	CC(=O)OP(=O)([O-])[O-]	-301.65	C00227	cpd00196
cpd11472_c0	Hexanoyl-ACP [c0]	C17H31N2O8PRS	-2				C05749	cpd11472
cpd11490_c0	3-oxooctanoyl-acp [c0]	C19H34N2O9PRS	-2				C05750	cpd11490
cpd15529_c0	phosphatidylethanolamine ditetradecanoyl [c0]	C33H66NO8P	0			-347.71		cpd15529
cpd15336_c0	2-Acyl-sn-glycero-3-phosphoethanolamine dodecanoyl [c0]	C17H36NO7P	0			-332.94		cpd15336
cpd01101_c0	Carbamate [c0]	CH2NO2	-1	KXDHJXZQYSOELW-UHFFFAOYSA-M	NC(=O)[O-]	-95.7	C01563	cpd01101
cpd00655_c0	Dephospho-CoA [c0]	C21H33N7O13P2S	-2	KDTSHFARGAKYJN-IBOSZNHHSA-L	CC(C)(COP(=O)(O)OP(=O)(O)OCC1OC(n2cnc3c(N)ncnc32)C(O)C1O)C(O)C([O-])=NCCC([O-])=NCCS	-539.494	C00882	cpd00655
cpd00768_c0	N-Carbamoylsarcosine [c0]	C4H7N2O3	-1	SREKYKXYSQMOIB-UHFFFAOYSA-M	CN(CC(=O)[O-])C(=N)O	-115.69	C01043	cpd00768
cpd00068_c0	ITP [c0]	C10H12N4O14P3	-3	HAEJPQIATWHALX-KQYNXXCUSA-K	O=P([O-])([O-])OP(=O)(O)OP(=O)(O)OCC1OC(n2cnc3c([O-])ncnc32)C(O)C1O	-729.58	C00081	cpd00068
cpd01775_c0	Phosphoribosyl-ATP [c0]	C15H20N5O20P4	-5	RKNHJBVBFHDXGR-KEOHHSTQSA-I	N=c1c2ncn(C3OC(COP(=O)([O-])OP(=O)(O)OP(=O)([O-])[O-])C(O)C3O)c2ncn1C1OC(COP(=O)([O-])[O-])C(O)C1O	-1015.22	C02739	cpd01775
cpd00498_c0	2-Aceto-2-hydroxybutanoate [c0]	C6H9O4	-1	VUQLHQFKACOHNZ-LURJTMIESA-M	CCC(O)(C(C)=O)C(=O)[O-]	-151.56	C00659	cpd00498
cpd10162_c0	(R)-3-Hydroxy-3-methyl-2-oxopentanoate [c0]	C6H9O4	-1	YJVOWRAWFXRESP-ZCFIWIBFSA-M	CCC(C)(O)C(=O)C(=O)[O-]	-149.1	C14463	cpd10162
cpd11526_c0	7-methyl-3-hydroxy-octanoyl-ACP [c0]	C20H37N2O9PRS	-1					cpd11526
cpd11515_c0	12-methyl-tetra-decanoyl-ACP [c0]	C26H49N2O8PRS	-2					cpd11515
cpd00080_e0	Glycerol-3-phosphate [e0]	C3H7O6P	-2	AWUCVROLDVIAJX-GSVOUGTGSA-L	O=P([O-])([O-])OCC(O)CO	-328.68	C00093	cpd00080
cpd00203_c0	1,3-Bisphospho-D-glycerate [c0]	C3H4O10P2	-4	LJQLQCAXBUHEAZ-UWTATZPHSA-J	O=C(OP(=O)([O-])[O-])C(O)COP(=O)([O-])[O-]	-586.8	C00236	cpd00203
cpd00001_e0	H2O [e0]	H2O	0	XLYOFNOQVPJJNP-UHFFFAOYSA-N	O	-56.687	C00001	cpd00001
cpd00867_c0	Inositol 1-phosphate [c0]	C6H11O9P	-2	INAPMGSXUVUWAF-UOTPTPDRSA-L	O=P([O-])([O-])OC1C(O)C(O)C(O)C(O)C1O	-432.46	C01177	cpd00867
cpd00121_c0	L-Inositol [c0]	C6H12O6	0	CDAISMWEOUEBRE-GPIVLXJGSA-N	OC1C(O)C(O)C(O)C(O)C1O	-219.96	C00137	cpd00121
cpd00023_e0	L-Glutamate [e0]	C5H8NO4	-1	WHUUTDBJXJRKMK-VKHMYHEASA-M	NC(CCC(=O)[O-])C(=O)O	-164.13	C00025	cpd00023
cpd00971_e0	Na+ [e0]	Na	1	FKNQFGJONOIPTF-UHFFFAOYSA-N	[Na+]		C01330	cpd00971
cpd00971_c0	Na+ [c0]	Na	1	FKNQFGJONOIPTF-UHFFFAOYSA-N	[Na+]		C01330	cpd00971
cpd00519_c0	D-methylmalonyl-CoA [c0]	C25H35N7O19P3S	-5	MZFOKIKEPGUZEN-IBNUZSNCSA-I	CC(C(=O)[O-])C(=O)SCCN=C([O-])CCN=C([O-])C(O)C(C)(C)COP(=O)(O)OP(=O)(O)OCC1OC(n2cnc3c(N)ncnc32)C(O)C1OP(=O)([O-])[O-]	-863.85	C00683	cpd00519
cpd00492_c0	N-Acetyl-D-mannosamine [c0]	C8H15NO6	0	OVRNDRQMDRJTHS-ZTVVOAFPSA-N	CC(O)=NC1C(O)OC(CO)C(O)C1O	-212.63	C00645	cpd00492
cpd00282_c0	S-Dihydroorotate [c0]	C5H5N2O4	-1	UFIVEPVSAGBUSI-REOHCLBHSA-M	O=C(O)C1CC([O-])=NC(O)=N1	-151.52	C00337	cpd00282
cpd15500_c0	Menaquinone 8 [c0]	C51H72O2	0	PTWSIIUEOFZCHW-NTCAYCPXSA-N	CC(C)=CCCC(C)=CCC1=C(C)C(=O)c2ccccc2C1=O	206.06		cpd15500
cpd00247_c0	Orotate [c0]	C5H3N2O4	-1	PXQPEWDEAKTCGB-UHFFFAOYSA-M	O=C(O)c1cc([O-])nc(O)n1	-142.48	C00295	cpd00247
cpd15499_c0	Menaquinol 8 [c0]	C51H74O2	0	OIEZRVBFVPGODT-WQWYCSGDSA-N	CC(C)=CCCC(C)=CCCC(C)=CCCC(C)=CCCC(C)=CCCC(C)=CCCC(C)=CCCC(C)=CCc1c(C)c(O)c2ccccc2c1O	180.271		cpd15499
cpd06704_c0	2-Hydroxycyclohexane-1-carboxyl-CoA [c0]	C28H43N7O18P3S	-3	OIFANTIHESWSAR-AZKLLKNGSA-J	CC(C)(COP(=O)(O)OP(=O)(O)OCC1OC(n2cnc3c(N)ncnc32)C(O)C1OP(=O)([O-])[O-])C(O)C([O-])=NCCC([O-])=NCCSC(=O)C1CCCCC1O	-801.28	C09812	cpd06704
cpd06705_c0	2-Oxocyclohexane-1-carbonyl-CoA [c0]	C28H41N7O18P3S	-3	BGLNPJARTQOCKR-OXXAVVHVSA-J	CC(C)(COP(=O)(O)OP(=O)(O)OCC1OC(n2cnc3c(N)ncnc32)C(O)C1OP(=O)([O-])[O-])C(O)C([O-])=NCCC([O-])=NCCSC(=O)C1CCCCC1=O	-794.72	C09813	cpd06705
cpd11537_c0	13-methyl-3-oxo-tetra-decanoyl-ACP [c0]	C26H47N2O9PRS	-1					cpd11537
cpd11538_c0	13-methyl-3-hydroxy-tetra-decanoyl-ACP [c0]	C26H49N2O9PRS	-1					cpd11538
cpd00774_c0	UroporphyrinogenIII [c0]	C40H36N4O16	-8	HUHWZXWWOFSFKF-UHFFFAOYSA-F	O=C([O-])CCc1c2[nH]c(c1CC(=O)[O-])Cc1[nH]c(c(CC(=O)[O-])c1CCC(=O)[O-])Cc1[nH]c(c(CC(=O)[O-])c1CCC(=O)[O-])Cc1[nH]c(c(CCC(=O)[O-])c1CC(=O)[O-])C2		C01051	cpd00774
cpd00367_e0	Cytidine [e0]	C9H13N3O5	0	UHDGCWIWMRVCDJ-XVFCMESISA-N	N=c1ccn(C2OC(CO)C(O)C2O)c(O)n1	-132.88	C00475	cpd00367
cpd00367_c0	Cytidine [c0]	C9H13N3O5	0	UHDGCWIWMRVCDJ-XVFCMESISA-N	N=c1ccn(C2OC(CO)C(O)C2O)c(O)n1	-132.88	C00475	cpd00367
cpd15557_c0	phosphatidylserine dioctadecanoyl [c0]	C42H80NO10P	-2			-415.4		cpd15557
cpd15533_c0	phosphatidylethanolamine dioctadecanoyl [c0]	C41H82NO8P	0			-334.75		cpd15533
cpd00286_c0	Undecaprenylphosphate [c0]	C55H89O4P	-2	UFPHFKCTOZIAFY-RDQGWRCRSA-L	CC(C)=CCCC(C)=CCCC(C)=CCCC(C)=CCCC(C)=CCCC(C)=CCCC(C)=CCCC(C)=CCCC(C)=CCCC(C)=CCCC(C)=CCOP(=O)([O-])[O-]	49.72	C00348	cpd00286
cpd02862_c0	UDPMurAc(oyl-L-Ala-D-gamma-Glu-L-Lys-D-Ala-D-Ala) [c0]	C40H62N9O26P2	-3	PFMVORMCVGOQKR-XNCOKRRHSA-K	CC([O-])=NC1C(OP(=O)(O)OP(=O)(O)OCC2OC(n3ccc([O-])nc3=O)C(O)C2O)OC(CO)C(O)C1OC(C)C(O)=NC(C)C(O)=NC(CCC([O-])=NC(CCCCN)C(O)=NC(C)C(O)=NC(C)C(=O)O)C(=O)O	-1046.45	C04702	cpd02862
cpd02948_c0	MurAc(oyl-L-Ala-D-gamma-Glu-L-Lys-D-Ala-D-Ala)-diphospho- undecaprenol [c0]	C86H140N7O21P2	-3	SULOOAFLXMQJSF-OGDYFQGPSA-K	CC(C)=CCCC(C)=CCCC(C)=CCCC(C)=CCCC(C)=CCCC(C)=CCCC(C)=CCCC(C)=CCCC(C)=CCCC(C)=CCCC(C)=CCOP(=O)(O)OP(=O)(O)OC1OC(CO)C(O)C(OC(C)C(O)=NC(C)C(O)=NC(CCC([O-])=NC(CCCCN)C(O)=NC(C)C([O-])=NC(C)C(=O)O)C(=O)O)C1N=C(C)[O-]	-598.96	C04851	cpd02948
cpd00063_c0	Ca2+ [c0]	Ca	2	BHPQYMZQTOCNFJ-UHFFFAOYSA-N	[Ca+2]		C00076	cpd00063
cpd00063_e0	Ca2+ [e0]	Ca	2	BHPQYMZQTOCNFJ-UHFFFAOYSA-N	[Ca+2]		C00076	cpd00063
cpd02857_c0	DAHP [c0]	C7H10O10P	-3	PJWIPEXIFFQAQZ-PUFIMZNGSA-K	O=C([O-])C(=O)CC(O)C(O)C(O)COP(=O)([O-])[O-]	-469.06	C04691	cpd02857
cpd00699_c0	5-Dehydroquinate [c0]	C7H9O6	-1	WVMWZWGZRAXUBK-SYTVJDICSA-M	O=C1CC(O)(C(=O)[O-])CC(O)C1O	-214.49	C00944	cpd00699
cpd11468_c0	Dodecanoyl-ACP [c0]	C23H44N2O8PRS	-2				C05223	cpd11468
cpd11469_c0	(2E)-Dodecenoyl-[acp] [c0]	C23H41N2O8PRS	-2				C05758	cpd11469
cpd00058_e0	Cu2+ [e0]	Cu	2	JPVYNHNXODAKFH-UHFFFAOYSA-N	[Cu+2]		C00070	cpd00058
cpd00058_c0	Cu2+ [c0]	Cu	2	JPVYNHNXODAKFH-UHFFFAOYSA-N	[Cu+2]		C00070	cpd00058
cpd03915_c0	Cob(I)yrinate diamide [c0]	C45H59CoN6O12	-2	NKLHEMWEQJCPPF-OKJGWHJPSA-K	CC1=C2N=C(C=C3N=C(C(C)=C4NC(C)(C5N=C1C(C)(CCC(=O)O)C5CC(=O)O)C(C)(CC(=N)[O-])C4CCC(=O)O)C(C)(CC([NH-])=O)C3CCC(=O)[O-])C(C)(C)C2CCC(=O)O.[Co+]		C06505	cpd03915
cpd00421_c0	Triphosphate [c0]	H2O10P3	-3	UNXRWKVEANCORM-UHFFFAOYSA-K	O=P([O-])([O-])OP(=O)(O)OP(=O)([O-])O		C00536	cpd00421
cpd03916_c0	Adenosyl cobyrinate diamide [c0]	C55H71CoN11O15	-1	OCNLJCZKGHKJGF-NQYRMHKHSA-K	CC1=C2N=C(C=C3N=C(C(C)=C4NC(C)(C5N=C1C(C)(CCC(=O)O)C5CC(=O)O)C(C)(CC(=N)[O-])C4CCC(=O)O)C(C)(CC([NH-])=O)C3CCC(=O)[O-])C(C)(C)C2CCC(=O)O.[CH2]C1OC(n2cnc3c(N)ncnc32)C(O)C1O.[Co+2]		C06506	cpd03916
cpd00087_c0	Tetrahydrofolate [c0]	C19H21N7O6	-2	MSTNYGQPCMXVAQ-KIYNQFGBSA-L	N=c1nc([O-])c2c([nH]1)NCC(CNc1ccc(C(=O)NC(CCC(=O)[O-])C(=O)O)cc1)N2	-113.97	C00101	cpd00087
cpd02152_c0	L-Argininosuccinate [c0]	C10H17N4O6	-1	KDZOASGQNOPSCU-ZBHICJROSA-M	N=C(NCCCC(N)C(=O)O)NC(CC(=O)[O-])C(=O)O	-224.81	C03406	cpd02152
cpd00051_c0	L-Arginine [c0]	C6H15N4O2	1	ODKSFYDXXFIFQN-BYPYZUCNSA-O	N=C(N)NCCCC([NH3+])C(=O)O	-73.77	C00062	cpd00051
cpd01260_c0	Lauroyl-CoA [c0]	C33H54N7O17P3S	-4	YMCXGHLSVALICC-GMHMEAMDSA-J	CCCCCCCCCCCC(=O)SCCN=C([O-])CCN=C([O-])C(O)C(C)(C)COP(=O)(O)OP(=O)(O)OCC1OC(n2cnc3c(N)ncnc32)C(O)C1OP(=O)([O-])[O-]	-769.63	C01832	cpd01260
cpd00641_c0	L-Histidinol [c0]	C6H12N3O	1	ZQISRDCJNBUVMM-YFKPBYRVSA-O	[NH3+]C(CO)Cc1cnc[nH]1	-2.41	C00860	cpd00641
cpd15328_c0	1-octadec-11-enoyl-sn-glycerol 3-phosphate [c0]	C21H40O7P	-1			-317.85		cpd15328
cpd15687_c0	CDP-1,2-dianteisopentadecanoylglycerol [c0]	C42H75N3O15P2	-2			-644.46		cpd15687
cpd15693_c0	Dianteisopentadecanoylphosphatidylserine [c0]	C36H68NO10P	-2			-428.74		cpd15693
cpd02060_c0	(2E)-Dodecenoyl-CoA [c0]	C33H52N7O17P3S	-4	IRFYVBULXZMEDE-XCFIPPSPSA-J	CCCCCCCCCC=CC(=O)SCCN=C([O-])CCN=C([O-])C(O)C(C)(C)COP(=O)(O)OP(=O)(O)OCC1OC(n2cnc3c(N)ncnc32)C(O)C1OP(=O)([O-])[O-]	-748.82	C03221	cpd02060
cpd00126_c0	GMP [c0]	C10H12N5O8P	-2	RQFCJASXJCIDSX-UUOKFMHZSA-L	N=c1nc([O-])c2ncn(C3OC(COP(=O)([O-])O)C(O)C3O)c2[nH]1	-308.3	C00144	cpd00126
cpd00311_c0	Guanosine [c0]	C10H13N5O5	0	NYHBQMYGNKIUIF-UUOKFMHZSA-N	N=c1nc(O)c2ncn(C3OC(CO)C(O)C3O)c2[nH]1	-95.8	C00387	cpd00311
cpd00626_c0	dTDPglucose [c0]	C16H24N2O16P2	-2	YSYKRGRSMLTJNL-URARBOGNSA-L	Cc1cn(C2CC(O)C(COP(=O)([O-])OP(=O)(O)OC3OC(CO)C(O)C(O)C3O)O2)c(=O)nc1[O-]	-723.12	C00842	cpd00626
cpd12547_c0	L-2-Lysophosphatidylethanolamine [c0]	C23H46NO7P	0				C04438	cpd12547
cpd00062_c0	UTP [c0]	C9H12N2O15P3	-3	PGAVKCOVUIYSFO-XVFCMESISA-K	O=c1nc([O-])ccn1C1OC(COP(=O)(O)OP(=O)(O)OP(=O)([O-])[O-])C(O)C1O	-813.77	C00075	cpd00062
cpd08286_c0	2-C-methyl-D-erythritol4-phosphate [c0]	C5H11O7P	-2	XMWHRVNVKDKBRG-UHNVWZDZSA-L	CC(O)(CO)C(O)COP(=O)([O-])[O-]	-366.71	C11434	cpd08286
cpd03163_c0	Selenomethionine [c0]	C5H11NO2Se	0	RJFAYQIBOAGBLC-BYPYZUCNSA-N	C[Se]CCC(N)C(=O)O		C05335	cpd03163
cpd03392_c0	Se-Adenosylselenomethionine [c0]	C15H23N6O5Se	1	GGJFWMOVUFBSIN-AIRLBKTGSA-P	C[Se+](CCC([NH3+])C(=O)O)CC1OC(n2cnc3c(N)ncnc32)C(O)C1O		C05691	cpd03392
cpd11478_c0	(R)-3-Hydroxybutanoyl-[acyl-carrier protein] [c0]	C15H27N2O9PRS	-1				C04618	cpd11478
cpd11465_c0	But-2-enoyl-[acyl-carrier protein] [c0]	C15H25N2O8PRS	-1				C04246	cpd11465
cpd02978_c0	7,8-Dihydroneopterin 3'-triphosphate [c0]	C9H13N5O13P3	-3	DGGUVLXVLHAAGT-XINAWCOVSA-K	N=c1nc([O-])c2c([nH]1)NCC(C(O)C(O)COP(=O)(O)OP(=O)(O)OP(=O)([O-])[O-])=N2	-704.45	C04895	cpd02978
cpd03666_c0	2,5-Diamino-6-(5'-triphosphoryl-3',4'-trihydroxy-2'-oxopentyl)- amino-4-oxopyrimidine [c0]	C9H15N5O14P3	-3	ZJYBJXKSWQPKFW-UHFFFAOYSA-K	N=c1nc([O-])c(N)c(NCC(=O)C(O)C(O)COP(=O)(O)OP(=O)(O)OP(=O)([O-])[O-])[nH]1	-753.92	C06148	cpd03666
cpd04918_c0	D-Glycero-D-manno-heptose7-phosphate [c0]	C7H13O10P	-2	SDADNVAZGVDAIM-KLJZZCKASA-L	O=P([O-])([O-])OCC(O)C1OC(O)C(O)C(O)C1O	-467.2	C07836	cpd04918
cpd08316_c0	D-Glycero-D-manno-heptose1-7-bisphosphate [c0]	C7H12O13P2	-4	LMTGTTLGDUACSJ-QQABCQGCSA-J	O=P([O-])([O-])OCC(O)C1OC(OP(=O)([O-])[O-])C(O)C(O)C1O	-679.7	C11472	cpd08316
cpd00107_e0	L-Leucine [e0]	C6H13NO2	0	ROHFNLRQFUQHCH-YFKPBYRVSA-N	CC(C)CC(N)C(=O)O	-84.87	C00123	cpd00107
cpd00107_c0	L-Leucine [c0]	C6H13NO2	0	ROHFNLRQFUQHCH-YFKPBYRVSA-N	CC(C)CC(N)C(=O)O	-84.87	C00123	cpd00107
cpd00290_c0	D-fructose-1,6-bisphosphate [c0]	C6H10O12P2	-4	RNBGYGVWRKECFJ-ARQDHWQXSA-J	O=P([O-])([O-])OCC1OC(O)(COP(=O)([O-])[O-])C(O)C1O	-644.17	C00354	cpd00290
cpd00072_c0	D-fructose-6-phosphate [c0]	C6H11O9P	-2	BGWGXPAPYGQALX-ARQDHWQXSA-L	O=P([O-])([O-])OCC1OC(O)(CO)C(O)C1O	-431.67	C00085	cpd00072
cpd03607_c0	4-(Phosphonooxy)-threonine [c0]	C4H8NO7P	-2	FKHAKIJOKDGEII-UHFFFAOYSA-L	NC(C(=O)[O-])C(O)COP(=O)([O-])O	-373.07	C06055	cpd03607
cpd04539_c0	2-Amino-3-oxo-4-phosphonooxybutyrate [c0]	C4H6NO7P	-2	LMKSRFWSQAKTOE-VKHMYHEASA-L	NC(C(=O)[O-])C(=O)COP(=O)([O-])O	-365.05	C07335	cpd04539
cpd11554_c0	8-methyl-3-oxo-nonanoyl-ACP [c0]	C21H37N2O9PRS	-1					cpd11554
cpd11555_c0	8-methyl-3-hydroxy-nonanoyl-ACP [c0]	C21H39N2O9PRS	-1					cpd11555
cpd00184_e0	Thymidine [e0]	C10H14N2O5	0	IQFYYKKMVGJFEH-XLPZGREQSA-N	Cc1cn(C2CC(O)C(CO)O2)c(=O)nc1O	-145.84	C00214	cpd00184
cpd00184_c0	Thymidine [c0]	C10H14N2O5	0	IQFYYKKMVGJFEH-XLPZGREQSA-N	Cc1cn(C2CC(O)C(CO)O2)c(=O)nc1O	-145.84	C00214	cpd00184
cpd00357_c0	TTP [c0]	C10H14N2O14P3	-3	NHVNXKFIZYSCEB-XLPZGREQSA-K	Cc1cn(C2CC(O)C(COP(=O)(O)OP(=O)(O)OP(=O)([O-])[O-])O2)c(=O)nc1[O-]	-774.34	C00459	cpd00357
cpd00297_c0	dTDP [c0]	C10H14N2O11P2	-2	UJLXYODCHAELLY-XLPZGREQSA-L	Cc1cn(C2CC(O)C(COP(=O)(O)OP(=O)([O-])O)O2)c(=O)nc1[O-]	-566.34	C00363	cpd00297
cpd02691_c0	2-methyl-3-hydroxy-butyryl-CoA [c0]	C26H40N7O18P3S	-4	PEKYNTFSOBAABV-LQUDNSJZSA-J	CC(O)C(C)C(=O)SCCN=C([O-])CCN=C([O-])C(O)C(C)(C)COP(=O)(O)OP(=O)(O)OCC1OC(n2cnc3c(N)ncnc32)C(O)C1OP(=O)([O-])[O-]	-820.82	C04405	cpd02691
cpd02124_c0	2-Methylacetoacetyl-CoA [c0]	C26H38N7O18P3S	-4	NHNODHRSCRALBF-UHFFFAOYSA-J	CC(=O)C(C)C(=O)SCCN=C([O-])CCN=C([O-])C(O)C(C)(C)COP(=O)(O)OP(=O)(O)OCC1OC(n2cnc3c(N)ncnc32)C(O)C1OP(=O)([O-])[O-]	-812.8	C03344	cpd02124
cpd00216_c0	Chorismate [c0]	C10H8O6	-2	WTFXTQVDAKGDEY-HTQZYQBOSA-L	C=C(OC1C=C(C(=O)[O-])C=CC1O)C(=O)[O-]	-169.49	C00251	cpd00216
cpd00093_c0	Anthranilate [c0]	C7H6NO2	-1	RWZYAGGXGHYGMB-UHFFFAOYSA-M	Nc1ccccc1C(=O)[O-]	-48.99	C00108	cpd00093
cpd11588_c0	gly-pro-L [c0]	C7H12N2O3	0			-93.95		cpd11588
cpd00129_c0	L-Proline [c0]	C5H9NO2	0	ONIBWKKTOPOVIA-BYPYZUCNSA-N	O=C(O)C1CCCN1	-62.54	C00148	cpd00129
cpd00241_c0	dGTP [c0]	C10H13N5O13P3	-3	HAAZLUGHYHWQIW-KVQBGUIXSA-K	N=c1nc([O-])c2ncn(C3CC(O)C(COP(=O)(O)OP(=O)(O)OP(=O)([O-])[O-])O3)c2[nH]1	-684.46	C00286	cpd00241
cpd00295_c0	dGDP [c0]	C10H13N5O10P2	-2	CIKGWCTVFSRMJU-KVQBGUIXSA-L	N=c1nc([O-])c2ncn(C3CC(O)C(COP(=O)(O)OP(=O)([O-])O)O3)c2[nH]1	-476.46	C00361	cpd00295
cpd00296_c0	dGMP [c0]	C10H12N5O7P	-2	LTFMZDNNPPEQNG-KVQBGUIXSA-L	N=c1nc([O-])c2ncn(C3CC(O)C(COP(=O)([O-])O)O3)c2[nH]1	-268.46	C00362	cpd00296
cpd00277_c0	Deoxyguanosine [c0]	C10H13N5O4	0	YKBGVTZYEHREMT-KVQBGUIXSA-N	N=c1nc(O)c2ncn(C3CC(O)C(CO)O3)c2[nH]1	-55.96	C00330	cpd00277
cpd11438_c0	fa4 [c0]	C15H29O2	-1			-67.5		cpd11438
cpd11439_c0	fa4coa [c0]	C36H61N7O17P3S	-3			-766.58		cpd11439
cpd11488_c0	Acetoacetyl-ACP [c0]	C15H26N2O9PRS	-2				C05744	cpd11488
cpd01017_e0	Cys-Gly [e0]	C5H10N2O3S	0	ZUKPVRWZDMRIEO-VKHMYHEASA-N	NC(CS)C(O)=NCC(=O)O	-113.974	C01419	cpd01017
cpd01017_c0	Cys-Gly [c0]	C5H10N2O3S	0	ZUKPVRWZDMRIEO-VKHMYHEASA-N	NC(CS)C(O)=NCC(=O)O	-113.974	C01419	cpd01017
cpd15339_c0	2-Acyl-sn-glycero-3-phosphoethanolamine (n-C16:0) [c0]	C21H44NO7P	0			-326.46		cpd15339
cpd00214_c0	Palmitate [c0]	C16H31O2	-1	IPCSVZSSVZVIGE-UHFFFAOYSA-M	CCCCCCCCCCCCCCCC(=O)[O-]	-64.07	C00249	cpd00214
cpd11570_c0	3-Oxooctodecanoyl-ACP [c0]	C29H53N2O9PRS	-1					cpd11570
cpd11571_c0	3-Hydroxyoctodecanoyl-ACP [c0]	C29H55N2O9PRS	-1					cpd11571
cpd00797_e0	(R)-3-Hydroxybutanoate [e0]	C4H7O3	-1	WHBMMWSBFZVSSR-GSVOUGTGSA-M	CC(O)CC(=O)[O-]	-121.55	C01089	cpd00797
cpd00797_c0	(R)-3-Hydroxybutanoate [c0]	C4H7O3	-1	WHBMMWSBFZVSSR-GSVOUGTGSA-M	CC(O)CC(=O)[O-]	-121.55	C01089	cpd00797
cpd01324_c0	L-Histidinal [c0]	C6H10N3O	1	VYOIELONWKIZJS-YFKPBYRVSA-O	[NH3+]C(C=O)Cc1cnc[nH]1	7.07	C01929	cpd01324
cpd00871_c0	D-Ribulose 1,5-bisphosphate [c0]	C5H8O11P2	-4	YAHZABJORDUQGO-NQXXGFSBSA-J	O=C(COP(=O)([O-])[O-])C(O)C(O)COP(=O)([O-])[O-]	-606	C01182	cpd00871
cpd15679_c0	1,2-diisotetradecanoyl-sn-glycerol 3-phosphate [c0]	C31H60O8P	-1			-368.32		cpd15679
cpd00040_c0	Glyoxalate [c0]	C2HO3	-1	HHLFWLYXYJOTON-UHFFFAOYSA-M	O=CC(=O)[O-]	-111.04	C00048	cpd00040
cpd15720_c0	Dianteisopentadecanoylphosphatidylglycerophosphate [c0]	C36H70O13P2	-2			-632.26		cpd15720
cpd01651_c0	L-3-Cyanoalanine [c0]	C4H6N2O2	0	BXRLWGXPSRYJDZ-VKHMYHEASA-N	N#CCC(N)C(=O)O	-73.15	C02512	cpd01651
cpd03407_c0	gamma-Glutamyl-beta-cyanoalanine [c0]	C9H12N3O5	-1	QUAADUAOVLZBJM-WDSKDSINSA-M	N#CCC(N=C([O-])CCC(N)C(=O)O)C(=O)O	-180.13	C05711	cpd03407
cpd00013_e0	NH3 [e0]	H4N	1	QGZKDVFQNNGYKY-UHFFFAOYSA-O	[NH4+]	-18.97	C00014	cpd00013
cpd15322_c0	1-Acyl-sn-glycero-3-phosphoglycerol hexadec-9-enoyl [c0]	C22H42O9P	-1			-375.77		cpd15322
cpd15398_c0	N-Acetyl-D-glucosamine(anhydrous)N-Acetylmuramyl-tetrapeptide [c0]	C37H57N7O20	-2	ZTOWCORYLXDAAW-JOUWMGDHSA-L	CC([O-])=NC1C(OC2C3COC(O3)C(N=C(C)[O-])C2OC(C)C(O)=NC(C)C(O)=NC(CCC(=O)O)C(O)=NC(CCCC(N)C(=O)O)C(O)=NC(C)C(=O)O)OC(CO)C(O)C1O			cpd15398
cpd00122_c0	N-Acetyl-D-glucosamine [c0]	C8H15NO6	0	OVRNDRQMDRJTHS-RTRLPJTCSA-N	CC(O)=NC1C(O)OC(CO)C(O)C1O	-212.63	C00140	cpd00122
cpd15401_c0	1,6-anhydrous-N-Acetylmuramyl-tetrapeptide [c0]	C29H44N6O15	-2	OUWAMZWZTFUVMV-NPLPHQDTSA-L	CC([O-])=NC1COC(CO)C(O)C1OC(C)C(O)=NC(C)C(O)=NC(CCC(=O)[O-])C(O)=NC(CCCC(N)C(=O)O)C(O)=NC(C)C(=O)O	-511.21		cpd15401
cpd15343_c0	2-Acyl-sn-glycero-3-phosphoglycerol dodecanoyl [c0]	C18H36O9P	-1			-404.61		cpd15343
cpd11836_c0	(R)-3-Hydroxyacyl-[acyl-carrier protein] [c0]	C15H27N2O9PRS	-1				C01271	cpd11836
cpd00770_c0	N-Formyl-L-glutamate [c0]	C6H7NO5	-2	ADZLWSMFHHHOBV-UHFFFAOYSA-L	O=C([O-])CCC(N=C[O-])C(=O)O	-192.08	C01045	cpd00770
cpd00957_c0	2,5-Diamino-6-(5'-phosphoribosylamino)-4-pyrimidineone [c0]	C9H14N5O8P	-2	OCLCLRXKNJCOJD-UMMCILCDSA-L	N=c1nc([O-])c(N)c(NC2OC(COP(=O)([O-])O)C(O)C2O)[nH]1	-338.54	C01304	cpd00957
cpd00159_c0	L-Lactate [c0]	C3H5O3	-1	JVTAAEKCZFNVCJ-REOHCLBHSA-M	CC(O)C(=O)[O-]	-123.17	C00186	cpd00159
cpd01669_c0	Estrone 3-sulfate [c0]	C18H21O5S	-1	JKKFKPJIXZFSSB-UHFFFAOYSA-M	CC12CCC3c4ccc(OS(=O)(=O)[O-])cc4CCC3C1CCC2=O	-131.48	C02538	cpd01669
cpd00362_c0	Estrone [c0]	C18H22O2	0	DNXHEGUUPJUMQT-CBZIJGRNSA-N	CC12CCC3c4ccc(O)cc4CCC3C1CCC2=O	-16.98	C00468	cpd00362
cpd00244_e0	Ni2+ [e0]	Ni	2	PXHVJJICTQNCMI-UHFFFAOYSA-N	[Ni]		C00291	cpd00244
cpd00244_c0	Ni2+ [c0]	Ni	2	PXHVJJICTQNCMI-UHFFFAOYSA-N	[Ni]		C00291	cpd00244
cpd15327_c0	1-hexadecanoyl-sn-glycerol 3-phosphate [c0]	C19H38O7P	-1			-343.45		cpd15327
cpd11578_e0	hexanesulfonate [e0]	C6H13O3S	-1	FYAQQULBLMNGAH-UHFFFAOYSA-M	CCCCCCS(=O)(=O)[O-]	-119.302		cpd11578
cpd11578_c0	hexanesulfonate [c0]	C6H13O3S	-1	FYAQQULBLMNGAH-UHFFFAOYSA-M	CCCCCCS(=O)(=O)[O-]	-119.302		cpd11578
cpd00183_c0	Sarcosine [c0]	C3H7NO2	0	FSYKKLYZXJSNPZ-UHFFFAOYSA-N	CNCC(=O)O	-79.18	C00213	cpd00183
cpd00055_c0	Formaldehyde [c0]	CH2O	0	WSFSSNUMVMOOMR-UHFFFAOYSA-N	C=O	-31.2	C00067	cpd00055
cpd00822_c0	O-Succinyl-L-homoserine [c0]	C8H12NO6	-1	GNISQJGXJIDKDJ-YFKPBYRVSA-M	NC(CCOC(=O)CCC(=O)[O-])C(=O)O	-236.19	C01118	cpd00822
cpd11484_c0	HMA [c0]	C25H47N2O9PRS	-1				C04688	cpd11484
cpd11467_c0	(2E)-Tetradecenoyl-[acp] [c0]	C25H45N2O8PRS	-2				C05760	cpd11467
cpd02024_c0	Phosphonoacetaldehyde [c0]	C2H4O4P	-1	YEMKIGUKNDOZEG-UHFFFAOYSA-M	O=CCP(=O)([O-])O	-233.78	C03167	cpd02024
cpd03518_c0	Formamidopyrimidine nucleoside triphosphate [c0]	C10H15N5O15P3	-3	NDXMRXXKCCKQQV-UUOKFMHZSA-K	N=c1nc([O-])c(N=C[O-])c(NC2OC(COP(=O)(O)OP(=O)(O)OP(=O)([O-])O)C(O)C2O)[nH]1	-790.78	C05922	cpd03518
cpd03519_c0	2,5-Diaminopyrimidine nucleoside triphosphate [c0]	C9H15N5O14P3	-3	CRXOALRUOMUPMC-UMMCILCDSA-K	N=c1nc([O-])c(N)c(NC2OC(COP(=O)(O)OP(=O)(O)OP(=O)([O-])[O-])C(O)C2O)[nH]1	-754.54	C05923	cpd03519
cpd00507_c0	Glycerophosphocholine [c0]	C8H20NO6P	0	SUHOQUVVVLNYQR-MRVPVSSYSA-N	C[N+](C)(C)CCOP(=O)([O-])OCC(O)CO	-254.99	C00670	cpd00507
cpd00098_c0	Choline [c0]	C5H14NO	1	OEYIOHPDSNJKLS-UHFFFAOYSA-N	C[N+](C)(C)CCO	12.19	C00114	cpd00098
cpd15419_c0	CDP-1,2-dihexadecanoylglycerol [c0]	C44H79N3O15P2	-2			-637.6		cpd15419
cpd15545_c0	Phosphatidylglycerophosphate dihexadecanoyl [c0]	C38H74O13P2	-2			-625.4		cpd15545
cpd00790_c0	O-Acetyl-L-homoserine [c0]	C6H11NO4	0	FCXZBWSIAGGPCB-YFKPBYRVSA-N	CC(=O)OCCC(N)C(=O)O	-159.98	C01077	cpd00790
cpd00205_e0	K+ [e0]	K	1	NPYPAHLBTDXSSS-UHFFFAOYSA-N	[K+]		C00238	cpd00205
cpd00205_c0	K+ [c0]	K	1	NPYPAHLBTDXSSS-UHFFFAOYSA-N	[K+]		C00238	cpd00205
cpd11474_c0	Decanoyl-ACP [c0]	C21H40N2O8PRS	-2				C05755	cpd11474
cpd11489_c0	3-oxododecanoyl-acp [c0]	C23H42N2O9PRS	-2				C05756	cpd11489
cpd11507_c0	8-methyl-decanoyl-ACP [c0]	C22H41N2O8PRS	-1					cpd11507
cpd03118_c0	(S)-Hydroxydecanoyl-CoA [c0]	C31H50N7O18P3S	-4	HIVSMYZAMUNFKZ-PNPVFPMQSA-J	CCCCCCCC(O)CC(=O)SCCN=C([O-])CCN=C([O-])C(O)C(C)(C)COP(=O)(O)OP(=O)(O)OCC1OC(n2cnc3c(N)ncnc32)C(O)C1OP(=O)([O-])[O-]	-810.91	C05264	cpd03118
cpd03129_c0	(2E)-Decenoyl-CoA [c0]	C31H48N7O17P3S	-4	MGNBGCRQQFMNBM-YJHHLLFWSA-J	CCCCCCCC=CC(=O)SCCN=C([O-])CCN=C([O-])C(O)C(C)(C)COP(=O)(O)OP(=O)(O)OCC1OC(n2cnc3c(N)ncnc32)C(O)C1OP(=O)([O-])[O-]	-752.06	C05275	cpd03129
cpd03449_c0	2-Octaprenyl-3-methyl-5-hydroxy-6-methoxy-1,4-benzoquinone [c0]	C48H72O4	0	JCTZZCUQMAEFJG-WDXILIIOSA-N	COC1=C(O)C(=O)C(C)=C(CC=C(C)CCC=C(C)CCC=C(C)CCC=C(C)CCC=C(C)CCC=C(C)CCC=C(C)CCC=C(C)C)C1=O	127.85	C05815	cpd03449
cpd00292_c0	HMG-CoA [c0]	C27H39N7O20P3S	-5	CABVTRNMFUVUDM-VRHQGPGLSA-I	CC(O)(CC(=O)[O-])CC(=O)SCCN=C([O-])CCN=C([O-])C(O)C(C)(C)COP(=O)(O)OP(=O)(O)OCC1OC(n2cnc3c(N)ncnc32)C(O)C1OP(=O)([O-])[O-]	-900.07	C00356	cpd00292
cpd02068_c0	3-Methylglutaconyl-CoA [c0]	C27H37N7O19P3S	-5	GXKSHRDAHFLWPN-RKYLSHMCSA-I	CC(=CC(=O)SCCN=C([O-])CCN=C([O-])C(O)C(C)(C)COP(=O)(O)OP(=O)(O)OCC1OC(n2cnc3c(N)ncnc32)C(O)C1OP(=O)([O-])[O-])CC(=O)[O-]	-840.36	C03231	cpd02068
cpd00347_c0	5-10-Methenyltetrahydrofolate [c0]	C20H20N7O6	-1	MEANFMOQMXYMCT-OLZOCXBDSA-M	N=c1nc(O)c2c([nH]1)NCC1C[N+](c3ccc(C(O)=NC(CCC(=O)[O-])C(=O)[O-])cc3)=CN21	-97	C00445	cpd00347
cpd11476_c0	hexadecanoyl-acp [c0]	C27H51N2O8PRS	-2				C05764	cpd11476
cpd00134_c0	Palmitoyl-CoA [c0]	C37H62N7O17P3S	-4	MNBKLUUYKPBKDU-BBECNAHFSA-J	CCCCCCCCCCCCCCCC(=O)SCCN=C([O-])CCN=C([O-])C(O)C(C)(C)COP(=O)(O)OP(=O)(O)OCC1OC(n2cnc3c(N)ncnc32)C(O)C1OP(=O)([O-])[O-]	-763.15	C00154	cpd00134
cpd00346_c0	L-Aspartate4-semialdehyde [c0]	C4H7NO3	0	HOSWPDPVFBCLSY-VKHMYHEASA-N	NC(CC=O)C(=O)O	-113.05	C00441	cpd00346
cpd02120_c0	Dihydrodipicolinate [c0]	C7H5NO4	-2	UWOCFOFVIBZJGH-YFKPBYRVSA-L	O=C([O-])C1=NC(C(=O)[O-])CC=C1	-133.7	C03340	cpd02120
cpd03832_c0	Hydrogenobyrinate [c0]	C45H56N4O14	-4	ALLJLLMNGBKZLT-BRPYDKQXSA-J	CC1=C2N=C(C=C3N=C(C(C)=C4NC(C(CC(=O)O)C4(C)CCC(=O)[O-])C4(C)N=C1C(CCC(=O)[O-])C4(C)CC(=O)O)C(CCC(=O)[O-])C3(C)C)C(CCC(=O)[O-])C2(C)CC(=O)O		C06399	cpd03832
cpd03913_c0	Hydrogenobyrinate diamide [c0]	C45H60N6O12	-2	BYLRAQWTUVCQLV-BRPYDKQXSA-L	CC1=C2N=C(C=C3N=C(C(C)=C4NC(C(CC(=O)O)C4(C)CCC(=O)O)C4(C)N=C1C(CCC(=O)O)C4(C)CC(=N)[O-])C(CCC(=O)O)C3(C)C)C(CCC(=O)O)C2(C)CC(=N)[O-]		C06503	cpd03913
cpd03116_c0	(S)-3-Hydroxydodecanoyl-CoA [c0]	C33H54N7O18P3S	-4	IJFLXRCJWPKGKJ-LXIXEQKWSA-J	CCCCCCCCCC(O)CC(=O)SCCN=C([O-])CCN=C([O-])C(O)C(C)(C)COP(=O)(O)OP(=O)(O)OCC1OC(n2cnc3c(N)ncnc32)C(O)C1OP(=O)([O-])[O-]	-807.67	C05262	cpd03116
cpd00223_c0	Glycerate [c0]	C3H5O4	-1	RBNPOMFGQQGHHO-UWTATZPHSA-M	O=C([O-])C(O)CO	-159.4	C00258	cpd00223
cpd00843_c0	Tartronate semialdehyde [c0]	C3H3O4	-1	QWBAFPFNGRFSFB-UHFFFAOYSA-M	O=CC(O)C(=O)[O-]	-149.92	C01146	cpd00843
cpd11568_c0	14-methyl-trans-pentadec-2-enoyl-ACP [c0]	C27H49N2O8PRS	-1					cpd11568
cpd11569_c0	14-methyl-pentadecanoyl-ACP [c0]	C27H51N2O8PRS	-2					cpd11569
cpd15606_c0	Gly-Tyr [c0]	C11H14N2O4	0					cpd15606
cpd00069_c0	L-Tyrosine [c0]	C9H11NO3	0	OUYCCCASQSFEME-QMMMGPOBSA-N	NC(Cc1ccc(O)cc1)C(=O)O	-90.53	C00082	cpd00069
cpd11546_c0	4-methyl-3-oxo-pentanoyl-ACP [c0]	C17H29N2O9PRS	-1					cpd11546
cpd11547_c0	4-methyl-3-hydroxy-pentanoyl-ACP [c0]	C17H31N2O9PRS	-1					cpd11547
cpd11539_c0	13-methyl-trans-tetra-dec-2-enoyl-ACP [c0]	C26H47N2O8PRS	-1					cpd11539
cpd11540_c0	13-methyl-tetra-decanoyl-ACP [c0]	C26H49N2O8PRS	-2					cpd11540
cpd15420_c0	CDP-1,2-dioctadec-11-enoylglycerol [c0]	C48H83N3O15P2	-2			-586.4		cpd15420
cpd15548_c0	Phosphatidylglycerophosphate dioctadec-11-enoyl [c0]	C42H78O13P2	-2			-574.2		cpd15548
cpd02431_c0	1-Pyrroline-5-carboxylate [c0]	C5H6NO2	-1	DWAKNKKXGALPNW-BYPYZUCNSA-M	O=C([O-])C1CCC=N1	-59.27	C03912	cpd02431
cpd15358_c0	2-octadecanoyl-sn-glycerol 3-phosphate [c0]	C21H42O7P	-1			-340.21		cpd15358
cpd01080_c0	ocdca [c0]	C18H35O2	-1	QIQXTHQIDYTFRH-UHFFFAOYSA-M	CCCCCCCCCCCCCCCCCC(=O)[O-]	-60.83	C01530	cpd01080
cpd02746_c0	all trans Decaprenyl diphosphate [c0]	C50H82O7P2	-2	FSCYHDCTHRVSKN-UNOAJODNSA-L	CC(C)=CCCC(C)=CCCC(C)=CCCC(C)=CCCC(C)=CCCC(C)=CCCC(C)=CCCC(C)=CCCC(C)=CCCC(C)=CCOP(=O)(O)OP(=O)([O-])[O-]	-186.37	C04509	cpd02746
cpd02229_c0	Bactoprenyl diphosphate [c0]	C55H90O7P2	-2	NTXGVHCCXVHYCL-NTDVEAECSA-L	CC(C)=CCCC(C)=CCCC(C)=CCCC(C)=CCCC(C)=CCCC(C)=CCCC(C)=CCCC(C)=CCCC(C)=CCCC(C)=CCCC(C)=CCOP(=O)(O)OP(=O)([O-])[O-]	-158.28	C04574	cpd02229
cpd11491_c0	3-oxotetradecanoyl-acp [c0]	C25H46N2O9PRS	-2				C05759	cpd11491
cpd11558_c0	10-methyl-3-oxo-undecanoyl-ACP [c0]	C23H41N2O9PRS	-1					cpd11558
cpd11559_c0	10-methyl-3-hydroxy-undecanoyl-ACP [c0]	C23H43N2O9PRS	-1					cpd11559
cpd00906_c0	all-trans-Hexaprenyl diphosphate [c0]	C30H50O7P2	-2	NGFSMHKFTZROKJ-MMSZMYIBSA-L	CC(C)=CCCC(C)=CCCC(C)=CCCC(C)=CCCC(C)=CCCC(C)=CCOP(=O)(O)OP(=O)([O-])[O-]	-298.73	C01230	cpd00906
cpd00343_c0	N-Carbamoyl-L-aspartate [c0]	C5H6N2O5	-2	HLKXYZVTANABHZ-REOHCLBHSA-L	N=C(O)NC(CC(=O)[O-])C(=O)[O-]	-203.96	C00438	cpd00343
cpd01298_c0	Aminoacetone [c0]	C3H8NO	1	BCDGQXUMWHRQCB-UHFFFAOYSA-O	CC(=O)C[NH3+]	-36.68	C01888	cpd01298
cpd00428_c0	2-Oxopropanal [c0]	C3H4O2	0	AIJULSRZWUXGPQ-UHFFFAOYSA-N	CC(=O)C=O	-59.99	C00546	cpd00428
cpd00009_e0	Phosphate [e0]	HO4P	-2	NBIIXXVUZAFLBC-UHFFFAOYSA-L	O=P([O-])([O-])O	-261.974	C00009	cpd00009
cpd00078_c0	Succinyl-CoA [c0]	C25H35N7O19P3S	-5	VNOYUJKHFWYWIR-ITIYDSSPSA-I	CC(C)(COP(=O)(O)OP(=O)(O)OCC1OC(n2cnc3c(N)ncnc32)C(O)C1OP(=O)([O-])[O-])C(O)C([O-])=NCCC([O-])=NCCSC(=O)CCC(=O)[O-]	-862.04	C00091	cpd00078
cpd00449_c0	Dihydrolipoamide [c0]	C8H17NOS2	0	VLYUGYAKYZETRF-SSDOTTSWSA-N	N=C(O)CCCCC(S)CCS	-27.348	C00579	cpd00449
cpd00227_c0	L-Homoserine [c0]	C4H9NO3	0	UKAUYVFTDYCKQA-VKHMYHEASA-N	NC(CCO)C(=O)O	-122.53	C00263	cpd00227
cpd00130_c0	L-Malate [c0]	C4H4O5	-2	BJEPYKJPYRNKOW-REOHCLBHSA-L	O=C([O-])CC(O)C(=O)[O-]	-201	C00149	cpd00130
cpd15342_c0	2-Acyl-sn-glycero-3-phosphoethanolamine octadec-11-enoyl [c0]	C23H46NO7P	0			-300.86		cpd15342
cpd11521_c0	5-methyl-3-oxo-hexanoyl-ACP [c0]	C18H31N2O9PRS	-1					cpd11521
cpd00918_c0	2-Acetamido-5-oxopentanoate [c0]	C7H10NO4	-1	BCPSFKBPHHBDAI-LURJTMIESA-M	CC([O-])=NC(CCC=O)C(=O)O	-141.03	C01250	cpd00918
cpd00249_c0	Uridine [c0]	C9H12N2O6	0	DRTQHJPVMGBUCF-XVFCMESISA-N	O=c1nc(O)ccn1C1OC(CO)C(O)C1O	-185.27	C00299	cpd00249
cpd14698_c0	3-Methyl-1-hydroxybutyl-TPP [c0]	C17H27N4O8P2S	-1	OZAWOYZVNPQFFO-UHFFFAOYSA-M	Cc1ncc(C[n+]2c(C(O)CC(C)C)sc(CCOP(=O)([O-])OP(=O)([O-])O)c2C)c(=N)[nH]1	-402.1	C15974	cpd14698
cpd14699_c0	S-(3-Methylbutanoyl)-dihydrolipoamide-E [c0]	C13H25NO2S2	0				C15975	cpd14699
cpd00220_c0	Riboflavin [c0]	C17H19N4O6	-1	AUNGANRZJHBGPY-SCRDCRAPSA-M	Cc1cc2nc3c([O-])nc(=O)nc-3n(CC(O)C(O)C(O)CO)c2cc1C	-110.72	C00255	cpd00220
cpd00050_c0	FMN [c0]	C17H18N4O9P	-3	ANKZYBDXHMZBDK-SCRDCRAPSA-K	Cc1cc2nc3c([O-])nc(=O)[nH]c3[n+](CC(O)C(O)C(O)COP(=O)([O-])[O-])c2cc1C	-323.22	C00061	cpd00050
cpd00349_c0	Sedoheptulose 1,7-bisphosphate [c0]	C7H12O13P2	-4	OKHXOUGRECCASI-SHUUEZRQSA-J	O=C(COP(=O)([O-])[O-])C(O)C(O)C(O)C(O)COP(=O)([O-])[O-]	-678.84	C00447	cpd00349
cpd00236_c0	D-Erythrose4-phosphate [c0]	C4H7O7P	-2	NGHMDNPXVRFFGS-IUYQGCFVSA-L	O=CC(O)C(O)COP(=O)([O-])[O-]	-355.62	C00279	cpd00236
cpd00202_c0	DMAPP [c0]	C5H10O7P2	-2	CBIDRCWHNCKSTO-UHFFFAOYSA-L	CC(C)=CCOP(=O)(O)OP(=O)([O-])[O-]	-439.18	C00235	cpd00202
cpd03487_c0	Undecaprenyl-diphospho-N-acetylmuramoyl-(N-acetylglucosamine)-L-alanyl-D-glutamyl-L-lysyl-D-alanyl-D-alanine [c0]	C94H153N8O26P2	-3			-751.79		cpd03487
cpd03488_c0	Undecaprenyl-diphospho-N-acetylmuramoyl-(N-acetylglucosamine)-L-alanyl-D-glutaminyl-L-lysyl-D-alanyl-D-alanine [c0]	C94H155N9O25P2	-2			-709.35		cpd03488
cpd00338_c0	5-Aminolevulinate [c0]	C5H9NO3	0	ZGXJTSGNIOSYLO-UHFFFAOYSA-N	NCC(=O)CCC(=O)O	-112.89	C00430	cpd00338
cpd00070_c0	Malonyl-CoA [c0]	C24H33N7O19P3S	-5	LTYOQGRJFJAKNA-DVVLENMVSA-I	CC(C)(COP(=O)(O)OP(=O)(O)OCC1OC(n2cnc3c(N)ncnc32)C(O)C1OP(=O)([O-])[O-])C(O)C([O-])=NCCC([O-])=NCCSC(=O)CC(=O)[O-]	-863.66	C00083	cpd00070
cpd11580_c0	Gly-Gln [c0]	C7H13N3O4	0	PNMUAGGSDZXTHX-BYPYZUCNSA-N	N=C(O)CCC(N=C(O)CN)C(=O)O	-152.27		cpd11580
cpd03115_c0	(S)-3-Hydroxytetradecanoyl-CoA [c0]	C35H58N7O18P3S	-4	OXBHKMHNDGRDCZ-UHFFFAOYSA-J	CCCCCCCCCCCC(O)CC(=O)SCCN=C([O-])CCN=C([O-])C(O)C(C)(C)COP(=O)(O)OP(=O)(O)OCC1OC(n2cnc3c(N)ncnc32)C(O)C1OP(=O)([O-])[O-]	-804.43	C05260	cpd03115
cpd12689_c0	3-Oxotetradecanoyl-CoA [c0]	C35H56N7O18P3S	-4	IQNFBGHLIVBNOU-QSGBVPJFSA-J	CCCCCCCCCCCC(=O)CC(=O)SCCN=C([O-])CCN=C([O-])C(O)C(C)(C)COP(=O)(O)OP(=O)(O)OCC1OC(n2cnc3c(N)ncnc32)C(O)C1OP(=O)([O-])[O-]	-796.41	C05261	cpd12689
cpd11560_c0	10-methyl-trans-undec-2-enoyl-ACP [c0]	C23H41N2O8PRS	-1					cpd11560
cpd11561_c0	10-methyl-undecanoyl-ACP [c0]	C23H43N2O8PRS	-1					cpd11561
cpd11552_c0	6-methyl-trans-hept-2-enoyl-ACP [c0]	C19H33N2O8PRS	-1					cpd11552
cpd11553_c0	6-methyl-heptanoyl-ACP [c0]	C19H35N2O8PRS	-1					cpd11553
cpd00834_c0	Phosphopantetheine [c0]	C11H21N2O7PS	-2	JDMUPRLRUUMCTL-VIFPVBQESA-L	CC(C)(COP(=O)(O)O)C(O)C([O-])=NCCC([O-])=NCCS	-347.644	C01134	cpd00834
cpd00438_e0	Deoxyadenosine [e0]	C10H13N5O3	0	OLXZPDWKRNYJJZ-RRKCRQDMSA-N	Nc1ncnc2c1ncn2C1CC(O)C(CO)O1	-5.51	C00559	cpd00438
cpd00438_c0	Deoxyadenosine [c0]	C10H13N5O3	0	OLXZPDWKRNYJJZ-RRKCRQDMSA-N	Nc1ncnc2c1ncn2C1CC(O)C(CO)O1	-5.51	C00559	cpd00438
cpd15399_c0	1,6-anhydrous-N-Acetylmuramate [c0]	C11H16NO7	-1			-224.02		cpd15399
cpd15391_c0	MurNAc 6-phosphate [c0]	C11H18NO11P	-2	NMEMTQKUEVNSPV-MKFCKLDKSA-K	CC([O-])=NC1C(O)OC(COP(=O)([O-])O)C(O)C1OC(C)C(=O)[O-]	-488.5	C16698	cpd15391
cpd01777_c0	Phosphoribosyl-AMP [c0]	C15H19N5O14P2	-4	RTQMRTSPTLIIHM-KEOHHSTQSA-J	N=c1c2ncn(C3OC(COP(=O)([O-])[O-])C(O)C3O)c2ncn1C1OC(COP(=O)([O-])[O-])C(O)C1O	-599.22	C02741	cpd01777
cpd02979_c0	phosphoribosylformiminoaicar-phosphate [c0]	C15H21N5O15P2	-4	QOUSHGMTBIIAHR-KEOHHSTQSA-J	NC(=O)c1ncn(C2OC(COP(=O)([O-])[O-])C(O)C2O)c1N=CNC1OC(COP(=O)([O-])[O-])C(O)C1O	-651.87	C04896	cpd02979
cpd02711_c0	2-Keto-3-deoxy-6-phosphogluconate [c0]	C6H8O9P	-3	OVPRPPOVAXRCED-WVZVXSGGSA-K	O=C([O-])C(=O)CC(O)C(O)COP(=O)([O-])[O-]	-432.64	C04442	cpd02711
cpd03426_c0	Sirohydrochlorin [c0]	C42H38N4O16	-8	KWIZRXMMFRBUML-AHGFGAHVSA-F	CC1(CC(=O)[O-])c2cc3[nH]c(cc4nc(cc5[nH]c(cc(n2)C1CCC(=O)[O-])C(C)(CC(=O)[O-])C5CCC(=O)[O-])c(CC(=O)[O-])c4CCC(=O)[O-])c(CCC(=O)[O-])c3CC(=O)[O-]		C05778	cpd03426
cpd00089_c0	Glucose-1-phosphate [c0]	C6H11O9P	-2	HXXFSFRBOHSIMQ-VFUOTHLCSA-L	O=P([O-])([O-])OC1OC(CO)C(O)C(O)C1O	-430.78	C00103	cpd00089
cpd00109_c0	Cytochrome c3+ [c0]	C42H52FeN8O6S2	5				C00125	cpd00109
cpd00221_c0	D-Lactate [c0]	C3H5O3	-1	JVTAAEKCZFNVCJ-UWTATZPHSA-M	CC(O)C(=O)[O-]	-123.17	C00256	cpd00221
cpd00110_c0	Cytochrome c2+ [c0]	C42H52FeN8O6S2	4				C00126	cpd00110
cpd00139_c0	Glycolate [c0]	C2H3O3	-1	AEMRFAOFKBGASW-UHFFFAOYSA-M	O=C([O-])CO	-122.98	C00160	cpd00139
cpd15337_c0	2-Acyl-sn-glycero-3-phosphoethanolamine tetradecanoyl [c0]	C19H40NO7P	0			-329.7		cpd15337
cpd03847_c0	Myristic acid [c0]	C14H27O2	-1	TUNFSRHWOTWDNC-UHFFFAOYSA-M	CCCCCCCCCCCCCC(=O)[O-]	-67.31	C06424	cpd03847
cpd03918_c0	Adenosyl cobinamide [c0]	C58H87CoN16O11	4	SCNFBFINHCZGOV-VUCSARQQSA-M	CC1=C2N=C(C=C3N=C(C(C)=C4NC(C)(C5N=C1C(C)(CCC(O)=NCC(C)O)C5CC(=N)O)C(C)(CC(=N)O)C4CCC(=N)O)C(C)(CC(=N)O)C3CCC([NH-])=O)C(C)(C)C2CCC(=N)O.[CH2]C1OC(n2cnc3c(N)ncnc32)C(O)C1O.[Co+5]		C06508	cpd03918
cpd00322_c0	L-Isoleucine [c0]	C6H13NO2	0	AGPKZVBTJJNPAG-WHFBIAKZSA-N	CCC(C)C(N)C(=O)O	-84.87	C00407	cpd00322
cpd00034_e0	Zn2+ [e0]	Zn	2	PTFCDOFLOPIGGS-UHFFFAOYSA-N	[Zn+2]		C00038	cpd00034
cpd00034_c0	Zn2+ [c0]	Zn	2	PTFCDOFLOPIGGS-UHFFFAOYSA-N	[Zn+2]		C00038	cpd00034
cpd00085_c0	beta-Alanine [c0]	C3H7NO2	0	UCMIRNVEIXFBKS-UHFFFAOYSA-N	NCCC(=O)O	-86.11	C00099	cpd00085
cpd11534_c0	11-methyl-3-hydroxy-dodecanoyl-ACP [c0]	C24H45N2O9PRS	-1					cpd11534
cpd11535_c0	11-methyl-trans-dodec-2-enoyl-ACP [c0]	C24H43N2O8PRS	-1					cpd11535
cpd03126_c0	(2E)-Hexadecenoyl-CoA [c0]	C37H60N7O17P3S	-4	JUPAQFRKPHPXLD-MSHHSVQMSA-J	CCCCCCCCCCCCCC=CC(=O)SCCN=C([O-])CCN=C([O-])C(O)C(C)(C)COP(=O)(O)OP(=O)(O)OCC1OC(n2cnc3c(N)ncnc32)C(O)C1OP(=O)([O-])[O-]	-742.34	C05272	cpd03126
cpd00115_c0	dATP [c0]	C10H13N5O12P3	-3	SUYVUBYJARFZHO-RRKCRQDMSA-K	Nc1ncnc2c1ncn2C1CC(O)C(COP(=O)([O-])OP(=O)(O)OP(=O)([O-])[O-])O1	-634.01	C00131	cpd00115
cpd00177_c0	dADP [c0]	C10H13N5O9P2	-2	DAEAPNUQQAICNR-RRKCRQDMSA-L	Nc1ncnc2c1ncn2C1CC(O)C(COP(=O)(O)OP(=O)([O-])[O-])O1	-426.01	C00206	cpd00177
cpd00288_c0	D-Glucosamine phosphate [c0]	C6H13NO8P	-1	XHMJOUIAFHJHBW-IVMDWMLBSA-M	NC1C(O)OC(COP(=O)([O-])O)C(O)C1O	-395.53	C00352	cpd00288
cpd02535_c0	2,3-Dihydroxy-3-methylvalerate [c0]	C6H11O4	-1	PDGXJDXVGMHUIR-UJURSFKZSA-M	CCC(C)(O)C(O)C(=O)[O-]	-159.58	C04104	cpd02535
cpd02882_c0	4--1-D-Ribitylamino-5-aminouracil [c0]	C9H16N4O6	0	XKQZIXVJVUPORE-RPDRRWSUSA-N	Nc1c(O)nc(O)nc1NCC(O)C(O)C(O)CO	-189.57	C04732	cpd02882
cpd02656_c0	6-7-Dimethyl-8--1-D-ribityllumazine [c0]	C13H17N4O6	-1	SXDXRJZUAJBNFL-XKSSXDPKSA-M	Cc1nc2c([O-])nc(=O)nc-2n(CC(O)C(O)C(O)CO)c1C	-124.62	C04332	cpd02656
cpd15700_c0	Diisohexadecanoylphosphatidylethanolamine [c0]	C37H74NO8P	0			-344.85		cpd15700
cpd02227_c0	S-Ribosylhomocysteine [c0]	C9H17NO6S	0	IQFWYNFDWRYSRA-OEQWSMLSSA-N	NC(CCSCC1OC(O)C(O)C1O)C(=O)O	-212.38	C03539	cpd02227
cpd11582_c0	ala-L-Thr-L [c0]	C7H14N2O4	0			-155.11		cpd11582
cpd00161_c0	L-Threonine [c0]	C4H9NO3	0	AYFVYJQAPQTCCC-GBXIJSLDSA-N	CC(O)C(N)C(=O)O	-124.34	C00188	cpd00161
cpd11501_c0	6-methyl-3-hydroxy-octanoyl-ACP [c0]	C20H37N2O9PRS	-1					cpd11501
cpd00117_c0	D-Alanine [c0]	C3H7NO2	0	QNAYBMKLOCPYGJ-UWTATZPHSA-N	CC(N)C(=O)O	-87.92	C00133	cpd00117
cpd00186_c0	D-Glutamate [c0]	C5H8NO4	-1	WHUUTDBJXJRKMK-GSVOUGTGSA-M	NC(CCC(=O)[O-])C(=O)O	-164.13	C00217	cpd00186
cpd00094_c0	2-Oxobutyrate [c0]	C4H5O3	-1	TYEYBOSBBBHJIV-UHFFFAOYSA-M	CCC(=O)C(=O)[O-]	-111.07	C00109	cpd00094
cpd15341_c0	2-Acyl-sn-glycero-3-phosphoethanolamine (n-C18:0) [c0]	C23H48NO7P	0			-323.22		cpd15341
cpd00249_e0	Uridine [e0]	C9H12N2O6	0	DRTQHJPVMGBUCF-XVFCMESISA-N	O=c1nc(O)ccn1C1OC(CO)C(O)C1O	-185.27	C00299	cpd00249
cpd00214_e0	Palmitate [e0]	C16H31O2	-1	IPCSVZSSVZVIGE-UHFFFAOYSA-M	CCCCCCCCCCCCCCCC(=O)[O-]	-64.07	C00249	cpd00214
cpd00101_c0	ribose-5-phosphate [c0]	C5H9O8P	-2	PPQRONHOSHZGFQ-LMVFSUKVSA-L	O=CC(O)C(O)C(O)COP(=O)([O-])[O-]	-392.04	C00117	cpd00101
cpd01716_c0	3-Dehydroshikimate [c0]	C7H7O5	-1	SLWWJZMPHJJOPH-PHDIDXHHSA-M	O=C([O-])C1=CC(=O)C(O)C(O)C1	-166.28	C02637	cpd01716
cpd00077_c0	Catechol [c0]	C6H6O2	0	YCIMNLLNPGFGHC-UHFFFAOYSA-N	Oc1ccccc1O	-49.38	C00090	cpd00077
cpd01630_c0	cis,cis-Muconate [c0]	C6H4O4	-2	TXXHDPDFNKHHGW-CCAGOZQPSA-L	O=C([O-])C=CC=CC(=O)[O-]	-122.92	C02480	cpd01630
cpd00638_c0	Deamido-NAD [c0]	C21H24N6O15P2	-2	SENPVEZBRZQVST-HISDBWNOSA-L	Nc1ncnc2c1ncn2C1OC(COP(=O)([O-])OP(=O)([O-])OCC2OC([n+]3cccc(C(=O)[O-])c3)C(O)C2O)C(O)C1O	-572.03	C00857	cpd00638
cpd11475_c0	(2E)-Decenoyl-[acp] [c0]	C21H37N2O8PRS	-2				C05754	cpd11475
cpd00145_c0	Hydroxypyruvate [c0]	C3H3O4	-1	HHDDCCUIIUWNGJ-UHFFFAOYSA-M	O=C([O-])C(=O)CO	-148.92	C00168	cpd00145
cpd00663_c0	Acrylyl-CoA [c0]	C24H35N7O17P3S	-3	POODSGUMUCVRTR-IEXPHMLFSA-J	C=CC(=O)SCCN=C([O-])CCN=C([O-])C(O)C(C)(C)COP(=O)(O)OP(=O)(O)OCC1OC(n2cnc3c(N)ncnc32)C(O)C1OP(=O)([O-])[O-]	-764.06	C00894	cpd00663
cpd15360_c0	2-Octaprenyl-3-methyl-5-hydroxy-6-methoxy-1,4-benzoquinol [c0]	C48H74O4	0	JCTZZCUQMAEFJG-WDXILIIOSA-N	COC1=C(O)C(=O)C(C)=C(CC=C(C)CCC=C(C)CCC=C(C)CCC=C(C)CCC=C(C)CCC=C(C)CCC=C(C)CCC=C(C)C)C1=O	106.15		cpd15360
cpd15329_c0	1-octadecanoyl-sn-glycerol 3-phosphate [c0]	C21H41O7P	-2	LAYXSTYJRSVXIH-HXUWFJFHSA-L	CCCCCCCCCCCCCCCCCC(=O)OCC(O)COP(=O)([O-])[O-]	-340.21		cpd15329
cpd01982_c0	5-Phosphoribosylamine [c0]	C5H11NO7P	-1	SKCBPEVYGOQGJN-TXICZTDVSA-M	NC1OC(COP(=O)([O-])O)C(O)C1O	-358.87	C03090	cpd01982
cpd08288_c0	2-phospho-4--cytidine5-diphospho-2-C-methyl-D-erythritol [c0]	C14H22N3O17P3	-4	HTJXTKBIUVFUAR-XHIBXCGHSA-J	CC(CO)(OP(=O)([O-])[O-])C(O)COP(=O)(O)OP(=O)([O-])OCC1OC(n2ccc(=N)nc2[O-])C(O)C1O	-858.59	C11436	cpd08288
cpd08301_c0	2-C-methyl-D-erythritol2-4-cyclodiphosphate [c0]	C5H10O9P2	-2	SFRQRNJMIIUYDI-UHNVWZDZSA-L	CC1(CO)OP(=O)([O-])OP(=O)([O-])OCC1O	-486.44	C11453	cpd08301
cpd15366_c0	(R)-3-hydroxy-cis-dodec-5-enoyl-[acyl-carrier protein] [c0]	C23H41N2O9PRS	-1					cpd15366
cpd15569_c0	trans-3-cis-5-dodecenoyl-[acyl-carrier protein] [c0]	C23H39N2O8PRS	-1					cpd15569
cpd00142_c0	Acetoacetate [c0]	C4H5O3	-1	WDJHALXBUFZDSR-UHFFFAOYSA-M	CC(=O)CC(=O)[O-]	-113.53	C00164	cpd00142
cpd00178_c0	Acetone [c0]	C3H6O	0	CSCPPACGZOOCGX-UHFFFAOYSA-N	CC(C)=O	-38.52	C00207	cpd00178
cpd00289_c0	Geranylgeranyl diphosphate [c0]	C20H34O7P2	-2	OINNEUNVOZHBOX-QIRCYJPOSA-L	CC(C)=CCCC(C)=CCCC(C)=CCCC(C)=CCOP(=O)(O)OP(=O)([O-])[O-]	-354.91	C00353	cpd00289
cpd15526_c0	1,2-dioctadecanoyl-sn-glycerol 3-phosphate [c0]	C39H76O8P	-1			-351.74		cpd15526
cpd15421_c0	CDP-1,2-dioctadecanoylglycerol [c0]	C48H87N3O15P2	-2	PDCWLWQTNQCGRI-IGIWICMZSA-L	CCCCCCCCCCCCCCCCCC(=O)OCC(COP(=O)([O-])OP(=O)(O)OCC1OC(n2ccc(=N)nc2[O-])C(O)C1O)OC(=O)CCCCCCCCCCCCCCCCC	-631.12		cpd15421
cpd04920_c0	D-Glycero-D-manno-heptose1-phosphate [c0]	C7H13O10P	-2	KMEJCSKJXSBBAN-QTNLNCNHSA-L	O=P([O-])([O-])OC1OC(C(O)CO)C(O)C(O)C1O	-467.2	C07838	cpd04920
cpd02991_c0	phosphoribulosylformimino-AICAR-phosphate [c0]	C15H22N5O15P2	-3	BLKFNHOCHNCLII-GHVQHMAVSA-J	NC(=O)c1ncn(C2OC(COP(=O)([O-])[O-])C(O)C2O)c1NC=NCC(=O)C(O)C(O)COP(=O)([O-])[O-]	-651.25	C04916	cpd02991
cpd15721_c0	Diisohexadecanoylphosphatidylglycerophosphate [c0]	C38H74O13P2	-2			-629.02		cpd15721
cpd15684_c0	CDP-1,2-dianteisoheptadecanoylglycerol [c0]	C46H83N3O15P2	-2			-637.98		cpd15684
cpd15690_c0	Dianteisoheptadecanoylphosphatidylserine [c0]	C40H76NO10P	-2			-422.26		cpd15690
cpd11481_c0	R-3-hydroxypalmitoyl-acyl-carrierprotein- [c0]	C27H51N2O9PRS	-1				C04633	cpd11481
cpd11485_c0	3-oxohexadecanoyl-acp [c0]	C27H50N2O9PRS	-2				C05762	cpd11485
cpd11579_e0	ethanesulfonate [e0]	C2H5O3S	-1	CCIVGXIOQKPBKL-UHFFFAOYSA-M	CCS(=O)(=O)[O-]	-125.782		cpd11579
cpd11579_c0	ethanesulfonate [c0]	C2H5O3S	-1	CCIVGXIOQKPBKL-UHFFFAOYSA-M	CCS(=O)(=O)[O-]	-125.782		cpd11579
cpd00150_c0	HCN [c0]	CHN	0	LELOWRISYMNNSU-UHFFFAOYSA-N	C#N		C00177	cpd00150
cpd01211_c0	Thiocyanate [c0]	CNS	-1	ZMZDMBWJUHKJPS-UHFFFAOYSA-M	N#C[S-]	22.2	C01755	cpd01211
cpd00210_e0	Taurine [e0]	C2H7NO3S	0	XOAAWQZATWQOTB-UHFFFAOYSA-N	NCCS(=O)(=O)O	-126.763	C00245	cpd00210
cpd00210_c0	Taurine [c0]	C2H7NO3S	0	XOAAWQZATWQOTB-UHFFFAOYSA-N	NCCS(=O)(=O)O	-126.763	C00245	cpd00210
cpd00182_c0	Adenosine [c0]	C10H13N5O4	0	OIRDTQYFTABQOQ-KQYNXXCUSA-N	Nc1ncnc2c1ncn2C1OC(CO)C(O)C1O	-45.35	C00212	cpd00182
cpd15510_c0	two linked disacharide pentapeptide and tetrapeptide murein units (uncrosslinked, middle of chain) [c0]	C77H119N15O41	-4	YJNGRCZHKAYCMA-VZNOAHCOSA-K	CC([O-])=NC1=COC(CO)C(OC2OC(CO)C(OC3OC(CO)C(OC4OC(CO)C(O)C(O)C4N=C(C)[O-])C(OC(C)C(O)=NC(C)C(O)=NC(CCC(=O)O)C(O)=NC(CCCC(N)C(=O)O)C(O)=NC(C)C(=O)O)C3N=C(C)O)C(O)C2N=C(C)[O-])C1OC(C)C(O)=NC(C)C(O)=NC(CCC(=O)O)C(O)=NC(CCCC(N)C(=O)O)C(O)=NC(C)C(O)=NC(C)C(=O)O			cpd15510
cpd03517_c0	Biotinyl-5-AMP [c0]	C20H27N7O9PS	-1	UTQCSTJVMLODHM-RHCAYAJFSA-M	Nc1ncnc2c1ncn2C1OC(COP(=O)(O)OC(=O)CCCCC2SCC3N=C([O-])NC32)C(O)C1O	-289.37	C05921	cpd03517
cpd12847_c0	Apo-[carboxylase] [c0]	C7H13N3O2R2	0				C06249	cpd12847
cpd15323_c0	1-Acyl-sn-glycero-3-phosphoglycerol octadecanoyl [c0]	C24H48O9P	-1			-394.89		cpd15323
cpd00060_c0	L-Methionine [c0]	C5H11NO2S	0	FFEARJCKVFRZRR-BYPYZUCNSA-N	CSCCC(N)C(=O)O	-75.91	C00073	cpd00060
cpd15370_c0	(R)-3-hydroxy-cis-vacc-11-enoyl-[acyl-carrier protein] [c0]	C29H53N2O9PRS	-1					cpd15370
cpd15568_c0	trans-3-cis-11-vacceoyl-[acyl-carrier protein] [c0]	C29H51N2O8PRS	-1					cpd15568
cpd15603_c0	Gly-Cys [c0]	C5H10N2O3S	0					cpd15603
cpd15330_c0	1-tetradec-7-enoyl-sn-glycerol 3-phosphate [c0]	C17H32O7P	-1			-324.33		cpd15330
cpd15298_c0	tetradecenoate [c0]	C14H25O2	-1			-45.61		cpd15298
cpd00138_c0	D-Mannose [c0]	C6H12O6	0	WQZGKKKJIJFFOK-PQMKYFCFSA-N	OCC1OC(O)C(O)C(O)C1O	-218.28	C00159	cpd00138
cpd00264_e0	Spermidine [e0]	C7H22N3	3	ATHGHQPFGPMSJY-UHFFFAOYSA-Q	[NH3+]CCCC[NH2+]CCC[NH3+]	4.79	C00315	cpd00264
cpd02172_c0	Solanesyl diphosphate [c0]	C45H74O7P2	-2	IVLBHBFTRNVIAP-MEGGAXOGSA-L	CC(C)=CCCC(C)=CCCC(C)=CCCC(C)=CCCC(C)=CCCC(C)=CCCC(C)=CCCC(C)=CCCC(C)=CCOP(=O)(O)OP(=O)([O-])[O-]	-214.46	C04145	cpd02172
cpd02419_c0	Nonaprenyl-4-hydroxybenzoate [c0]	C52H77O3	-1	YKKKMRBEPIZPBH-XWEAJCOCSA-M	CC(C)=CCCC(C)=CCCC(C)=CCCC(C)=CCCC(C)=CCCC(C)=CCCC(C)=CCCC(C)=CCCC(C)=CCc1cc(C(=O)O)ccc1[O-]	157.03	C03885	cpd02419
cpd15395_c0	applipoprotein [c0]	C3H6NOR2S	1					cpd15395
cpd15531_c0	phosphatidylethanolamine dihexadecanoyl [c0]	C37H74NO8P	0			-341.23		cpd15531
cpd11959_c0	Lipoprotein [c0]	C19H35NO2R2S	0				C01834	cpd11959
cpd15521_c0	1,2-didodecanoyl-sn-glycerol 3-phosphate [c0]	C27H52O8P	-1			-371.18		cpd15521
cpd15417_c0	CDP-1,2-didodecanoylglycerol [c0]	C36H63N3O15P2	-2			-650.56		cpd15417
cpd00146_c0	Carbamoylphosphate [c0]	CH2NO5P	-2	FFQKYPRQEYGKAF-UHFFFAOYSA-L	N=C([O-])OP(=O)([O-])O	-310.26	C00169	cpd00146
cpd01027_c0	Oxamate [c0]	C2H2NO3	-1	SOWBFZRMHSNYGE-UHFFFAOYSA-M	NC(=O)C(=O)[O-]	-121.3	C01444	cpd01027
cpd00596_c0	Oxalurate [c0]	C3H3N2O4	-1	UWBHMRBRLOJJAA-UHFFFAOYSA-M	N=C(O)N=C([O-])C(=O)O	-153.5	C00802	cpd00596
cpd15354_c0	2-hexadec-9-enoyl-sn-glycerol 3-phosphate [c0]	C19H36O7P	-1			-321.09		cpd15354
cpd00532_c0	O2- [c0]	O2	-1	OUUQCZGPVNCOIJ-UHFFFAOYSA-M	[O][O-]	6.9	C00704	cpd00532
cpd11517_c0	14-methyl-3-hydroxy-hexa-decanoyl-ACP [c0]	C28H53N2O9PRS	-1					cpd11517
cpd11518_c0	14-methyl-trans-hexa-dec-2-enoyl-ACP [c0]	C28H51N2O8PRS	-1					cpd11518
cpd11480_c0	D-3-Hydroxydodecanoyl-[acp] [c0]	C23H43N2O9PRS	-2				C05757	cpd11480
cpd00630_c0	3-Oxoadipate [c0]	C6H6O5	-2	RTGHRDFWYQHVFW-UHFFFAOYSA-L	O=C([O-])CCC(=O)CC(=O)[O-]	-189.74	C00846	cpd00630
cpd01507_c0	3-Oxoadipyl-CoA [c0]	C27H42N7O20P3S	-4	VKKKAAPGXHWXOO-BIEWRJSYSA-I	CC(C)(COP(=O)(O)OP(=O)(O)OCC1OC(n2cnc3c(N)ncnc32)C(O)C1OP(=O)([O-])[O-])C(O)C([O-])=NCCC([O-])=NCCSC(=O)CC(=O)CCC(=O)[O-]	-888.82	C02232	cpd01507
cpd02083_c0	CoproporphyrinogenIII [c0]	C36H40N4O8	-4	NIUVHXTXUXOFEB-UHFFFAOYSA-J	Cc1c2[nH]c(c1CCC(=O)[O-])Cc1[nH]c(c(CCC(=O)[O-])c1C)Cc1[nH]c(c(CCC(=O)[O-])c1C)Cc1[nH]c(c(C)c1CCC(=O)[O-])C2		C03263	cpd02083
cpd00791_c0	ProtoporphyrinogenIX [c0]	C34H38N4O4	-2	UHSGPDMIQQYNAX-UHFFFAOYSA-L	C=Cc1c2[nH]c(c1C)Cc1[nH]c(c(CCC(=O)[O-])c1C)Cc1[nH]c(c(C)c1CCC(=O)[O-])Cc1[nH]c(c(C)c1C=C)C2		C01079	cpd00791
cpd03091_c0	5'-Deoxyadenosine [c0]	C10H13N5O3	0	XGYIMTFOTBMPFP-KQYNXXCUSA-N	CC1OC(n2cnc3c(N)ncnc32)C(O)C1O	-9.12	C05198	cpd03091
cpd11525_c0	7-methyl-3-oxo-octanoyl-ACP [c0]	C20H35N2O9PRS	-1					cpd11525
cpd04122_c0	Aminoacetaldehyde [c0]	C2H6NO	1	LYIIBVSRGJSHAV-UHFFFAOYSA-O	[NH3+]CC=O	-35.03	C06735	cpd04122
cpd00156_c0	L-Valine [c0]	C5H11NO2	0	KZSNJWFQEVHDMF-BYPYZUCNSA-N	CC(C)C(N)C(=O)O	-86.49	C00183	cpd00156
cpd00939_c0	Toxopyrimidine [c0]	C6H9N3O	0	VUTBELPREDJDDH-UHFFFAOYSA-N	Cc1ncc(CO)c(=N)[nH]1	8.46	C01279	cpd00939
cpd02775_c0	4-Amino-5-phosphomethyl-2-methylpyrimidine [c0]	C6H8N3O4P	-2	PKYFHKIYHBRTPI-UHFFFAOYSA-L	Cc1ncc(COP(=O)([O-])[O-])c(=N)[nH]1	-204.04	C04556	cpd02775
cpd11587_c0	Ala-Gln [c0]	C8H15N3O4	0	HJCMDXDYPOUFDY-WHFBIAKZSA-N	CC(N)C(O)=NC(CCC(=N)O)C(=O)O	-152.46		cpd11587
cpd02835_c0	UDP-2,3-bis(3-hydroxytetradecanoyl)glucosamine [c0]	C43H75N3O20P2	-2	KOJCFMYSTWNMQW-RUAJDYCTSA-L	CCCCCCCCCCCC(O)CC(=O)OC1C(O)C(CO)OC(OP(=O)(O)OP(=O)(O)OCC2OC(n3ccc([O-])nc3=O)C(O)C2O)C1N=C([O-])CC(O)CCCCCCCCCCC	-831.55	C04652	cpd02835
cpd02930_c0	Lipid X [c0]	C34H64NO12P	-2	HEHQDWUWJVPREQ-XQJZMFRCSA-L	CCCCCCCCCCCC(O)CC(=O)OC1C(O)C(CO)OC(OP(=O)([O-])O)C1N=C([O-])CC(O)CCCCCCCCCCC	-499.78	C04824	cpd02930
cpd00143_c0	Phenylpyruvate [c0]	C9H7O3	-1	BTNMPGBKDVTSJY-UHFFFAOYSA-M	O=C([O-])C(=O)Cc1ccccc1	-75.82	C00166	cpd00143
cpd00706_c0	Mercaptopyruvate [c0]	C3H3O3S	-1	OJOLFAIGOXZBCI-UHFFFAOYSA-M	O=C([O-])C(=O)CS	-108.164	C00957	cpd00706
cpd15538_c0	Phosphatidylglycerol dihexadecanoyl [c0]	C38H74O10P	-1			-412.9		cpd15538
cpd15346_c0	2-Acyl-sn-glycero-3-phosphoglycerol hexadecanoyl [c0]	C22H44O9P	-1			-398.13		cpd15346
cpd00355_c0	Nicotinamide ribonucleotide [c0]	C11H14N2O8P	-1	DAYLJWODMCOQEW-TURQNECASA-M	N=C([O-])c1ccc[n+](C2OC(COP(=O)([O-])O)C(O)C2O)c1	-337.74	C00455	cpd00355
cpd02016_c0	N-Ribosylnicotinamide [c0]	C11H15N2O5	1	JLEBZPBDRKPWTD-TURQNECASA-O	N=C(O)c1ccc[n+](C2OC(CO)C(O)C2O)c1	-125.24	C03150	cpd02016
cpd11583_c0	Ala-Leu [c0]	C9H18N2O3	0	RDIKFPRVLJLMER-BQBZGAKWSA-N	CC(C)CC(N=C(O)C(C)N)C(=O)O	-115.64		cpd11583
cpd00809_c0	O-Phospho-L-homoserine [c0]	C4H8NO6P	-2	FXDNYOANAXWZHG-VKHMYHEASA-L	NC(CCOP(=O)([O-])O)C(=O)[O-]	-335.03	C01102	cpd00809
cpd00653_c0	D-Galactonate [c0]	C6H11O7	-1	RGHNJXZEOKUKBD-MGCNEYSASA-M	O=C([O-])C(O)C(O)C(O)C(O)CO	-268.66	C00880	cpd00653
cpd00894_c0	2-Dehydro-3-deoxy-D-galactonate [c0]	C6H9O6	-1	WPAMZTWLKIDIOP-NQXXGFSBSA-M	O=C([O-])C(=O)CC(O)C(O)CO	-220.14	C01216	cpd00894
cpd00039_c0	L-Lysine [c0]	C6H15N2O2	1	KDXKERNSBIXSRK-YFKPBYRVSA-O	NC(CCCC[NH3+])C(=O)O	-84.04	C00047	cpd00039
cpd00840_c0	L-beta-Lysine [c0]	C6H15N2O2	1	QKEWQOJCHPFEAF-YFKPBYRVSA-O	NC(CCC[NH3+])CC(=O)O	-84.04	C01142	cpd00840
cpd08287_c0	4--cytidine5-diphospho-2-C-methyl-D-erythritol [c0]	C14H23N3O14P2	-2	YFAUKWZNPVBCFF-XHIBXCGHSA-L	CC(O)(CO)C(O)COP(=O)(O)OP(=O)([O-])OCC1OC(n2ccc(=N)nc2[O-])C(O)C1O	-646.09	C11435	cpd08287
cpd15552_c0	phosphatidylserine didodecanoyl [c0]	C30H56NO10P	-2			-434.84		cpd15552
cpd15528_c0	phosphatidylethanolamine didodecanoyl [c0]	C29H58NO8P	0			-354.19		cpd15528
cpd00169_c0	3-Phosphoglycerate [c0]	C3H4O7P	-3	OSJPPGNTCRNQQC-UWTATZPHSA-K	O=C([O-])C(O)COP(=O)([O-])[O-]	-371.9	C00197	cpd00169
cpd00523_c0	Trehalose 6-phosphate [c0]	C12H21O14P	-2	LABSPYBHMPDTEL-LIZSDCNHSA-L	O=P([O-])([O-])OCC1OC(OC2OC(CO)C(O)C(O)C2O)C(O)C(O)C1O	-589.26	C00689	cpd00523
cpd11592_c0	gly-glu-L [c0]	C7H11N2O5	-1			-194.71		cpd11592
cpd02484_c0	Inositol 3-phosphate [c0]	C6H11O9P	-2	INAPMGSXUVUWAF-PTQMNWPWSA-L	O=P([O-])([O-])OC1C(O)C(O)C(O)C(O)C1O	-432.46	C04006	cpd02484
cpd00932_c0	5-O--1-Carboxyvinyl-3-phosphoshikimate [c0]	C10H9O10P	-4	QUTYKIXIUDQOLK-PRJMDXOYSA-J	C=C(OC1CC(C(=O)[O-])=CC(OP(=O)([O-])[O-])C1O)C(=O)[O-]	-427.57	C01269	cpd00932
cpd03127_c0	(2E)-Tetradecenoyl-CoA [c0]	C35H56N7O17P3S	-4	MBCVYCOKMMMWLX-YYMFEJJQSA-J	CCCCCCCCCCCC=CC(=O)SCCN=C([O-])CCN=C([O-])C(O)C(C)(C)COP(=O)(O)OP(=O)(O)OCC1OC(n2cnc3c(N)ncnc32)C(O)C1OP(=O)([O-])[O-]	-745.58	C05273	cpd03127
cpd11542_c0	15-methyl-3-hydroxy-hexa-decanoyl-ACP [c0]	C28H53N2O9PRS	-1					cpd11542
cpd15167_c0	cdiGMP [c0]	C20H22N10O14P2	-2	PKFDLKSEZWEFGL-MHARETSRSA-L	N=c1nc([O-])c2ncn(C3OC4COP(=O)(O)OC5C(COP(=O)(O)OC4C3O)OC(n3cnc4c([O-])nc(=N)[nH]c43)C5O)c2[nH]1		C16463	cpd15167
cpd00065_c0	L-Tryptophan [c0]	C11H12N2O2	0	QIVBCDIJIAJPQS-VIFPVBQESA-N	NC(Cc1c[nH]c2ccccc12)C(=O)O	-25	C00078	cpd00065
cpd00119_c0	L-Histidine [c0]	C6H9N3O2	0	HNDVDQJCIGZPNO-YFKPBYRVSA-N	NC(Cc1cnc[nH]1)C(=O)O	-45.63	C00135	cpd00119
cpd11463_c0	Protein [c0]	C4H5N2O3R2	-1				C00017	cpd11463
cpd11433_c0	fa12 [c0]	C17H33O2	-1			-64.26		cpd11433
cpd11434_c0	fa12coa [c0]	C38H65N7O17P3S	-3			-763.34		cpd11434
cpd00043_c0	UDP-galactose [c0]	C15H22N2O17P2	-2	HSCJRCZFDFQWRP-LNYDKVEPSA-L	O=c1nc([O-])ccn1C1OC(COP(=O)([O-])OP(=O)(O)OC2OC(CO)C(O)C(O)C2O)C(O)C1O	-762.55	C00052	cpd00043
cpd00035_e0	L-Alanine [e0]	C3H7NO2	0	QNAYBMKLOCPYGJ-REOHCLBHSA-N	CC(N)C(=O)O	-87.92	C00041	cpd00035
cpd03217_c0	Lycopene [c0]	C40H56	0	OAIJSZIZWZSQBC-GYZMGTAESA-N	CC(C)=CCCC(C)=CC=CC(C)=CC=CC(C)=CC=CC=C(C)C=CC=C(C)C=CC=C(C)CCC=C(C)C	281.46	C05432	cpd03217
cpd03220_c0	gamma-Carotene [c0]	C40H56	0	HRQKOYFGHJYEFS-BXOLYSJBSA-N	CC(C)=CCCC(C)=CC=CC(C)=CC=CC(C)=CC=CC=C(C)C=CC=C(C)C=CC1=C(C)CCCC1(C)C	261.33	C05435	cpd03220
cpd00104_c0	BIOT [c0]	C10H15N2O3S	-1	YBJHBAHKTGYVGT-ZKWXMUAHSA-M	O=C([O-])CCCCC1SCC2N=C(O)NC21	-109.02	C00120	cpd00104
cpd03920_c0	Adenosylcobinamide-GDP [c0]	C68H97CoN21O21P2	1	OQFXEDFRAHLOFK-RRMAJTJESA-K	CC1=C2N=C(C=C3N=C(C(C)=C4NC(C)(C5N=C1C(C)(CCC(O)=NCC(C)OP(=O)(O)OP(=O)(O)OCC1OC([n+]6c[nH]c7c(O)nc(=N)[nH]c76)C(O)C1O)C5CC(=N)[O-])C(C)(CC(=N)O)C4CCC(=N)[O-])C(C)(CC(=N)O)C3CCC(=N)[O-])C(C)(C)C2CCC(=N)[O-].[CH2]C1OC(n2cnc3c(N)ncnc32)C(O)C1O.[Co+5]		C06510	cpd03920
cpd15314_c0	1-Acyl-sn-glycero-3-phosphoethanolamine tetradecanoyl [c0]	C19H40NO7P	0			-329.7		cpd15314
cpd15295_c0	Tetradecenoyl-CoA [c0]	C35H57N7O17P3S	-3			-744.03		cpd15295
cpd11566_c0	14-methyl-3-oxo-pentadecanoyl-ACP [c0]	C27H49N2O9PRS	-1					cpd11566
cpd11567_c0	14-methyl-3-hydroxy-pentadecanoyl-ACP [c0]	C27H51N2O9PRS	-1					cpd11567
cpd02552_c0	n-acetylglutamyl-phosphate [c0]	C7H9NO8P	-3	FCVIHFVSXHOPSW-YFKPBYRVSA-K	CC([O-])=NC(CCC(=O)OP(=O)([O-])O)C(=O)[O-]	-408.63	C04133	cpd02552
cpd15699_c0	Dianteisopentadecanoylphosphatidylethanolamine [c0]	C35H70NO8P	0			-348.09		cpd15699
cpd03128_c0	Decanoyl-CoA [c0]	C31H50N7O17P3S	-4	CNKJPHSEFDPYDB-HSJNEKGZSA-J	CCCCCCCCCC(=O)SCCN=C([O-])CCN=C([O-])C(O)C(C)(C)COP(=O)(O)OP(=O)(O)OCC1OC(n2cnc3c(N)ncnc32)C(O)C1OP(=O)([O-])[O-]	-772.87	C05274	cpd03128
cpd00525_c0	UDP-N-acetylmuramoyl-L-alanyl-D-glutamate [c0]	C28H39N5O23P2	-4	OJZCATPXPWFLHF-HPUCEMLMSA-J	CC([O-])=NC1C(OP(=O)(O)OP(=O)(O)OCC2OC(n3ccc([O-])nc3=O)C(O)C2O)OC(CO)C(O)C1OC(C)C(O)=NC(C)C([O-])=NC(CCC(=O)[O-])C(=O)O	-958.02	C00692	cpd00525
cpd02964_c0	UDP-N-acetylmuramoyl-L-alanyl-D-gamma-glutamyl-meso-2-6-diaminopimelate [c0]	C35H51N7O26P2	-4	QUHLBZKCGUXHGP-BHBBPGSKSA-J	CC([O-])=NC1C(OP(=O)(O)OP(=O)(O)OCC2OC(n3ccc([O-])nc3=O)C(O)C2O)OC(CO)C(O)C1OC(C)C(O)=NC(C)C([O-])=NC(CCC([O-])=NC(CCCC(N)C(=O)O)C(=O)O)C(=O)O	-1064.55	C04877	cpd02964
cpd15353_c0	2-Demethylmenaquinol 8 [c0]	C50H72O2	0	RGINGPZIMPREDO-AENDIINCSA-N	CC(C)=CCCC(C)=CCCC(C)=CCCC(C)=CCCC(C)=CCCC(C)=CCCC(C)=CCCC(C)=CCC1=CC(O)c2ccccc2C1O	199.55		cpd15353
cpd15352_c0	2-Demethylmenaquinone 8 [c0]	C50H70O2	0	GDUBPWSFXUAETN-AENDIINCSA-N	CC(C)=CCCC(C)=CCCC(C)=CCCC(C)=CCCC(C)=CCCC(C)=CCCC(C)=CCCC(C)=CCC1=CC(=O)c2ccccc2C1=O	206.47		cpd15352
cpd00298_c0	dTMP [c0]	C10H13N2O8P	-2	GYOZYWVXFNDGLU-XLPZGREQSA-L	Cc1cn(C2CC(O)C(COP(=O)([O-])O)O2)c(=O)nc1[O-]	-358.34	C00364	cpd00298
cpd15369_c0	(R)-3-hydroxy-cis-palm-9-eoyl-[acyl-carrier protein] [c0]	C27H49N2O9PRS	-1					cpd15369
cpd15571_c0	trans-3-cis-9-palmitoleoyl-[acyl-carrier protein] [c0]	C27H47N2O8PRS	-1					cpd15571
cpd03192_c0	GDP-L-rhamnose [c0]	C16H23N5O15P2	-2	LQEBEXMHBLQMDB-CUMUYSSISA-L	CC1OC(OP(=O)(O)OP(=O)([O-])OCC2OC(n3cnc4c([O-])nc(=N)[nH]c43)C(O)C2O)C(O)C(O)C1O	-636.85	C05386	cpd03192
cpd03171_c0	GDP-4-oxo-L-rhamnose [c0]	C16H21N5O15P2	-2	PNHLMHWWFOPQLK-CCAKUQLUSA-L	CC1OC(OP(=O)(O)OP(=O)([O-])OCC2OC(n3cnc4c([O-])nc(=N)[nH]c43)C(O)C2O)C(O)C(O)C1=O	-630.29	C05344	cpd03171
cpd03830_c0	ADP-D-glycero-D-manno-heptose [c0]	C17H25N5O16P2	-2	KMSFWBYFWSKGGR-FQBROAFUSA-L	Nc1ncnc2c1ncn2C1OC(COP(=O)([O-])OP(=O)([O-])OC2OC(C(O)CO)C(O)C(O)C2O)C(O)C1O	-659.05	C06397	cpd03830
cpd00118_e0	Putrescine [e0]	C4H14N2	2	KIDHWZJUCRJVML-UHFFFAOYSA-P	[NH3+]CCCC[NH3+]	-6.02	C00134	cpd00118
cpd11500_c0	6-methyl-3-oxo-octanoyl-ACP [c0]	C20H35N2O9PRS	-1					cpd11500
cpd15532_c0	phosphatidylethanolamine dihexadec-9enoyl [c0]	C37H70NO8P	0			-296.51		cpd15532
cpd00461_c0	Oxopent-4-enoate [c0]	C5H5O3	-1	VHTQQDXPNUTMNB-ONEGZZNKSA-M	C=CC=C([O-])C(=O)O	-82.8	C00596	cpd00461
cpd00518_c0	2-Hydroxymuconic semialdehyde [c0]	C6H5O4	-1	KGLCZTRXNNGESL-NRNIAZNESA-M	O=CC=CC=C([O-])C(=O)O	-108.82	C00682	cpd00518
cpd00391_c0	D-Xylonate [c0]	C5H9O6	-1	QXKAIJAYHKCRRA-PZGQECOJSA-M	O=C([O-])C(O)C(O)C(O)CO	-232.24	C00502	cpd00391
cpd02386_c0	2-Dehydro-3-deoxy-D-xylonate [c0]	C5H7O5	-1	UQIGQRSJIKIPKZ-VKHMYHEASA-M	O=C([O-])C(=O)CC(O)CO	-183.72	C03826	cpd02386
cpd08615_c0	1-Hydroxy-2-methyl-2-butenyl 4-diphosphate [c0]	C5H10O8P2	-2	MDSIZRKJVDMQOQ-GORDUTHDSA-L	CC(=CCOP(=O)(O)OP(=O)([O-])[O-])CO	-475.41	C11811	cpd08615
cpd00735_c0	Formylmethanofuran [c0]	C35H39N4O16	-5	RGBIJPWAWLXPOC-NBAFEDJBSA-I	O=C([O-])CCC(C(=O)O)C(CCC([O-])=NC(CCC([O-])=NC(CCC([O-])=NCCc1ccc(OCc2coc(CN=C[O-])c2)cc1)C(=O)O)C(=O)O)C(=O)O	-494.35	C01001	cpd00735
cpd00895_c0	H4MPT [c0]	C30H42N6O16P	-3	SCBIBGUJSMHIAI-FDLOOEGASA-K	CC(Nc1ccc(CC(O)C(O)C(O)COC2OC(COP(=O)(O)OC(CCC(=O)[O-])C(=O)[O-])C(O)C2O)cc1)C1Nc2c([O-])nc(=N)[nH]c2NC1C	-529.94	C01217	cpd00895
cpd00643_c0	Methanofuran [c0]	C34H40N4O15	-4	CKRUWFDORAQSRC-HDLCADABSA-J	NCc1cc(COc2ccc(CCN=C([O-])CCC(N=C([O-])CCC(N=C([O-])CCC(C(=O)O)C(CCC(=O)[O-])C(=O)O)C(=O)O)C(=O)O)cc2)co1	-466.4	C00862	cpd00643
cpd00936_c0	5-Formyl-H4MPT [c0]	C31H42N6O17P	-3	RMPHWTMYCVTPKB-KXCCJVBOSA-K	CC(Nc1ccc(CC(O)C(O)C(O)COC2OC(COP(=O)(O)OC(CCC(=O)[O-])C(=O)[O-])C(O)C2O)cc1)C1C(C)Nc2[nH]c(=N)nc([O-])c2N1C=O	-558.72	C01274	cpd00936
cpd15348_c0	2-Acyl-sn-glycero-3-phosphoglycerol octadecanoyl [c0]	C24H48O9P	-1			-394.89		cpd15348
cpd00180_c0	Oxalate [c0]	C2O4	-2	MUBZPKHOEPUJKR-UHFFFAOYSA-L	O=C([O-])C(=O)[O-]	-161	C00209	cpd00180
cpd15320_c0	1-Acyl-sn-glycero-3-phosphoglycerol tetradec-7-enoyl [c0]	C20H38O9P	-1			-379.67		cpd15320
cpd11482_c0	(R)-3-Hydroxydecanoyl-[acyl-carrier protein] [c0]	C21H40N2O9PRS	-2				C04619	cpd11482
cpd11487_c0	3-oxodecanoyl-acp [c0]	C21H38N2O9PRS	-2				C05753	cpd11487
cpd02843_c0	D-erythro-imidazol-glycerol-phosphate [c0]	C6H9N2O6P	-2	HFYBTHCYPKEDQQ-RITPCOANSA-L	O=P([O-])([O-])OCC(O)C(O)c1cnc[nH]1	-288.2	C04666	cpd02843
cpd15525_c0	1,2-dihexadec-9-enoyl-sn-glycerol 3-phosphate [c0]	C35H64O8P	-1			-313.5		cpd15525
cpd00207_c0	Guanine [c0]	C5H5N5O	0	UYTPUPDQBNUYGX-UHFFFAOYSA-N	N=c1nc(O)c2nc[nH]c2[nH]1	28.4	C00242	cpd00207
cpd03052_c0	Imidazole acetaldehyde [c0]	C5H6N2O	0	MQSRGWNVEZRLDK-UHFFFAOYSA-N	O=CCc1cnc[nH]1	8.24	C05130	cpd03052
cpd01831_c0	4-Imidazoleacetate [c0]	C5H5N2O2	-1	PRJKNHOMHKJCEJ-UHFFFAOYSA-M	O=C([O-])Cc1cnc[nH]1	-44.46	C02835	cpd01831
cpd15681_c0	1,2-dianteisopentadecanoyl-sn-glycerol 3-phosphate [c0]	C33H64O8P	-1			-365.08		cpd15681
cpd11479_c0	D-3-Hydroxyhexanoyl-[acp] [c0]	C17H31N2O9PRS	-2				C05747	cpd11479
cpd11621_c0	Oxidizedferredoxin [c0]	Fe2R4S6	6				C00139	cpd11621
cpd11620_c0	Reducedferredoxin [c0]	Fe2R4S6	4				C00138	cpd11620
cpd00284_c0	6-Phospho-D-gluconate [c0]	C6H10O10P	-3	BIRSGZKFKXLSJQ-SQOUGZDYSA-K	O=C([O-])C(O)C(O)C(O)C(O)COP(=O)([O-])[O-]	-481.16	C00345	cpd00284
cpd02197_c0	5-Formyltetrahydrofolate [c0]	C20H21N7O7	-2	VVIAGPKUTFNRDU-STQMWFEESA-L	N=c1nc([O-])c2c([nH]1)NCC(CNc1ccc(C(=O)NC(CCC(=O)[O-])C(=O)O)cc1)N2C=O	-142.75	C03479	cpd02197
cpd02893_c0	5'-Phosphoribosyl-4-carboxy-5-aminoimidazole [c0]	C9H12N3O9P	-2	XFVULMDJZXYMSG-ZIYNGMLESA-L	Nc1c(C(=O)[O-])ncn1C1OC(COP(=O)([O-])O)C(O)C1O	-378.85	C04751	cpd02893
cpd02921_c0	SAICAR [c0]	C13H16N4O12P	-3	NAQGHJTUZRHGAC-LBGUGVGYSA-J	Nc1c(C([O-])=NC(CC(=O)[O-])C(=O)[O-])ncn1C1OC(COP(=O)([O-])O)C(O)C1O	-487.65	C04811	cpd02921
cpd15397_c0	N-Acetyl-D-glucosamine(anhydrous)N-Acetylmuramyl-tripeptide [c0]	C34H52N6O19	-2	ZWZMFRJKRXDGBE-UHFFFAOYSA-L	CC([O-])=NC1=COC(CO)C(OC2OC(CO)C(O)C(O)C2N=C(C)[O-])C1OC(C)C(O)=NC(C)C(O)=NC(CCC(=O)O)C(O)=NC(CCCC(N)C(=O)O)C(=O)O	-621.13		cpd15397
cpd15386_c0	L-alanine-D-glutamate-meso-2,6-diaminoheptanedioate [c0]	C15H25N4O8	-1			-301.43		cpd15386
cpd15396_c0	N-Acetyl-D-glucosamine(anhydrous)N-Acetylmuramic acid [c0]	C19H29N2O12	-1			-376.85		cpd15396
cpd00350_c0	Farnesyldiphosphate [c0]	C15H26O7P2	-2	VWFJDQUYCIWHTN-YFVJMOTDSA-L	CC(C)=CCCC(C)=CCCC(C)=CCOP(=O)(O)OP(=O)([O-])[O-]	-383	C00448	cpd00350
cpd08211_c0	trans,trans,cis-Geranylgeranyl diphosphate [c0]	C20H34O7P2	-2	OINNEUNVOZHBOX-KWBDAJKESA-L	CC(C)=CCCC(C)=CCCC(C)=CCCC(C)=CCOP(=O)(O)OP(=O)([O-])[O-]	-354.91	C11356	cpd08211
cpd11512_c0	12-methyl-3-oxo-tetra-decanoyl-ACP [c0]	C26H47N2O9PRS	-1					cpd11512
cpd00176_c0	2-keto-3-deoxygluconate [c0]	C6H9O6	-1	WPAMZTWLKIDIOP-WVZVXSGGSA-M	O=C([O-])C(=O)CC(O)C(O)CO	-220.14	C00204	cpd00176
cpd00413_c0	Glutaryl-CoA [c0]	C26H38N7O19P3S	-4	SYKWLIJQEHRDNH-CKRMAKSASA-I	CC(C)(COP(=O)(O)OP(=O)(O)OCC1OC(n2cnc3c(N)ncnc32)C(O)C1OP(=O)([O-])[O-])C(O)C([O-])=NCCC([O-])=NCCSC(=O)CCCC(=O)[O-]	-860.42	C00527	cpd00413
cpd00198_c0	D-Xylulose5-phosphate [c0]	C5H9O8P	-2	FNZLKVNUWIIPSJ-RFZPGFLSSA-L	O=C(CO)C(O)C(O)COP(=O)([O-])[O-]	-393.5	C00231	cpd00198
cpd02693_c0	3-Isopropylmalate [c0]	C7H10O5	-2	RNQHMTFBUSSBJQ-CRCLSJGQSA-L	CC(C)C(C(=O)[O-])C(O)C(=O)[O-]	-199.76	C04411	cpd02693
cpd01710_c0	2-Isopropylmaleate [c0]	C7H8O4	-2	NJMGRJLQRLFQQX-HYXAFXHYSA-L	CC(C)C(=CC(=O)[O-])C(=O)[O-]	-143.02	C02631	cpd01710
cpd02605_c0	2-isopropyl-3-oxosuccinate [c0]	C7H8O5	-2	HIIZAGQWABAMRR-UHFFFAOYSA-L	CC(C)C(C(=O)[O-])C(=O)C(=O)[O-]	-189.28	C04236	cpd02605
cpd15345_c0	2-Acyl-sn-glycero-3-phosphoglycerol tetradec-7-enoyl [c0]	C20H38O9P	-1			-379.01		cpd15345
cpd01844_c0	Propionyl phosphate [c0]	C3H5O5P	-2	FMNMEQSRDWIBFO-UHFFFAOYSA-L	CCC(=O)OP(=O)([O-])[O-]	-300.03	C02876	cpd01844
cpd15547_c0	Phosphatidylglycerophosphate dioctadecanoyl [c0]	C42H82O13P2	-2			-618.92		cpd15547
cpd00616_c0	Pretyrosine [c0]	C10H12NO5	-1	MIEILDYWGANZNH-DSQUFTABSA-M	NC(CC1(C(=O)O)C=CC(O)C=C1)C(=O)[O-]	-161.4	C00826	cpd00616
cpd15484_c0	heptosyl-heptosyl-kdo2-lipidA [c0]	C124H223N2O51P2	-5	HHPCMWTVGVTYIC-JOVNRQDYSA-H	CCCCCCCCCCCCCC(=O)OC(CCCCCCCCCCC)CC(=O)OC1C(N=C([O-])CC(CCCCCCCCCCC)OC(=O)CCCCCCCCCCC)C(OCC2OC(OP(=O)(O)O)C(N=C([O-])CC(O)CCCCCCCCCCC)C(OC(=O)CC(O)CCCCCCCCCCC)C2O)OC(COC2(C(=O)[O-])CC(OC3(C(=O)[O-])CC(O)C(O)C(C(O)CO)O3)C(OC3OC(C(O)CO)C(O)C(OC4OC(C(O)CO)C(O)C(O)C4O)C3O)C(C(O)CO)O2)C1OP(=O)([O-])[O-]	-1840.48		cpd15484
cpd00423_e0	Vitamin B12r [e0]	C62H91CoN13O14P	3	ASARMUCNOOHMLO-FSANSEACSA-O	CC1=C2N=C(C=C3N=C(C(C)=C4NC(C)(C5N=C1C(C)(CCC(O)=NCC(C)OP(=O)(O)OC1C(CO)OC([n+]6c[nH]c7cc(C)c(C)cc76)C1O)C5CC(=N)O)C(C)(CC(=N)O)C4CCC(=N)O)C(C)(CC(=N)O)C3CCC(=N)O)C(C)(C)C2CCC(=N)O.[Co+2]		C00541	cpd00423
cpd00423_c0	Vitamin B12r [c0]	C62H91CoN13O14P	3	ASARMUCNOOHMLO-FSANSEACSA-O	CC1=C2N=C(C=C3N=C(C(C)=C4NC(C)(C5N=C1C(C)(CCC(O)=NCC(C)OP(=O)(O)OC1C(CO)OC([n+]6c[nH]c7cc(C)c(C)cc76)C1O)C5CC(=N)O)C(C)(CC(=N)O)C4CCC(=N)O)C(C)(CC(=N)O)C3CCC(=N)O)C(C)(C)C2CCC(=N)O.[Co+2]		C00541	cpd00423
cpd03588_c0	L-erythro-3-Methylmalyl-CoA [c0]	C26H38N7O20P3S	-4	OTENCPQKSBPYCM-GQCNFOOOSA-I	CC(C(=O)SCCN=C([O-])CCN=C([O-])C(O)C(C)(C)COP(=O)(O)OP(=O)(O)OCC1OC(n2cnc3c(N)ncnc32)C(O)C1OP(=O)([O-])[O-])C(O)C(=O)[O-]	-900.27	C06027	cpd03588
cpd03760_c0	Precorrin 6B [c0]	C44H49N4O16	-7	KIAIWUYRVXWYAI-VFRONJJUSA-G	CC12CC3=C(CCC(=O)[O-])C(C)(CC(=O)[O-])C(=N3)C=C3NC(C)(C4N=C(CC(=N1)C(CCC(=O)[O-])=C2CC(=O)[O-])C(C)(CCC(=O)[O-])C4CC(=O)[O-])C(C)(CC(=O)O)C3CCC(=O)[O-]		C06319	cpd03760
cpd03835_c0	Precorrin 8 [c0]	C45H53N4O14	-7	IGCZFSMEIXUSJY-FKUSVXTQSA-G	CC1=C2N=C(CC3(C)N=C(C(CCC(=O)[O-])=C3C)C(C)C3=NC(C(CC(=O)[O-])C3(C)CCC(=O)[O-])C3(C)N=C1C(CCC(=O)[O-])C3(C)CC(=O)[O-])C(CCC(=O)[O-])C2(C)CC(=O)[O-]		C06408	cpd03835
cpd15604_c0	Gly-Leu [c0]	C8H16N2O3	0					cpd15604
cpd15355_c0	2-hexadecanoyl-sn-glycerol 3-phosphate [c0]	C19H38O7P	-1			-343.45		cpd15355
cpd00028_e0	Heme [e0]	C34H30FeN4O4	-2	KABFMIBPWCXCRK-RGGAHWMASA-J	C=Cc1c(C)c2cc3[n-]c(cc4nc(cc5nc(cc1[n-]2)c(C)c5CCC(=O)[O-])c(CCC(=O)[O-])c4C)c(C)c3C=C.[Fe+2]		C00032	cpd00028
cpd00028_c0	Heme [c0]	C34H30FeN4O4	-2	KABFMIBPWCXCRK-RGGAHWMASA-J	C=Cc1c(C)c2cc3[n-]c(cc4nc(cc5nc(cc1[n-]2)c(C)c5CCC(=O)[O-])c(CCC(=O)[O-])c4C)c(C)c3C=C.[Fe+2]		C00032	cpd00028
cpd00117_e0	D-Alanine [e0]	C3H7NO2	0	QNAYBMKLOCPYGJ-UWTATZPHSA-N	CC(N)C(=O)O	-87.92	C00133	cpd00117
cpd11516_c0	14-methyl-3-oxo-hexa-decanoyl-ACP [c0]	C28H51N2O9PRS	-1					cpd11516
cpd11494_c0	Acetyl-ACP [c0]	C13H24N2O8PRS	-2				C03939	cpd11494
cpd01914_c0	L-Methionine S-oxide [c0]	C5H11NO3S	0	QEFRNWWLZKMPFJ-UHFFFAOYSA-N	CS(=O)CCC(N)C(=O)O		C02989	cpd01914
cpd03491_c0	Undecaprenyl-diphospho-N-acetylmuramoyl-(N-acetylglucosamine)-L-alanyl-gamma-D-glutamyl-L-lysyl-D-alanyl-D-alanine [c0]	C94H153N8O26P2	-3	ULXTYUPMJXVUHQ-OVTFQNCVSA-K	CC(C)=CCCC(C)=CCCC(C)=CCCC(C)=CCCC(C)=CCCC(C)=CCCC(C)=CCCC(C)=CCCC(C)=CCCC(C)=CCCC(C)=CCOP(=O)(O)OP(=O)(O)OC1OC(CO)C(OC2OC(CO)C(O)C(O)C2N=C(C)[O-])C(OC(C)C(O)=NC(C)C(O)=NC(CCC([O-])=NC(CCCCN)C(O)=NC(C)C(O)=NC(C)C(=O)O)C(=O)O)C1N=C(C)[O-]	-751.79	C05893	cpd03491
cpd03492_c0	Undecaprenyl-diphospho-N-acetylmuramoyl-(N-acetylglucosamine)-L-alanyl-D-isoglutaminyl-L-lysyl-D-alanyl-D-alanine [c0]	C94H155N9O25P2	-2	CALJPWOWZPDIQK-PRHZHQPTSA-L	CC(C)=CCCC(C)=CCCC(C)=CCCC(C)=CCCC(C)=CCCC(C)=CCCC(C)=CCCC(C)=CCCC(C)=CCCC(C)=CCCC(C)=CCOP(=O)(O)OP(=O)(O)OC1OC(CO)C(OC2OC(CO)C(O)C(O)C2N=C(C)[O-])C(OC(C)C(O)=NC(C)C(O)=NC(CCC(O)=NC(CCCCN)C(O)=NC(C)C(O)=NC(C)C(=O)O)C(=N)O)C1N=C(C)[O-]	-709.35	C05894	cpd03492
cpd00693_c0	D-Lactaldehyde [c0]	C3H6O2	0	BSABBBMNWQWLLU-GSVOUGTGSA-N	CC(O)C=O	-70.47	C00937	cpd00693
cpd00802_c0	D-fructose-1-phosphate [c0]	C6H11O9P	-2	RHKKZBWRNHGJEZ-ARQDHWQXSA-L	O=P([O-])([O-])OCC1(O)OC(CO)C(O)C1O	-431.67	C01094	cpd00802
cpd00448_c0	D-Glyceraldehyde [c0]	C3H6O3	0	MNQZXJOMYWMBOU-VKHMYHEASA-N	O=CC(O)CO	-106.7	C00577	cpd00448
cpd00861_c0	UDP-N-acetyl-D-mannosamine [c0]	C17H25N3O17P2	-2	LFTYTUAZOPRMMI-ZYQOOJPVSA-L	CC([O-])=NC1C(OP(=O)(O)OP(=O)(O)OCC2OC(n3ccc([O-])nc3=O)C(O)C2O)OC(CO)C(O)C1O	-756.9	C01170	cpd00861
cpd00045_c0	Adenosine 3-5-bisphosphate [c0]	C10H11N5O10P2	-4	WHTCPDAXWFLDIH-KQYNXXCUSA-J	Nc1ncnc2c1ncn2C1OC(COP(=O)([O-])[O-])C(OP(=O)([O-])[O-])C1O	-470.35	C00054	cpd00045
cpd12370_c0	apo-ACP [c0]	HOR	0				C03688	cpd12370
cpd14703_c0	S-(2-Methylbutanoyl)-dihydrolipoamide-E [c0]	C13H25NO2S2	0				C15979	cpd14703
cpd01262_c0	Amylotriose [c0]	C18H32O16	0	FYGDTMLNYKFZSV-DZOUCCHMSA-N	OCC1OC(OC2C(CO)OC(OC3C(CO)OC(O)C(O)C3O)C(O)C2O)C(O)C(O)C1O	-535.24	C01835	cpd01262
cpd00978_c0	dUDP [c0]	C9H12N2O11P2	-2	QHWZTVCCBMIIKE-SHYZEUOFSA-L	O=c1nc([O-])ccn1C1CC(O)C(COP(=O)(O)OP(=O)([O-])O)O1	-565.93	C01346	cpd00978
cpd00358_c0	dUTP [c0]	C9H12N2O14P3	-3	AHCYMLUZIRLXAA-SHYZEUOFSA-K	O=c1nc([O-])ccn1C1CC(O)C(COP(=O)(O)OP(=O)(O)OP(=O)([O-])[O-])O1	-773.93	C00460	cpd00358
cpd00773_c0	UDP-MurNAc [c0]	C20H28N3O19P2	-3	NQBRVZNDBBMBLJ-MQTLHLSBSA-K	CC([O-])=NC1C(OP(=O)(O)OP(=O)(O)OCC2OC(n3ccc([O-])nc3=O)C(O)C2O)OC(CO)C(O)C1OC(C)C(=O)[O-]	-820.27	C01050	cpd00773
cpd00890_c0	UDP-N-acetylmuramoyl-L-alanine [c0]	C23H33N4O20P2	-3	NTMMCWJNQNKACG-KBKUWGQMSA-K	CC([O-])=NC1C(OP(=O)(O)OP(=O)(O)OCC2OC(n3ccc([O-])nc3=O)C(O)C2O)OC(CO)C(O)C1OC(C)C([O-])=NC(C)C(=O)O	-851.04	C01212	cpd00890
cpd00120_c0	Butyryl-CoA [c0]	C25H38N7O17P3S	-4	CRFNGMNYKDXRTN-HDRJHVAISA-J	CCCC(=O)SCCN=C([O-])CCN=C([O-])C(O)C(C)(C)COP(=O)(O)OP(=O)(O)OCC1OC(n2cnc3c(N)ncnc32)C(O)C1OP(=O)([O-])[O-]	-782.59	C00136	cpd00120
cpd02884_c0	FAICAR [c0]	C10H13N4O9P	-2	ABCOOORLYAOBOZ-KQYNXXCUSA-L	NC(=O)c1ncn(C2OC(COP(=O)([O-])O)C(O)C2O)c1N=C[O-]	-372.85	C04734	cpd02884
cpd00482_c0	2-Phospho-D-glycerate [c0]	C3H4O7P	-3	GXIURPTVHJPJLF-UWTATZPHSA-K	O=C([O-])C(CO)OP(=O)([O-])[O-]	-371.9	C00631	cpd00482
cpd11586_c0	ala-L-glu-L [c0]	C8H13N2O5	-1			-194.9		cpd11586
cpd15238_c0	Hexadecenoyl-CoA [c0]	C37H61N7O17P3S	-3			-740.79		cpd15238
cpd00133_c0	Nicotinamide [c0]	C6H6N2O	0	DFPAKSUCGFBDDF-UHFFFAOYSA-N	N=C(O)c1cccnc1	5.55	C00153	cpd00133
cpd00218_c0	Niacin [c0]	C6H4NO2	-1	PVNIIMVLHYAWGP-UHFFFAOYSA-M	O=C([O-])c1cccnc1	-36.89	C00253	cpd00218
cpd11310_c0	5-phosphoribosyl-5-carboxyaminoimidazole [c0]	C9H12N3O9P	-2	JHLXDWGVSYMXPL-XVFCMESISA-K	O=C([O-])Nc1cncn1C1OC(COP(=O)([O-])[O-])C(O)C1O	-386.58	C15667	cpd11310
cpd00090_c0	IDP [c0]	C10H12N4O11P2	-2	JPXZQMKKFWMMGK-KQYNXXCUSA-L	O=P([O-])(O)OP(=O)(O)OCC1OC(n2cnc3c([O-])ncnc32)C(O)C1O	-521.58	C00104	cpd00090
cpd15344_c0	2-Acyl-sn-glycero-3-phosphoglycerol tetradecanoyl [c0]	C20H40O9P	-1			-401.37		cpd15344
cpd11533_c0	11-methyl-3-oxo-dodecanoyl-ACP [c0]	C24H43N2O9PRS	-1					cpd11533
cpd02678_c0	N-Formyl-GAR [c0]	C8H13N2O9P	-2	VDXLUNDMVKSKHO-XVFCMESISA-L	O=P(O)(O)OCC1OC(N=C([O-])CN=C[O-])C(O)C1O	-417.4	C04376	cpd02678
cpd02394_c0	GAR [c0]	C7H14N2O8P	-1	OBQMLSFOUZUIOB-SHUUEZRQSA-M	NCC([O-])=NC1OC(COP(=O)(O)O)C(O)C1O	-389.45	C03838	cpd02394
cpd15692_c0	Diisopentadecanoylphosphatidylserine [c0]	C36H68NO10P	-2			-428.74		cpd15692
cpd15698_c0	Diisopentadecanoylphosphatidylethanolamine [c0]	C35H70NO8P	0			-348.09		cpd15698
cpd11593_c0	ala-L-asp-L [c0]	C7H11N2O5	-1	XAEWTDMGFGHWFK-IMJSIDKUSA-M	CC(N)C(O)=NC(CC(=O)[O-])C(=O)O	-196.52		cpd11593
cpd02230_c0	Inositol 4-phosphate [c0]	C6H11O9P	-2	INAPMGSXUVUWAF-CNWJWELYSA-L	O=P([O-])([O-])OC1C(O)C(O)C(O)C(O)C1O	-432.46	C03546	cpd02230
cpd03119_c0	3-Oxodecanoyl-CoA [c0]	C31H48N7O18P3S	-4	AZCVXMAPLHSIKY-UHFFFAOYSA-J	CCCCCCCC(=O)CC(=O)SCCN=C([O-])CCN=C([O-])C(O)C(C)(C)COP(=O)(O)OP(=O)(O)OCC1OC(n2cnc3c(N)ncnc32)C(O)C1OP(=O)([O-])[O-]	-802.89	C05265	cpd03119
cpd03448_c0	2-Octaprenyl-3-methyl-6-methoxy-1,4-benzoquinone [c0]	C48H72O3	0	FLYBTLROCQBHMR-KFSSTAEESA-N	COC1=CC(=O)C(C)=C(CC=C(C)CCC=C(C)CCC=C(C)CCC=C(C)CCC=C(C)CCC=C(C)CCC=C(C)CCC=C(C)C)C1=O	166.11	C05814	cpd03448
cpd02679_c0	5,10-Methylenetetrahydromethanopterin [c0]	C31H42N6O16P	-3	GBMIGEWJAPFSQI-CAFBYHECSA-K	CC1Nc2[nH]c(=N)nc([O-])c2N2CN(c3ccc(CC(O)C(O)C(O)COC4OC(COP(=O)(O)OC(CCC(=O)[O-])C(=O)[O-])C(O)C4O)cc3)C(C)C12	-525.72	C04377	cpd02679
cpd03584_c0	UDP-3-O-(beta-hydroxymyristoyl)-D-glucosamine [c0]	C29H50N3O18P2	-1	ZFPNNOXCEDQJQS-SSVOXRMNSA-M	CCCCCCCCCCCC(O)CC(=O)OC1C(N)C(OP(=O)(O)OP(=O)(O)OCC2OC(n3ccc([O-])nc3=O)C(O)C2O)OC(CO)C1O	-783.35	C06022	cpd03584
cpd02187_c0	Methacrylyl-CoA [c0]	C25H36N7O17P3S	-4	NPALUEYCDZWBOV-NDZSKPAWSA-J	C=C(C)C(=O)SCCN=C([O-])CCN=C([O-])C(O)C(C)(C)COP(=O)(O)OP(=O)(O)OCC1OC(n2cnc3c(N)ncnc32)C(O)C1OP(=O)([O-])[O-]	-764.81	C03460	cpd02187
cpd03593_c0	D-erythro-3-Methylmalate [c0]	C5H6O5	-2	NPYQJIHHTGFBLN-STHAYSLISA-L	CC(C(=O)[O-])C(O)C(=O)[O-]	-201.19	C06032	cpd03593
cpd00251_c0	ADPribose [c0]	C15H21N5O14P2	-2	SRNWOUGRCWSEMX-TYASJMOZSA-L	Nc1ncnc2c1ncn2C1OC(COP(=O)([O-])OP(=O)([O-])OCC2OC(O)C(O)C2O)C(O)C1O	-585.97	C00301	cpd00251
cpd11541_c0	15-methyl-3-oxo-hexa-decanoyl-ACP [c0]	C28H51N2O9PRS	-1					cpd11541
cpd00082_c0	D-Fructose [c0]	C6H12O6	0	BJHIKXHVCXFQLS-UYFOZJQFSA-N	O=C(CO)C(O)C(O)C(O)CO	-217.42	C00095	cpd00082
cpd09844_c0	(3S)-3-Hydroxyadipyl-CoA [c0]	C27H39N7O20P3S	-5	OTEACGAEDCIMBS-UHFFFAOYSA-I	CC(C)(COP(=O)(O)OP(=O)(O)OCC1OC(n2cnc3c(N)ncnc32)C(O)C1OP(=O)([O-])[O-])C(O)C([O-])=NCCC([O-])=NCCSC(=O)CC(O)CCC(=O)[O-]	-896.84	C14145	cpd09844
cpd11574_e0	Molybdate [e0]	H2MoO4	0	VLAPMBHFAWRUQP-UHFFFAOYSA-L	[Mo+2].[OH-].[OH-].[O].[O]		C06232	cpd11574
cpd11574_c0	Molybdate [c0]	H2MoO4	0	VLAPMBHFAWRUQP-UHFFFAOYSA-L	[Mo+2].[OH-].[OH-].[O].[O]		C06232	cpd11574
cpd11470_c0	Octanoyl-ACP [c0]	C19H36N2O8PRS	-2				C05752	cpd11470
cpd15313_c0	1-Acyl-sn-glycero-3-phosphoethanolamine dodecanoyl [c0]	C17H36NO7P	0			-332.94		cpd15313
cpd00334_c0	L-Lactaldehyde [c0]	C3H6O2	0	BSABBBMNWQWLLU-VKHMYHEASA-N	CC(O)C=O	-70.47	C00424	cpd00334
cpd02849_c0	3-Hydroxy-3-(4-methylpent-3-en-1-yl)glutaryl-CoA [c0]	C32H48N7O20P3S	-4	ATTJZXQHBIJXLV-AWVQIHIZSA-I	CC(C)=CCCC(O)(CC(=O)[O-])CC(=O)SCCN=C([O-])CCN=C([O-])C(O)C(C)(C)COP(=O)(O)OP(=O)(O)OCC1OC(n2cnc3c(N)ncnc32)C(O)C1OP(=O)([O-])[O-]	-871.98	C04675	cpd02849
cpd15170_c0	7-Methyl-3-oxo-6-octenoyl-CoA [c0]	C30H45N7O18P3S	-3	LPMIXVANMSEERY-FUEUKBNZSA-J	CC(C)=CCCC(=O)CC(=O)SCCN=C([O-])CCN=C([O-])C(O)C(C)(C)COP(=O)(O)OP(=O)(O)OCC1OC(n2cnc3c(N)ncnc32)C(O)C1OP(=O)([O-])[O-]	-784.52	C16466	cpd15170
cpd00800_c0	8-Amino-7-oxononanoate [c0]	C9H17NO3	0	GUAHPAJOXVYFON-UHFFFAOYSA-N	CC(N)C(=O)CCCCCC(=O)O	-108.22	C01092	cpd00800
cpd00764_c0	7-8-Diaminononanoate [c0]	C9H21N2O2	1	KCEGBPIYGIWCDH-UHFFFAOYSA-O	CC([NH3+])C(N)CCCCCC(=O)O	-80.99	C01037	cpd00764
cpd02701_c0	S-Adenosyl-4-methylthio-2-oxobutanoate [c0]	C15H19N5O6S	0	UOKVQQMBGVMXPU-CJPDYEHRSA-N	C[S+](CCC(=O)C(=O)[O-])CC1OC(n2cnc3c(N)ncnc32)C(O)C1O	-91.4	C04425	cpd02701
cpd14545_c0	Iminoglycine [c0]	C2H2NO2	-1	TVMUHOAONWHJBV-UHFFFAOYSA-M	N=CC(=O)[O-]	-95.02	C15809	cpd14545
cpd00847_c0	Ribose 1,5-bisphosphate [c0]	C5H10O11P2	-2	AAAFZMYJJHWUPN-TXICZTDVSA-J	O=P([O-])([O-])OCC1OC(OP(=O)([O-])[O-])C(O)C1O	-606.62	C01151	cpd00847
cpd11825_c0	Octadecenoyl-ACP [c0]	C29H53N2O8PRS	-1				C01203	cpd11825
cpd15527_c0	1,2-dioctadec-11-enoyl-sn-glycerol 3-phosphate [c0]	C39H72O8P	-1			-307.02		cpd15527
cpd02642_c0	N-5-phosphoribosyl-anthranilate [c0]	C12H13NO9P	-3	PMFMJXPRNJUYMB-GWOFURMSSA-K	O=C([O-])c1ccccc1NC1OC(COP(=O)([O-])[O-])C(O)C1O	-393.15	C04302	cpd02642
cpd00956_c0	1-(2-carboxyphenylamino)-1-deoxyribulose 5-phosphate [c0]	C12H13NO9P	-3	QKMBYNRMPRKVTO-MNOVXSKESA-K	O=C([O-])c1ccccc1NCC(=O)C(O)C(O)COP(=O)([O-])[O-]	-392.53	C01302	cpd00956
cpd11536_c0	11-methyl-dodecanoyl-ACP [c0]	C24H45N2O8PRS	-1					cpd11536
cpd00363_c0	Ethanol [c0]	C2H6O	0	LFQSCWFLJHTTHZ-UHFFFAOYSA-N	CCO	-43.44	C00469	cpd00363
cpd00891_c0	L-methylmalonyl-CoA [c0]	C25H35N7O19P3S	-5	MZFOKIKEPGUZEN-AGCMQPJKSA-I	CC(C(=O)[O-])C(=O)SCCN=C([O-])CCN=C([O-])C(O)C(C)(C)COP(=O)(O)OP(=O)(O)OCC1OC(n2cnc3c(N)ncnc32)C(O)C1OP(=O)([O-])[O-]	-863.85	C01213	cpd00891
cpd00738_c0	phosphoserine [c0]	C3H6NO6P	-2	BZQFBWGGLXLEPQ-REOHCLBHSA-L	NC(COP(=O)([O-])O)C(=O)[O-]	-336.65	C01005	cpd00738
cpd15678_c0	1,2-dianteisoheptadecanoyl-sn-glycerol 3-phosphate [c0]	C37H72O8P	-1			-358.6		cpd15678
cpd03646_c0	gamma-Glutamyl-3-aminopropiononitrile [c0]	C8H13N3O3	0	VQPVVWAFTIFKDD-LURJTMIESA-N	N#CCCN=C(O)CCC(N)C(=O)O	-100.49	C06114	cpd03646
cpd17564_c0	ditrans,tricis-Hexaprenyl diphosphate [c0]	C30H52O7P2	0	NGFSMHKFTZROKJ-SLKMIFNPSA-L	CC(C)=CCCC(C)=CCCC(C)=CCCC(C)=CCCC(C)=CCCC(C)=CCOP(=O)(O)OP(=O)([O-])[O-]	-298.73	C17434	cpd17564
cpd17566_c0	ditrans,tetracis-Heptaprenyl diphosphate [c0]	C35H60O7P2	0	LSJLEXWXRKTZAJ-KQKACQDCSA-L	CC(C)=CCCC(C)=CCCC(C)=CCCC(C)=CCCC(C)=CCCC(C)=CCCC(C)=CCOP(=O)(O)OP(=O)([O-])[O-]	-270.64	C17436	cpd17566
cpd15371_c0	R-3-Hydroxyoctadecanoyl-acyl-carrierprotein- [c0]	C29H55N2O9PRS	-1					cpd15371
cpd15572_c0	trans-octadec-2-enoyl-[acyl-carrier protein] [c0]	C29H53N2O8PRS	-1					cpd15572
cpd01329_c0	Maltohexaose [c0]	C36H62O31	0	OCIBBXPLUVYKCH-LIGGPISVSA-N	OCC1OC(OC2C(CO)OC(OC3C(CO)OC(OC4C(CO)OC(OC5C(CO)OC(OC6C(CO)OC(O)C(O)C6O)C(O)C5O)C(O)C4O)C(O)C3O)C(O)C2O)C(O)C(O)C1O	-1010.68	C01936	cpd01329
cpd00780_c0	Fumarylacetoacetate [c0]	C8H6O6	-2	GACSIVHAIFQKTC-OWOJBTEDSA-L	O=C([O-])C=CC(=O)CC(=O)CC(=O)[O-]	-197.26	C01061	cpd00780
cpd00238_c0	Sedoheptulose7-phosphate [c0]	C7H13O10P	-2	JDTUMPKOJBQPKX-GBNDHIKLSA-L	O=C(CO)C(O)C(O)C(O)C(O)COP(=O)([O-])[O-]	-466.34	C05382	cpd00238
cpd11206_c0	Precorrin 1 [c0]	C41H38N4O16	-8	CJLVUWULFKHGFB-NZCAJUPMSA-F	CC1(CC(=O)[O-])C2=Cc3[nH]c(c(CCC(=O)[O-])c3CC(=O)[O-])Cc3[nH]c(c(CC(=O)[O-])c3CCC(=O)[O-])Cc3[nH]c(c(CC(=O)[O-])c3CCC(=O)[O-])CC(=N2)C1CCC(=O)[O-]		C15527	cpd11206
cpd00262_c0	Oxalyl-CoA [c0]	C23H32N7O19P3S	-4	QVXMZFTWJVBUHP-IBOSZNHHSA-I	CC(C)(COP(=O)(O)OP(=O)(O)OCC1OC(n2cnc3c(N)ncnc32)C(O)C1OP(=O)([O-])[O-])C(O)C([O-])=NCCC([O-])=NCCSC(=O)C(=O)[O-]	-862.82	C00313	cpd00262
cpd00592_c0	Formyl-CoA [c0]	C22H33N7O17P3S	-3	SXMOKYXNAPLNCW-GORZOVPNSA-J	CC(C)(COP(=O)(O)OP(=O)(O)OCC1OC(n2cnc3c(N)ncnc32)C(O)C1OP(=O)([O-])[O-])C(O)C([O-])=NCCC([O-])=NCCSC=O	-784.18	C00798	cpd00592
cpd15555_c0	phosphatidylserine dihexadecanoyl [c0]	C38H72NO10P	-2			-421.88		cpd15555
cpd00272_c0	GDP-L-fucose [c0]	C16H23N5O15P2	-2	LQEBEXMHBLQMDB-VJDKUWHASA-L	CC1OC(OP(=O)(O)OP(=O)([O-])OCC2OC(n3cnc4c([O-])nc(=N)[nH]c43)C(O)C2O)C(O)C(O)C1O	-636.85	C00325	cpd00272
cpd00900_c0	GDP-4-dehydro-D-rhamnose [c0]	C16H21N5O15P2	-2	PNHLMHWWFOPQLK-BKUUWRAGSA-L	CC1OC(OP(=O)(O)OP(=O)([O-])OCC2OC(n3cnc4c([O-])nc(=N)[nH]c43)C(O)C2O)C(O)C(O)C1=O	-630.29	C01222	cpd00900
cpd11509_c0	10-methyl-3-hydroxy-dodecanoyl-ACP [c0]	C24H45N2O9PRS	-1					cpd11509
cpd11510_c0	10-methyl-trans-dodec-2-enoyl-ACP [c0]	C24H43N2O8PRS	-1					cpd11510
cpd15498_c0	L-Methionine Sulfoxide [c0]	C5H11NO3S	0					cpd15498
cpd01587_c0	5-Methylcytosine [c0]	C5H7N3O	0	LRSASMSXMSNRBT-UHFFFAOYSA-N	Cc1cnc(O)[nH]c1=N	-9.09	C02376	cpd01587
cpd00151_c0	Thymine [c0]	C5H6N2O2	0	RWQNBRDOKXIBIV-UHFFFAOYSA-N	Cc1cnc(O)nc1O	-61.48	C00178	cpd00151
cpd15349_c0	2-Acyl-sn-glycero-3-phosphoglycerol octadec-11-enoyl [c0]	C24H46O9P	-1			-372.53		cpd15349
cpd11473_c0	(2E)-Hexenoyl-[acp] [c0]	C17H29N2O8PRS	-1				C05748	cpd11473
cpd01882_c0	Isovaleryl-CoA [c0]	C26H40N7O17P3S	-4	UYVZIWWBJMYRCD-ZMHDXICWSA-J	CC(C)CC(=O)SCCN=C([O-])CCN=C([O-])C(O)C(C)(C)COP(=O)(O)OP(=O)(O)OCC1OC(n2cnc3c(N)ncnc32)C(O)C1OP(=O)([O-])[O-]	-782.78	C02939	cpd01882
cpd01966_c0	Dimethylacryloyl-CoA [c0]	C26H38N7O17P3S	-4	BXIPALATIYNHJN-ZMHDXICWSA-J	CC(C)=CC(=O)SCCN=C([O-])CCN=C([O-])C(O)C(C)(C)COP(=O)(O)OP(=O)(O)OCC1OC(n2cnc3c(N)ncnc32)C(O)C1OP(=O)([O-])[O-]	-762.53	C03069	cpd01966
cpd00179_e0	Maltose [e0]	C12H22O11	0	VQHSOMBJVWLPSR-WUJBLJFYSA-N	OCC(O)C(O)C(OC1OC(CO)C(O)C(O)C1O)C(O)CO	-383.92	C00208	cpd00179
cpd00931_c0	5-Amino-6--5-phosphoribosylaminouracil [c0]	C9H13N4O9P	-2	LZEXYCAGPMYXLX-UMMCILCDSA-L	Nc1c([O-])nc([O-])nc1NC1OC(COP(=O)(O)O)C(O)C1O	-394.67	C01268	cpd00931
cpd15359_c0	2-Octaprenyl-6-methoxy-1,4-benzoquinol [c0]	C47H72O3	0	CZFRMASEEPTBAQ-MYCGWMCTSA-N	COc1cc(O)cc(CC=C(C)CCC=C(C)CCC=C(C)CCC=C(C)CCC=C(C)CCC=C(C)CCC=C(C)CCC=C(C)C)c1O	147.26		cpd15359
cpd15361_c0	2-Octaprenyl3-methyl-6-methoxy- 1,4-benzoquinol [c0]	C48H74O3	0	HDSGDGSLNMIMKU-KFSSTAEESA-N	COc1cc(O)c(C)c(CC=C(C)CCC=C(C)CCC=C(C)CCC=C(C)CCC=C(C)CCC=C(C)CCC=C(C)CCC=C(C)C)c1O	145.63		cpd15361
cpd03560_c0	Propionyladenylate [c0]	C13H17N5O8P	-1	ZGNGGJLVZZHLQM-ZRFIDHNTSA-M	CCC(=O)OP(=O)([O-])OCC1OC(n2cnc3c(N)ncnc32)C(O)C1O	-265.48	C05983	cpd03560
cpd03706_c0	UppppU [c0]	C18H22N4O23P4	-4	NMLMACJWHPHKGR-NCOIDOBVSA-J	O=c1nc([O-])ccn1C1OC(COP(=O)([O-])OP(=O)(O)OP(=O)(O)OP(=O)([O-])OCC2OC(n3ccc([O-])nc3=O)C(O)C2O)C(O)C1O	-1145.54	C06198	cpd03706
cpd15321_c0	1-Acyl-sn-glycero-3-phosphoglycerol hexadecanoyl [c0]	C22H44O9P	-1			-398.13		cpd15321
cpd01048_c0	Arsenate [c0]	HO4As	-2	DJHGAFSJWGLOIV-UHFFFAOYSA-L	O=[As]([O-])([O-])O		C01478	cpd01048
cpd01048_e0	Arsenate [e0]	HO4As	-2	DJHGAFSJWGLOIV-UHFFFAOYSA-L	O=[As]([O-])([O-])O		C01478	cpd01048
cpd00215_c0	Pyridoxal [c0]	C8H9NO3	0	RADKZDMFGJYCBB-UHFFFAOYSA-N	Cc1ncc(CO)c(C=O)c1O	-59.5	C00250	cpd00215
cpd03834_c0	Precorrin 4 [c0]	C44H45N4O17	-7	IOBDBIPWYQGVMM-OQIQSJIMSA-G	CC(=O)C12NC(=CC3=NC(=C(CCC(=O)[O-])C3(C)CC(=O)[O-])Cc3[nH]c(c(CCC(=O)[O-])c3CC(=O)[O-])CC3=NC1=C(CC(=O)[O-])C3(C)CCC(=O)[O-])C(CCC(=O)[O-])C2(C)CC(=O)O		C06407	cpd03834
cpd03839_c0	Precorrin 5 [c0]	C45H47N4O17	-7	OUPXZNRNMLYOGK-YMEZBZPWSA-G	CC(=O)C12NC(=CC3=NC(=C(CCC(=O)[O-])C3(C)CC(=O)[O-])CC3(C)N=C(CC4=NC1=C(CC(=O)[O-])C4(C)CCC(=O)[O-])C(CCC(=O)[O-])=C3CC(=O)[O-])C(CCC(=O)[O-])C2(C)CC(=O)O		C06416	cpd03839
cpd02536_c0	Muconolactone [c0]	C6H5O4	-1	HPEKPJGPWNSAAV-UHFFFAOYSA-M	O=C([O-])CC1C=CC(=O)O1	-132.27	C04105	cpd02536
cpd02255_c0	3-oxoadipate-enol-lactone [c0]	C6H5O4	-1	ZPEHSARSWGDCEX-UHFFFAOYSA-M	O=C([O-])CC1=CCC(=O)O1	-129.14	C03586	cpd02255
cpd03120_c0	(S)-Hydroxyoctanoyl-CoA [c0]	C29H46N7O18P3S	-4	ATVGTMKWKDUCMS-OTOYJEMWSA-J	CCCCCC(O)CC(=O)SCCN=C([O-])CCN=C([O-])C(O)C(C)(C)COP(=O)(O)OP(=O)(O)OCC1OC(n2cnc3c(N)ncnc32)C(O)C1OP(=O)([O-])[O-]	-814.15	C05266	cpd03120
cpd00911_c0	6-phospho-D-glucono-1-5-lactone [c0]	C6H9O9P	-2	IJOJIVNDFQSGAB-SQOUGZDYSA-L	O=C1OC(COP(=O)([O-])[O-])C(O)C(O)C1O	-428.52	C01236	cpd00911
cpd02886_c0	UDP-3-O-(beta-hydroxymyristoyl)-N-acetylglucosamine [c0]	C31H51N3O19P2	-2	TZSJGZGYQDNRRX-MPLCHSTDSA-L	CCCCCCCCCCCC(O)CC(=O)OC1C(O)C(CO)OC(OP(=O)(O)OP(=O)(O)OCC2OC(n3ccc([O-])nc3=O)C(O)C2O)C1N=C(C)[O-]	-812.95	C04738	cpd02886
cpd03443_c0	3-Octaprenyl-4-hydroxybenzoate [c0]	C47H69O3	-1	UTIBHEBNILDQKX-LQOKPSQISA-M	CC(C)=CCCC(C)=CCCC(C)=CCCC(C)=CCCC(C)=CCCC(C)=CCCC(C)=CCCC(C)=CCc1cc(C(=O)O)ccc1[O-]	128.94	C05809	cpd03443
cpd02096_c0	L-3-Amino-isobutyrate [c0]	C4H9NO2	0	QCHPKSFMDHPSNR-VKHMYHEASA-N	CC(CN)C(=O)O	-86.3	C03284	cpd02096
cpd00644_c0	PAN [c0]	C9H16NO5	-1	GHOKWGTUZJEAQD-ZETCQYMHSA-M	CC(C)(CO)C(O)C(O)=NCCC(=O)[O-]	-188.54	C00864	cpd00644
cpd14960_c0	Cobalt-precorrin 5B [c0]	C43H44CoN4O16	-6	QZAZCMKGYOLNJS-FXQXZVRQSA-D	CC12CC3=C(CCC(=O)[O-])C(C)(CC(=O)[O-])C(=N3)C=C3[N-]C(C4=C(CC(=O)[O-])C(C)(CCC(=O)[O-])C(=N4)C=C([N-]1)C(CCC(=O)[O-])=C2CC(=O)[O-])C(C)(CC(=O)[O-])C3CCC(=O)[O-].[Co+4]		C16243	cpd14960
cpd08372_c0	Cobalt-precorrin 6 [c0]	C44H46CoN4O16	-6	IQYFUBWUDURPDJ-IICGDJHVSA-E	CC12CC3=C(CCC(=O)[O-])C(C)(CC(=O)[O-])C(=N3)C=C3[N-]C(C)(C4=C(CC(=O)[O-])C(C)(CCC(=O)[O-])C(=N4)CC(=N1)C(CCC(=O)[O-])=C2CC(=O)[O-])C(C)(CC(=O)[O-])C3CCC(=O)[O-].[Co+4]		C11542	cpd08372
cpd15400_c0	1,6-anhydrous-N-Acetylmuramyl-tripeptide [c0]	C26H39N5O14	-2	KGVLFEPQSVUIRC-FYQNUYSYSA-L	CC([O-])=NC1COC(CO)C(O)C1OC(C)C(O)=NC(C)C(O)=NC(CCC(=O)[O-])C(O)=NC(CCCC(N)C(=O)O)C(=O)O	-480.44		cpd15400
cpd15544_c0	Phosphatidylglycerophosphate ditetradec-7-enoyl [c0]	C34H62O13P2	-2			-587.16		cpd15544
cpd03048_e0	Isethionate [e0]	C2H5O4S	-1	SUMDYPCJJOFFON-UHFFFAOYSA-M	O=S(=O)([O-])CCO	-162.012	C05123	cpd03048
cpd03048_c0	Isethionate [c0]	C2H5O4S	-1	SUMDYPCJJOFFON-UHFFFAOYSA-M	O=S(=O)([O-])CCO	-162.012	C05123	cpd03048
cpd02740_c0	Guanosine 5'-triphosphate,3'-diphosphate [c0]	C10H12N5O20P5	-6	KCPMACXZAITQAX-UUOKFMHZSA-H	N=c1nc([O-])c2ncn(C3OC(COP(=O)([O-])OP(=O)(O)OP(=O)([O-])[O-])C(OP(=O)(O)OP(=O)([O-])[O-])C3O)c2[nH]1	-1144.8	C04494	cpd02740
cpd11596_e0	butanesulfonate [e0]	C4H9O3S	-1	QDHFHIQKOVNCNC-UHFFFAOYSA-M	CCCCS(=O)(=O)[O-]	-122.543		cpd11596
cpd11596_c0	butanesulfonate [c0]	C4H9O3S	-1	QDHFHIQKOVNCNC-UHFFFAOYSA-M	CCCCS(=O)(=O)[O-]	-122.543		cpd11596
cpd00875_c0	KDO [c0]	C8H13O8	-1	KYQCXUMVJGMDNG-SHUUEZRQSA-M	O=C([O-])C(=O)CC(O)C(O)C(O)C(O)CO	-292.98	C01187	cpd00875
cpd02546_c0	CMP-KDO [c0]	C17H24N3O15P	-2	YWWJKULNWGRYAS-FBQOMBIUSA-L	N=c1ccn(C2OC(COP(=O)(O)OC3(C(=O)[O-])CC(O)C(O)C(C(O)CO)O3)C(O)C2O)c([O-])n1	-579.51	C04121	cpd02546
cpd02338_c0	UDP-D-galacto-1,4-furanose [c0]	C15H22N2O17P2	-2	ZQLQOXLUCGXKHS-SIAUPFDVSA-L	O=c1nc([O-])ccn1C1OC(COP(=O)([O-])OP(=O)(O)OC2OC(C(O)CO)C(O)C2O)C(O)C1O	-762.31	C03733	cpd02338
cpd00163_c0	UDP-xylose [c0]	C14H20N2O16P2	-2	DQQDLYVHOTZLOR-OCIMBMBZSA-L	O=c1nc([O-])ccn1C1OC(COP(=O)([O-])OP(=O)(O)OC2OCC(O)C(O)C2O)C(O)C1O	-724.33	C00190	cpd00163
cpd03117_c0	3-Oxododecanoyl-CoA [c0]	C33H52N7O18P3S	-4	HQANBZHVWIDNQZ-GMHMEAMDSA-J	CCCCCCCCCC(=O)CC(=O)SCCN=C([O-])CCN=C([O-])C(O)C(C)(C)COP(=O)(O)OP(=O)(O)OCC1OC(n2cnc3c(N)ncnc32)C(O)C1OP(=O)([O-])[O-]	-799.65	C05263	cpd03117
cpd03608_c0	4-Hydroxy-L-threonine [c0]	C4H9NO4	0	JBNUARFQOCGDRK-GBXIJSLDSA-N	NC(C(=O)O)C(O)CO	-160.57	C06056	cpd03608
cpd03422_c0	Cobinamide [c0]	C48H75CoN11O8	3	VIUBHLZJYZPAMU-JFYQDRLCSA-M	CC1=C2N=C(C=C3N=C(C(C)=C4NC(C)(C5N=C1C(C)(CCC(O)=NCC(C)O)C5CC(=N)O)C(C)(CC(=N)O)C4CCC(=N)O)C(C)(CC(=N)O)C3CCC([NH-])=O)C(C)(C)C2CCC(=N)O.[Co+6]		C05774	cpd03422
cpd11529_c0	9-methyl-3-oxo-decanoyl-ACP [c0]	C22H39N2O9PRS	-1					cpd11529
cpd11530_c0	9-methyl-3-hydroxy-decanoyl-ACP [c0]	C22H41N2O9PRS	-1					cpd11530
cpd00830_c0	4-Hydroxy-2-oxoglutarate [c0]	C5H4O6	-2	WXSKVKPSMAHCSG-UWTATZPHSA-L	O=C([O-])C(=O)CC(O)C(=O)[O-]	-226.94	C01127	cpd00830
cpd02820_c0	UDP-N-acetylglucosamine enolpyruvate [c0]	C20H26N3O19P2	-3	BEGZZYPUNCJHKP-DBYWSUQTSA-K	C=C(OC1C(O)C(CO)OC(OP(=O)(O)OP(=O)(O)OCC2OC(n3ccc([O-])nc3=O)C(O)C2O)C1N=C(C)[O-])C(=O)[O-]	-800.68	C04631	cpd02820
cpd02698_c0	N-Succinyl-L-2,6-diaminopimelate [c0]	C11H16N2O7	-2	GLXUWZBUPATPBR-BQBZGAKWSA-L	NC(CCCC(N=C([O-])CCC(=O)[O-])C(=O)O)C(=O)O	-269.49	C04421	cpd02698
cpd02724_c0	N-Succinyl-L-2-amino-6-oxopimelate [c0]	C11H12NO8	-3	SDVXSCSNVVZWDD-LURJTMIESA-K	O=C([O-])CCC([O-])=NC(CCCC(=O)C(=O)O)C(=O)[O-]	-294.26	C04462	cpd02724
cpd11531_c0	9-methyl-trans-dec-2-enoyl-ACP [c0]	C22H39N2O8PRS	-1					cpd11531
cpd02524_c0	N-Pantothenoylcysteine [c0]	C12H21N2O6S	-1	QSYCTARXWYLMOF-UHFFFAOYSA-M	CC(C)(CO)C(O)C(O)=NCCC([O-])=NC(CS)C(=O)O	-214.784	C04079	cpd02524
cpd00235_c0	D-mannose-6-phosphate [c0]	C6H11O9P	-2	NBSCHQHZLSJFNQ-PQMKYFCFSA-L	O=P([O-])([O-])OCC1OC(O)C(O)C(O)C1O	-430.78	C00275	cpd00235
cpd11461_c0	DNA [c0]	C15H23O13P2R3	-2				C00039	cpd11461
cpd15338_c0	2-Acyl-sn-glycero-3-phosphoethanolamine tetradec-7-enoyl [c0]	C19H38NO7P	0			-307.34		cpd15338
cpd03423_c0	alpha-Ribazole [c0]	C14H18N2O4	0	HLRUKOJSWOKCPP-SYQHCUMBSA-N	Cc1cc2ncn(C3OC(CO)C(O)C3O)c2cc1C	-77.34	C05775	cpd03423
cpd00166_c0	Calomide [c0]	C72H102CoN18O17P	2	IHEDCYSDKCCEPU-YGHJOQEPSA-L	CC1=C2N=C(C=C3N=C(C(C)=C4NC(C)(C5N=C1C(C)(CCC(O)=NCC(C)OP(=O)(O)OC1C(CO)OC([n+]6c[nH]c7cc(C)c(C)cc76)C1O)C5CC(=N)O)C(C)(CC(=N)O)C4CCC(=N)[O-])C(C)(CC(=N)O)C3CCC(=N)[O-])C(C)(C)C2CCC(=N)[O-].[CH2]C1OC(n2cnc3c(N)ncnc32)C(O)C1O.[Co+5]		C00194	cpd00166
cpd00283_c0	Geranyldiphosphate [c0]	C10H18O7P2	-2	GVVPGTZRZFNKDS-JXMROGBWSA-L	CC(C)=CCCC(C)=CCOP(=O)(O)OP(=O)([O-])[O-]	-411.09	C00341	cpd00283
cpd00731_c0	Ala-Ala [c0]	C6H12N2O3	0	DEFJQIDDEAULHB-QWWZWVQMSA-N	CC(N)C(O)=NC(C)C(=O)O	-118.69	C00993	cpd00731
cpd00361_c0	ACTN [c0]	C4H8O2	0	ROWKJAVDOGWPAT-GSVOUGTGSA-N	CC(=O)C(C)O	-72.12	C00466	cpd00361
cpd00048_e0	Sulfate [e0]	O4S	-2	QAOWNCQODCNURD-UHFFFAOYSA-L	O=S(=O)([O-])[O-]	-177.97	C00059	cpd00048
cpd15316_c0	1-Acyl-sn-glycero-3-phosphoethanolamine hexadecanoyl [c0]	C21H44NO7P	0			-326.46		cpd15316
cpd11511_c0	10-methyl-dodecanoyl-ACP [c0]	C24H45N2O8PRS	-1					cpd11511
cpd17567_c0	ditrans,pentacis-Octaprenyl diphosphate [c0]	C40H68O7P2	0	IKKLDISSULFFQO-MXWMMQQISA-L	CC(C)=CCCC(C)=CCCC(C)=CCCC(C)=CCCC(C)=CCCC(C)=CCCC(C)=CCCC(C)=CCOP(=O)(O)OP(=O)([O-])[O-]	-242.55	C17437	cpd17567
cpd12005_c0	Lipoylprotein [c0]	CHRS2	0				C02051	cpd12005
cpd11830_c0	S-Aminomethyldihydrolipoylprotein [c0]	C2H7NRS2	1				C01242	cpd11830
cpd15697_c0	Diisotetradecanoylphosphatidylethanolamine [c0]	C33H66NO8P	0			-351.33		cpd15697
cpd00327_c0	strcoa [c0]	C39H66N7O17P3S	-4	SIARJEKBADXQJG-LFZQUHGESA-J	CCCCCCCCCCCCCCCCCC(=O)SCCN=C([O-])CCN=C([O-])C(O)C(C)(C)COP(=O)(O)OP(=O)(O)OCC1OC(n2cnc3c(N)ncnc32)C(O)C1OP(=O)([O-])[O-]	-759.91	C00412	cpd00327
cpd03847_e0	Myristic acid [e0]	C14H27O2	-1	TUNFSRHWOTWDNC-UHFFFAOYSA-M	CCCCCCCCCCCCCC(=O)[O-]	-67.31	C06424	cpd03847
cpd04099_e0	Phosphonate [e0]	H2O3P	-1	ABLZXFCXXLZCGV-UHFFFAOYSA-M	O=[PH]([O-])O		C06701	cpd04099
cpd04099_c0	Phosphonate [c0]	H2O3P	-1	ABLZXFCXXLZCGV-UHFFFAOYSA-M	O=[PH]([O-])O		C06701	cpd04099
cpd03833_c0	Precorrin 3B [c0]	C43H44N4O17	-6	KJHZYYJBHKAUHS-NXWQJPGNSA-H	CC1(CC(=O)O)C2=NC(=Cc3[nH]c(c(CCC(=O)[O-])c3CC(=O)[O-])Cc3[nH]c(c(CC(=O)[O-])c3CCC(=O)[O-])C(C)(O)C34NC(=C2)C(CCC(=O)[O-])C3(C)CC(=O)O4)C1CCC(=O)[O-]		C06406	cpd03833
cpd00030_e0	Mn2+ [e0]	Mn	2	PWHULOQIROXLJO-UHFFFAOYSA-N	[Mn]		C00034	cpd00030
cpd00030_c0	Mn2+ [c0]	Mn	2	PWHULOQIROXLJO-UHFFFAOYSA-N	[Mn]		C00034	cpd00030
cpd00311_e0	Guanosine [e0]	C10H13N5O5	0	NYHBQMYGNKIUIF-UUOKFMHZSA-N	N=c1nc(O)c2ncn(C3OC(CO)C(O)C3O)c2[nH]1	-95.8	C00387	cpd00311
cpd11430_c0	fa1 [c0]	C14H27O2	-1			-67.31		cpd11430
cpd11435_c0	fa1coa [c0]	C35H59N7O17P3S	-3			-768.2		cpd11435
cpd00152_c0	Agmatine [c0]	C5H16N4	2	QYPPJABKJHAVHS-UHFFFAOYSA-P	NC(=[NH2+])NCCCC[NH3+]	5.87	C00179	cpd00152
cpd02591_c0	pendp [c0]	C25H42O7P2	-2	JMVSBFJBMXQNJW-GIXZANJISA-L	CC(C)=CCCC(C)=CCCC(C)=CCCC(C)=CCCC(C)=CCOP(=O)(O)OP(=O)([O-])[O-]	-326.82	C04217	cpd02591
cpd00260_c0	Isocitrate [c0]	C6H5O7	-3	ODBLHEXUDAPZAU-UHFFFAOYSA-K	O=C([O-])CC(C(=O)[O-])C(O)C(=O)[O-]	-279.02	C00311	cpd00260
cpd02826_c0	5'-Phosphoribosylformylglycinamidine [c0]	C8H15N3O8P	-1	PMCOGCVKOAOZQM-XVFCMESISA-M	N=C(CN=C[O-])NC1OC(COP(=O)(O)O)C(O)C1O	-381.6	C04640	cpd02826
cpd02140_c0	AIR [c0]	C8H13N3O7P	-1	PDACUKOKVHBVHJ-XVFCMESISA-M	Nc1cncn1C1OC(COP(=O)([O-])O)C(O)C1O	-297.44	C03373	cpd02140
cpd15318_c0	1-Acyl-sn-glycero-3-phosphoglycerol dodecanoyl [c0]	C18H36O9P	-1			-404.61		cpd15318
cpd11572_c0	trans-Octodec-2-enoyl-ACP [c0]	C29H53N2O8PRS	-1					cpd11572
cpd15363_c0	2-tetradecanoyl-sn-glycerol 3-phosphate [c0]	C17H34O7P	-1			-346.69		cpd15363
cpd00263_c0	Pyridoxol [c0]	C8H11NO3	0	LXNHXLLTXMVWPM-UHFFFAOYSA-N	Cc1ncc(CO)c(CO)c1O	-67.43	C00314	cpd00263
cpd01217_c0	Xanthosine [c0]	C10H12N4O6	0	UBORTCNDUKBEOP-UUOKFMHZSA-N	OCC1OC(n2cnc3c(O)nc(O)nc32)C(O)C1O	-151.93	C01762	cpd01217
cpd00299_c0	dUMP [c0]	C9H11N2O8P	-2	JSRLJPSBLDHEIO-SHYZEUOFSA-L	O=c1nc([O-])ccn1C1CC(O)C(COP(=O)([O-])O)O1	-357.93	C00365	cpd00299
cpd15683_c0	CDP-1,2-diisoheptadecanoylglycerol [c0]	C46H83N3O15P2	-2			-637.98		cpd15683
cpd15689_c0	Diisoheptadecanoylphosphatidylserine [c0]	C40H76NO10P	-2			-422.26		cpd15689
cpd15558_c0	phosphatidylserine dioctadec-11-enoyl [c0]	C42H76NO10P	-2			-370.68		cpd15558
cpd03490_c0	UDP-N-acetylmuramoyl-L-alanyl-gamma-D-glutamyl-L-lysine [c0]	C34H52N7O24P2	-3	WXBLSQNZKMJACT-BYEZXYKXSA-K	CC([O-])=NC1C(OP(=O)(O)OP(=O)(O)OCC2OC(n3ccc([O-])nc3=O)C(O)C2O)OC(CO)C(O)C1OC(C)C(O)=NC(C)C(O)=NC(CCC([O-])=NC(CCCCN)C(=O)O)C(=O)O	-984.91	C05892	cpd03490
cpd00419_c0	PM [c0]	C8H13N2O2	1	NHZMQXZHNVQTQA-UHFFFAOYSA-O	Cc1ncc(CO)c(C[NH3+])c1O	-32.18	C00534	cpd00419
cpd00528_c0	N2 [c0]	N2	0	IJGRMHOSHXDMSA-UHFFFAOYSA-N	N#N	4.4694	C00697	cpd00528
cpd11640_c0	H2 [c0]	H2	0	UFHFLCQGNIYNRP-UHFFFAOYSA-N	[HH]	4.2065	C00282	cpd11640
cpd15524_c0	1,2-dihexadecanoyl-sn-glycerol 3-phosphate [c0]	C35H68O8P	-1			-358.22		cpd15524
cpd08210_c0	ADC [c0]	C10H10NO5	-1	OIUJHGOLFKDBSU-HTQZYQBOSA-M	C=C(OC1C=C(C(=O)O)C=CC1N)C(=O)[O-]	-134.24	C11355	cpd08210
cpd03736_c0	Lauroyl-KDO2-lipid IV(A) [c0]	C96H170N2O38P2	-6	JVUUYJGQIVCMIU-ZODGSCPMSA-H	CCCCCCCCCCCC(=O)OC(CCCCCCCCCCC)CC([O-])=NC1C(OCC2OC(OP(=O)(O)O)C(N=C([O-])CC(O)CCCCCCCCCCC)C(OC(=O)CC(O)CCCCCCCCCCC)C2O)OC(COC2(C(=O)[O-])CC(OC3(C(=O)[O-])CC(O)C(O)C(C(O)CO)O3)C(O)C(C(O)CO)O2)C(OP(=O)([O-])[O-])C1OC(=O)CC(O)CCCCCCCCCCC	-1432.67	C06251	cpd03736
cpd03586_c0	kdo2-lipid iva [c0]	C84H148N2O37P2	-6	XAOLJGCZESYRFT-VHSKNIDJSA-H	CCCCCCCCCCCC(O)CC(=O)OC1C(O)C(COC2OC(COC3(C(=O)[O-])CC(OC4(C(=O)[O-])CC(O)C(O)C(C(O)CO)O4)C(O)C(C(O)CO)O3)C(OP(=O)([O-])[O-])C(OC(=O)CC(O)CCCCCCCCCCC)C2N=C([O-])CC(O)CCCCCCCCCCC)OC(OP(=O)(O)O)C1N=C([O-])CC(O)CCCCCCCCCCC	-1411.42	C06025	cpd03586
cpd03122_c0	(S)-Hydroxyhexanoyl-CoA [c0]	C27H42N7O18P3S	-4	VAAHKRMGOFIORX-DWUFXMDISA-J	CCCC(O)CC(=O)SCCN=C([O-])CCN=C([O-])C(O)C(C)(C)COP(=O)(O)OP(=O)(O)OCC1OC(n2cnc3c(N)ncnc32)C(O)C1OP(=O)([O-])[O-]	-817.39	C05268	cpd03122
cpd03123_c0	3-Oxohexanoyl-CoA [c0]	C27H40N7O18P3S	-4	NFOYYXQAVVYWKV-UHFFFAOYSA-J	CCCC(=O)CC(=O)SCCN=C([O-])CCN=C([O-])C(O)C(C)(C)COP(=O)(O)OP(=O)(O)OCC1OC(n2cnc3c(N)ncnc32)C(O)C1OP(=O)([O-])[O-]	-809.37	C05269	cpd03123
cpd00395_e0	L-Cysteate [e0]	C3H6NO5S	-1	XVOYSCVBGLVSOL-REOHCLBHSA-M	NC(CS(=O)(=O)O)C(=O)[O-]	-206.402	C00506	cpd00395
cpd00395_c0	L-Cysteate [c0]	C3H6NO5S	-1	XVOYSCVBGLVSOL-REOHCLBHSA-M	NC(CS(=O)(=O)O)C(=O)[O-]	-206.402	C00506	cpd00395
cpd00727_c0	2-Phosphoglycolate [c0]	C2H2O6P	-3	ASCFNMCAHFUBCO-UHFFFAOYSA-K	O=C([O-])COP(=O)([O-])[O-]	-335.48	C00988	cpd00727
cpd10515_c0	Fe2+ [c0]	Fe	2	CWYNVVGOOAEACU-UHFFFAOYSA-N	[Fe+2]	-18.85	C14818	cpd10515
cpd10516_c0	fe3 [c0]	Fe	3	VTLYFUHAOXGGBS-UHFFFAOYSA-N	[Fe+3]	-1.1	C14819	cpd10516
cpd01157_c0	Chitobiose [c0]	C16H28N2O11	0	CDOJPCSDOXYJJF-CBTAGEKQSA-N	CC(O)=NC1C(O)OC(CO)C(OC2OC(CO)C(O)C(O)C2N=C(C)O)C1O	-365.46	C01674	cpd01157
cpd11532_c0	9-methyl-decanoyl-ACP [c0]	C22H41N2O8PRS	-1					cpd11532
cpd00111_c0	Oxidized glutathione [c0]	C20H30N6O12S2	-2	YPZRWBKMTBYPTK-BJDJZHNGSA-L	NC(CCC([O-])=NC(CSSCC(N=C([O-])CCC(N)C(=O)O)C(O)=NCC(=O)O)C(O)=NCC(=O)O)C(=O)O	-434.73	C00127	cpd00111
cpd15468_c0	Glycerophosphoserine [c0]	C6H13NO8P	-1	ZWZWYGMENQVNFU-AKGZTFGVSA-M	NC(COP(=O)(O)OCC(O)CO)C(=O)[O-]	-391.33		cpd15468
cpd00294_c0	dAMP [c0]	C10H12N5O6P	-2	KHWCHTKSEGGWEX-RRKCRQDMSA-L	Nc1ncnc2c1ncn2C1CC(O)C(COP(=O)([O-])[O-])O1	-218.01	C00360	cpd00294
cpd15294_c0	Tetradecenoyl-ACP [c0]	C25H45N2O8PRS	-1					cpd15294
cpd11548_c0	4-methyl-trans-pent-2-enoyl-ACP [c0]	C17H29N2O8PRS	-1					cpd11548
cpd11549_c0	4-methyl-pentanoyl-ACP [c0]	C17H31N2O8PRS	-1					cpd11549
cpd03444_c0	2-Octaprenylphenol [c0]	C46H70O	0	VUNQJPPPTJIREN-CMAXTTDKSA-N	CC(C)=CCCC(C)=CCCC(C)=CCCC(C)=CCCC(C)=CCCC(C)=CCCC(C)=CCCC(C)=CCc1ccccc1O	211.57	C05810	cpd03444
cpd15387_c0	L-alanine-D-glutamate-meso-2,6-diaminoheptanedioate-D-alanine [c0]	C18H30N5O9	-1	BAPAFFOXTCMVCC-UHFFFAOYSA-M	CC(N)C(O)=NC(CCCC(N=C([O-])CCC(N=C(O)C(C)N)C(=O)O)C(=O)O)C(=O)O	-332.2		cpd15387
cpd11564_c0	12-methyl-trans-tridec-2-enoyl-ACP [c0]	C25H45N2O8PRS	-1					cpd11564
cpd11565_c0	12-methyl-tridecanoyl-ACP [c0]	C25H47N2O8PRS	-2					cpd11565
cpd12237_c0	Peptide-L-methionine [c0]	C6H10N2O2R2S	0				C03023	cpd12237
cpd14507_c0	Peptide-L-methionine (R)-S-oxide [c0]	C6H10N2O3R2S	0				C15653	cpd14507
cpd00938_c0	4-Carboxymuconolactone [c0]	C7H4O6	-2	DHCUIDTZCMREHG-ZETCQYMHSA-L	O=C([O-])CC1(C(=O)[O-])C=CC(=O)O1	-213.04	C01278	cpd00938
cpd03897_c0	4a-Hydroxytetrahydrobiopterin [c0]	C9H15N5O4	0	KJKIEFUPAPPGBC-XXKOCQOQSA-N	CC(O)C(O)C1CN=C2NC(=N)N=C(O)C2(O)N1	-92.82	C15522	cpd03897
cpd00231_c0	Dihydrobiopterin [c0]	C9H13N5O3	0	ZHQJVZLJDXWFFX-RPDRRWSUSA-N	CC(O)C(O)C1CN=c2[nH]c(=N)nc(O)c2=N1	-35.76	C00268	cpd00231
cpd00434_c0	4-Aminobutanal [c0]	C4H10NO	1	DZQLQEYLEYWJIB-UHFFFAOYSA-O	[NH3+]CCCC=O	-31.79	C00555	cpd00434
cpd00281_c0	GABA [c0]	C4H9NO2	0	BTCSSZJGUNDROE-UHFFFAOYSA-N	NCCCC(=O)O	-84.49	C00334	cpd00281
cpd11431_c0	fa11 [c0]	C17H33O2	-1			-62.45		cpd11431
cpd11432_c0	fa11coa [c0]	C38H65N7O17P3S	-3			-763.34		cpd11432
cpd11584_c0	Ala-His [c0]	C9H14N4O3	0	XZWXFWBHYRFLEF-FSPLSTOPSA-N	CC(N)C(O)=NC(Cc1cnc[nH]1)C(=O)O	-76.4		cpd11584
cpd11575_e0	MOPS [e0]	C7H14NO4S	-1	DVLFYONBTKHTER-UHFFFAOYSA-M	O=S(=O)([O-])CCCN1CCOCC1	-120.672		cpd11575
cpd11575_c0	MOPS [c0]	C7H14NO4S	-1	DVLFYONBTKHTER-UHFFFAOYSA-M	O=S(=O)([O-])CCCN1CCOCC1	-120.672		cpd11575
cpd03125_c0	(2E)-Hexenoyl-CoA [c0]	C27H40N7O17P3S	-4	OINXHIBNZUUIMR-HSRXZYSASA-J	CCCC=CC(=O)SCCN=C([O-])CCN=C([O-])C(O)C(C)(C)COP(=O)(O)OP(=O)(O)OCC1OC(n2cnc3c(N)ncnc32)C(O)C1OP(=O)([O-])[O-]	-758.54	C05271	cpd03125
cpd02069_c0	3-Phosphonooxypyruvate [c0]	C3H2O7P	-3	LFLUCDOSQPJJBE-UHFFFAOYSA-K	O=C([O-])C(=O)COP(=O)([O-])[O-]	-361.42	C03232	cpd02069
cpd15696_c0	Dianteisoheptadecanoylphosphatidylethanolamine [c0]	C39H78NO8P	0			-341.61		cpd15696
cpd12225_c0	Dihydrolipolprotein [c0]	CH3RS2	0				C02972	cpd12225
cpd03585_c0	KDO-lipid IV(A) [c0]	C76H137N2O30P2	-5	GPNCBCJEDRRCDW-ACUQGRCXSA-I	CCCCCCCCCCCC(O)CC(=O)OC1C(O)C(COC2OC(COC3(C(=O)[O-])CC(O)C(O)C(C(O)CO)O3)C(OP(=O)([O-])[O-])C(OC(=O)CC(O)CCCCCCCCCCC)C2N=C([O-])CC(O)CCCCCCCCCCC)OC(OP(=O)(O)O)C1N=C([O-])CC(O)CCCCCCCCCCC	-1175.59	C06024	cpd03585
cpd00079_c0	D-glucose-6-phosphate [c0]	C6H11O9P	-2	NBSCHQHZLSJFNQ-DVKNGEFBSA-L	O=P([O-])([O-])OCC1OC(O)C(O)C(O)C1O	-430.78	C00092	cpd00079
cpd11591_c0	Gly-Met [c0]	C7H14N2O3S	0	PFMUCCYYAAFKTH-YFKPBYRVSA-N	CSCCC(N=C(O)CN)C(=O)O	-106.49		cpd11591
cpd00200_c0	4MOP [c0]	C6H9O3	-1	BKAJNAXTPSGJCU-UHFFFAOYSA-M	CC(C)CC(=O)C(=O)[O-]	-109.64	C00233	cpd00200
cpd00743_c0	L-Citramalyl-CoA [c0]	C26H38N7O20P3S	-4	XYGOWHUIVNMEIA-NUPFMHROSA-I	CC(O)(CC(=O)SCCN=C([O-])CCN=C([O-])C(O)C(C)(C)COP(=O)(O)OP(=O)(O)OCC1OC(n2cnc3c(N)ncnc32)C(O)C1OP(=O)([O-])[O-])C(=O)[O-]	-901.69	C01011	cpd00743
cpd11477_c0	(2E)-Hexadecenoyl-[acp] [c0]	C27H49N2O8PRS	-2				C05763	cpd11477
cpd11497_c0	4-methyl-3-hydroxy-hexanoyl-ACP [c0]	C18H33N2O9PRS	-1					cpd11497
cpd11498_c0	4-methyl-trans-hex-2-enoyl-ACP [c0]	C18H31N2O8PRS	-1					cpd11498
cpd15414_c0	d-biotin d-sulfoxide [c0]	C10H15N2O4S	-1	KCSKCIQYNAOBNQ-YBSFLMRUSA-M	O=C([O-])CCCCC1C2NC(O)=NC2CS1=O			cpd15414
cpd09878_e0	Sulfoacetate [e0]	C2H2O5S	-2	AGGIJOLULBJGTQ-UHFFFAOYSA-L	O=C([O-])CS(=O)(=O)[O-]	-205.232	C14179	cpd09878
cpd09878_c0	Sulfoacetate [c0]	C2H2O5S	-2	AGGIJOLULBJGTQ-UHFFFAOYSA-L	O=C([O-])CS(=O)(=O)[O-]	-205.232	C14179	cpd09878
cpd00254_c0	Mg [c0]	Mg	2	JLVVSXFLKOJNIY-UHFFFAOYSA-N	[Mg+2]		C00305	cpd00254
cpd00254_e0	Mg [e0]	Mg	2	JLVVSXFLKOJNIY-UHFFFAOYSA-N	[Mg+2]		C00305	cpd00254
cpd15315_c0	1-Acyl-sn-glycero-3-phosphoethanolamine tetradec-7-enoyl [c0]	C19H38NO7P	0			-308		cpd15315
cpd00408_c0	Pantoate [c0]	C6H11O4	-1	OTOIIPJYVQJATP-BYPYZUCNSA-M	CC(C)(CO)C(O)C(=O)[O-]	-159.58	C00522	cpd00408
cpd00712_c0	2-Dehydropantoate [c0]	C6H9O4	-1	PKVVTUWHANFMQC-UHFFFAOYSA-M	CC(C)(CO)C(=O)C(=O)[O-]	-149.1	C00966	cpd00712
cpd00331_c0	cis-Aconitate [c0]	C6H3O6	-3	GTZCVFVGUGFEME-IWQZZHSRSA-K	O=C([O-])C=C(CC(=O)[O-])C(=O)[O-]	-222.28	C00417	cpd00331
cpd03671_c0	D-Glucosamine1-phosphate [c0]	C6H13NO8P	-1	YMJBYRVFGYXULK-QZABAPFNSA-M	NC1C(OP(=O)([O-])O)OC(CO)C(O)C1O	-395.53	C06156	cpd03671
cpd02611_c0	N-Acetyl-D-glucosamine1-phosphate [c0]	C8H14NO9P	-2	FZLJPEPAYPUMMR-UOLFYFMNSA-L	CC([O-])=NC1C(OP(=O)([O-])O)OC(CO)C(O)C1O	-425.13	C04256	cpd02611
cpd11519_c0	14-methyl-hexa-decanoyl-ACP [c0]	C28H53N2O8PRS	-2					cpd11519
cpd01997_c0	Dimethylbenzimidazole [c0]	C9H10N2	0	LJUQGASMPRMWIW-UHFFFAOYSA-N	Cc1cc2nc[nH]c2cc1C	46.86	C03114	cpd01997
cpd02904_c0	alpha-Ribazole 5'-phosphate [c0]	C14H17N2O7P	-2	ZMRGXEJKZPRBPJ-SYQHCUMBSA-L	Cc1cc2ncn(C3OC(COP(=O)([O-])[O-])C(O)C3O)c2cc1C	-289.84	C04778	cpd02904
cpd00837_c0	S-Adenosylmethioninamine [c0]	C14H24N6O3S	2	ZUNBITIXDCPNSD-LSRJEVITSA-O	C[S+](CCC[NH3+])CC1OC(n2cnc3c(N)ncnc32)C(O)C1O	13.01	C01137	cpd00837
cpd11436_c0	fa3 [c0]	C15H29O2	-1			-65.69		cpd11436
cpd11437_c0	fa3coa [c0]	C36H61N7O17P3S	-3			-766.58		cpd11437
cpd00557_c0	Siroheme [c0]	C42H36FeN4O16	-8	DLKSSIHHLYNIKN-QIISWYHFSA-D	CC1(CC(=O)[O-])c2cc3nc(cc4[n-]c(cc5[n-]c(cc(n2)C1CCC(=O)[O-])c(CC(=O)[O-])c5CCC(=O)[O-])c(CCC(=O)[O-])c4CC(=O)[O-])C(C)(CC(=O)[O-])C3CCC(=O)[O-].[Fe+2]		C00748	cpd00557
cpd01311_c0	Dethiobiotin [c0]	C10H17N2O3	-1	AUTOLBMXDDTRRT-UHFFFAOYSA-M	CC1N=C(O)NC1CCCCCC(=O)[O-]	-115.31	C01909	cpd01311
cpd15680_c0	1,2-diisopentadecanoyl-sn-glycerol 3-phosphate [c0]	C33H64O8P	-1			-365.08		cpd15680
cpd15717_c0	Dianteisoheptadecanoylphosphatidylglycerophosphate [c0]	C40H78O13P2	-2			-625.78		cpd15717
cpd00481_c0	Isobutyryl-CoA [c0]	C25H38N7O17P3S	-4	AEWHYWSPVRZHCT-NDZSKPAWSA-J	CC(C)C(=O)SCCN=C([O-])CCN=C([O-])C(O)C(C)(C)COP(=O)(O)OP(=O)(O)OCC1OC(n2cnc3c(N)ncnc32)C(O)C1OP(=O)([O-])[O-]	-784.4	C00630	cpd00481
cpd15554_c0	phosphatidylserine ditetradec-7-enoyl [c0]	C34H60NO10P	-2			-383.64		cpd15554
cpd15530_c0	phosphatidylethanolamine ditetradec-7-enoyl [c0]	C33H62NO8P	0			-302.99		cpd15530
cpd15543_c0	Phosphatidylglycerophosphate ditetradecanoyl [c0]	C34H66O13P2	-2			-631.88		cpd15543
cpd02113_c0	dTDP-rhamnose [c0]	C16H24N2O15P2	-2	ZOSQFDVXNQFKBY-CGAXJHMRSA-L	Cc1cn(C2CC(O)C(COP(=O)([O-])OP(=O)(O)OC3OC(C)C(O)C(O)C3O)O2)c(=O)nc1[O-]	-686.89	C03319	cpd02113
cpd01293_c0	5-Oxoproline [c0]	C5H6NO3	-1	ODHCTXKNWHHXJC-VKHMYHEASA-M	O=C(O)C1CCC([O-])=N1	-110.12	C01879	cpd01293
cpd00268_e0	H2S2O3 [e0]	HO3S2	-1	DHCDFWKWKRSZHF-UHFFFAOYSA-M	O=S([O-])(O)=S	-122.7	C00320	cpd00268
cpd15319_c0	1-Acyl-sn-glycero-3-phosphoglycerol tetradecanoyl [c0]	C20H40O9P	-1			-401.37		cpd15319
cpd00274_c0	Citrulline [c0]	C6H13N3O3	0	RHGKLRLOHDJJDR-BYPYZUCNSA-N	N=C(O)NCCCC(N)C(=O)O	-123.87	C00327	cpd00274
cpd15362_c0	2-tetradec-7-enoyl-sn-glycerol 3-phosphate [c0]	C17H32O7P	-1			-324.33		cpd15362
cpd15508_c0	three disacharide linked murein units (tetrapeptide crosslinked tetrapeptide (A2pm->D-ala) & tetrapeptide corsslinked tetrapeptide (A2pm->D-ala)) (middle of chain) [c0]	C111H167N21O58	-6			-1825.76		cpd15508
cpd15507_c0	three disacharide linked murein units (tetrapeptide crosslinked tetrapeptide (A2pm->D-ala), one uncrosslinked tetrapaptide) (middle of chain) [c0]	C111H169N21O59	-6	NPJMJVATSCHTAI-UHFFFAOYSA-H	CC([O-])=NC1=COC(CO)C2OC3OC(CO)C(OC4OC(CO)C(OC5OC(CO)C(OC6OC(CO)C(OC7OC(CO)C(O)C(O)C7N=C(C)[O-])C(OC(C)C(O)=NC(C)C(O)=NC(CCC(=O)O)C(O)=NC(CCCC(N)C(=O)O)C(O)=NC(C)C(=O)O)C6N=C(C)[O-])C(O)C5N=C(C)[O-])C(OC(C)C(O)=NC(C)C(O)=NC(CCC(=O)O)C(O)=NC(CCCC(N)C(=O)O)C(O)=NC(C)C(O)=NC(C(=O)O)CCCC(C(O)=NC(C)C(=O)O)N=C(O)C(CCC(=O)O)N=C(O)C(C)N=C(O)C(C)OC12)C4N=C(C)[O-])C(O)C3N=C(C)[O-]	-1882.91		cpd15507
cpd00278_c0	Indolepyruvate [c0]	C11H8NO3	-1	RSTKLPZEZYGQPY-UHFFFAOYSA-M	O=C([O-])C(=O)Cc1c[nH]c2ccccc12	-49.77	C00331	cpd00278
cpd11175_c0	S-2-(Indol-3-yl)acetyl-CoA [c0]	C31H40N8O17P3S	-3	WXOGUAPLOCTRFO-HSJNEKGZSA-J	CC(C)(COP(=O)(O)OP(=O)(O)OCC1OC(n2cnc3c(N)ncnc32)C(O)C1OP(=O)([O-])[O-])C(O)C([O-])=NCCC([O-])=NCCSC(=O)Cc1c[nH]c2ccccc12	-722.91	C15489	cpd11175
cpd15514_c0	two disacharide linked murein units, pentapeptide crosslinked tetrapeptide (A2pm->D-ala) (middle of chain) [c0]	C77H117N15O40	-4	NQXCJQVWBSGGNW-UHFFFAOYSA-J	CC([O-])=NC1=COC(CO)C2OC3OC(CO)C(OC4OC(CO)C(OC5OC(CO)C(O)C(O)C5N=C(C)[O-])C(OC(C)C(O)=NC(C)C(O)=NC(CCC(=O)O)C(O)=NC(CCCC(N)C(=O)O)C(O)=NC(C)C(O)=NC(C(=O)O)CCCC(C(O)=NC(C)C(O)=NC(C)C(=O)O)N=C(O)C(CCC(=O)O)N=C(O)C(C)N=C(O)C(C)OC12)C4N=C(C)[O-])C(O)C3N=C(C)[O-]	-1269.6		cpd15514
cpd00322_e0	L-Isoleucine [e0]	C6H13NO2	0	AGPKZVBTJJNPAG-WHFBIAKZSA-N	CCC(C)C(N)C(=O)O	-84.87	C00407	cpd00322
cpd03761_c0	Precorrin 6A [c0]	C44H47N4O16	-7	SOHWQLUTRKYCGZ-YBYDRZSWSA-G	CC12CC3=C(CCC(=O)[O-])C(C)(CC(=O)[O-])C(=N3)C=C3NC(C)(C4=C(CC(=O)[O-])C(C)(CCC(=O)[O-])C(=N4)CC(=N1)C(CCC(=O)[O-])=C2CC(=O)[O-])C(C)(CC(=O)O)C3CCC(=O)[O-]		C06320	cpd03761
cpd15716_c0	Diisoheptadecanoylphosphatidylglycerophosphate [c0]	C40H78O13P2	-2			-625.78		cpd15716
cpd00330_c0	Dihydrofolate [c0]	C19H19N7O6	-2	OZRNSSUDZOLUSN-LBPRGKRZSA-L	N=c1nc([O-])c2c([nH]1)NCC(CNc1ccc(C(=O)NC(CCC(=O)[O-])C(=O)O)cc1)=N2	-109.12	C00415	cpd00330
cpd00393_c0	Folate [c0]	C19H17N7O6	-2	OVBPIULPVIDEAO-LBPRGKRZSA-L	N=c1nc([O-])c2nc(CNc3ccc(C(=O)NC(CCC(=O)[O-])C(=O)O)cc3)cnc2[nH]1	-107.8	C00504	cpd00393
cpd02569_c0	2-Oxo-3-hydroxyisovalerate [c0]	C5H7O4	-1	DNOPJXBPONYBLB-UHFFFAOYSA-M	CC(C)(O)C(=O)C(=O)[O-]	-150.72	C04181	cpd02569
cpd00104_e0	BIOT [e0]	C10H15N2O3S	-1	YBJHBAHKTGYVGT-ZKWXMUAHSA-M	O=C([O-])CCCCC1SCC2N=C(O)NC21	-109.02	C00120	cpd00104
cpd11499_c0	4-methyl-hexanoyl-ACP [c0]	C18H33N2O8PRS	-1					cpd11499
cpd00412_c0	Deoxyuridine [c0]	C9H12N2O5	0	MXHRCPNRJAMMIM-SHYZEUOFSA-N	O=c1nc(O)ccn1C1CC(O)C(CO)O1	-145.43	C00526	cpd00412
cpd02662_c0	Malyl-CoA [c0]	C25H35N7O20P3S	-5	HJQWLHMLMCDAEL-ZTGLTYRUSA-I	CC(C)(COP(=O)(O)OP(=O)(O)OCC1OC(n2cnc3c(N)ncnc32)C(O)C1OP(=O)([O-])[O-])C(O)C([O-])=NCCC([O-])=NCCSC(=O)CC(O)C(=O)[O-]	-900.08	C04348	cpd02662
cpd11590_c0	met-L-ala-L [c0]	C8H15N2O3S	-1			-98.39		cpd11590
cpd01294_c0	2-Oxepanone [c0]	C6H10O2	0	PAPBSGBWRJIAAV-UHFFFAOYSA-N	O=C1CCCCCO1	-55.1	C01880	cpd01294
cpd03641_c0	6-Hydroxyhexanoate [c0]	C6H11O3	-1	IWHLYPDWHHPVAA-UHFFFAOYSA-M	O=C([O-])CCCCCO	-116.5	C06103	cpd03641
cpd11550_c0	6-methyl-3-oxo-heptanoyl-ACP [c0]	C19H33N2O9PRS	-1					cpd11550
cpd11551_c0	6-methyl-3-hydroxy-heptanoyl-ACP [c0]	C19H35N2O9PRS	-1					cpd11551
cpd00858_c0	L-Glutamate5-semialdehyde [c0]	C5H9NO3	0	KABXUUFDPUOJMW-BYPYZUCNSA-N	NC(CCC=O)C(=O)O	-111.43	C01165	cpd00858
cpd01015_c0	Cyanate [c0]	CNO	-1	XLJMAIOERFSOGZ-UHFFFAOYSA-M	N#C[O-]	-23.3	C01417	cpd01015
cpd08625_c0	5-Hydroxyisourate [c0]	C5H4N4O4	0	LTQYPAVLAYVKTK-UHFFFAOYSA-N	O=C1N=C(O)C2(O)NC(O)=NC2=N1	-139.18	C11821	cpd08625
cpd09027_c0	5-Hydroxy-2-oxo-4-ureido-2,5-dihydro-1H-imidazole-5-carboxylate [c0]	C5H5N4O5	-1	WHKYNCPIXMNTRQ-UHFFFAOYSA-M	N=C(O)N=C1N=C(O)NC1(O)C(=O)[O-]	-184.24	C12248	cpd09027
cpd15277_c0	Palmitoyl-ACP [c0]	C27H51N2O8PRS	-2					cpd15277
cpd11556_c0	8-methyl-trans-non-2-enoyl-ACP [c0]	C21H37N2O8PRS	-1					cpd11556
cpd11557_c0	8-methyl-nonanoyl-ACP [c0]	C21H39N2O8PRS	-1					cpd11557
cpd03424_e0	Vitamin B12 [e0]	C61H86CoN13O14PR	6				C05776	cpd03424
cpd03424_c0	Vitamin B12 [c0]	C61H86CoN13O14PR	6				C05776	cpd03424
cpd03496_c0	Undecaprenyl-diphospho-N-acetylmuramoyl-(N-acetylglucosamine)-L-alanyl-D-glutaminyl-meso-2,6-diaminopimeloyl-D-alanyl-D-alanine [c0]	C95H154N9O27P2	-3			-788.99		cpd03496
cpd01700_c0	D-Citramalate [c0]	C5H6O5	-2	XFTRTWQBIOMVPK-RXMQYKEDSA-L	CC(O)(CC(=O)[O-])C(=O)[O-]	-202.61	C02612	cpd01700
cpd00137_c0	Citrate [c0]	C6H5O7	-3	KRKNYBCHXYNGOX-UHFFFAOYSA-K	O=C([O-])CC(O)(CC(=O)[O-])C(=O)[O-]	-280.44	C00158	cpd00137
cpd15534_c0	phosphatidylethanolamine dioctadec-11-enoyl [c0]	C41H78NO8P	0			-290.03		cpd15534
cpd02968_c0	UDP-N-acetylmuramoyl-L-alanyl-D-glutamyl-6-carboxy-L-lysyl-D-alanyl- D-alanine [c0]	C41H61N9O28P2	-4	IMWOXEZVYQDRDF-MCZXNMLPSA-J	CC([O-])=NC1C(OP(=O)(O)OP(=O)(O)OCC2OC(n3ccc([O-])nc3=O)C(O)C2O)OC(CO)C(O)C1OC(C)C(O)=NC(C)C(O)=NC(CCC([O-])=NC(CCCC(N)C(=O)O)C(O)=NC(C)C([O-])=NC(C)C(=O)O)C(=O)O	-1126.09	C04882	cpd02968
cpd15666_c0	Peptidoglycan polymer (n-1 subunits) [c0]	C40H63N8O21R	-2					cpd15666
cpd15665_c0	Peptidoglycan polymer (n subunits) [c0]	C80H125N16O42R	-4					cpd15665
cpd00170_c0	Gluconolactone [c0]	C6H10O6	0	PHOQVHQSTUBQQK-SQOUGZDYSA-N	O=C1OC(CO)C(O)C(O)C1O	-216.02	C00198	cpd00170
cpd00222_c0	GLCN [c0]	C6H11O7	-1	RGHNJXZEOKUKBD-SQOUGZDYSA-M	O=C([O-])C(O)C(O)C(O)C(O)CO	-268.66	C00257	cpd00222
cpd15340_c0	2-Acyl-sn-glycero-3-phosphoethanolamine hexadec-9-enoyl [c0]	C21H42NO7P	0			-304.1		cpd15340
cpd11462_c0	mRNA [c0]	null	0					cpd11462
cpd00620_c0	Pantetheine [c0]	C11H22N2O4S	0	ZNXZGRMVNNHPCA-VIFPVBQESA-N	CC(C)(CO)C(O)C(O)=NCCC(O)=NCCS	-135.144	C00831	cpd00620
cpd02507_c0	5-Carboxy-2-oxohept-3-enedioate [c0]	C8H5O7	-3	WHGVLEMQINVDLH-OWOJBTEDSA-K	O=C([O-])CC(C=CC(=O)C(=O)[O-])C(=O)[O-]	-244.49	C04052	cpd02507
cpd00977_c0	dITP [c0]	C10H12N4O13P3	-3	UFJPAQSLHAGEBL-RRKCRQDMSA-K	O=P([O-])([O-])OP(=O)(O)OP(=O)(O)OCC1OC(n2cnc3c([O-])ncnc32)CC1O	-689.74	C01345	cpd00977
cpd03704_c0	dIMP [c0]	C10H11N4O7P	-2	PHNGFPPXDJJADG-RRKCRQDMSA-L	O=P([O-])(O)OCC1OC(n2cnc3c([O-])ncnc32)CC1O	-273.74	C06196	cpd03704
cpd08023_e0	methanesulfonate [e0]	CH3O3S	-1	AFVFQIVMOAPDHO-UHFFFAOYSA-M	CS(=O)(=O)[O-]	-127.403	C11145	cpd08023
cpd08023_c0	methanesulfonate [c0]	CH3O3S	-1	AFVFQIVMOAPDHO-UHFFFAOYSA-M	CS(=O)(=O)[O-]	-127.403	C11145	cpd08023
cpd00976_c0	dIDP [c0]	C10H12N4O10P2	-2	BKUSIKGSPSFQAC-RRKCRQDMSA-L	O=P([O-])(O)OP(=O)(O)OCC1OC(n2cnc3c([O-])ncnc32)CC1O	-481.74	C01344	cpd00976
cpd01504_c0	3-Aminopropanal [c0]	C3H8NO	1	PCXDJQZLDDHMGX-UHFFFAOYSA-O	[NH3+]CCC=O	-33.41	C05665	cpd01504
cpd04098_c0	Arsenite [c0]	AsH2O3	-1	AQLMHYSWFMLWBS-UHFFFAOYSA-N	[O-][As](O)O		C06697	cpd04098
cpd04098_e0	Arsenite [e0]	AsH2O3	-1	AQLMHYSWFMLWBS-UHFFFAOYSA-N	[O-][As](O)O		C06697	cpd04098
cpd15326_c0	1-hexadec-9-enoyl-sn-glycerol 3-phosphate [c0]	C19H36O7P	-1			-321.09		cpd15326
cpd02135_c0	4-Nitrophenyl phosphate [c0]	C6H4NO6P	-2	XZKIHKMTEMTJQX-UHFFFAOYSA-L	O=[N+]([O-])c1ccc(OP(=O)([O-])[O-])cc1		C03360	cpd02135
cpd00646_c0	PNP [c0]	C6H5NO3	0	BTJIUGUIPKRLHP-UHFFFAOYSA-N	O=[N+]([O-])c1ccc(O)cc1		C00870	cpd00646
cpd15695_c0	Diisoheptadecanoylphosphatidylethanolamine [c0]	C39H78NO8P	0			-341.61		cpd15695
cpd15368_c0	(R)-3-hydroxy-cis-myristol-7-eoyl-[acyl-carrier protein] [c0]	C25H45N2O9PRS	-1					cpd15368
cpd15570_c0	trans-3-cis-7-myristoleoyl-[acyl-carrier protein] [c0]	C25H43N2O8PRS	-1					cpd15570
cpd00156_e0	L-Valine [e0]	C5H11NO2	0	KZSNJWFQEVHDMF-BYPYZUCNSA-N	CC(C)C(N)C(=O)O	-86.49	C00183	cpd00156
cpd02039_c0	1-Aminopropan-2-ol [c0]	C3H10NO	1	HXKKHQJGJAFBHI-UHFFFAOYSA-O	CC(O)C[NH3+]	-44.7	C03194	cpd02039
cpd11504_c0	8-methyl-3-oxo-decanoyl-ACP [c0]	C22H39N2O9PRS	-1					cpd11504
cpd00447_c0	Betaine aldehyde [c0]	C5H12NO	1	SXKNCCSPZDCRFD-UHFFFAOYSA-N	C[N+](C)(C)CC=O	21.67	C00576	cpd00447
cpd01080_e0	ocdca [e0]	C18H35O2	-1	QIQXTHQIDYTFRH-UHFFFAOYSA-M	CCCCCCCCCCCCCCCCCC(=O)[O-]	-60.83	C01530	cpd01080
cpd11496_c0	4-methyl-3-oxo-hexanoyl-ACP [c0]	C18H31N2O9PRS	-1					cpd11496
cpd00782_c0	Pimeloyl-CoA [c0]	C28H41N7O19P3S	-5	LYCRXMTYUZDUGA-AMIBDLERSA-I	CC(C)(COP(=O)(O)OP(=O)(O)OCC1OC(n2cnc3c(N)ncnc32)C(O)C1OP(=O)([O-])[O-])C(O)C([O-])=NCCC([O-])=NCCSC(=O)CCCCCC(=O)[O-]	-857.18	C01063	cpd00782
cpd00649_c0	Coenzyme F420 [c0]	C29H32N5O18P	-4	GEHSZWRGPHDXJO-NALJQGANSA-J	CC(OP(=O)(O)OCC(O)C(O)C(O)Cn1c2nc(=O)nc(O)c-2cc2ccc([O-])cc21)C([O-])=NC(CCC([O-])=NC(CCC(=O)[O-])C(=O)O)C(=O)O	-653.72	C00876	cpd00649
cpd00792_c0	Reduced coenzyme F420 [c0]	C29H34N5O18P	-4	IXPYGZIWHPPILV-NALJQGANSA-J	CC(OP(=O)(O)OCC(O)C(O)C(O)CN1c2cc([O-])ccc2Cc2c(O)nc(O)nc21)C([O-])=NC(CCC([O-])=NC(CCC(=O)[O-])C(=O)O)C(=O)O	-661.18	C01080	cpd00792
cpd02655_c0	5,10-Methenyltetrahydromethanopterin [c0]	C31H41N6O16P	-2	RANKJVUGLXUXOL-UQXKJNEMSA-L	CC1Nc2[nH]c(=N)nc([O-])c2N2C=[N+](c3ccc(CC(O)C(O)C(O)COC4OC(COP(=O)([O-])OC(CCC(=O)[O-])C(=O)O)C(O)C4O)cc3)C(C)C12	-514.74	C04330	cpd02655
cpd01107_c0	Decanoate [c0]	C10H19O2	-1	GHVNFZFCNZKVNT-UHFFFAOYSA-M	CCCCCCCCCC(=O)[O-]	-73.79	C01571	cpd01107
cpd15268_c0	Octadecanoyl-ACP [c0]	C29H55N2O8PRS	-2					cpd15268
cpd02465_c0	tetrahydrodipicolinate [c0]	C7H7NO4	-2	CXMBCXQHOXUCEO-BYPYZUCNSA-L	O=C([O-])C1=NC(C(=O)[O-])CCC1	-138.97	C03972	cpd02465
cpd00371_c0	Propanal [c0]	C3H6O	0	NBBJYMSMWIIQGU-UHFFFAOYSA-N	CCC=O	-32.43	C00479	cpd00371
cpd03559_c0	Optal [c0]	C3H8O	0	BDERNNFJNOPAEC-UHFFFAOYSA-N	CCCO	-41.91	C05979	cpd03559
cpd15385_c0	L-alanine-D-glutamate [c0]	C8H13N2O5	-1	VYZAGTDAHUIRQA-CRCLSJGQSA-M	CC(N)C(O)=NC(CCC(=O)[O-])C(=O)O	-194.9		cpd15385
cpd15388_c0	L-alanine-L-glutamate [c0]	C8H13N2O5	-1	VYZAGTDAHUIRQA-WHFBIAKZSA-M	CC(N)C(O)=NC(CCC(=O)[O-])C(=O)O	-194.9		cpd15388
cpd03285_c0	3-Sulfopyruvate [c0]	C3H2O6S	-2	BUTHMSUEBYPMKJ-UHFFFAOYSA-L	O=C([O-])C(=O)CS(=O)(=O)[O-]	-231.172	C05528	cpd03285
cpd00742_c0	Allophanate [c0]	C2H3N2O3	-1	AVWRKZWQTYIKIY-UHFFFAOYSA-M	N=C([O-])NC(=O)O	-127.56	C01010	cpd00742
cpd15677_c0	1,2-diisoheptadecanoyl-sn-glycerol 3-phosphate [c0]	C37H72O8P	-1			-358.6		cpd15677
cpd11573_c0	Octodecanoyl-ACP [c0]	C29H55N2O8PRS	-2					cpd11573
cpd15718_c0	Diisotetradecanoylphosphatidylglycerophosphate [c0]	C34H66O13P2	-2			-635.5		cpd15718
cpd17565_c0	ditrans,dicis-Pentaprenyl diphosphate [c0]	C25H44O7P2	0	JMVSBFJBMXQNJW-PSTDWBAXSA-L	CC(C)=CCCC(C)=CCCC(C)=CCCC(C)=CCCC(C)=CCOP(=O)(O)OP(=O)([O-])[O-]	-326.82	C17435	cpd17565
cpd15324_c0	1-Acyl-sn-glycero-3-phosphoglycerol octadec-11-enoyl [c0]	C24H46O9P	-1			-372.53		cpd15324
cpd15542_c0	Phosphatidylglycerophosphate didodecanoyl [c0]	C30H58O13P2	-2			-638.36		cpd15542
cpd01476_c0	Protoporphyrin [c0]	C34H32N4O4	-2	KSFOVUSSGSKXFI-UJJXFSCMSA-L	C=Cc1c(C)c2cc3[nH]c(cc4nc(cc5[nH]c(cc1n2)c(C)c5CCC(=O)[O-])c(CCC(=O)[O-])c4C)c(C)c3C=C		C02191	cpd01476
cpd11508_c0	10-methyl-3-oxo-dodecanoyl-ACP [c0]	C24H43N2O9PRS	-1					cpd11508
cpd01563_c0	trans-Aconitate [c0]	C6H3O6	-3	GTZCVFVGUGFEME-HNQUOIGGSA-K	O=C([O-])C=C(CC(=O)[O-])C(=O)[O-]	-222.28	C02341	cpd01563
cpd08353_c0	(E)-3-(Methoxycarbonyl)pent-2-enedioate [c0]	C7H6O6	-2	BRYKYSQCLNCYQW-DUXPYHPUSA-L	COC(=O)C(=CC(=O)[O-])CC(=O)[O-]	-218.13	C11514	cpd08353
cpd00668_c0	ALCTT [c0]	C5H7O4	-1	NMDWGEGFJUBKLB-YFKPBYRVSA-M	CC(=O)C(C)(O)C(=O)[O-]	-153.18	C00900	cpd00668
cpd11562_c0	12-methyl-3-oxo-tridecanoyl-ACP [c0]	C25H45N2O9PRS	-1					cpd11562
cpd11563_c0	12-methyl-3-hydroxy-tridecanoyl-ACP [c0]	C25H47N2O9PRS	-1					cpd11563
cpd02182_c0	(R)-S-Lactoylglutathione [c0]	C13H20N3O8S	-1	VDYDCVUWILIYQF-UHFFFAOYSA-M	CC(O)C(=O)SCC(N=C([O-])CCC(N)C(=O)O)C(O)=NCC(=O)O	-291.21	C03451	cpd02182
cpd02720_c0	5-Amino-6--5-phosphoribitylaminouracil [c0]	C9H15N4O9P	-2	RQRINYISXYAZKL-RPDRRWSUSA-L	Nc1c([O-])nc([O-])nc1NCC(O)C(O)C(O)COP(=O)(O)O	-402.07	C04454	cpd02720
cpd11581_c0	gly-asn-L [c0]	C6H11N3O4	0			-153.89		cpd11581
cpd15347_c0	2-Acyl-sn-glycero-3-phosphoglycerol hexadec-9-enoyl [c0]	C22H42O9P	-1			-375.77		cpd15347
cpd15274_c0	Octadecenoyl-CoA [c0]	C39H65N7O17P3S	-3			-739.1		cpd15274
cpd11524_c0	5-methyl-hexanoyl-ACP [c0]	C18H33N2O8PRS	-1					cpd11524
cpd00039_e0	L-Lysine [e0]	C6H15N2O2	1	KDXKERNSBIXSRK-YFKPBYRVSA-O	NC(CCCC[NH3+])C(=O)O	-84.04	C00047	cpd00039
cpd00919_c0	Homocitrate [c0]	C7H7O7	-3	XKJVEVRQMLKSMO-SSDOTTSWSA-K	O=C([O-])CCC(O)(CC(=O)[O-])C(=O)[O-]	-278.82	C01251	cpd00919
cpd00121_e0	L-Inositol [e0]	C6H12O6	0	CDAISMWEOUEBRE-GPIVLXJGSA-N	OC1C(O)C(O)C(O)C(O)C1O	-219.96	C00137	cpd00121
cpd15546_c0	Phosphatidylglycerophosphate dihexadec-9-enoyl [c0]	C38H70O13P2	-2			-580.68		cpd15546
cpd06227_c0	THF-L-glutamate [c0]	C24H27N8O9	-3	ZAOGJXDWOQXFBW-KKUMJFAQSA-K	N=c1nc([O-])c2c([nH]1)NCC(CNc1ccc(C(=O)NC(CCC([O-])=NC(CCC(=O)[O-])C(=O)O)C(=O)O)cc1)N2	-220.95	C03541	cpd06227
cpd03445_c0	2-Octaprenyl-6-hydroxyphenol [c0]	C46H70O2	0	YNPGYMZVNLIZLD-BQFKTQOQSA-N	CC(C)=CCCC(C)=CCCC(C)=CCCC(C)=CCCC(C)=CCCC(C)=CCCC(C)=CCCC(C)=CCc1cccc(O)c1O	172.09	C05811	cpd03445
cpd03446_c0	2-Octaprenyl-6-methoxyphenol [c0]	C47H72O2	0	MARGKPIMNMASKJ-CMAXTTDKSA-N	COc1cccc(CC=C(C)CCC=C(C)CCC=C(C)CCC=C(C)CCC=C(C)CCC=C(C)CCC=C(C)CCC=C(C)C)c1O	186.74	C05812	cpd03446
cpd03606_c0	2-Oxo-3-hydroxy-4-phosphobutanoate [c0]	C4H4O8P	-3	MZJFVXDTNBHTKZ-UHFFFAOYSA-K	O=C([O-])C(=O)C(O)COP(=O)([O-])[O-]	-397.84	C06054	cpd03606
cpd03105_c0	Acetol [c0]	C3H6O2	0	XLSMFKSTNGKWQX-UHFFFAOYSA-N	CC(=O)CO	-71.93	C05235	cpd03105
cpd01861_c0	(R)-1,2-Propanediol [c0]	C3H8O2	0	DNIAPMSPPWPWGF-GSVOUGTGSA-N	CC(O)CO	-79.95	C02912	cpd01861
cpd00128_e0	Adenine [e0]	C5H5N5	0	GFFGJBXGBJISGV-UHFFFAOYSA-N	Nc1nc[nH]c2ncnc1-2	78.85	C00147	cpd00128
cpd17568_c0	ditrans,hexacis-Nonaprenyl diphosphate [c0]	C45H76O7P2	0	IVLBHBFTRNVIAP-HUIBRQQWSA-L	CC(C)=CCCC(C)=CCCC(C)=CCCC(C)=CCCC(C)=CCCC(C)=CCCC(C)=CCCC(C)=CCCC(C)=CCOP(=O)(O)OP(=O)([O-])[O-]	-214.46	C17438	cpd17568
cpd22027_c0	3-Ketoglutaryl-ACP-methyl-ester [c0]	C20H32N3O12PR2S	0					cpd22027
cpd22022_c0	3-Hydroxyglutaryl-ACP-methyl-ester [c0]	C20H34N3O12PR2S	0					cpd22022
cpd36025_c0	(8S)-3',8-cyclo-7,8-dihydroguanosine 5'-triphosphate [c0]	C10H12N5O14P3	-4					cpd36025
cpd19505_c0	Precursor Z [c0]	C10H13N5O8P	-1	PWFXLXMPGSLEOZ-QQVWSJFJSA-M	N=c1nc([O-])c2c([nH]1)NC1OC3COP(=O)(O)OC3C(=O)C1N2	-255.82	C18239	cpd19505
cpd28259_c0	Thiocarboxyadenylated-ThiS-Proteins [c0]	C4H7N2O2RS	0					cpd28259
cpd21479_c0	2-[(2R,5Z)-2-Carboxy-4-methylthiazol-5(2H)-ylidene]ethyl phosphate [c0]	C7H7NO6PS	-3	PQMCQNOVNFNPFJ-DJWKRKHSSA-K	CC1=NC(C(=O)[O-])SC1=CCOP(=O)([O-])[O-]	-278.09	C20246	cpd21479
cpd28253_c0	Thi-S [c0]	C4H7N2O3R	0					cpd28253
cpd00149_c0	Co2+ [c0]	Co	2	XLJKHNWPARRRJB-UHFFFAOYSA-N	[Co+2]		C00175	cpd00149
cpd03914_c0	Cob(II)yrinate diamide [c0]	C45H59CoN6O12	-1	JQARVYOVXRGEQC-OKJGWHJPSA-H	CC1=C2N=C(C=C3N=C(C(C)=C4NC(C)(C5N=C1C(C)(CCC(=O)[O-])C5CC(=O)O)C(C)(CC(=N)[O-])C4CCC(=O)[O-])C(C)(CC([NH-])=O)C3CCC(=O)[O-])C(C)(C)C2CCC(=O)[O-].[Co+5]		C06504	cpd03914
cpd28070_c0	Reduced-Flavoproteins [c0]	C12H11N4O2R	0					cpd28070
cpd33817_c0	Cbi(II) [c0]	C48H73CoN11O8	2					cpd33817
cpd27744_c0	Oxidized-Flavoproteins [c0]	C12H9N4O2R	0					cpd27744
cpd12489_c0	cis-3-Decenoyl-[acyl-carrier protein] [c0]	C21H37N2O8PRS	-2				C04180	cpd12489
cpd19503_c0	Molybdoenzyme molybdenum cofactor [c0]	C10H10MoN5O8PS2	-2	HDAJUGGARUFROU-JSUDGWJLSA-J	N=c1nc([O-])c2c([nH]1)NC1OC(COP(=O)([O-])[O-])C([S-])=C(S)C1N2.[Mo+2].[O].[O]		C18237	cpd19503
cpd21288_c0	Mast cell degranulating peptide [c0]	C19H22MoN8O15P2S2	-2	KGCKMLSJAXDKBP-RRNIHQQDSA-J	N=c1ccn(C2OC(COP(=O)([O-])OP(=O)([O-])OCC3OC4Nc5[nH]c(=N)nc([O-])c5NC4C(S)=C3S)C(O)C2O)c([O-])n1.[Mo+2].[O].[O]		C20049	cpd21288
cpd36635_c0	Malonyl-acp-methyl-ester [c0]	C18H30N3O11PR2S	0					cpd36635
cpd22028_c0	3-Ketopimeloyl-ACP-methyl-esters [c0]	C22H36N3O12PR2S	0					cpd22028
cpd22065_c0	3-hydroxypimeloyl-ACP-methyl-esters [c0]	C22H38N3O12PR2S	0					cpd22065
cpd21480_c0	2-(2-Carboxy-4-methylthiazol-5-yl)ethyl phosphate [c0]	C7H7NO6PS	-3	XWECMAHAKFWYNV-UHFFFAOYSA-K	Cc1nc(C(=O)[O-])sc1CCOP(=O)([O-])[O-]	-302.49	C20247	cpd21480
cpd27090_c0	Formyl-methanofurans [c0]	C25H30N4O9R	-1	RGBIJPWAWLXPOC-XUJYPJAKSA-I	O=C([O-])CCC(C(=O)O)C(CCC([O-])=NC(CCC([O-])=NC(CCC([O-])=NCCc1ccc(OCc2coc(CN=C[O-])c2)cc1)C(=O)O)C(=O)O)C(=O)O	-494.35		cpd27090
cpd27506_c0	Methanofurans [c0]	C24H31N4O8R	0	CKRUWFDORAQSRC-QYOOZWMWSA-J	NCc1cc(COc2ccc(CCN=C([O-])CCC(N=C([O-])CCC(N=C([O-])CCC(C(=O)O)C(CCC(=O)[O-])C(=O)O)C(=O)O)C(=O)O)cc2)co1	-466.4		cpd27506
cpd19047_c0	(S)-2-Acetolactate [c0]	C5H7O4	-1	NMDWGEGFJUBKLB-YFKPBYRVSA-M	CC(=O)C(C)(O)C(=O)[O-]	-153.18		cpd19047
cpd00635_c0	Cbl [c0]	C62H91CoN13O14P	2	QDYKIIMTNDYRAM-DSRCUDDDSA-L	CC1=C2N=C(C=C3N=C(C(C)=C4NC(C)(C5N=C1C(C)(CCC(O)=NCC(C)OP(=O)(O)OC1C(CO)OC([n+]6c[nH]c7cc(C)c(C)cc76)C1O)C5CC(=N)O)C(C)(CC(=N)O)C4CCC(=N)[O-])C(C)(CC(=N)O)C3CCC(=N)[O-])C(C)(C)C2CCC(=N)[O-].[Co+4]		C00853	cpd00635
cpd19019_c0	L-Cystathionine [c0]	C7H14N2O4S	0	ILRYLPWNYFXEMH-WHFBIAKZSA-N	NC(CCSCC(N)C(=O)O)C(=O)O	-154.91		cpd19019
cpd11209_c0	N-Acetyl-L-citrulline [c0]	C8H14N3O4	-1	WMQMIOYQXNRROC-LURJTMIESA-M	CC([O-])=NC(CCCNC(=N)O)C(=O)O	-153.47	C15532	cpd11209
cpd25679_c0	(2R,3S)-beta-methylmalyl-CoA [c0]	C26H37N7O20P3S	-5	OTENCPQKSBPYCM-GQCNFOOOSA-I	CC(C(=O)SCCN=C([O-])CCN=C([O-])C(O)C(C)(C)COP(=O)(O)OP(=O)(O)OCC1OC(n2cnc3c(N)ncnc32)C(O)C1OP(=O)([O-])[O-])C(O)C(=O)[O-]	-900.27		cpd25679
cpd25960_c0	MePn [c0]	CH4O3P	-1	YACKEPLHDIMKIO-UHFFFAOYSA-M	CP(=O)([O-])O	-208.65		cpd25960
cpd26518_c0	RPnTP [c0]	C6H12O16P4	-4	UXNHAIRVTPGNPL-KVTDHHQDSA-J	CP(=O)([O-])OC1OC(COP(=O)([O-])OP(=O)(O)OP(=O)([O-])[O-])C(O)C1O	-980.27		cpd26518
cpd19001_c0	alpha-D-Glucose [c0]	C6H12O6	0	WQZGKKKJIJFFOK-DVKNGEFBSA-N	OCC1OC(O)C(O)C(O)C1O	-218.28		cpd19001
cpd19006_c0	alpha-D-Glucose 6-phosphate [c0]	C6H11O9P	-2	NBSCHQHZLSJFNQ-DVKNGEFBSA-L	O=P([O-])([O-])OCC1OC(O)C(O)C(O)C1O	-430.78		cpd19006
cpd11313_c0	hemeO [c0]	C49H56FeN4O5	-2	FISPASSVCDRERW-KVGORYHISA-J	C=Cc1c(C)c2cc3[n-]c(cc4[n-]c(cc5nc(cc1n2)c(C)c5CCC(=O)[O-])c(CCC(=O)[O-])c4C)c(C)c3C(O)CCC=C(C)CCC=C(C)CCC=C(C)C.[Fe+2]		C15672	cpd11313
cpd11312_c0	hemeA [c0]	C49H54FeN4O6	-2	ZGGYGTCPXNDTRV-ONCSLILDSA-J	C=CC1=C(C)C2=CC3=NC(=CC4=NC(=C(CCC(=O)[O-])C4=C[O-])C=c4[n-]c(c(C)c4CCC(=O)[O-])=CC1=N2)C(C)=C3C(O)CCC=C(C)CCC=C(C)CCC=C(C)C.[Fe+2]		C15670	cpd11312
cpd00209_c0	Nitrate [c0]	NO3	-1	NHNBFGGVMKEFGY-UHFFFAOYSA-N	O=[N+]([O-])[O-]	-26.61	C00244	cpd00209
cpd18076_c0	Cytochrome-bd-red [c0]	C42H42FeN8O8R4S2	-2					cpd18076
cpd18075_c0	Cytochrome-bd-ox [c0]	C42H42FeN8O8R4S2	0					cpd18075
cpd18082_c0	Cytochrome-cbb-red [c0]	C42H42FeN8O8R4S2	-2					cpd18082
cpd18081_c0	Cytochrome-cbb-ox [c0]	C42H42FeN8O8R4S2	0					cpd18081
cpd02233_e0	Ciliatine [e0]	C2H8NO3P	0	QQVDJLLNRSOCEL-UHFFFAOYSA-N	NCCP(=O)(O)O	-208.01	C03557	cpd02233
cpd02233_c0	Ciliatine [c0]	C2H8NO3P	0	QQVDJLLNRSOCEL-UHFFFAOYSA-N	NCCP(=O)(O)O	-208.01	C03557	cpd02233
cpd00166_e0	Calomide [e0]	C72H102CoN18O17P	2	IHEDCYSDKCCEPU-YGHJOQEPSA-L	CC1=C2N=C(C=C3N=C(C(C)=C4NC(C)(C5N=C1C(C)(CCC(O)=NCC(C)OP(=O)(O)OC1C(CO)OC([n+]6c[nH]c7cc(C)c(C)cc76)C1O)C5CC(=N)O)C(C)(CC(=N)O)C4CCC(=N)[O-])C(C)(CC(=N)O)C3CCC(=N)[O-])C(C)(C)C2CCC(=N)[O-].[CH2]C1OC(n2cnc3c(N)ncnc32)C(O)C1O.[Co+5]		C00194	cpd00166
cpd00731_e0	Ala-Ala [e0]	C6H12N2O3	0	DEFJQIDDEAULHB-QWWZWVQMSA-N	CC(N)C(O)=NC(C)C(=O)O	-118.69	C00993	cpd00731
cpd00635_e0	Cbl [e0]	C62H91CoN13O14P	2	QDYKIIMTNDYRAM-DSRCUDDDSA-L	CC1=C2N=C(C=C3N=C(C(C)=C4NC(C)(C5N=C1C(C)(CCC(O)=NCC(C)OP(=O)(O)OC1C(CO)OC([n+]6c[nH]c7cc(C)c(C)cc76)C1O)C5CC(=N)O)C(C)(CC(=N)O)C4CCC(=N)[O-])C(C)(CC(=N)O)C3CCC(=N)[O-])C(C)(C)C2CCC(=N)[O-].[Co+4]		C00853	cpd00635
cpd28260_c0	Thiocarboxylated-MPT-synthases [c0]	C4H7N2O2RS	0					cpd28260
cpd03520_c0	Molybdopterin [c0]	C10H11N5O6PS2	-3	HPEUEJRPDGMIMY-IFQPEPLCSA-K	N=c1nc([O-])c2c([nH]1)NC1OC(COP(=O)([O-])[O-])C(S)=C(S)C1N2	-219.684	C05924	cpd03520
cpd27484_c0	MPT-Synthases [c0]	R	0					cpd27484
cpd26672_c0	Carboxyadenylated-MPT-synthases [c0]	C14H19N7O9PR	0					cpd26672
cpd27021_c0	Enoylpimeloyl-ACP-methyl-esters [c0]	C22H36N3O11PR2S	0					cpd27021
cpd21488_c0	(2S,4S)-4-Hydroxy-2,3,4,5-tetrahydrodipicolinate [c0]	C7H7NO5	-2	DVTPRYHENFBCII-IMJSIDKUSA-L	O=C([O-])C1=NC(C(=O)[O-])CC(O)C1	-178.81	C20258	cpd21488
cpd21118_c0	D-glycero-alpha-D-manno-Heptose 7-phosphate [c0]	C7H13O10P	-2	SDADNVAZGVDAIM-QQABCQGCSA-L	O=P([O-])([O-])OCC(O)C1OC(O)C(O)C(O)C1O	-467.2	C19878	cpd21118
cpd21090_c0	Adenylated molybdopterin [c0]	C20H23N10O12P2S2	-3	XJXFAXLUOKQPAQ-YPRLVJTJSA-K	N=c1nc([O-])c2c([nH]1)NC1OC(COP(=O)([O-])OP(=O)([O-])OCC3OC(n4cnc5c(N)ncnc54)C(O)C3O)C(S)=C(S)C1N2	-411.534	C19848	cpd21090
cpd15807_c0	2,5-diamino-6-ribitylamino-4(3H)-pyrimidinone 5'-phosphate [c0]	C9H16N5O8P	-2	ACIVVGBVOVHFPQ-IWGUZYHVSA-L	N=c1nc([O-])c(N)c(NCC(O)C(O)C(O)COP(=O)([O-])O)[nH]1	-345.94	C18910	cpd15807
cpd21087_c0	Pimelyl-[acyl-carrier protein] [c0]	C7H11O3RS	0				C19845	cpd21087
cpd27020_c0	Enoylglutaryl-ACP-methyl-esters [c0]	C20H32N3O11PR2S	0					cpd27020
cpd01270_c0	FMNH2 [c0]	C17H21N4O9P	-2	YTNIXZGTHTVJBW-SCRDCRAPSA-L	Cc1cc2c(cc1C)N(CC(O)C(O)C(O)COP(=O)(O)O)c1nc([O-])nc([O-])c1N2	-346.33	C01847	cpd01270
cpd17040_c0	DMAP [c0]	C5H9O4P	-2	MQCJHQBRIPSIKA-UHFFFAOYSA-L	CC(C)=CCOP(=O)([O-])[O-]	-231.18		cpd17040
cpd32452_c0	3,3,4,5-tetramethyl-7-[(2S,3S,4R)-2,3,4-trihydroxy-5-(phosphonatooxy)pentyl]-2,3-dihydro-1H,7H-naphtho[1,8-fg]pteridine-9,11(8H,10H)-dione [c0]	C22H29N4O9P	-2					cpd32452
cpd01046_c0	Allysine [c0]	C6H11NO3	0	GFXYTQPNNXGICT-YFKPBYRVSA-N	NC(CCCC=O)C(=O)O	-109.81		cpd01046
cpd24376_c0	5-formyl-H4SPT [c0]	C36H48N7O20P	-4	ZACHBVVMSPINJQ-YULGSYJESA-J	CC(Nc1ccc(CC(O)C(O)C(O)COC2OC(COP(=O)(O)OC(CCC(=O)[O-])C([O-])=NC(CCC(=O)[O-])C(=O)O)C(O)C2O)cc1)C1C(C)Nc2[nH]c(=N)nc([O-])c2N1C=O	-680		cpd24376
cpd15884_c0	tetrahydrosarcinapterin [c0]	C35H48N7O19P	-4	DOMRFGVDYQUXCH-HXBMNFMZSA-J	CC(Nc1ccc(CC(O)C(O)C(O)COC2OC(COP(=O)(O)OC(CCC(=O)[O-])C([O-])=NC(CCC(=O)[O-])C(=O)O)C(O)C2O)cc1)C1Nc2c([O-])nc(=N)[nH]c2NC1C	-651.22	C18802	cpd15884
cpd01029_c0	Base Q [c0]	C12H16N5O3	1	LAIOPTKSQBPSHG-ACLDMZEESA-O	[NH2+]=C1N=C(O)C2=C(CNC3C=CC(O)C3O)C=NC2=N1	-6.41	C01449	cpd01029
cpd14718_c0	7-Cyano-7-deazaguanine [c0]	C7H5N5O	0	FMKSMYDYKXQYRV-UHFFFAOYSA-N	N#Cc1c[nH]c2[nH]c(=N)nc(O)c12	45.43	C15996	cpd14718
cpd03447_c0	2-Octaprenyl-6-methoxy-1,4-benzoquinone [c0]	C47H70O3	0	AFTBILPWMUSGIN-MYCGWMCTSA-N	COC1=CC(=O)C=C(CC=C(C)CCC=C(C)CCC=C(C)CCC=C(C)CCC=C(C)CCC=C(C)CCC=C(C)CCC=C(C)C)C1=O	166.52	C05813	cpd03447
cpd00945_c0	2-Dehydro-3-deoxy-D-galactonate 6-phosphate [c0]	C6H8O9P	-3	OVPRPPOVAXRCED-NQXXGFSBSA-K	O=C([O-])C(=O)CC(O)C(O)COP(=O)([O-])[O-]	-432.64	C01286	cpd00945
cpd00099_e0	Cl- [e0]	Cl	-1	VEXZGXHMUGYJMC-UHFFFAOYSA-M	[Cl-]		C00698	cpd00099
cpd00099_c0	Cl- [c0]	Cl	-1	VEXZGXHMUGYJMC-UHFFFAOYSA-M	[Cl-]		C00698	cpd00099
cpd03589_c0	Mesaconyl-CoA [c0]	C26H36N7O19P3S	-4	LVBVWNJPMXCQJE-CBBDEUQJSA-I	CC(=CC(=O)[O-])C(=O)SCCN=C([O-])CCN=C([O-])C(O)C(C)(C)COP(=O)(O)OP(=O)(O)OCC1OC(n2cnc3c(N)ncnc32)C(O)C1OP(=O)([O-])[O-]	-843.53	C06028	cpd03589
cpd00074_c0	S [c0]	S	0	NINIDFKCEFEMDL-UHFFFAOYSA-N	[S]	-6.66	C00087	cpd00074
cpd27735_c0	Ox-Thioredoxin [c0]	C10H13N4O4R4S2	1					cpd27735
cpd28060_c0	Red-Thioredoxin [c0]	C10H13N4O4R4S2	-1					cpd28060
cpd27758_c0	Oxidized-flavodoxins [c0]	R	0					cpd27758
cpd28083_c0	Reduced-flavodoxins [c0]	R	0					cpd28083
cpd00489_c0	4-Hydroxyphenylacetate [c0]	C8H7O3	-1	XQXPVVBIMDBYFF-UHFFFAOYSA-M	O=C(O)Cc1ccc([O-])cc1	-89.36	C00642	cpd00489
cpd00854_c0	Homoprotocatechuate [c0]	C8H7O4	-1	CFFZDZCDUFSOFZ-UHFFFAOYSA-M	O=C(O)Cc1ccc([O-])c(O)c1	-128.84	C01161	cpd00854
cpd18042_c0	CDP-2,3-bis-O-(geranylgeranyl)-sn-glycerol [c0]	C52H83N3O13P2	-2	DCAZOLWWPLSROK-DXHGDTBASA-L	CC(C)=CCCC(C)=CCCC(C)=CCCC(C)=CCOCC(COP(=O)([O-])OP(=O)(O)OCC1OC(n2ccc(=N)nc2[O-])C(O)C1O)OCC=C(C)CCC=C(C)CCC=C(C)CCC=C(C)C	-357.28	C18059	cpd18042
cpd22795_c0	archaetidylserine [c0]	C46H77NO8P	-1	UPNGZNGTSDAVMT-JAQDALRISA-M	CC(C)=CCCC(C)=CCCC(C)=CCCC(C)=CCOCC(COP(=O)(O)OCC(N)C(=O)[O-])OCC=C(C)CCC=C(C)CCC=C(C)CCC=C(C)C	-140.55		cpd22795
cpd00149_e0	Co2+ [e0]	Co	2	XLJKHNWPARRRJB-UHFFFAOYSA-N	[Co+2]		C00175	cpd00149
cpd00531_c0	Hg2+ [c0]	Hg	2	BQPIGGFYSBELGY-UHFFFAOYSA-N	[Hg+2]		C00703	cpd00531
cpd00531_e0	Hg2+ [e0]	Hg	2	BQPIGGFYSBELGY-UHFFFAOYSA-N	[Hg+2]		C00703	cpd00531
cpd35556_c0	[L-4-(L-arginin-2-N-yl)aspartate]3 [c0]	C30H53N15O13	0					cpd35556
cpd32550_c0	cyanophycin primer-L-aspartate [c0]	C34H57N16O16	-1					cpd32550
cpd26760_c0	Cyanophycin [c0]	C40H69N20O16R2	1					cpd26760
cpd26761_c0	Cyanophycin-aspartate [c0]	C44H73N21O20R	-1					cpd26761
cpd26519_c0	PRPn [c0]	C6H11O10P2	-3	RITBIFGLPRFTSB-KVTDHHQDSA-K	CP(=O)([O-])OC1OC(COP(=O)([O-])[O-])C(O)C1O	-564.27		cpd26519
cpd01024_c0	Methane [c0]	CH4	0	VNWKTOKETHGBQD-UHFFFAOYSA-N	C	-8.2051	C01438	cpd01024
cpd26508_c0	5-phospho-alpha-D-ribosyl 1,2-cyclic phosphate [c0]	C5H7O10P2	-3	OXGUIUWFXGIWNM-TXICZTDVSA-K	O=P([O-])([O-])OCC1OC2OP(=O)([O-])OC2C1O	-542.2		cpd26508
cpd24817_c0	2-furaldehyde phosphate [c0]	C6H5O6P	-2	XUMMAWMKFFMZAH-UHFFFAOYSA-L	O=Cc1cc(COP(=O)([O-])[O-])co1	-282.56		cpd24817
cpd00374_c0	Tyramine [c0]	C8H12NO	1	DZGWFCGJZKJUFP-UHFFFAOYSA-O	[NH3+]CCc1ccc(O)cc1	-10.89	C00483	cpd00374
cpd31852_c0	gamma-glutamyltyramine [c0]	C13H18N2O4	0					cpd31852
cpd24818_c0	2-methylamine-furan phosphate [c0]	C6H9NO5P	-1	UAFNGMRXHNAKEN-UHFFFAOYSA-M	NCc1cc(COP(=O)([O-])O)co1	-255.24		cpd24818
cpd32612_c0	5-(aminomethyl)-3-furanmethanol diphosphate [c0]	C6H10NO8P2	-1					cpd32612
cpd24820_c0	4-[N-gamma-L-glutamyl-)-p-(beta-aminoethyl)phenoxy-methyl]-2-(aminomethyl)furan [c0]	C19H26N3O5	1	NYIWEBCNBZGUSO-KRWDZBQOSA-O	NC(CCC(O)=NCCc1ccc(OCc2coc(C[NH3+])c2)cc1)C(=O)O	-100.81		cpd24820
cpd27144_c0	Gcv-H [c0]	C6H14N2OR2	2					cpd27144
cpd27713_c0	Octanoylated-Gcv-H [c0]	C14H27N2O2R2	1					cpd27713
cpd03453_c0	Enterobactin [c0]	C30H27N3O15	0	SERBHKJMVBATSJ-BZSNNMDCSA-N	O=C1OCC(N=C(O)c2cccc(O)c2O)C(=O)OCC(N=C(O)c2cccc(O)c2O)C(=O)OCC1N=C(O)c1cccc(O)c1O		C05821	cpd03453
cpd03453_e0	Enterobactin [e0]	C30H27N3O15	0	SERBHKJMVBATSJ-BZSNNMDCSA-N	O=C1OCC(N=C(O)c2cccc(O)c2O)C(=O)OCC(N=C(O)c2cccc(O)c2O)C(=O)OCC1N=C(O)c1cccc(O)c1O		C05821	cpd03453
cpd19030_c0	(R)-2,3-Dihydroxy-3-methylbutanoate [c0]	C5H9O4	-1	JTEYKUFKXGDTEU-VKHMYHEASA-M	CC(C)(O)C(O)C(=O)[O-]	-161.2		cpd19030
cpd21481_c0	7-Carboxy-7-carbaguanine [c0]	C7H5N4O3	-1	XIUIRSLBMMTDSK-UHFFFAOYSA-M	N=c1nc([O-])c2c(C(=O)O)c[nH]c2[nH]1	-48.72	C20248	cpd21481
cpd21472_c0	6-Carboxy-5,6,7,8-tetrahydropterin [c0]	C7H8N5O3	-1	QSIYONWVWDSRRO-UHFFFAOYSA-M	N=c1nc([O-])c2c([nH]1)NCC(C(=O)O)N2	-51.18	C20239	cpd21472
cpd22290_c0	Acceptor [c0]	R	0					cpd22290
cpd03523_c0	7,8-Dihydromethanopterin [c0]	C30H40N6O16P	-3	WTMBWYHMZCVPRJ-WJBIZLLUSA-L	CC(Nc1ccc(CC(O)C(O)C(O)COC2OC(COP(=O)(O)OC(CCC(=O)[O-])C(=O)O)C(O)C2O)cc1)C1=Nc2c([O-])nc(=N)[nH]c2NC1C	-524.89	C05927	cpd03523
cpd26978_c0	Donor-H2 [c0]	H2R	0					cpd26978
cpd00029_e0	Acetate [e0]	C2H3O2	-1	QTBSBXVTEAMEQO-UHFFFAOYSA-M	CC(=O)[O-]	-88.29	C00033	cpd00029
cpd21088_c0	Pimelyl-[acyl-carrier protein] methyl ester [c0]	C8H13O3RS	0				C19846	cpd21088
cpd33930_c0	dialurate [c0]	C4H3N2O4	-1					cpd33930
cpd27180_c0	Glutaryl-ACP-methyl-esters [c0]	C20H34N3O11PR2S	0					cpd27180
cpd00204_c0	CO [c0]	CHO	1	UGFAIRIUMAVXCW-UHFFFAOYSA-N	[C-]#[O+]	-28.6568	C00237	cpd00204
cpd19168_c0	C15602 [c0]	R	0					cpd19168
cpd20940_c0	Polysulfide [c0]	H2S3	0	KBMBVTRWEAAZEY-UHFFFAOYSA-N	SSS		C19692	cpd20940
cpd30750_c0	p-Hydroquinone [c0]	R	0					cpd30750
cpd26984_c0	DsrC-disulfide-form [c0]	C6H9N2O2R3S2	1					cpd26984
cpd37010_c0	DsrC-L-Cysteine [c0]	C6H11N2O2R3S2	1					cpd37010
cpd28205_c0	Sulfur-Carrier-Proteins-ThiI [c0]	C3H5NOR2S	0					cpd28205
cpd14548_c0	C15812 [c0]	C4H6N2O2S2R2	0				C15812	cpd14548
cpd00020_e0	Pyruvate [e0]	C3H3O3	-1	LCTONWCANYUPML-UHFFFAOYSA-M	CC(=O)C(=O)[O-]	-112.69	C00022	cpd00020
cpd01414_e0	Tetrathionate [e0]	O6S4	-2	HPQYKCJIWQFJMS-UHFFFAOYSA-L	O=S(=O)([O-])SSS(=O)(=O)[O-]	-241.815	C02084	cpd01414
cpd01414_c0	Tetrathionate [c0]	O6S4	-2	HPQYKCJIWQFJMS-UHFFFAOYSA-L	O=S(=O)([O-])SSS(=O)(=O)[O-]	-241.815	C02084	cpd01414
cpd01567_c0	(R)-Allantoin [c0]	C4H5N4O3	-1	POJWUDADGALRAB-PVQJCKRUSA-N	N=C(O)NC1N=C(O)N=C1O	-116.06	C02348	cpd01567
cpd00528_e0	N2 [e0]	N2	0	IJGRMHOSHXDMSA-UHFFFAOYSA-N	N#N	4.4694	C00697	cpd00528
cpd01550_c0	Phosphocreatine [c0]	C4H8N3O5P	-2	DRBBFCLWYRJSJZ-UHFFFAOYSA-L	CN(CC(=O)[O-])C(=N)NP(=O)([O-])O	-262.13	C02305	cpd01550
cpd02074_c0	2-Oxo-6-aminocaproate [c0]	C6H11NO3	0	GWENQMVPLJAMAE-UHFFFAOYSA-N	NCCCCC(=O)C(=O)O	-108.81	C03239	cpd02074
cpd00922_c0	delta1-Piperideine-2-carboxylate [c0]	C6H8NO2	-1	GEJXSVNGWOSZPC-UHFFFAOYSA-M	O=C([O-])C1=NCCCC1	-57.53	C04092	cpd00922
cpd02414_c0	L-2-Amino-6-oxopimelate [c0]	C7H10NO5	-1	UKCSFKLWNHUBDY-BYPYZUCNSA-M	NC(CCCC(=O)C(=O)O)C(=O)[O-]	-188.45	C03871	cpd02414
cpd01024_e0	Methane [e0]	CH4	0	VNWKTOKETHGBQD-UHFFFAOYSA-N	C	-8.2051	C01438	cpd01024
cpd00047_e0	Formate [e0]	CHO2	-1	BDAGIHXWWSANSR-UHFFFAOYSA-M	O=C[O-]	-83.9	C00058	cpd00047
cpd10516_e0	fe3 [e0]	Fe	3	VTLYFUHAOXGGBS-UHFFFAOYSA-N	[Fe+3]	-1.1	C14819	cpd10516
cpd02692_c0	2-Amino-3-carboxymuconate semialdehyde [c0]	C7H5NO5	-2	KACPVQQHDVBVFC-OIFXTYEKSA-L	NC(C(=O)[O-])=C(C=CC=O)C(=O)[O-]	-147.03	C04409	cpd02692
cpd09879_c0	S-(Hydroxymethyl)glutathione [c0]	C11H18N3O7S	-1	PIUSLWSYOYFRFR-BQBZGAKWSA-M	NC(CCC([O-])=NC(CSCO)C(O)=NCC(=O)O)C(=O)O	-251.32	C14180	cpd09879
cpd00007_e0	O2 [e0]	O2	0	MYMOFIZGZYHOMD-UHFFFAOYSA-N	O=O	3.9197	C00007	cpd00007
cpd01092_c0	Allantoin [c0]	C4H5N4O3	-1	POJWUDADGALRAB-UHFFFAOYSA-N	N=C(O)NC1N=C(O)N=C1O	-116.06	C01551	cpd01092
cpd02211_c0	L-2-Amino-acetoacetate [c0]	C4H7NO3	0	SAUCHDKDCUROAO-VKHMYHEASA-N	CC(=O)C(N)C(=O)O	-116.32	C03508	cpd02211
cpd00011_e0	CO2 [e0]	CO2	0	CURLTUGMZLYLDI-UHFFFAOYSA-N	O=C=O	-92.26	C00011	cpd00011
cpd00339_c0	5-Aminopentanoate [c0]	C5H11NO2	0	JJMDCOVWQOJGCB-UHFFFAOYSA-N	NCCCCC(=O)O	-82.87	C00431	cpd00339
cpd03726_e0	Fe-enterochlin [e0]	C30H27FeN3O15	0	NGILTSZTOFYVBF-UVJOBNTFSA-N	O=C1OCC(N=C(O)c2cccc(O)c2O)C(=O)OCC(N=C(O)c2cccc(O)c2O)C(=O)OCC1N=C(O)c1cccc(O)c1O.[Fe+3]		C06230	cpd03726
cpd00363_e0	Ethanol [e0]	C2H6O	0	LFQSCWFLJHTTHZ-UHFFFAOYSA-N	CCO	-43.44	C00469	cpd00363
cpd00071_e0	Acetaldehyde [e0]	C2H4O	0	IKHGUXGNUITLKF-UHFFFAOYSA-N	CC=O	-33.4	C00084	cpd00071
cpd11640_e0	H2 [e0]	H2	0	UFHFLCQGNIYNRP-UHFFFAOYSA-N	[HH]	4.2065	C00282	cpd11640
cpd00221_e0	D-Lactate [e0]	C3H5O3	-1	JVTAAEKCZFNVCJ-UWTATZPHSA-M	CC(O)C(=O)[O-]	-123.17	C00256	cpd00221
cpd01861_e0	(R)-1,2-Propanediol [e0]	C3H8O2	0	DNIAPMSPPWPWGF-GSVOUGTGSA-N	CC(O)CO	-79.95	C02912	cpd01861
cpd00239_e0	H2S [e0]	HS	-1	RWSOTUBLDIXVET-UHFFFAOYSA-M	[SH-]	-6.66	C00283	cpd00239
cpd00081_e0	Sulfite [e0]	HO3S	-1	LSNNMFCWUKXFEE-UHFFFAOYSA-M	O=S([O-])O	-126.15	C00094	cpd00081
cpd15793_c0	Stearoylcardiolipin (B. subtilis) [c0]	C81H156O17P2	-2			-696.66		cpd15793
cpd15540_c0	Phosphatidylglycerol dioctadecanoyl [c0]	C42H82O10P	-1			-406.42		cpd15540
cpd11416_c0	Biomass [c0]	null	0					cpd11416
cpd00054_e0	L-Serine [e0]	C3H7NO3	0	MTCFGRXMJLQNBG-REOHCLBHSA-N	NC(CO)C(=O)O	-124.15	C00065	cpd00054
cpd00215_e0	Pyridoxal [e0]	C8H9NO3	0	RADKZDMFGJYCBB-UHFFFAOYSA-N	Cc1ncc(CO)c(C=O)c1O	-59.5	C00250	cpd00215
cpd00033_e0	Glycine [e0]	C2H5NO2	0	DHMQDGOQFOQNFH-UHFFFAOYSA-N	NCC(=O)O	-87.73	C00037	cpd00033
cpd00393_e0	Folate [e0]	C19H17N7O6	-2	OVBPIULPVIDEAO-LBPRGKRZSA-L	N=c1nc([O-])c2nc(CNc3ccc(C(=O)NC(CCC(=O)[O-])C(=O)O)cc3)cnc2[nH]1	-107.8	C00504	cpd00393
cpd00182_e0	Adenosine [e0]	C10H13N5O4	0	OIRDTQYFTABQOQ-KQYNXXCUSA-N	Nc1ncnc2c1ncn2C1OC(CO)C(O)C1O	-45.35	C00212	cpd00182
cpd00129_e0	L-Proline [e0]	C5H9NO2	0	ONIBWKKTOPOVIA-BYPYZUCNSA-N	O=C(O)C1CCCN1	-62.54	C00148	cpd00129
cpd00084_e0	L-Cysteine [e0]	C3H7NO2S	0	XUJNEKJLAYXESH-REOHCLBHSA-N	NC(CS)C(=O)O	-83.394	C00097	cpd00084
cpd00161_e0	L-Threonine [e0]	C4H9NO3	0	AYFVYJQAPQTCCC-GBXIJSLDSA-N	CC(O)C(N)C(=O)O	-124.34	C00188	cpd00161
cpd00060_e0	L-Methionine [e0]	C5H11NO2S	0	FFEARJCKVFRZRR-BYPYZUCNSA-N	CSCCC(N)C(=O)O	-75.91	C00073	cpd00060
cpd00053_e0	L-Glutamine [e0]	C5H10N2O3	0	ZDXPYRJPNDTMRX-VKHMYHEASA-N	N=C(O)CCC(N)C(=O)O	-121.69	C00064	cpd00053
cpd02295_c0	1-4-Dihydroxy-2-naphthoate [c0]	C11H7O4	-1	VOJUXHHACRXLTD-UHFFFAOYSA-M	O=C(O)c1cc([O-])c2ccccc2c1O	-122.199	C03657	cpd02295
cpd02021_c0	Succinylbenzoyl-CoA [c0]	C32H39N7O20P3S	-5	KVAQAPQXOXTRAE-UHFFFAOYSA-I	CC(C)(COP(=O)(O)OP(=O)(O)OCC1OC(n2cnc3c(N)ncnc32)C(O)C1OP(=O)([O-])[O-])C(O)C([O-])=NCCC([O-])=NCCSC(=O)CCC(=O)c1ccccc1C(=O)[O-]	-859.92	C03160	cpd02021
cpd00484_c0	p-Hydroxybenzaldehyde [c0]	C7H6O2	0	RGHHSNMVTDWUBI-UHFFFAOYSA-N	O=Cc1ccc(O)cc1	-39.83	C00633	cpd00484
cpd03451_c0	SHCHC [c0]	C11H10O6	-2	QJYRAJSESKVEAE-PSASIEDQSA-L	O=C([O-])CCC(=O)C1=CC=CC(O)C1C(=O)[O-]	-192.47	C05817	cpd03451
cpd15378_c0	4-Hydroxy-benzylalcohol [c0]	C7H8O2	0	BVJSUAQZOZWCKN-UHFFFAOYSA-N	OCc1ccc(O)cc1	-47.76		cpd15378
cpd01772_c0	Succinylbenzoate [c0]	C11H8O5	-2	YIVWQNVQRXFZJB-UHFFFAOYSA-L	O=C([O-])CCC(=O)c1ccccc1C(=O)[O-]	-160.84	C02730	cpd01772
