id	direction	compartment	gpr	name	enzyme	deltag	reference	equation	definition	ms id	bigg id	kegg id	kegg pathways	metacyc pathways
rxn02201_c0	>	Cytosol	(Annotated_genome.CDS.1852 or Annotated_genome.CDS.1851)	2-amino-4-hydroxy-6-hydroxymethyl-7,8-dihydropteridine-diphosphate:4-aminobenzoate 2-amino-4-hydroxydihydropteridine-6-methenyltransferase [c0]		-32.19		(1)  cpd00443[c0] + (1)  cpd02920[c0] => (1)  cpd00012[c0] + (1)  cpd00067[c0] + (1)  cpd00683[c0]	(1)  ABEE [c0][c0] + (1)  2-Amino-4-hydroxy-6-hydroxymethyl-7-8-dihydropteridinediphosphate [c0][c0] => (1)  PPi [c0][c0] + (1)  H+ [c0][c0] + (1)  Dihydropteroate [c0][c0]	rxn02201	DHPS2	R03067	Folate biosynthesis	ALL-CHORISMATE-PWY|Biosynthesis|Cofactor-Biosynthesis|FOLSYN-PWY|Folate-Biosynthesis|Vitamin-Biosynthesis
rxn00351_c0	>	Cytosol	Annotated_genome.CDS.4583	gamma-L-glutamyl-L-cysteine:glycine ligase (ADP-forming) [c0]		-6.35		(1)  cpd00002[c0] + (1)  cpd00033[c0] + (1)  cpd00506[c0] => (1)  cpd00008[c0] + (1)  cpd00009[c0] + (1)  cpd00042[c0] + (1)  cpd00067[c0]	(1)  ATP [c0][c0] + (1)  Glycine [c0][c0] + (1)  gamma-Glutamylcysteine [c0][c0] => (1)  ADP [c0][c0] + (1)  Phosphate [c0][c0] + (1)  GSH [c0][c0] + (1)  H+ [c0][c0]	rxn00351	GSH2	R00497	Glutathione metabolism	Biosynthesis|Cofactor-Biosynthesis|GLUTATHIONESYN-PWY|Reductants
rxn07431_c0	=	Cytosol	Annotated_genome.CDS.3606	R07600 [c0]		-2.81		(1)  cpd00213[c0] + (1)  cpd14700[c0] <=> (1)  cpd00056[c0] + (1)  cpd02700[c0]	(1)  Lipoamide [c0][c0] + (1)  2-Methyl-1-hydroxypropyl-TPP [c0][c0] <=> (1)  TPP [c0][c0] + (1)  S-(2-Methylpropionyl) -dihydrolipoamide [c0][c0]	rxn07431		R07600	Valine, leucine and isoleucine degradation	
rxn00836_c0	<	Cytosol	Annotated_genome.CDS.797	IMP:diphosphate phospho-D-ribosyltransferase [c0]		12.54		(1)  cpd00012[c0] + (1)  cpd00067[c0] + (1)  cpd00114[c0] <= (1)  cpd00103[c0] + (1)  cpd00226[c0]	(1)  PPi [c0][c0] + (1)  H+ [c0][c0] + (1)  IMP [c0][c0] <= (1)  PRPP [c0][c0] + (1)  HYXN [c0][c0]	rxn00836	HPT1_1	R01132	Purine metabolism	Adenine-Adenosine-Salvage|Biosynthesis|Nucleotide-Biosynthesis|PUR-NUC-SYN|Purine-Nucleotides-Salvage
rxn00423_c0	>	Cytosol	(Annotated_genome.CDS.1370 or Annotated_genome.CDS.2229)	acetyl-CoA:L-serine O-acetyltransferase [c0]		-3.61		(1)  cpd00022[c0] + (1)  cpd00054[c0] => (1)  cpd00010[c0] + (1)  cpd00722[c0]	(1)  Acetyl-CoA [c0][c0] + (1)  L-Serine [c0][c0] => (1)  CoA [c0][c0] + (1)  O-Acetyl-L-serine [c0][c0]	rxn00423	SERAT	R00586	Cysteine and methionine metabolism|Sulfur metabolism	Amino-Acid-Biosynthesis|Biosynthesis|CYSTEINE-SYN|CYSTSYN-PWY|Detoxification|IND-AMINO-ACID-SYN|Other-Amino-Acid-Biosynthesis|Other-biosynthesis|SULFATE-CYS-PWY
rxn00364_c0	=	Cytosol	Annotated_genome.CDS.3941	ATP:CMP phosphotransferase [c0]		9.53		(1)  cpd00002[c0] + (1)  cpd00046[c0] + (1)  cpd00067[c0] <=> (1)  cpd00008[c0] + (1)  cpd00096[c0]	(1)  ATP [c0][c0] + (1)  CMP [c0][c0] + (1)  H+ [c0][c0] <=> (1)  ADP [c0][c0] + (1)  CDP [c0][c0]	rxn00364	CYTK1	R00512	Pyrimidine metabolism	Biosynthesis|Metabolic-Clusters|Nucleotide-Biosynthesis|P1-PWY|PRPP-PWY|PUR-NUC-SYN|PWY0-162|PWY0-163|PYR-NUC-SYN|Purine-Nucleotides-Salvage|Pyrimidine-De-Novo-Biosyn|Pyrimidine-Nucleotide-Salvage
rxn05561_c0	=	Cytosol	(Annotated_genome.CDS.4126 or Annotated_genome.CDS.4119 or Annotated_genome.CDS.3666 or Annotated_genome.CDS.1660)	Transport of dicarboxylates, extracellular [c0]		0		(1)  cpd00067[e0] + (1)  cpd00106[e0] <=> (1)  cpd00067[c0] + (1)  cpd00106[c0]	(1)  H+ [e0][e0] + (1)  Fumarate [e0][e0] <=> (1)  H+ [c0][c0] + (1)  Fumarate [c0][c0]	rxn05561	FUMt2r			
rxn03408_c0	=	Cytosol	Annotated_genome.CDS.714	UDP-N-acetyl-D-glucosamine:undecaprenyl-diphospho-N-acetylmuramoyl-L-alanyl-gamma-D-glutamyl-meso-2,6-diaminopimeloyl-D-alanyl-D-alanine 4-beta-N-acetylglucosaminlytransferase [c0]		-1.7		(1)  cpd00037[c0] + (1)  cpd03494[c0] <=> (1)  cpd00014[c0] + (1)  cpd03495[c0]	(1)  UDP-N-acetylglucosamine [c0][c0] + (1)  Undecaprenyl-diphospho-N-acetylmuramoyl-L-alanyl-D-glutamyl-meso-2-6-diaminopimeloyl-D-alanyl-D-alanine [c0][c0] <=> (1)  UDP [c0][c0] + (1)  Undecaprenyl-diphospho-N-acetylmuramoyl--N-acetylglucosamine-L-ala-D-glu-meso-2-6-diaminopimeloyl-D-ala-D-ala [c0][c0]	rxn03408		R05032	Peptidoglycan biosynthesis	
rxn02177_c0	>	Cytosol	Annotated_genome.CDS.104	Isochorismate pyruvate-hydrolase [c0]		-12.22		(1)  cpd00001[c0] + (1)  cpd00658[c0] => (1)  cpd00020[c0] + (1)  cpd02566[c0]	(1)  H2O [c0][c0] + (1)  Isochorismate [c0][c0] => (1)  Pyruvate [c0][c0] + (1)  2,3-Dihydroxy-2,3-dihydrobenzoate [c0][c0]	rxn02177		R03037	Biosynthesis of siderophore group nonribosomal peptides	ALL-CHORISMATE-PWY|AROMATIC-COMPOUNDS-BIOSYN|Biosynthesis|ENTBACSYN-PWY|Siderophores-Biosynthesis
rxn05250_c0	>	Cytosol	(Annotated_genome.CDS.1457 or Annotated_genome.CDS.4324 or Annotated_genome.CDS.2788 or Annotated_genome.CDS.4283 or Annotated_genome.CDS.3597 or Annotated_genome.CDS.4051 or Annotated_genome.CDS.3649 or Annotated_genome.CDS.3488 or Annotated_genome.CDS.4284 or Annotated_genome.CDS.962 or Annotated_genome.CDS.1662 or Annotated_genome.CDS.4316 or Annotated_genome.CDS.1459 or Annotated_genome.CDS.1598 or Annotated_genome.CDS.4258 or Annotated_genome.CDS.2390 or Annotated_genome.CDS.445 or Annotated_genome.CDS.2201 or Annotated_genome.CDS.1641)	FACOAL160(ISO) [c0]		-4.296		(1)  cpd00002[c0] + (1)  cpd00010[c0] + (1)  cpd11440[c0] => (1)  cpd00012[c0] + (1)  cpd00018[c0] + (1)  cpd11441[c0]	(1)  ATP [c0][c0] + (1)  CoA [c0][c0] + (1)  fa6 [c0][c0] => (1)  PPi [c0][c0] + (1)  AMP [c0][c0] + (1)  fa6coa [c0][c0]	rxn05250				
rxn00646_c0	>	Cytosol	Annotated_genome.CDS.3486	L-glutamate:L-cysteine gamma-ligase (ADP-forming) [c0]		-6.35		(1)  cpd00002[c0] + (1)  cpd00023[c0] + (1)  cpd00084[c0] => (1)  cpd00008[c0] + (1)  cpd00009[c0] + (1)  cpd00067[c0] + (1)  cpd00506[c0]	(1)  ATP [c0][c0] + (1)  L-Glutamate [c0][c0] + (1)  L-Cysteine [c0][c0] => (1)  ADP [c0][c0] + (1)  Phosphate [c0][c0] + (1)  H+ [c0][c0] + (1)  gamma-Glutamylcysteine [c0][c0]	rxn00646	GLUCYS	R00894	Glutathione metabolism	Biosynthesis|Cofactor-Biosynthesis|GLUTATHIONESYN-PWY|Other-biosynthesis|Reductants
rxn05440_c0	>	Cytosol	(Annotated_genome.CDS.500 or Annotated_genome.CDS.3522 or Annotated_genome.CDS.3653)	7-methyl-trans-oct-2-enoyl-ACP:NAD+ oxidoreductase (A-specific) [c0]		-16.55		(1)  cpd00004[c0] + (1)  cpd00067[c0] + (1)  cpd11527[c0] => (1)  cpd00003[c0] + (1)  cpd11528[c0]	(1)  NADH [c0][c0] + (1)  H+ [c0][c0] + (1)  7-methyl-trans-oct-2-enoyl-ACP [c0][c0] => (1)  NAD [c0][c0] + (1)  7-methyl-octanoyl-ACP [c0][c0]	rxn05440				
rxn01673_c0	=	Cytosol	Annotated_genome.CDS.282	ATP:dCDP phosphotransferase [c0]		0		(1)  cpd00002[c0] + (1)  cpd00533[c0] <=> (1)  cpd00008[c0] + (1)  cpd00356[c0]	(1)  ATP [c0][c0] + (1)  dCDP [c0][c0] <=> (1)  ADP [c0][c0] + (1)  dCTP [c0][c0]	rxn01673	NDPK7	R02326	Pyrimidine metabolism	Biosynthesis|Nucleotide-Biosynthesis|PWY0-166|PYR-NUC-SYN|Pyrimid-Deoxyribonucleot-De-Novo-Biosyn
rxn00247_c0	>	Cytosol	Annotated_genome.CDS.4519	ATP:oxaloacetate carboxy-lyase (transphosphorylating;phosphoenolpyruvate-forming) [c0]	4.1.1.49	-9.82		(1)  cpd00002[c0] + (1)  cpd00032[c0] => (1)  cpd00008[c0] + (1)  cpd00011[c0] + (1)  cpd00061[c0]	(1)  ATP [c0][c0] + (1)  Oxaloacetate [c0][c0] => (1)  ADP [c0][c0] + (1)  CO2 [c0][c0] + (1)  Phosphoenolpyruvate [c0][c0]	rxn00247	PCK1	R00341	Glycolysis / Gluconeogenesis|Citrate cycle (TCA cycle)|Pyruvate metabolism|Carbon fixation in photosynthetic organisms	Biosynthesis|CARBO-BIOSYNTHESIS|Carbohydrates-Biosynthesis|Energy-Metabolism|GLUCONEO-PWY|Gluconeogenesis
rxn02342_c0	>	Cytosol	(Annotated_genome.CDS.3102 and Annotated_genome.CDS.419 and Annotated_genome.CDS.3100)	R03270 [c0]		-2.81		(1)  cpd00213[c0] + (1)  cpd03049[c0] => (1)  cpd00056[c0] + (1)  cpd00836[c0]	(1)  Lipoamide [c0][c0] + (1)  2-Hydroxyethyl-ThPP [c0][c0] => (1)  TPP [c0][c0] + (1)  S-Acetyldihydrolipoamide [c0][c0]	rxn02342		R03270	Glycolysis / Gluconeogenesis|Citrate cycle (TCA cycle)|Pyruvate metabolism	
rxn01452_c0	<	Cytosol	((Annotated_genome.CDS.2197 or Annotated_genome.CDS.2196 or Annotated_genome.CDS.2802 or Annotated_genome.CDS.864) or Annotated_genome.CDS.2193)	(S)-3-Hydroxybutanoyl-CoA:NADP+ oxidoreductase [c0]		3.76		(1)  cpd00006[c0] + (1)  cpd00842[c0] <= (1)  cpd00005[c0] + (1)  cpd00067[c0] + (1)  cpd00279[c0]	(1)  NADP [c0][c0] + (1)  (S) -3-Hydroxybutyryl-CoA [c0][c0] <= (1)  NADPH [c0][c0] + (1)  H+ [c0][c0] + (1)  Acetoacetyl-CoA [c0][c0]	rxn01452		R01976	Benzoate degradation|Butanoate metabolism	
rxn00022_c0	>	Cytosol	Annotated_genome.CDS.1630	maltose glucohydrolase [c0]		-3.11		(1)  cpd00001[c0] + (1)  cpd00179[c0] => (2)  cpd00027[c0]	(1)  H2O [c0][c0] + (1)  Maltose [c0][c0] => (2)  D-Glucose [c0][c0]	rxn00022		R00028	Starch and sucrose metabolism	
rxn05667_c0	=	Cytosol	Annotated_genome.CDS.3614	TRANS-RXN4LZ-7041.ce [c0]		0		(1)  cpd00073[e0] <=> (1)  cpd00073[c0]	(1)  Urea [e0][e0] <=> (1)  Urea [c0][c0]	rxn05667	UREAt			
rxn02000_c0	=	Cytosol	Annotated_genome.CDS.2687	dTDP-4-dehydro-6-deoxy-D-glucose 3,5-epimerase [c0]		0		(1)  cpd00521[c0] <=> (1)  cpd00522[c0]	(1)  dTDP-4-oxo-6-deoxy-D-glucose [c0][c0] <=> (1)  dTDP-4-oxo-L-rhamnose [c0][c0]	rxn02000	TDPDRE	R06514	Streptomycin biosynthesis|Polyketide sugar unit biosynthesis	
rxn03239_c0	=	Cytosol	((Annotated_genome.CDS.3186 or Annotated_genome.CDS.1597 or Annotated_genome.CDS.2196 or Annotated_genome.CDS.1245 or Annotated_genome.CDS.403 or Annotated_genome.CDS.167 or Annotated_genome.CDS.2162 or Annotated_genome.CDS.2197) or Annotated_genome.CDS.3492)	(S)-3-Hydroxyhexadecanoyl-CoA:NAD+ oxidoreductase [c0]		3.76		(1)  cpd00003[c0] + (1)  cpd03113[c0] <=> (1)  cpd00004[c0] + (1)  cpd00067[c0] + (1)  cpd03114[c0]	(1)  NAD [c0][c0] + (1)  (S) -3-Hydroxyhexadecanoyl-CoA [c0][c0] <=> (1)  NADH [c0][c0] + (1)  H+ [c0][c0] + (1)  3-Oxopalmitoyl-CoA [c0][c0]	rxn03239	HACD7	R04737	Fatty acid elongation|Fatty acid degradation	
rxn05457_c0	=	Cytosol	Annotated_genome.CDS.1017	[Acyl-carrier-protein] acetyltransferase [c0]		0		(1)  cpd00010[c0] + (1)  cpd11466[c0] <=> (1)  cpd01695[c0] + (1)  cpd11493[c0]	(1)  CoA [c0][c0] + (1)  Myristoyl-ACP [c0][c0] <=> (1)  Myristoyl-CoA [c0][c0] + (1)  ACP [c0][c0]	rxn05457	FAS1_6_c			
rxn00107_c0	>	Cytosol	Annotated_genome.CDS.282	ATP:2'-deoxy-5-hydroxymethylcytidine-5'-diphosphate phosphotransferase [c0]		0		(1)  cpd00002[c0] + (1)  cpd07923[c0] => (1)  cpd00008[c0] + (1)  cpd07924[c0]	(1)  ATP [c0][c0] + (1)  2'-Deoxy-5-hydroxymethylcytidine-5'-diphosphate [c0][c0] => (1)  ADP [c0][c0] + (1)  2'-Deoxy-5-hydroxymethylcytidine-5'-triphosphate [c0][c0]	rxn00107		R00139	Pyrimidine metabolism	
rxn08934_c0	=	Cytosol	Annotated_genome.CDS.1630	Maltodextrin glucosidase (maltopentaose) [c0]		-3.11		(1)  cpd00001[c0] + (1)  cpd15495[c0] <=> (1)  cpd00027[c0] + (1)  cpd01399[c0]	(1)  H2O [c0][c0] + (1)  Maltopentaose [c0][c0] <=> (1)  D-Glucose [c0][c0] + (1)  Maltotetraose [c0][c0]	rxn08934	MLTG3			
rxn12008_c0	<	Cytosol	Annotated_genome.CDS.3534	R05611 [c0]		22.53		(1)  cpd00012[c0] + (1)  cpd00067[c0] + (1)  cpd02557[c0] <= (1)  cpd00113[c0] + (1)  cpd02590[c0]	(1)  PPi [c0][c0] + (1)  H+ [c0][c0] + (1)  Farnesylfarnesylgeraniol [c0][c0] <= (1)  Isopentenyldiphosphate [c0][c0] + (1)  all-trans-Heptaprenyl diphosphate [c0][c0]	rxn12008	HEPTT	R05611		
rxn04070_c0	>	Cytosol	Annotated_genome.CDS.3113	pyridoxine 5'-phosphate synthase [c0]	2.6.99.2	-22.13		(1)  cpd08289[c0] + (1)  cpd08449[c0] => (2)  cpd00001[c0] + (1)  cpd00009[c0] + (1)  cpd00067[c0] + (1)  cpd00478[c0]	(1)  1-deoxy-D-xylulose5-phosphate [c0][c0] + (1)  3-Amino-2-oxopropyl phosphate [c0][c0] => (2)  H2O [c0][c0] + (1)  Phosphate [c0][c0] + (1)  H+ [c0][c0] + (1)  Pyridoxine phosphate [c0][c0]	rxn04070	PDX5PS2	R05838	Vitamin B6 metabolism	Biosynthesis|Cofactor-Biosynthesis|PWY0-845|PYRIDOXSYN-PWY|Vitamin-B6-Biosynthesis|Vitamin-Biosynthesis
rxn00199_c0	>	Cytosol	Annotated_genome.CDS.3417	oxalosuccinate carboxy-lyase (2-oxoglutarate-forming) [c0]		-3.09		(1)  cpd00067[c0] + (1)  cpd03187[c0] => (1)  cpd00011[c0] + (1)  cpd00024[c0]	(1)  H+ [c0][c0] + (1)  Oxalosuccinate [c0][c0] => (1)  CO2 [c0][c0] + (1)  2-Oxoglutarate [c0][c0]	rxn00199	IDP2_2	R00268	Citrate cycle (TCA cycle)	
rxn03433_c0	>	Cytosol	Annotated_genome.CDS.3178	(S)-3-Hydroxyisobutyryl-CoA hydrolase [c0]		-5.76		(1)  cpd00001[c0] + (1)  cpd03572[c0] => (1)  cpd00010[c0] + (1)  cpd00067[c0] + (1)  cpd00876[c0]	(1)  H2O [c0][c0] + (1)  (S) -3-Hydroxyisobutyryl-CoA [c0][c0] => (1)  CoA [c0][c0] + (1)  H+ [c0][c0] + (1)  3-Hydroxyisobutyrate [c0][c0]	rxn03433	3HBCOAHL	R05064	Valine, leucine and isoleucine degradation	
rxn10231_c0	>	Cytosol	Annotated_genome.CDS.3576	isohexadecanoyl-CDPdiacylglycerol-serine O-phosphatidyltransferase [c0]		-15.04		(1)  cpd00054[c0] + (1)  cpd15688[c0] => (1)  cpd00046[c0] + (2)  cpd00067[c0] + (1)  cpd15694[c0]	(1)  L-Serine [c0][c0] + (1)  CDP-1,2-diisohexadecanoylglycerol [c0][c0] => (1)  CMP [c0][c0] + (2)  H+ [c0][c0] + (1)  Diisohexadecanoylphosphatidylserine [c0][c0]	rxn10231				
rxn12637_c0	=	Cytosol	(Annotated_genome.CDS.4159 or Annotated_genome.CDS.1275 or Annotated_genome.CDS.3788 or Annotated_genome.CDS.9)	RXN0-6987.c [c0]		-0.46		(1)  cpd00001[c0] + (1)  cpd11589[c0] <=> (1)  cpd00033[c0] + (1)  cpd00041[c0]	(1)  H2O [c0][c0] + (1)  gly-asp-L [c0][c0] <=> (1)  Glycine [c0][c0] + (1)  L-Aspartate [c0][c0]	rxn12637	AMPEP13			
rxn09240_c0	>	Cytosol	(Annotated_genome.CDS.3155 and Annotated_genome.CDS.3154)	Sulfate adenyltransferase [c0]		-3.78		(1)  cpd00001[c0] + (1)  cpd00002[c0] + (1)  cpd00038[c0] + (1)  cpd00048[c0] => (1)  cpd00009[c0] + (1)  cpd00012[c0] + (1)  cpd00031[c0] + (1)  cpd00067[c0] + (1)  cpd00193[c0]	(1)  H2O [c0][c0] + (1)  ATP [c0][c0] + (1)  GTP [c0][c0] + (1)  Sulfate [c0][c0] => (1)  Phosphate [c0][c0] + (1)  PPi [c0][c0] + (1)  GDP [c0][c0] + (1)  H+ [c0][c0] + (1)  APS [c0][c0]	rxn09240	SADT2			
rxn00172_c0	<	Cytosol	(Annotated_genome.CDS.3329 or Annotated_genome.CDS.3593)	Acetate:CoA ligase (ADP-forming) [c0]		0.48		(1)  cpd00002[c0] + (1)  cpd00010[c0] + (1)  cpd00029[c0] <= (1)  cpd00008[c0] + (1)  cpd00009[c0] + (1)  cpd00022[c0]	(1)  ATP [c0][c0] + (1)  CoA [c0][c0] + (1)  Acetate [c0][c0] <= (1)  ADP [c0][c0] + (1)  Phosphate [c0][c0] + (1)  Acetyl-CoA [c0][c0]	rxn00172		R00229	Glycolysis / Gluconeogenesis|Pyruvate metabolism	Acetate-Formation|CARBOXYLATES-DEG|Degradation|Energy-Metabolism|Fermentation|Pyruvate-Degradation
rxn01219_c0	=	Cytosol	Annotated_genome.CDS.3941	ATP:dCMP phosphotransferase [c0]		9.53		(1)  cpd00002[c0] + (1)  cpd00067[c0] + (1)  cpd00206[c0] <=> (1)  cpd00008[c0] + (1)  cpd00533[c0]	(1)  ATP [c0][c0] + (1)  H+ [c0][c0] + (1)  dCMP [c0][c0] <=> (1)  ADP [c0][c0] + (1)  dCDP [c0][c0]	rxn01219	CYTK2	R01665	Pyrimidine metabolism	
rxn02168_c0	=	Cytosol	Annotated_genome.CDS.1970	(3R)-3-Hydroxybutanoyl-CoA hydro-lyase [c0]		2.16		(1)  cpd02234[c0] <=> (1)  cpd00001[c0] + (1)  cpd00650[c0]	(1)  (R) -3-Hydroxybutanoyl-CoA [c0][c0] <=> (1)  H2O [c0][c0] + (1)  Crotonyl-CoA [c0][c0]	rxn02168		R03027	Glyoxylate and dicarboxylate metabolism|Butanoate metabolism	
rxn00800_c0	=	Cytosol	(Annotated_genome.CDS.2969 or Annotated_genome.CDS.2969)	N6-(1,2-dicarboxyethyl)AMP AMP-lyase (fumarate-forming) [c0]		7.34		(1)  cpd02375[c0] <=> (1)  cpd00018[c0] + (1)  cpd00106[c0]	(1)  Adenylosuccinate [c0][c0] <=> (1)  AMP [c0][c0] + (1)  Fumarate [c0][c0]	rxn00800	ADE13_2	R01083	Purine metabolism|Alanine, aspartate and glutamate metabolism	Biosynthesis|DENOVOPURINE2-PWY|Nucleotide-Biosynthesis|PRPP-PWY|PUR-NUC-SYN|Purine-Nucleotide-De-Novo-Biosynthesis
rxn09177_c0	>	Cytosol	Annotated_genome.CDS.4366	(R)-4'-Phosphopantothenate:L-cysteine ligase [c0]		-26.84		(1)  cpd00052[c0] + (1)  cpd00084[c0] + (1)  cpd02201[c0] => (1)  cpd00012[c0] + (1)  cpd00046[c0] + (2)  cpd00067[c0] + (1)  cpd02666[c0]	(1)  CTP [c0][c0] + (1)  L-Cysteine [c0][c0] + (1)  4-phosphopantothenate [c0][c0] => (1)  PPi [c0][c0] + (1)  CMP [c0][c0] + (2)  H+ [c0][c0] + (1)  (R) -4'-Phosphopantothenoyl-L-cysteine [c0][c0]	rxn09177	PPNCL2	R04231	Pantothenate and CoA biosynthesis	Biosynthesis|COA-PWY|CoA-Biosynthesis|Cofactor-Biosynthesis|PANTOSYN-PWY|Vitamin-Biosynthesis
rxn00211_c0	=	Cytosol	Annotated_genome.CDS.3345	UDP-glucose:NAD+ 6-oxidoreductase [c0]		-4.58		(1)  cpd00001[c0] + (2)  cpd00003[c0] + (1)  cpd00026[c0] <=> (2)  cpd00004[c0] + (3)  cpd00067[c0] + (1)  cpd00144[c0]	(1)  H2O [c0][c0] + (2)  NAD [c0][c0] + (1)  UDP-glucose [c0][c0] <=> (2)  NADH [c0][c0] + (3)  H+ [c0][c0] + (1)  UDPglucuronate [c0][c0]	rxn00211	UDPGD	R00286	Pentose and glucuronate interconversions|Ascorbate and aldarate metabolism|Starch and sucrose metabolism|Amino sugar and nucleotide sugar metabolism	Activation-Inactivation-Interconversion|Ascorbate-Biosynthesis|Biosynthesis|CARBO-BIOSYNTHESIS|COLANSYN-PWY|Carbohydrates-Biosynthesis|Carbohydrates-Degradation|Cell-Structure-Biosynthesis|Cofactor-Biosynthesis|Degradation|GALACTOSE-DEGRADATION|Interconversion|PWY3DJ-35471|SUGAR-NUCLEOTIDES|Sugars-And-Polysaccharides|Vitamin-Biosynthesis
rxn00179_c0	>	Cytosol	Annotated_genome.CDS.269	ATP:L-glutamate 5-phosphotransferase [c0]		-6.9		(1)  cpd00002[c0] + (1)  cpd00023[c0] => (1)  cpd00008[c0] + (1)  cpd02097[c0]	(1)  ATP [c0][c0] + (1)  L-Glutamate [c0][c0] => (1)  ADP [c0][c0] + (1)  L-Glutamyl 5-phosphate [c0][c0]	rxn00179	GLU5K	R00239	Arginine and proline metabolism	Amino-Acid-Biosynthesis|Biosynthesis|CITRULBIO-PWY|Citrulline-Biosynthesis|IND-AMINO-ACID-SYN|Other-Amino-Acid-Biosynthesis|PROLINE-SYN|PROSYN-PWY
rxn02945_c0	>	Cytosol	(Annotated_genome.CDS.2949 or Annotated_genome.CDS.3539)	prephytoene diphosphate:geranylgeranyl-diphosphate geranylgeranyltransferase [c0]		-13.19		(1)  cpd02168[c0] => (1)  cpd00012[c0] + (1)  cpd00067[c0] + (1)  cpd03211[c0]	(1)  Prephytoene diphosphate [c0][c0] => (1)  PPi [c0][c0] + (1)  H+ [c0][c0] + (1)  15-cis-Phytoene [c0][c0]	rxn02945		R04218	Carotenoid biosynthesis	Biosynthesis|CAROTENOID-PWY|CAROTENOID-SYN|Lycopene-Biosynthesis|SECONDARY-METABOLITE-BIOSYNTHESIS|TETRATERPENOID-SYN|Terpenoid-Biosynthesis
rxn01210_c0	>	Cytosol	(Annotated_genome.CDS.4604 and Annotated_genome.CDS.4604)	10-Formyltetrahydrofolate:L-glutamate ligase (ADP-forming) [c0]		-20.65		(1)  cpd00002[c0] + (1)  cpd00023[c0] + (1)  cpd00201[c0] => (1)  cpd00008[c0] + (1)  cpd00009[c0] + (1)  cpd00067[c0] + (1)  cpd03524[c0]	(1)  ATP [c0][c0] + (1)  L-Glutamate [c0][c0] + (1)  10-Formyltetrahydrofolate [c0][c0] => (1)  ADP [c0][c0] + (1)  Phosphate [c0][c0] + (1)  H+ [c0][c0] + (1)  10-Formyl-THF-L-glutamate [c0][c0]	rxn01210		R01654		
rxn00192_c0	>	Cytosol	(Annotated_genome.CDS.4135 or (Annotated_genome.CDS.880 or Annotated_genome.CDS.700 or Annotated_genome.CDS.3752 or Annotated_genome.CDS.201 or Annotated_genome.CDS.4010 or Annotated_genome.CDS.2031 or Annotated_genome.CDS.3411 or Annotated_genome.CDS.159 or Annotated_genome.CDS.4155))	acetyl-CoA:L-glutamate N-acetyltransferase [c0]		-5.29		(1)  cpd00022[c0] + (1)  cpd00023[c0] => (1)  cpd00010[c0] + (1)  cpd00067[c0] + (1)  cpd00477[c0]	(1)  Acetyl-CoA [c0][c0] + (1)  L-Glutamate [c0][c0] => (1)  CoA [c0][c0] + (1)  H+ [c0][c0] + (1)  N-Acetyl-L-glutamate [c0][c0]	rxn00192	ACGS	R00259	Arginine and proline metabolism	ARG+POLYAMINE-SYN|ARGININE-SYN|ARGSYN-PWY|ARGSYNBSUB-PWY|Amino-Acid-Biosynthesis|Biosynthesis|GLUTORN-PWY|IND-AMINO-ACID-SYN|Other-Amino-Acid-Biosynthesis|Polyamine-Biosynthesis
rxn01218_c0	>	Cytosol	(Annotated_genome.CDS.3133 or (Annotated_genome.CDS.1906 or Annotated_genome.CDS.1610))	2'-Deoxycytidine 5'-monophosphate phosphohydrolase [c0]		7.21		(1)  cpd00001[c0] + (1)  cpd00206[c0] => (1)  cpd00009[c0] + (1)  cpd00654[c0]	(1)  H2O [c0][c0] + (1)  dCMP [c0][c0] => (1)  Phosphate [c0][c0] + (1)  Deoxycytidine [c0][c0]	rxn01218	NTD3	R01664	Pyrimidine metabolism	
rxn00509_c0	>	Cytosol	(Annotated_genome.CDS.4045 or Annotated_genome.CDS.4046 or Annotated_genome.CDS.3958)	Succinate-semialdehyde:NADP+ oxidoreductase [c0]	1.2.1.79	-9.8		(1)  cpd00001[c0] + (1)  cpd00006[c0] + (1)  cpd00199[c0] => (1)  cpd00005[c0] + (1)  cpd00036[c0] + (2)  cpd00067[c0]	(1)  H2O [c0][c0] + (1)  NADP [c0][c0] + (1)  4-Oxobutanoate [c0][c0] => (1)  NADPH [c0][c0] + (1)  Succinate [c0][c0] + (2)  H+ [c0][c0]	rxn00509	SSALy	R00714	Alanine, aspartate and glutamate metabolism|Tyrosine metabolism|Butanoate metabolism	3-HYDROXYPHENYLACETATE-DEGRADATION-PWY|4-Aminobutyraye-Degradation|4AMINOBUTMETAB-PWY|AMINE-DEG|ARGDEG-PWY|ARGININE-DEG|AROMATIC-COMPOUNDS-DEGRADATION|Amino-Acid-Degradation|Degradation|Energy-Metabolism|GLUTAMATE-DEG|Nicotine-Degradation|ORNARGDEG-PWY|Other-Degradation|P105-PWY|P181-PWY|PWY3O-210|TCA-VARIANTS
rxn05654_c0	=	Cytosol	(Annotated_genome.CDS.4126 or Annotated_genome.CDS.4119 or Annotated_genome.CDS.3666 or Annotated_genome.CDS.1660)	Transport of succinate, extracellular [c0]		0		(1)  cpd00036[e0] + (1)  cpd00067[e0] <=> (1)  cpd00036[c0] + (1)  cpd00067[c0]	(1)  Succinate [e0][e0] + (1)  H+ [e0][e0] <=> (1)  Succinate [c0][c0] + (1)  H+ [c0][c0]	rxn05654	SUCCt2b			
rxn12549_c0	=	Cytosol	Annotated_genome.CDS.957	4-Hydroxybenzoate transport via proton symport [c0]		0		(1)  cpd00067[e0] + (1)  cpd00136[e0] <=> (1)  cpd00067[c0] + (1)  cpd00136[c0]	(1)  H+ [e0][e0] + (1)  4-Hydroxybenzoate [e0][e0] <=> (1)  H+ [c0][c0] + (1)  4-Hydroxybenzoate [c0][c0]	rxn12549				
rxn08807_c0	=	Cytosol	Annotated_genome.CDS.1138	Lysophospholipase L1 (2-acylglycerophosphoethanolamine, n-C16:1) (periplasm) [c0]		-264.53		(1)  cpd00001[c0] + (1)  cpd15317[c0] <=> (1)  cpd00067[c0] + (1)  cpd00908[c0] + (1)  cpd15237[c0]	(1)  H2O [c0][c0] + (1)  1-Acyl-sn-glycero-3-phosphoethanolamine hexadec-9-enoyl [c0][c0] <=> (1)  H+ [c0][c0] + (1)  Glycerophosphoethanolamine [c0][c0] + (1)  hexadecenoate [c0][c0]	rxn08807	LPLIPAL1E161pp			
rxn00501_c0	=	Cytosol	Annotated_genome.CDS.481	3-Oxopropanoate:NAD+ oxidoreductase (decarboxylating, CoA-acetylating) [c0]		-8.95		(1)  cpd00003[c0] + (1)  cpd00010[c0] + (1)  cpd00191[c0] <=> (1)  cpd00004[c0] + (1)  cpd00011[c0] + (1)  cpd00022[c0]	(1)  NAD [c0][c0] + (1)  CoA [c0][c0] + (1)  3-Oxopropanoate [c0][c0] <=> (1)  NADH [c0][c0] + (1)  CO2 [c0][c0] + (1)  Acetyl-CoA [c0][c0]	rxn00501	MMSAD3	R00705	beta-Alanine metabolism|Inositol phosphate metabolism|Propanoate metabolism	Amino-Acid-Degradation|BETA-ALA-DEGRADATION-I-PWY|Beta-Alanine-Degradation|CARBOXYLATES-DEG|Degradation|P562-PWY|SECONDARY-METABOLITE-DEGRADATION|SUGAR-ALCOHOLS-DEG|Sugar-Derivatives
rxn10344_c0	>	Cytosol	(Annotated_genome.CDS.2098 or Annotated_genome.CDS.172 or Annotated_genome.CDS.1348 or Annotated_genome.CDS.2083)	Lead (Pb+2) ABC transporter [c0]		-6.817		(1)  cpd00001[c0] + (1)  cpd00002[c0] + (1)  cpd04097[c0] => (1)  cpd00008[c0] + (1)  cpd00009[c0] + (1)  cpd00067[c0] + (1)  cpd04097[e0]	(1)  H2O [c0][c0] + (1)  ATP [c0][c0] + (1)  Pb [c0][c0] => (1)  ADP [c0][c0] + (1)  Phosphate [c0][c0] + (1)  H+ [c0][c0] + (1)  Pb [e0][e0]	rxn10344				
rxn02320_c0	=	Cytosol	Annotated_genome.CDS.1055	5-Amino-2-oxopentanoate:2-oxoglutarate aminotransferase [c0]		-2.46		(1)  cpd00024[c0] + (1)  cpd00807[c0] <=> (1)  cpd00023[c0] + (1)  cpd00930[c0]	(1)  2-Oxoglutarate [c0][c0] + (1)  L-histidinol-phosphate [c0][c0] <=> (1)  L-Glutamate [c0][c0] + (1)  imidazole acetol-phosphate [c0][c0]	rxn02320	HIS5	R03243	Histidine metabolism	Amino-Acid-Biosynthesis|Biosynthesis|HISTIDINE-SYN|HISTSYN-PWY|IND-AMINO-ACID-SYN|PRPP-PWY
rxn03384_c0	>	Cytosol	Annotated_genome.CDS.676	Uroporphyrinogen I carboxy-lyase [c0]		-19.6		(4)  cpd00067[c0] + (1)  cpd03414[c0] => (4)  cpd00011[c0] + (1)  cpd03416[c0]	(4)  H+ [c0][c0] + (1)  UroporphyrinogenI [c0][c0] => (4)  CO2 [c0][c0] + (1)  CoproporphyrinogenI [c0][c0]	rxn03384	UPPDC2	R04972	Porphyrin and chlorophyll metabolism	
rxn01405_c0	=	Cytosol	Annotated_genome.CDS.204	Spermidine:putrescine 4-aminobutyltransferase (propane-1,3-diamine-forming) [c0]	2.5.1.45	0		(1)  cpd00118[c0] + (1)  cpd00264[c0] <=> (1)  cpd00726[c0] + (1)  cpd03802[c0]	(1)  Putrescine [c0][c0] + (1)  Spermidine [c0][c0] <=> (1)  1,3-Propanediamine [c0][c0] + (1)  Homospermidine [c0][c0]	rxn01405		R01919		Biosynthesis|Polyamine-Biosynthesis
rxn02504_c0	=	Cytosol	Annotated_genome.CDS.3387	2-amino-4-hydroxy-6-(D-erythro-1,2,3-trihydroxypropyl)-7,8-dihydropteridine glycolaldehyde-lyase [c0]		14.75		(1)  cpd02961[c0] <=> (1)  cpd00229[c0] + (1)  cpd00954[c0]	(1)  Dihydroneopterin [c0][c0] <=> (1)  Glycolaldehyde [c0][c0] + (1)  6-hydroxymethyl dihydropterin [c0][c0]	rxn02504	DHNPA	R03504	Folate biosynthesis	6-HM-Dihydropterin-PP-Biosynthesis|ALL-CHORISMATE-PWY|Biosynthesis|Cofactor-Biosynthesis|FOLSYN-PWY|Folate-Biosynthesis|Vitamin-Biosynthesis
rxn00262_c0	>	Cytosol	Annotated_genome.CDS.74	L-Aspartic acid:oxygen oxidoreductase (deaminating) [c0]		-23.02		(1)  cpd00001[c0] + (1)  cpd00007[c0] + (1)  cpd00041[c0] => (1)  cpd00013[c0] + (1)  cpd00025[c0] + (1)  cpd00032[c0]	(1)  H2O [c0][c0] + (1)  O2 [c0][c0] + (1)  L-Aspartate [c0][c0] => (1)  NH3 [c0][c0] + (1)  H2O2 [c0][c0] + (1)  Oxaloacetate [c0][c0]	rxn00262	ASPO7	R00357	Alanine, aspartate and glutamate metabolism	
rxn03039_c0	=	Cytosol	Annotated_genome.CDS.1323	1-(5'-Phosphoribosyl)-5-amino-4-imidazolecarboxamide:pyrophosphate phosphoribosyltransferase [c0]		12.54		(1)  cpd00012[c0] + (1)  cpd00067[c0] + (1)  cpd02851[c0] <=> (1)  cpd00103[c0] + (1)  cpd02506[c0]	(1)  PPi [c0][c0] + (1)  H+ [c0][c0] + (1)  AICAR [c0][c0] <=> (1)  PRPP [c0][c0] + (1)  5-Amino-4-imidazolecarboxyamide [c0][c0]	rxn03039		R04378	Purine metabolism	
rxn10262_c0	=	Cytosol	Annotated_genome.CDS.4478	isopentadecanoyl-CDPdiacylglycerol:sn-glycerol-3-phosphate 3-phosphatidyltransferase [c0]		-4.5		(1)  cpd00080[c0] + (1)  cpd15686[c0] <=> (1)  cpd00046[c0] + (1)  cpd15719[c0]	(1)  Glycerol-3-phosphate [c0][c0] + (1)  CDP-1,2-diisopentadecanoylglycerol [c0][c0] <=> (1)  CMP [c0][c0] + (1)  Diisopentadecanoylphosphatidylglycerophosphate [c0][c0]	rxn10262				
rxn10126_c0	>	Cytosol	(Annotated_genome.CDS.1031 and Annotated_genome.CDS.1032)	succinate dehyrdogenase [c0]		-8.12		(1)  cpd00982[c0] + (1)  cpd15560[c0] => (1)  cpd00015[c0] + (1)  cpd00067[c0] + (1)  cpd15561[c0]	(1)  FADH2 [c0][c0] + (1)  Ubiquinone-8 [c0][c0] => (1)  FAD [c0][c0] + (1)  H+ [c0][c0] + (1)  Ubiquinol-8 [c0][c0]	rxn10126	SUCD4			
rxn08084_c0	>	Cytosol	(Annotated_genome.CDS.793 or Annotated_genome.CDS.669)	1-tetradecanoyl-sn-glycerol 3-phosphate O-acyltransferase (n-C14:0) [c0]				(1)  cpd00067[c0] + (1)  cpd11466[c0] + (1)  cpd15331[c0] => (1)  cpd11493[c0] + (1)  cpd15522[c0]	(1)  H+ [c0][c0] + (1)  Myristoyl-ACP [c0][c0] + (1)  1-tetradecanoyl-sn-glycerol 3-phosphate [c0][c0] => (1)  ACP [c0][c0] + (1)  1,2-ditetradecanoyl-sn-glycerol 3-phosphate [c0][c0]	rxn08084	AGPAT140			
rxn10225_c0	>	Cytosol	Annotated_genome.CDS.3233	isohexadecanoyl-phosphatidate cytidylyltransferase [c0]		1.07		(1)  cpd00052[c0] + (1)  cpd15682[c0] => (1)  cpd00012[c0] + (1)  cpd00067[c0] + (1)  cpd15688[c0]	(1)  CTP [c0][c0] + (1)  1,2-diisohexadecanoyl-sn-glycerol 3-phosphate [c0][c0] => (1)  PPi [c0][c0] + (1)  H+ [c0][c0] + (1)  CDP-1,2-diisohexadecanoylglycerol [c0][c0]	rxn10225				
rxn00898_c0	>	Cytosol	Annotated_genome.CDS.4381	2,3-Dihydroxy-3-methylbutanoate hydro-lyase [c0]		-6.75		(1)  cpd02498[c0] => (1)  cpd00001[c0] + (1)  cpd00123[c0]	(1)  2,3-Dihydroxy-isovalerate [c0][c0] => (1)  H2O [c0][c0] + (1)  3-Methyl-2-oxobutanoate [c0][c0]	rxn00898		R01209	Pantothenate and CoA biosynthesis	
rxn05444_c0	>	Cytosol	(Annotated_genome.CDS.500 or Annotated_genome.CDS.3522 or Annotated_genome.CDS.3653)	15-methyl-trans-hexa-dec-2-enoyl-ACP:NAD+ oxidoreductase (A-specific) [c0]		-16.55		(1)  cpd00004[c0] + (1)  cpd00067[c0] + (1)  cpd11543[c0] => (1)  cpd00003[c0] + (1)  cpd11544[c0]	(1)  NADH [c0][c0] + (1)  H+ [c0][c0] + (1)  15-methyl-trans-hexa-dec-2-enoyl-ACP [c0][c0] => (1)  NAD [c0][c0] + (1)  15-methyl-hexa-decanoyl-ACP [c0][c0]	rxn05444				
rxn05334_c0	=	Cytosol	(Annotated_genome.CDS.502 or (Annotated_genome.CDS.3228 or Annotated_genome.CDS.2000))	(3R)-3-Hydroxybutanoyl-[acyl-carrier-protein] hydro-lyase [c0]		2.16		(1)  cpd11483[c0] <=> (1)  cpd00001[c0] + (1)  cpd11471[c0]	(1)  (R) -3-Hydroxyoctanoyl-[acyl-carrier protein] [c0][c0] <=> (1)  H2O [c0][c0] + (1)  (2E) -Octenoyl-[acp] [c0][c0]	rxn05334	3HAD80	R04537	Fatty acid biosynthesis	
rxn05040_c0	>	Cytosol	Annotated_genome.CDS.3531	D-ribulose 5-phosphate formate-lyase (L-3,4-dihydroxybutan-2-one 4-phosphate-forming) [c0]	4.1.99.12	-20.78		(1)  cpd00171[c0] => (1)  cpd00047[c0] + (1)  cpd00067[c0] + (1)  cpd11225[c0]	(1)  D-Ribulose5-phosphate [c0][c0] => (1)  Formate [c0][c0] + (1)  H+ [c0][c0] + (1)  3-4-dihydroxy-2-butanone4-phosphate [c0][c0]	rxn05040	DB4PS	R07281	Riboflavin metabolism	Biosynthesis|Cofactor-Biosynthesis|Flavin-Biosynthesis|RIBOSYN2-PWY|Vitamin-Biosynthesis
rxn01636_c0	=	Cytosol	Annotated_genome.CDS.4135	N2-Acetyl-L-ornithine:L-glutamate N-acetyltransferase [c0]	2.3.1.35	0		(1)  cpd00023[c0] + (1)  cpd00342[c0] <=> (1)  cpd00064[c0] + (1)  cpd00477[c0]	(1)  L-Glutamate [c0][c0] + (1)  N-Acetylornithine [c0][c0] <=> (1)  Ornithine [c0][c0] + (1)  N-Acetyl-L-glutamate [c0][c0]	rxn01636		R02282	Arginine and proline metabolism	ARGININE-SYN|ARGSYNBSUB-PWY|Amino-Acid-Biosynthesis|Biosynthesis|IND-AMINO-ACID-SYN
rxn02090_c0	=	Cytosol	(Annotated_genome.CDS.2267 or Annotated_genome.CDS.371 or Annotated_genome.CDS.370)	Creatinine iminohydrolase [c0]		-7.55		(1)  cpd00001[c0] + (1)  cpd00067[c0] + (1)  cpd00585[c0] <=> (1)  cpd00013[c0] + (1)  cpd01679[c0]	(1)  H2O [c0][c0] + (1)  H+ [c0][c0] + (1)  Creatinine [c0][c0] <=> (1)  NH3 [c0][c0] + (1)  N-Methylhydantoin [c0][c0]	rxn02090		R02922	Arginine and proline metabolism	AMINE-DEG|Creatinine-Degradation|Degradation
rxn05377_c0	=	Cytosol	Annotated_genome.CDS.502	12-methyl-3-hydroxy-tetra-decanoyl-ACP hydro-lyase [c0]		2.163		(1)  cpd11513[c0] <=> (1)  cpd00001[c0] + (1)  cpd11514[c0]	(1)  12-methyl-3-hydroxy-tetra-decanoyl-ACP [c0][c0] <=> (1)  H2O [c0][c0] + (1)  12-methyl-trans-tetra-dec-2-enoyl-ACP [c0][c0]	rxn05377				
rxn08556_c0	>	Cytosol	Annotated_genome.CDS.1664	sn-glycerol 3-phosphate:ubiquinone-8 oxidoreductase [c0]		-13.68		(1)  cpd00080[c0] + (1)  cpd15560[c0] => (1)  cpd00095[c0] + (1)  cpd15561[c0]	(1)  Glycerol-3-phosphate [c0][c0] + (1)  Ubiquinone-8 [c0][c0] => (1)  Glycerone-phosphate [c0][c0] + (1)  Ubiquinol-8 [c0][c0]	rxn08556	G3PD5			Alcohol-Degradation|Degradation|Energy-Metabolism|Fatty-Acid-and-Lipid-Degradation|GLYCEROL-DEG|OTHER-ENERGY|PWY0-381
rxn02988_c0	<	Cytosol	Annotated_genome.CDS.75	glycerone phosphate:iminosuccinate alkyltransferase (cyclizing) [c0]		-0.61		(2)  cpd00001[c0] + (1)  cpd00009[c0] + (1)  cpd02333[c0] <= (1)  cpd00095[c0] + (1)  cpd03470[c0]	(2)  H2O [c0][c0] + (1)  Phosphate [c0][c0] + (1)  Quinolinate [c0][c0] <= (1)  Glycerone-phosphate [c0][c0] + (1)  Iminoaspartate [c0][c0]	rxn02988	QULNS	R04292	Nicotinate and nicotinamide metabolism	ALKALOIDS-SYN|Biosynthesis|Cofactor-Biosynthesis|N-CONTAINING-SECONDARY-CMPD-SYN|NAD-Metabolism|NAD-SYN|PWY0-781|PYRIDNUCSYN-PWY|PYRROLIDINE-ALKALOIDS|SECONDARY-METABOLITE-BIOSYNTHESIS
rxn01021_c0	=	Cytosol	(Annotated_genome.CDS.1829 and Annotated_genome.CDS.1829)	Methylthioadenosine methylthioribohydrolase [c0]	3.2.2.16	-0.73		(1)  cpd00001[c0] + (1)  cpd00147[c0] <=> (1)  cpd00128[c0] + (1)  cpd01981[c0]	(1)  H2O [c0][c0] + (1)  5-Methylthioadenosine [c0][c0] <=> (1)  Adenine [c0][c0] + (1)  5-Methylthio-D-ribose [c0][c0]	rxn01021	MTAN	R01401	Cysteine and methionine metabolism	Amino-Acid-Biosynthesis|Biosynthesis|Degradation|IND-AMINO-ACID-SYN|METHIONINE-SYN|Methylthioadenosine-Degradation|NUCLEO-DEG|PWY0-1391
rxn00165_c0	>	Cytosol	(Annotated_genome.CDS.3180 or Annotated_genome.CDS.3293)	L-serine ammonia-lyase [c0]	4.2.1.13	-7.51		(1)  cpd00054[c0] => (1)  cpd00013[c0] + (1)  cpd00020[c0]	(1)  L-Serine [c0][c0] => (1)  NH3 [c0][c0] + (1)  Pyruvate [c0][c0]	rxn00165	CHA1_2	R00220	Glycine, serine and threonine metabolism	AMINE-DEG|Amino-Acid-Degradation|Degradation|NUCLEO-DEG|Purine-Degradation|SERDEG-PWY|SERINE-DEG
rxn10228_c0	>	Cytosol	Annotated_genome.CDS.3576	isotetradecanoyl-CDPdiacylglycerol-serine O-phosphatidyltransferase [c0]		-15.04		(1)  cpd00054[c0] + (1)  cpd15685[c0] => (1)  cpd00046[c0] + (2)  cpd00067[c0] + (1)  cpd15691[c0]	(1)  L-Serine [c0][c0] + (1)  CDP-1,2-diisotetradecanoylglycerol [c0][c0] => (1)  CMP [c0][c0] + (2)  H+ [c0][c0] + (1)  Diisotetradecanoylphosphatidylserine [c0][c0]	rxn10228				
rxn01117_c0	=	Cytosol	(Annotated_genome.CDS.573 or Annotated_genome.CDS.3365)	D-arabinose-5-phosphate aldose-ketose-isomerase [c0]		-1.46		(1)  cpd00817[c0] <=> (1)  cpd00171[c0]	(1)  D-Arabinose5-phosphate [c0][c0] <=> (1)  D-Ribulose5-phosphate [c0][c0]	rxn01117	A5PISO	R01530		Biosynthesis|CARBO-BIOSYNTHESIS|CMP-KDO-Biosynthesis|Carbohydrates-Biosynthesis|Cell-Structure-Biosynthesis|KDO-NAGLIPASYN-PWY|LPSSYN-PWY|Lipid-Biosynthesis|Lipopolysaccharide-Biosynthesis|Polysaccharides-Biosynthesis|SUGAR-NUCLEOTIDES
rxn00539_c0	>	Cytosol	(((Annotated_genome.CDS.3789 or Annotated_genome.CDS.2773) and Annotated_genome.CDS.2772) or Annotated_genome.CDS.3790)	ethanolamine ammonia-lyase (acetaldehyde-forming) [c0]		-7.86		(1)  cpd00162[c0] => (1)  cpd00013[c0] + (1)  cpd00071[c0]	(1)  Aminoethanol [c0][c0] => (1)  NH3 [c0][c0] + (1)  Acetaldehyde [c0][c0]	rxn00539		R00749	Glycerophospholipid metabolism	AMINE-DEG|Degradation|PWY0-1477
rxn00001_c0	>	Cytosol	Annotated_genome.CDS.4009	diphosphate phosphohydrolase [c0]		4.14		(1)  cpd00001[c0] + (1)  cpd00012[c0] => (2)  cpd00009[c0] + (1)  cpd00067[c0]	(1)  H2O [c0][c0] + (1)  PPi [c0][c0] => (2)  Phosphate [c0][c0] + (1)  H+ [c0][c0]	rxn00001	IPP1	R00004		
rxn05369_c0	=	Cytosol	Annotated_genome.CDS.502	8-methyl-3-hydroxy-decanoyl-ACP hydro-lyase [c0]		2.163		(1)  cpd11505[c0] <=> (1)  cpd00001[c0] + (1)  cpd11506[c0]	(1)  8-methyl-3-hydroxy-decanoyl-ACP [c0][c0] <=> (1)  H2O [c0][c0] + (1)  8-methyl-trans-dec-2-enoyl-ACP [c0][c0]	rxn05369				
rxn08895_c0	=	Cytosol	(Annotated_genome.CDS.192 or Annotated_genome.CDS.2730 or Annotated_genome.CDS.3150)	murein D,D-endopeptidase (murein4px4p) (periplasm) [c0]		-1239.29		(1)  cpd00001[c0] + (1)  cpd15506[c0] <=> (1)  cpd15505[c0]	(1)  H2O [c0][c0] + (1)  two disacharide linked murein units, tetrapeptide corsslinked tetrapeptide (A2pm->D-ala)  (middle of chain)  [c0][c0] <=> (1)  two linked disacharide tetrapeptide murein units (uncrosslinked, middle of chain)  [c0][c0]	rxn08895	MDDEP1pp			
rxn00671_c0	=	Cytosol	Annotated_genome.CDS.481	2-Methyl-3-oxopropanoate:NAD+ oxidoreductase (CoA-propanoylating) [c0]		-7.14		(1)  cpd00003[c0] + (1)  cpd00010[c0] + (1)  cpd00287[c0] <=> (1)  cpd00004[c0] + (1)  cpd00011[c0] + (1)  cpd00086[c0]	(1)  NAD [c0][c0] + (1)  CoA [c0][c0] + (1)  3-Oxo-2-methylpropanoate [c0][c0] <=> (1)  NADH [c0][c0] + (1)  CO2 [c0][c0] + (1)  Propionyl-CoA [c0][c0]	rxn00671	MMSAD1	R00922		
rxn00710_c0	>	Cytosol	Annotated_genome.CDS.1186	orotidine-5'-phosphate carboxy-lyase (UMP-forming) [c0]		-1.32		(1)  cpd00067[c0] + (1)  cpd00810[c0] => (1)  cpd00011[c0] + (1)  cpd00091[c0]	(1)  H+ [c0][c0] + (1)  Orotidylic acid [c0][c0] => (1)  CO2 [c0][c0] + (1)  UMP [c0][c0]	rxn00710	OMPDC	R00965	Pyrimidine metabolism	Biosynthesis|Nucleotide-Biosynthesis|PRPP-PWY|PWY0-162|PYR-NUC-SYN|Pyrimidine-De-Novo-Biosyn
rxn02305_c0	>	Cytosol	Annotated_genome.CDS.843	2-methyl-4-amino-5-hydroxymethylpyrimidine-diphosphate:4-methyl-5-(2-phosphoethyl)-thiazole 2-methyl-4-aminopyridine-5-methenyltransferase [c0]		-9.6		(1)  cpd02654[c0] + (1)  cpd02894[c0] => (1)  cpd00012[c0] + (1)  cpd00793[c0]	(1)  4-Methyl-5--2-phosphoethyl-thiazole [c0][c0] + (1)  4-Amino-2-methyl-5-diphosphomethylpyrimidine [c0][c0] => (1)  PPi [c0][c0] + (1)  Thiamine phosphate [c0][c0]	rxn02305	THI6_2	R03223	Thiamine metabolism	Biosynthesis|Cofactor-Biosynthesis|THISYNARA-PWY|Thiamin-Salvage|Thiamine-Biosynthesis|Vitamin-Biosynthesis
rxn00470_c0	>	Cytosol	Annotated_genome.CDS.200	L-ornithine carboxy-lyase (putrescine-forming) [c0]		-3.09		(1)  cpd00064[c0] + (1)  cpd00067[c0] => (1)  cpd00011[c0] + (1)  cpd00118[c0]	(1)  Ornithine [c0][c0] + (1)  H+ [c0][c0] => (1)  CO2 [c0][c0] + (1)  Putrescine [c0][c0]	rxn00470	or NDC	R00670	Arginine and proline metabolism|Glutathione metabolism	AMINE-DEG|ARG+POLYAMINE-SYN|ARGININE-DEG|Amino-Acid-Degradation|Biosynthesis|Degradation|ORNARGDEG-PWY|ORNDEG-PWY|POLYAMINSYN3-PWY|POLYAMSYN-PWY|Polyamine-Biosynthesis|Putrescine-Biosynthesis
rxn02885_c0	<	Cytosol	Annotated_genome.CDS.3817	R04134 [c0]		6.5		(1)  cpd01960[c0] <= (1)  cpd03326[c0]	(1)  2-Oxohept-3-enedioate [c0][c0] <= (1)  2-Hydroxyhepta-2,4-dienedioate [c0][c0]	rxn02885	HHDDI	R04134	Tyrosine metabolism	
rxn08817_c0	=	Cytosol	Annotated_genome.CDS.1138	Lysophospholipase L2 (2-acylglycerophosphotidate, n-C12:0) [c0]		-361.6		(1)  cpd00001[c0] + (1)  cpd15350[c0] <=> (2)  cpd00067[c0] + (1)  cpd00080[c0] + (1)  cpd01741[c0]	(1)  H2O [c0][c0] + (1)  2-dodecanoyl-sn-glycerol 3-phosphate [c0][c0] <=> (2)  H+ [c0][c0] + (1)  Glycerol-3-phosphate [c0][c0] + (1)  ddca [c0][c0]	rxn08817	LPLIPAL2A120			
rxn01203_c0	<	Cytosol	(Annotated_genome.CDS.3823 or Annotated_genome.CDS.2734 or Annotated_genome.CDS.1428 or Annotated_genome.CDS.1659)	R01647 [c0]		9.02		(1)  cpd00020[c0] + (1)  cpd00199[c0] <= (1)  cpd03708[c0]	(1)  Pyruvate [c0][c0] + (1)  4-Oxobutanoate [c0][c0] <= (1)  2,4-Dihydroxyhept-2-enedioate [c0][c0]	rxn01203	DHEDAA	R01647	Tyrosine metabolism	
rxn00910_c0	=	Cytosol	Annotated_genome.CDS.1169	5-methyltetrahydrofolate:NADP+ oxidoreductase [c0]		3.79		(1)  cpd00006[c0] + (1)  cpd00345[c0] <=> (1)  cpd00005[c0] + (1)  cpd00067[c0] + (1)  cpd00125[c0]	(1)  NADP [c0][c0] + (1)  5-Methyltetrahydrofolate [c0][c0] <=> (1)  NADPH [c0][c0] + (1)  H+ [c0][c0] + (1)  5-10-Methylenetetrahydrofolate [c0][c0]	rxn00910	MTHFR1	R01224	One carbon pool by folate|Methane metabolism	
rxn00953_c0	=	Cytosol	Annotated_genome.CDS.2689	L-Serine hydro-lyase (adding homocysteine) [c0]		-5.67		(1)  cpd00054[c0] + (1)  cpd00135[c0] <=> (1)  cpd00001[c0] + (1)  cpd00424[c0]	(1)  L-Serine [c0][c0] + (1)  Homocysteine [c0][c0] <=> (1)  H2O [c0][c0] + (1)  Cystathionine [c0][c0]	rxn00953	CYSTS	R01289		
rxn00717_c0	>	Cytosol	(Annotated_genome.CDS.2267 or Annotated_genome.CDS.371 or Annotated_genome.CDS.370)	Cytosine aminohydrolase [c0]		-5.14		(1)  cpd00001[c0] + (1)  cpd00067[c0] + (1)  cpd00307[c0] => (1)  cpd00013[c0] + (1)  cpd00092[c0]	(1)  H2O [c0][c0] + (1)  H+ [c0][c0] + (1)  Cytosine [c0][c0] => (1)  NH3 [c0][c0] + (1)  Uracil [c0][c0]	rxn00717	FCY1	R00974	Pyrimidine metabolism	Biosynthesis|Nucleotide-Biosynthesis|PWY0-163|PYR-NUC-SYN|Pyrimidine-Nucleotide-Salvage
rxn08710_c0	=	Cytosol	Annotated_genome.CDS.2983	RXN0-5118.c [c0]		32.07		(3)  cpd00067[c0] + (1)  cpd03587[c0] + (1)  cpd03831[c0] <=> (1)  cpd00008[c0] + (1)  cpd15485[c0]	(3)  H+ [c0][c0] + (1)  kdo2-lipid a [c0][c0] + (1)  ADP-L-glycero-D-manno-heptose [c0][c0] <=> (1)  ADP [c0][c0] + (1)  heptosyl-kdo2-lipidA [c0][c0]	rxn08710	HEPT1			Biosynthesis|LIPA-CORESYN-PWY|LPSSYN-PWY|Lipid-Biosynthesis
rxn01962_c0	>	Cytosol	Annotated_genome.CDS.3979	XTP pyrophosphohydrolase [c0]		-27.3		(1)  cpd00001[c0] + (1)  cpd00530[c0] => (1)  cpd00012[c0] + (2)  cpd00067[c0] + (1)  cpd00497[c0]	(1)  H2O [c0][c0] + (1)  XTP [c0][c0] => (1)  PPi [c0][c0] + (2)  H+ [c0][c0] + (1)  XMP [c0][c0]	rxn01962	NTPP11	R02720	Purine metabolism	
rxn01682_c0	=	Cytosol	(Annotated_genome.CDS.4606 and Annotated_genome.CDS.4608)	(1S,2R)-1-C-(indol-3-yl)glycerol 3-phosphate D-glyceraldehyde-3-phosphate-lyase [c0]		2.78		(1)  cpd02210[c0] <=> (1)  cpd00102[c0] + (1)  cpd00359[c0]	(1)  Indoleglycerol phosphate [c0][c0] <=> (1)  Glyceraldehyde3-phosphate [c0][c0] + (1)  indol [c0][c0]	rxn01682	TRPS3r	R02340	Phenylalanine, tyrosine and tryptophan biosynthesis|Benzoxazinoid biosynthesis	ALL-CHORISMATE-PWY|Amino-Acid-Biosynthesis|Auxin-Biosynthesis|Biosynthesis|COMPLETE-ARO-PWY|HORMONE-SYN|IND-AMINO-ACID-SYN|Plant-Hormone-Biosynthesis|SECONDARY-METABOLITE-BIOSYNTHESIS|TRPSYN-PWY|TRYPTOPHAN-BIOSYNTHESIS
rxn08796_c0	=	Cytosol	Annotated_genome.CDS.1138	Lysophospholipase L1 (2-acylglycerophosphotidate, n-C12:0) (periplasm) [c0]		-2.14		(1)  cpd00001[c0] + (1)  cpd15325[c0] <=> (1)  cpd00067[c0] + (1)  cpd00080[c0] + (1)  cpd01741[c0]	(1)  H2O [c0][c0] + (1)  1-dodecanoyl-sn-glycerol 3-phosphate [c0][c0] <=> (1)  H+ [c0][c0] + (1)  Glycerol-3-phosphate [c0][c0] + (1)  ddca [c0][c0]	rxn08796	LPLIPAL1A120pp			
rxn03181_c0	>	Cytosol	Annotated_genome.CDS.1703	ATP:2,3,2',3'-tetrakis(3-hydroxytetradecanoyl)-D-glucosaminyl-beta-D-1,6-glucosaminyl-alpha-phosphate 4-O'-phosphotransferase [c0]		-14.03		(1)  cpd00002[c0] + (1)  cpd03002[c0] => (1)  cpd00008[c0] + (1)  cpd00067[c0] + (1)  cpd02993[c0]	(1)  ATP [c0][c0] + (1)  Lipid A disaccharide [c0][c0] => (1)  ADP [c0][c0] + (1)  H+ [c0][c0] + (1)  Lipid IV(A)  [c0][c0]	rxn03181	TDSK	R04657	Lipopolysaccharide biosynthesis	Biosynthesis|Cell-Structure-Biosynthesis|KDO-NAGLIPASYN-PWY|LPSSYN-PWY|Lipid-Biosynthesis|Lipopolysaccharide-Biosynthesis|NAGLIPASYN-PWY
rxn02331_c0	<	Cytosol	Annotated_genome.CDS.3363	phosphoenolpyruvate:D-arabinose-5-phosphate C-(1-carboxyvinyl)transferase (phosphate-hydrolysing, 2-carboxy-2-oxoethyl-forming) [c0]	2.5.1.55|4.1.2.16	2.65		(1)  cpd00009[c0] + (1)  cpd02730[c0] <= (1)  cpd00001[c0] + (1)  cpd00061[c0] + (1)  cpd00817[c0]	(1)  Phosphate [c0][c0] + (1)  3-Deoxy-D-manno-octulosonate8-phosphate [c0][c0] <= (1)  H2O [c0][c0] + (1)  Phosphoenolpyruvate [c0][c0] + (1)  D-Arabinose5-phosphate [c0][c0]	rxn02331	KDOPS	R03254	Lipopolysaccharide biosynthesis	Biosynthesis|CARBO-BIOSYNTHESIS|CMP-KDO-Biosynthesis|Carbohydrates-Biosynthesis|Cell-Structure-Biosynthesis|KDO-NAGLIPASYN-PWY|LPSSYN-PWY|Lipid-Biosynthesis|Lipopolysaccharide-Biosynthesis|Polysaccharides-Biosynthesis|SUGAR-NUCLEOTIDES
rxn12846_c0	=	Cytosol	(Annotated_genome.CDS.4159 or Annotated_genome.CDS.1275 or Annotated_genome.CDS.3788 or Annotated_genome.CDS.9)	Gly-Phe aminopeptidase [c0]				(1)  cpd00001[c0] + (1)  cpd15605[c0] <=> (1)  cpd00033[c0] + (1)  cpd00066[c0]	(1)  H2O [c0][c0] + (1)  Gly-Phe [c0][c0] <=> (1)  Glycine [c0][c0] + (1)  L-Phenylalanine [c0][c0]	rxn12846				
rxn00337_c0	=	Cytosol	Annotated_genome.CDS.741	ATP:L-aspartate 4-phosphotransferase [c0]		-6.9		(1)  cpd00002[c0] + (1)  cpd00041[c0] <=> (1)  cpd00008[c0] + (1)  cpd01977[c0]	(1)  ATP [c0][c0] + (1)  L-Aspartate [c0][c0] <=> (1)  ADP [c0][c0] + (1)  4-Phospho-L-aspartate [c0][c0]	rxn00337	ASPK	R00480	Glycine, serine and threonine metabolism|Cysteine and methionine metabolism|Lysine biosynthesis	Amino-Acid-Biosynthesis|Biosynthesis|DAPLYSINESYN-PWY|HOMOSERSYN-PWY|IND-AMINO-ACID-SYN|ISOLEUCINE-SYN|LYSINE-SYN|MET-SAM-PWY|METHIONINE-SYN|METSYN-PWY|Other-Amino-Acid-Biosynthesis|P101-PWY|P4-PWY|PWY0-781|Polyamine-Biosynthesis|Spermidine-Biosynthesis|THREONINE-BIOSYNTHESIS|THRESYN-PWY
rxn08308_c0	>	Cytosol	Annotated_genome.CDS.3233	CDP-diacylglycerol synthetase (n-C14:1) [c0]		270.92		(1)  cpd00052[c0] + (1)  cpd15523[c0] => (1)  cpd00012[c0] + (1)  cpd00067[c0] + (1)  cpd15422[c0]	(1)  CTP [c0][c0] + (1)  1,2-ditetradec-7-enoyl-sn-glycerol 3-phosphate [c0][c0] => (1)  PPi [c0][c0] + (1)  H+ [c0][c0] + (1)  CDP-1,2-ditetradec-7-enoylglycerol [c0][c0]	rxn08308	DASYN141			
rxn00208_c0	>	Cytosol	Annotated_genome.CDS.1963	Pyridoxamine-5'-phosphate:oxygen oxidoreductase (deaminating) [c0]		-25.57		(1)  cpd00001[c0] + (1)  cpd00007[c0] + (1)  cpd00493[c0] => (1)  cpd00013[c0] + (1)  cpd00016[c0] + (1)  cpd00025[c0]	(1)  H2O [c0][c0] + (1)  O2 [c0][c0] + (1)  Pyridoxamine phosphate [c0][c0] => (1)  NH3 [c0][c0] + (1)  Pyridoxal phosphate [c0][c0] + (1)  H2O2 [c0][c0]	rxn00208	PDX3_1	R00277	Vitamin B6 metabolism	Biosynthesis|Cofactor-Biosynthesis|PLPSAL-PWY|PWY0-845|Vitamin-B6-Biosynthesis|Vitamin-Biosynthesis
rxn08823_c0	=	Cytosol	Annotated_genome.CDS.1138	Lysophospholipase L2 (2-acylglycerophosphotidate, n-C18:1) [c0]		-291.05		(1)  cpd00001[c0] + (1)  cpd15357[c0] <=> (2)  cpd00067[c0] + (1)  cpd00080[c0] + (1)  cpd15269[c0]	(1)  H2O [c0][c0] + (1)  2-octadec-11-enoyl-sn-glycerol 3-phosphate [c0][c0] <=> (2)  H+ [c0][c0] + (1)  Glycerol-3-phosphate [c0][c0] + (1)  octadecenoate [c0][c0]	rxn08823	LPLIPAL2A181			
rxn05031_c0	>	Cytosol	(Annotated_genome.CDS.2949 or Annotated_genome.CDS.3539)	prephytoene diphosphate:geranylgeranyl-diphosphate geranylgeranyltransferase [c0]		-13.19		(1)  cpd02168[c0] => (1)  cpd00012[c0] + (1)  cpd00067[c0] + (1)  cpd03205[c0]	(1)  Prephytoene diphosphate [c0][c0] => (1)  PPi [c0][c0] + (1)  H+ [c0][c0] + (1)  Phytoene [c0][c0]	rxn05031		R07270	Carotenoid biosynthesis	
rxn05434_c0	>	Cytosol	(Annotated_genome.CDS.500 or Annotated_genome.CDS.3522 or Annotated_genome.CDS.3653)	6-methyl-trans-oct-2-enoyl-ACP:NAD+ oxidoreductase (A-specific) [c0]		-16.55		(1)  cpd00004[c0] + (1)  cpd00067[c0] + (1)  cpd11502[c0] => (1)  cpd00003[c0] + (1)  cpd11503[c0]	(1)  NADH [c0][c0] + (1)  H+ [c0][c0] + (1)  6-methyl-trans-oct-2-enoyl-ACP [c0][c0] => (1)  NAD [c0][c0] + (1)  6-methyl-octanoyl-ACP [c0][c0]	rxn05434				
rxn00140_c0	=	Cytosol	(Annotated_genome.CDS.3844 or Annotated_genome.CDS.855)	adenosine 3',5'-phosphate 5'-nucleotidohydrolase [c0]	3.1.4.53	-18.82		(1)  cpd00001[c0] + (1)  cpd00446[c0] <=> (1)  cpd00018[c0] + (1)  cpd00067[c0]	(1)  H2O [c0][c0] + (1)  cAMP [c0][c0] <=> (1)  AMP [c0][c0] + (1)  H+ [c0][c0]	rxn00140	PDE1	R00191	Purine metabolism	
rxn05346_c0	>	Cytosol	(Annotated_genome.CDS.501 or Annotated_genome.CDS.1999 or (Annotated_genome.CDS.1013 or Annotated_genome.CDS.1998))	butyryl-[acyl-carrier protein]:malonyl-[acyl-carrier-protein] C-acyltransferase (decarboxylating) [c0]		-7.37		(1)  cpd11464[c0] + (1)  cpd11492[c0] => (1)  cpd00011[c0] + (1)  cpd11486[c0] + (1)  cpd11493[c0]	(1)  Butyryl-ACP [c0][c0] + (1)  Malonyl-acyl-carrierprotein- [c0][c0] => (1)  CO2 [c0][c0] + (1)  3-Oxohexanoyl-[acp] [c0][c0] + (1)  ACP [c0][c0]	rxn05346	3OAS60	R04952	Fatty acid biosynthesis	Biosynthesis|Fatty-acid-biosynthesis|Lipid-Biosynthesis|Palmitate-Biosynthesis
rxn03248_c0	<	Cytosol	((Annotated_genome.CDS.1599 or Annotated_genome.CDS.3974 or Annotated_genome.CDS.2506 or Annotated_genome.CDS.2160 or Annotated_genome.CDS.955 or Annotated_genome.CDS.1446 or Annotated_genome.CDS.2496 or Annotated_genome.CDS.2192 or Annotated_genome.CDS.3917 or Annotated_genome.CDS.2437 or Annotated_genome.CDS.1650) or Annotated_genome.CDS.3491)	Hexanoyl-CoA:acetyl-CoA C-acyltransferase [c0]		7.06		(1)  cpd00022[c0] + (1)  cpd03124[c0] <= (1)  cpd00010[c0] + (1)  cpd03121[c0]	(1)  Acetyl-CoA [c0][c0] + (1)  Hexanoyl-CoA [c0][c0] <= (1)  CoA [c0][c0] + (1)  3-Oxooctanoyl-CoA [c0][c0]	rxn03248	ACACT3r	R04747	Fatty acid elongation|Fatty acid degradation	
rxn05386_c0	=	Cytosol	(Annotated_genome.CDS.502 or (Annotated_genome.CDS.3228 or Annotated_genome.CDS.2000))	5-methyl-3-hydroxy-hexanoyl-ACP hydro-lyase [c0]		2.163		(1)  cpd11522[c0] <=> (1)  cpd00001[c0] + (1)  cpd11523[c0]	(1)  5-methyl-3-hydroxy-hexanoyl-ACP [c0][c0] <=> (1)  H2O [c0][c0] + (1)  5-methyl-trans-hex-2-enoyl-ACP [c0][c0]	rxn05386				
rxn05516_c0	>	Cytosol	(Annotated_genome.CDS.2098 or Annotated_genome.CDS.172 or Annotated_genome.CDS.1348 or Annotated_genome.CDS.2083)	Cadmium-translocating P-type ATPase [c0]		-6.82		(1)  cpd00001[c0] + (1)  cpd00002[c0] + (1)  cpd01012[c0] => (1)  cpd00008[c0] + (1)  cpd00009[c0] + (1)  cpd00067[c0] + (1)  cpd01012[e0]	(1)  H2O [c0][c0] + (1)  ATP [c0][c0] + (1)  Cd2+ [c0][c0] => (1)  ADP [c0][c0] + (1)  Phosphate [c0][c0] + (1)  H+ [c0][c0] + (1)  Cd2+ [e0][e0]	rxn05516	CD2abc1			
rxn05733_c0	>	Cytosol	Annotated_genome.CDS.4363	O3-acetyl-L-serine:thiosulfate 2-amino-2-carboxyethyltransferase (reducing, L-cysteine-forming) [c0]				(1)  cpd00268[c0] + (1)  cpd00722[c0] + (1)  cpd11421[c0] => (1)  cpd00029[c0] + (1)  cpd00067[c0] + (1)  cpd00081[c0] + (1)  cpd00084[c0] + (1)  cpd11420[c0]	(1)  H2S2O3 [c0][c0] + (1)  O-Acetyl-L-serine [c0][c0] + (1)  trdrd [c0][c0] => (1)  Acetate [c0][c0] + (1)  H+ [c0][c0] + (1)  Sulfite [c0][c0] + (1)  L-Cysteine [c0][c0] + (1)  trdox [c0][c0]	rxn05733	AHSERL4	R04859	Cysteine and methionine metabolism	
rxn00416_c0	>	Cytosol	Annotated_genome.CDS.3853	L-aspartate:L-glutamine amido-ligase (AMP-forming) [c0]		-27.3		(1)  cpd00001[c0] + (1)  cpd00002[c0] + (1)  cpd00041[c0] + (1)  cpd00053[c0] => (1)  cpd00012[c0] + (1)  cpd00018[c0] + (1)  cpd00023[c0] + (2)  cpd00067[c0] + (1)  cpd00132[c0]	(1)  H2O [c0][c0] + (1)  ATP [c0][c0] + (1)  L-Aspartate [c0][c0] + (1)  L-Glutamine [c0][c0] => (1)  PPi [c0][c0] + (1)  AMP [c0][c0] + (1)  L-Glutamate [c0][c0] + (2)  H+ [c0][c0] + (1)  L-Asparagine [c0][c0]	rxn00416	ASN1	R00578	Alanine, aspartate and glutamate metabolism|Nitrogen metabolism	ASPARAGINE-BIOSYNTHESIS|ASPARAGINE-SYN|Amino-Acid-Biosynthesis|Biosynthesis|IND-AMINO-ACID-SYN|PWY0-1325
rxn02270_c0	<	Cytosol	Annotated_genome.CDS.482	Branched-chain acyl-CoA dehydrogenase [c0]		6.67		(1)  cpd00015[c0] + (1)  cpd00067[c0] + (1)  cpd00760[c0] <= (1)  cpd00982[c0] + (1)  cpd02125[c0]	(1)  FAD [c0][c0] + (1)  H+ [c0][c0] + (1)  2-Methylbutyryl-CoA [c0][c0] <= (1)  FADH2 [c0][c0] + (1)  Tiglyl-CoA [c0][c0]	rxn02270	2MBCOAD			
rxn09206_c0	>	Cytosol	Annotated_genome.CDS.3576	Phosphatidylserine syntase (n-C14:0) [c0]		-240.29		(1)  cpd00054[c0] + (1)  cpd15423[c0] => (1)  cpd00046[c0] + (2)  cpd00067[c0] + (1)  cpd15553[c0]	(1)  L-Serine [c0][c0] + (1)  CDP-1,2-ditetradecanoylglycerol [c0][c0] => (1)  CMP [c0][c0] + (2)  H+ [c0][c0] + (1)  phosphatidylserine ditetradecanoyl [c0][c0]	rxn09206	PSSA140			
rxn01134_c0	=	Cytosol	Annotated_genome.CDS.1629	Maltose alpha-D-glucosylmutase [c0]	5.4.99.16	0		(1)  cpd00179[c0] <=> (1)  cpd00794[c0]	(1)  Maltose [c0][c0] <=> (1)  TRHL [c0][c0]	rxn01134	MTI	R01557	Starch and sucrose metabolism	
rxn02376_c0	=	Cytosol	Annotated_genome.CDS.1375	R03316 [c0]		6.72		(1)  cpd00213[c0] + (1)  cpd03189[c0] <=> (1)  cpd00056[c0] + (1)  cpd00860[c0]	(1)  Lipoamide [c0][c0] + (1)  3-Carboxy-1-hydroxypropyl-ThPP [c0][c0] <=> (1)  TPP [c0][c0] + (1)  S-Succinyldihydrolipoamide [c0][c0]	rxn02376		R03316	Citrate cycle (TCA cycle)	
rxn08017_c0	>	Cytosol	(Annotated_genome.CDS.1015 or Annotated_genome.CDS.2001)	acyl-[acyl-carrier-protein] synthetase  (n-C16:1) [c0]				(1)  cpd00002[c0] + (1)  cpd11493[c0] + (1)  cpd15237[c0] => (1)  cpd00012[c0] + (1)  cpd00018[c0] + (2)  cpd00067[c0] + (1)  cpd15239[c0]	(1)  ATP [c0][c0] + (1)  ACP [c0][c0] + (1)  hexadecenoate [c0][c0] => (1)  PPi [c0][c0] + (1)  AMP [c0][c0] + (2)  H+ [c0][c0] + (1)  Hexadecenoyl-ACP [c0][c0]	rxn08017	AACPS4			
rxn09209_c0	>	Cytosol	Annotated_genome.CDS.3576	Phosphatidylserine syntase (n-C16:1) [c0]		-240.29		(1)  cpd00054[c0] + (1)  cpd15418[c0] => (1)  cpd00046[c0] + (2)  cpd00067[c0] + (1)  cpd15556[c0]	(1)  L-Serine [c0][c0] + (1)  CDP-1,2-dihexadec-9-enoylglycerol [c0][c0] => (1)  CMP [c0][c0] + (2)  H+ [c0][c0] + (1)  phosphatidylserine dihexadec-9-enoyl [c0][c0]	rxn09209	PSSA161			
rxn12512_c0	>	Cytosol	Annotated_genome.CDS.4366	(R)-4'-Phosphopantothenate:L-cysteine ligase [c0]		-26.84		(1)  cpd00002[c0] + (1)  cpd00084[c0] + (1)  cpd02201[c0] => (1)  cpd00012[c0] + (1)  cpd00018[c0] + (2)  cpd00067[c0] + (1)  cpd02666[c0]	(1)  ATP [c0][c0] + (1)  L-Cysteine [c0][c0] + (1)  4-phosphopantothenate [c0][c0] => (1)  PPi [c0][c0] + (1)  AMP [c0][c0] + (2)  H+ [c0][c0] + (1)  (R) -4'-Phosphopantothenoyl-L-cysteine [c0][c0]	rxn12512	PPNCL3	R04230	Pantothenate and CoA biosynthesis	
rxn08669_c0	>	Cytosol	Annotated_genome.CDS.3276	Glycerophosphodiester phosphodiesterase [c0]		-14.34		(1)  cpd00001[c0] + (1)  cpd02090[c0] => (1)  cpd00067[c0] + (1)  cpd00080[c0] + (1)  cpd00100[c0]	(1)  H2O [c0][c0] + (1)  Glycerophosphoglycerol [c0][c0] => (1)  H+ [c0][c0] + (1)  Glycerol-3-phosphate [c0][c0] + (1)  Glycerol [c0][c0]	rxn08669	GPDDA4			
rxn00902_c0	<	Cytosol	Annotated_genome.CDS.4106	acetyl-CoA:3-methyl-2-oxobutanoate C-acetyltransferase (thioester-hydrolysing, carboxymethyl-forming) [c0]	4.1.3.12	8.93		(1)  cpd00010[c0] + (1)  cpd00067[c0] + (1)  cpd01646[c0] <= (1)  cpd00001[c0] + (1)  cpd00022[c0] + (1)  cpd00123[c0]	(1)  CoA [c0][c0] + (1)  H+ [c0][c0] + (1)  2-Isopropylmalate [c0][c0] <= (1)  H2O [c0][c0] + (1)  Acetyl-CoA [c0][c0] + (1)  3-Methyl-2-oxobutanoate [c0][c0]	rxn00902	IPPS	R01213	Valine, leucine and isoleucine biosynthesis|Pyruvate metabolism	Amino-Acid-Biosynthesis|BRANCHED-CHAIN-AA-SYN-PWY|Biosynthesis|Energy-Metabolism|IND-AMINO-ACID-SYN|LEUCINE-SYN|LEUSYN-PWY
rxn00015_c0	=	Cytosol	Annotated_genome.CDS.204	putrescine:putrescine 4-aminobutyltransferase (ammonia-forming) [c0]		-0.52		(2)  cpd00118[c0] <=> (1)  cpd00013[c0] + (1)  cpd03802[c0]	(2)  Putrescine [c0][c0] <=> (1)  NH3 [c0][c0] + (1)  Homospermidine [c0][c0]	rxn00015		R00018	Tropane, piperidine and pyridine alkaloid biosynthesis	
rxn06672_c0	>	Cytosol	((Annotated_genome.CDS.3428 or Annotated_genome.CDS.1645 or Annotated_genome.CDS.1730) and Annotated_genome.CDS.1731)	biotin-carboxyl-carrier-protein:carbon-dioxide ligase (ADP-forming) [c0]		9.58		(1)  cpd00002[c0] + (1)  cpd00242[c0] + (1)  cpd12848[c0] => (1)  cpd00008[c0] + (1)  cpd00009[c0] + (1)  cpd00067[c0] + (1)  cpd12543[c0]	(1)  ATP [c0][c0] + (1)  H2CO3 [c0][c0] + (1)  Holo-[carboxylase] [c0][c0] => (1)  ADP [c0][c0] + (1)  Phosphate [c0][c0] + (1)  H+ [c0][c0] + (1)  Carboxybiotin-carboxyl-carrier protein [c0][c0]	rxn06672	BTNC	R04385	Fatty acid biosynthesis	
rxn00649_c0	>	Cytosol	Annotated_genome.CDS.4363	O3-acetyl-L-serine:hydrogen-sulfide 2-amino-2-carboxyethyltransferase [c0]		-3.42		(1)  cpd00239[c0] + (1)  cpd00722[c0] => (1)  cpd00029[c0] + (1)  cpd00084[c0]	(1)  H2S [c0][c0] + (1)  O-Acetyl-L-serine [c0][c0] => (1)  Acetate [c0][c0] + (1)  L-Cysteine [c0][c0]	rxn00649	CYSS	R00897	Cysteine and methionine metabolism|Sulfur metabolism	Amino-Acid-Biosynthesis|Biosynthesis|CYSTEINE-SYN|CYSTSYN-PWY|IND-AMINO-ACID-SYN|SULFATE-CYS-PWY
rxn01739_c0	>	Cytosol	Annotated_genome.CDS.1241	ATP:shikimate 3-phosphotransferase [c0]	2.7.1.71	-14.03		(1)  cpd00002[c0] + (1)  cpd00383[c0] => (1)  cpd00008[c0] + (1)  cpd00067[c0] + (1)  cpd02030[c0]	(1)  ATP [c0][c0] + (1)  Shikimate [c0][c0] => (1)  ADP [c0][c0] + (1)  H+ [c0][c0] + (1)  3-phosphoshikimate [c0][c0]	rxn01739	ARO1_4	R02412	Phenylalanine, tyrosine and tryptophan biosynthesis	ALL-CHORISMATE-PWY|ARO-PWY|AROMATIC-COMPOUNDS-BIOSYN|Amino-Acid-Biosynthesis|Biosynthesis|COMPLETE-ARO-PWY|Chorismate-Biosynthesis
rxn02400_c0	>	Cytosol	(Annotated_genome.CDS.3133 or (Annotated_genome.CDS.1906 or Annotated_genome.CDS.1610))	Nicotinate D-ribonucleotide phosphohydrolase [c0]		7.21		(1)  cpd00001[c0] + (1)  cpd00873[c0] => (1)  cpd00009[c0] + (1)  cpd03471[c0]	(1)  H2O [c0][c0] + (1)  Nicotinate ribonucleotide [c0][c0] => (1)  Phosphate [c0][c0] + (1)  Nicotinate D-ribonucleoside [c0][c0]	rxn02400		R03346	Nicotinate and nicotinamide metabolism	
rxn01268_c0	>	Cytosol	(Annotated_genome.CDS.1056 or Annotated_genome.CDS.3940)	Prephenate:NAD+ oxidoreductase(decarboxylating) [c0]		-16.12		(1)  cpd00003[c0] + (1)  cpd00219[c0] => (1)  cpd00004[c0] + (1)  cpd00011[c0] + (1)  cpd00868[c0]	(1)  NAD [c0][c0] + (1)  Prephenate [c0][c0] => (1)  NADH [c0][c0] + (1)  CO2 [c0][c0] + (1)  p-hydroxyphenylpyruvate [c0][c0]	rxn01268	PPND	R01728	Phenylalanine, tyrosine and tryptophan biosynthesis|Novobiocin biosynthesis	ALL-CHORISMATE-PWY|Amino-Acid-Biosynthesis|Biosynthesis|COMPLETE-ARO-PWY|IND-AMINO-ACID-SYN|TYROSINE-SYN|TYRSYN
rxn00641_c0	>	Cytosol	Annotated_genome.CDS.3379	GTP:alpha-D-mannose-1-phosphate guanylyltransferase [c0]		1.07		(1)  cpd00038[c0] + (1)  cpd00485[c0] => (1)  cpd00012[c0] + (1)  cpd00083[c0]	(1)  GTP [c0][c0] + (1)  D-Mannose1-phosphate [c0][c0] => (1)  PPi [c0][c0] + (1)  GDP-mannose [c0][c0]	rxn00641	MAN1PT	R00885	Fructose and mannose metabolism|Amino sugar and nucleotide sugar metabolism	Alginate-Biosynthesis|Ascorbate-Biosynthesis|Biosynthesis|CARBO-BIOSYNTHESIS|COLANSYN-PWY|Carbohydrates-Biosynthesis|Cell-Structure-Biosynthesis|Cofactor-Biosynthesis|GDP-Mannose-Biosynthesis|Polysaccharides-Biosynthesis|SUGAR-NUCLEOTIDES|Vitamin-Biosynthesis
rxn00361_c0	>	Cytosol	(Annotated_genome.CDS.3155 or Annotated_genome.CDS.3155)	ATP:adenylylsulfate 3'-phosphotransferase [c0]		-14.03		(1)  cpd00002[c0] + (1)  cpd00193[c0] => (1)  cpd00008[c0] + (1)  cpd00044[c0] + (1)  cpd00067[c0]	(1)  ATP [c0][c0] + (1)  APS [c0][c0] => (1)  ADP [c0][c0] + (1)  3-phosphoadenylylsulfate [c0][c0] + (1)  H+ [c0][c0]	rxn00361	ADSK	R00509	Purine metabolism|Sulfur metabolism	Activation|Activation-Inactivation-Interconversion|Amino-Acid-Biosynthesis|Biosynthesis|Degradation|IND-AMINO-ACID-SYN|METHIONINE-SYN|Noncarbon-Nutrients|SO4ASSIM-PWY|SULFATE-CYS-PWY|Sulfate-Reduction|Sulfur-Assimilation
rxn02679_c0	=	Cytosol	((Annotated_genome.CDS.2198 or Annotated_genome.CDS.166) or (Annotated_genome.CDS.401 or Annotated_genome.CDS.453 or Annotated_genome.CDS.4278) or (Annotated_genome.CDS.3431 or Annotated_genome.CDS.3582 or Annotated_genome.CDS.1461 or Annotated_genome.CDS.3609 or Annotated_genome.CDS.3675 or Annotated_genome.CDS.1466 or Annotated_genome.CDS.4279 or Annotated_genome.CDS.768 or Annotated_genome.CDS.2002 or Annotated_genome.CDS.1583 or Annotated_genome.CDS.4262 or Annotated_genome.CDS.3332))	Octanoyl-CoA:oxygen 2-oxidoreductase [c0]		7.23		(1)  cpd00015[c0] + (1)  cpd00067[c0] + (1)  cpd01335[c0] <=> (1)  cpd00982[c0] + (1)  cpd03130[c0]	(1)  FAD [c0][c0] + (1)  H+ [c0][c0] + (1)  Octanoyl-CoA [c0][c0] <=> (1)  FADH2 [c0][c0] + (1)  (2E) -Octenoyl-CoA [c0][c0]	rxn02679	ACOAD3f	R03777	Fatty acid degradation	
rxn07434_c0	>	Cytosol	Annotated_genome.CDS.3606	R07603 [c0]		-6.87		(1)  cpd00056[c0] + (1)  cpd00067[c0] + (1)  cpd00508[c0] => (1)  cpd00011[c0] + (1)  cpd14702[c0]	(1)  TPP [c0][c0] + (1)  H+ [c0][c0] + (1)  3MOP [c0][c0] => (1)  CO2 [c0][c0] + (1)  2-Methyl-1-hydroxybutyl-TPP [c0][c0]	rxn07434		R07603	Valine, leucine and isoleucine degradation	
rxn01974_c0	=	Cytosol	Annotated_genome.CDS.300	LL-2,6-Diaminoheptanedioate 2-epimerase [c0]	5.1.1.7	0		(1)  cpd00504[c0] <=> (1)  cpd00516[c0]	(1)  LL-2,6-Diaminopimelate [c0][c0] <=> (1)  meso-2,6-Diaminopimelate [c0][c0]	rxn01974	DAPE	R02735	Lysine biosynthesis	Amino-Acid-Biosynthesis|Biosynthesis|DAPLYSINESYN-PWY|IND-AMINO-ACID-SYN|LYSINE-SYN|P4-PWY|PWY0-781
rxn00242_c0	>	Cytosol	(Annotated_genome.CDS.1530 or Annotated_genome.CDS.3114)	guanosine-3',5'-bis(diphosphate) 3'-diphosphohydrolase [c0]		-3.74		(1)  cpd00001[c0] + (1)  cpd00905[c0] => (1)  cpd00012[c0] + (1)  cpd00031[c0]	(1)  H2O [c0][c0] + (1)  Guanosine 3',5'-bis(diphosphate)  [c0][c0] => (1)  PPi [c0][c0] + (1)  GDP [c0][c0]	rxn00242	G35DP	R00336	Purine metabolism	Biosynthesis|Metabolic-Regulators|PPGPPMET-PWY
rxn12641_c0	=	Cytosol	(Annotated_genome.CDS.4159 or Annotated_genome.CDS.1275 or Annotated_genome.CDS.3788 or Annotated_genome.CDS.9)	RXN0-6977.c [c0]		-0.46		(1)  cpd00001[c0] + (1)  cpd11585[c0] <=> (1)  cpd00033[c0] + (1)  cpd00035[c0]	(1)  H2O [c0][c0] + (1)  L-alanylglycine [c0][c0] <=> (1)  Glycine [c0][c0] + (1)  L-Alanine [c0][c0]	rxn12641	MEAMP1(ala-gly)			
rxn00568_c0	<	Cytosol	(Annotated_genome.CDS.2307 and Annotated_genome.CDS.2306)	NIRBD-RXN.c [c0]		-91.6		(2)  cpd00001[c0] + (3)  cpd00003[c0] + (1)  cpd00013[c0] <= (3)  cpd00004[c0] + (5)  cpd00067[c0] + (1)  cpd00075[c0]	(2)  H2O [c0][c0] + (3)  NAD [c0][c0] + (1)  NH3 [c0][c0] <= (3)  NADH [c0][c0] + (5)  H+ [c0][c0] + (1)  Nitrite [c0][c0]	rxn00568	NTRIR2x			Degradation|NITROGEN-DEG|Nitrate-Reduction|Noncarbon-Nutrients|Other-Degradation
rxn00762_c0	=	Cytosol	Annotated_genome.CDS.582	glycerol:NAD+ 2-oxidoreductase [c0]	1.1.1.6	3.76		(1)  cpd00003[c0] + (1)  cpd00100[c0] <=> (1)  cpd00004[c0] + (1)  cpd00067[c0] + (1)  cpd00157[c0]	(1)  NAD [c0][c0] + (1)  Glycerol [c0][c0] <=> (1)  NADH [c0][c0] + (1)  H+ [c0][c0] + (1)  Glycerone [c0][c0]	rxn00762	GLYCDx	R01034	Glycerolipid metabolism	Alcohol-Degradation|Biosynthesis|Cell-Structure-Biosynthesis|Degradation|Energy-Metabolism|GLYCEROL-DEG|GLYCEROLMETAB-PWY|GOLPDLCAT-PWY
rxn05316_c0	=	Cytosol	Annotated_genome.CDS.3292	TRANS-RXNBWI-115572.ce.maizeexp.INOSINE_INOSINE [c0]		0		(1)  cpd00067[e0] + (1)  cpd00246[e0] <=> (1)  cpd00067[c0] + (1)  cpd00246[c0]	(1)  H+ [e0][e0] + (1)  Inosine [e0][e0] <=> (1)  H+ [c0][c0] + (1)  Inosine [c0][c0]	rxn05316	INSt2			
rxn04384_c0	>	Cytosol	Annotated_genome.CDS.2990	adenosylcobyric acid:(R)-1-aminopropan-2-yl phosphate ligase [c0]		-6.35		(1)  cpd00002[c0] + (1)  cpd02547[c0] + (1)  cpd03917[c0] => (1)  cpd00008[c0] + (1)  cpd00009[c0] + (1)  cpd00067[c0] + (1)  cpd03919[c0]	(1)  ATP [c0][c0] + (1)  (R) -1-Aminopropan-2-yl phosphate [c0][c0] + (1)  Adenosylcobyric acid [c0][c0] => (1)  ADP [c0][c0] + (1)  Phosphate [c0][c0] + (1)  H+ [c0][c0] + (1)  Adenosyl cobinamide phosphate [c0][c0]	rxn04384	ADCOBAPS	R06529	Porphyrin and chlorophyll metabolism	Adenosylcobalamin-Biosynthesis|Biosynthesis|Cobalamin-Biosynthesis|Cofactor-Biosynthesis|P381-PWY|Vitamin-Biosynthesis
rxn02775_c0	=	Cytosol	Annotated_genome.CDS.3947	S-adenosyl-L-methionine:precorrin-4 C20-methyltransferase [c0]	2.1.1.130			(1)  cpd00017[c0] + (1)  cpd01620[c0] <=> (1)  cpd00019[c0] + (1)  cpd00067[c0] + (1)  cpd03420[c0]	(1)  S-Adenosyl-L-methionine [c0][c0] + (1)  Precorrin 2 [c0][c0] <=> (1)  S-Adenosyl-homocysteine [c0][c0] + (1)  H+ [c0][c0] + (1)  Precorrin 3A [c0][c0]	rxn02775	PC20M	R03948	Porphyrin and chlorophyll metabolism	Adenosylcobalamin-Biosynthesis|Biosynthesis|Cobalamin-Biosynthesis|Cofactor-Biosynthesis|P381-PWY|Vitamin-Biosynthesis
rxn00060_c0	>	Cytosol	Annotated_genome.CDS.1550	porphobilinogen:(4-[2-carboxyethyl]-3-[carboxymethyl]pyrrol-2-yl)methyltransferase (hydrolysing) [c0]		-25.97		(1)  cpd00001[c0] + (4)  cpd00689[c0] => (4)  cpd00013[c0] + (1)  cpd00755[c0]	(1)  H2O [c0][c0] + (4)  Porphobilinogen [c0][c0] => (4)  NH3 [c0][c0] + (1)  Hydroxymethylbilane [c0][c0]	rxn00060	HEM3	R00084	Porphyrin and chlorophyll metabolism	Biosynthesis|Chlorophyll-Biosynthesis|Chlorophyll-a-Biosynthesis|Cofactor-Biosynthesis|HEME-SYN|Porphyrin-Compounds-Biosynthesis|Tetrapyrrole-Biosynthesis
rxn00225_c0	=	Cytosol	(Annotated_genome.CDS.2100 or Annotated_genome.CDS.3172)	ATP:acetate phosphotransferase [c0]		-5.36		(1)  cpd00002[c0] + (1)  cpd00029[c0] <=> (1)  cpd00008[c0] + (1)  cpd00196[c0]	(1)  ATP [c0][c0] + (1)  Acetate [c0][c0] <=> (1)  ADP [c0][c0] + (1)  Acetylphosphate [c0][c0]	rxn00225	ACKr	R00315	Taurine and hypotaurine metabolism|Pyruvate metabolism|Methane metabolism|Carbon fixation pathways in prokaryotes	ACETATEUTIL-PWY|AROMATIC-COMPOUNDS-DEGRADATION|Acetate-Formation|Acetyl-CoA-Butyrate|Amino-Acid-Degradation|CARBOXYLATES-DEG|Carbohydrates-Degradation|Degradation|Energy-Metabolism|FERMENTATION-PWY|Fermentation|GALLATE-DEG|LYSINE-DEG|METH-ACETATE-PWY|METHANOGENESIS|NUCLEO-DEG|Other-Degradation|P124-PWY|P142-PWY|P161-PWY|P163-PWY|P164-PWY|P3-PWY|P41-PWY|P441-PWY|P461-PWY|PROPFERM-PWY|PWY0-1312|Purine-Degradation|Pyruvate-Degradation|SECONDARY-METABOLITE-DEGRADATION|SUGAR-ALCOHOLS-DEG|Sugar-Derivatives|Sugars-And-Polysaccharides
rxn05350_c0	>	Cytosol	(Annotated_genome.CDS.501 or Annotated_genome.CDS.1999 or (Annotated_genome.CDS.1013 or Annotated_genome.CDS.1998))	hexanoyl-[acyl-carrier protein]:malonyl-[acyl-carrier-protein] C-acyltransferase (decarboxylating) [c0]		-7.37		(1)  cpd00067[c0] + (1)  cpd11472[c0] + (1)  cpd11492[c0] => (1)  cpd00011[c0] + (1)  cpd11490[c0] + (1)  cpd11493[c0]	(1)  H+ [c0][c0] + (1)  Hexanoyl-ACP [c0][c0] + (1)  Malonyl-acyl-carrierprotein- [c0][c0] => (1)  CO2 [c0][c0] + (1)  3-oxooctanoyl-acp [c0][c0] + (1)  ACP [c0][c0]	rxn05350	3OAS80	R04957	Fatty acid biosynthesis	Biosynthesis|Fatty-acid-biosynthesis|Lipid-Biosynthesis|Palmitate-Biosynthesis
rxn09198_c0	>	Cytosol	Annotated_genome.CDS.3577	Phosphatidylserine decarboxylase (n-C14:0) [c0]		-73.2		(2)  cpd00067[c0] + (1)  cpd15553[c0] => (1)  cpd00011[c0] + (1)  cpd15529[c0]	(2)  H+ [c0][c0] + (1)  phosphatidylserine ditetradecanoyl [c0][c0] => (1)  CO2 [c0][c0] + (1)  phosphatidylethanolamine ditetradecanoyl [c0][c0]	rxn09198	PSD140			
rxn08838_c0	=	Cytosol	Annotated_genome.CDS.1138	Lysophospholipase L2 (2-acylglycerophosphoethanolamine, n-C12:0) [c0]		-335.08		(1)  cpd00001[c0] + (1)  cpd15336[c0] <=> (1)  cpd00067[c0] + (1)  cpd00908[c0] + (1)  cpd01741[c0]	(1)  H2O [c0][c0] + (1)  2-Acyl-sn-glycero-3-phosphoethanolamine dodecanoyl [c0][c0] <=> (1)  H+ [c0][c0] + (1)  Glycerophosphoethanolamine [c0][c0] + (1)  ddca [c0][c0]	rxn08838	LPLIPAL2E120			
rxn05064_c0	>	Cytosol	Annotated_genome.CDS.61	carbamate hydro-lyase [c0]		3.53		(2)  cpd00067[c0] + (1)  cpd01101[c0] => (1)  cpd00011[c0] + (1)  cpd00013[c0]	(2)  H+ [c0][c0] + (1)  Carbamate [c0][c0] => (1)  CO2 [c0][c0] + (1)  NH3 [c0][c0]	rxn05064		R07316		CYANCAT-PWY|Degradation|Detoxification|NITROGEN-DEG|NUCLEO-DEG|Noncarbon-Nutrients|PWY0-1471|Pyrimidine-Degradation|Uracil-Degradation
rxn00148_c0	<	Cytosol	Annotated_genome.CDS.4469	ATP:pyruvate 2-O-phosphotransferase [c0]		-4.92		(1)  cpd00002[c0] + (1)  cpd00020[c0] <= (1)  cpd00008[c0] + (1)  cpd00061[c0] + (1)  cpd00067[c0]	(1)  ATP [c0][c0] + (1)  Pyruvate [c0][c0] <= (1)  ADP [c0][c0] + (1)  Phosphoenolpyruvate [c0][c0] + (1)  H+ [c0][c0]	rxn00148	CDC19	R00200	Glycolysis / Gluconeogenesis|Purine metabolism|Pyruvate metabolism|Carbon fixation in photosynthetic organisms	ANAEROBIC-RESPIRATION|ANAEROFRUCAT-PWY|ANAGLYCOLYSIS-PWY|ANARESP1-PWY|Biosynthesis|CARBO-BIOSYNTHESIS|CARBOXYLATES-DEG|Carbohydrates-Biosynthesis|Carbohydrates-Degradation|Degradation|Energy-Metabolism|FERMENTATION-PWY|Fermentation|GLYCOLYSIS|GLYCOLYSIS-E-D|GLYCOLYSIS-TCA-GLYOX-BYPASS|GLYCOLYSIS-VARIANTS|Gluconeogenesis|NPGLUCAT-PWY|P122-PWY|P124-PWY|P341-PWY|P441-PWY|P461-PWY|Respiration|SECONDARY-METABOLITE-DEGRADATION|SUCROSE-DEG|SUGAR-ALCOHOLS-DEG|Sugar-Derivatives|Sugars-And-Polysaccharides|TCA-VARIANTS|Xylose-Degradation
rxn00100_c0	>	Cytosol	Annotated_genome.CDS.680	ATP:dephospho-CoA 3'-phosphotransferase [c0]		-14.03		(1)  cpd00002[c0] + (1)  cpd00655[c0] => (1)  cpd00008[c0] + (1)  cpd00010[c0] + (1)  cpd00067[c0]	(1)  ATP [c0][c0] + (1)  Dephospho-CoA [c0][c0] => (1)  ADP [c0][c0] + (1)  CoA [c0][c0] + (1)  H+ [c0][c0]	rxn00100	DPCOAK	R00130	Pantothenate and CoA biosynthesis	Biosynthesis|COA-PWY|CoA-Biosynthesis|Cofactor-Biosynthesis|PANTOSYN-PWY|Vitamin-Biosynthesis
rxn02281_c0	>	Cytosol	(Annotated_genome.CDS.375 or Annotated_genome.CDS.376)	N-Methylimidazolidine-2,4-dione amidohydrolase (ATP-hydrolysing) [c0]	3.5.2.14	-14.36		(2)  cpd00001[c0] + (1)  cpd00002[c0] + (1)  cpd01679[c0] => (1)  cpd00008[c0] + (1)  cpd00009[c0] + (2)  cpd00067[c0] + (1)  cpd00768[c0]	(2)  H2O [c0][c0] + (1)  ATP [c0][c0] + (1)  N-Methylhydantoin [c0][c0] => (1)  ADP [c0][c0] + (1)  Phosphate [c0][c0] + (2)  H+ [c0][c0] + (1)  N-Carbamoylsarcosine [c0][c0]	rxn02281		R03187	Arginine and proline metabolism	AMINE-DEG|Creatinine-Degradation|Degradation
rxn00514_c0	>	Cytosol	Annotated_genome.CDS.3979	Inosine 5'-triphosphate pyrophosphohydrolase [c0]		-27.3		(1)  cpd00001[c0] + (1)  cpd00068[c0] => (1)  cpd00012[c0] + (2)  cpd00067[c0] + (1)  cpd00114[c0]	(1)  H2O [c0][c0] + (1)  ITP [c0][c0] => (1)  PPi [c0][c0] + (2)  H+ [c0][c0] + (1)  IMP [c0][c0]	rxn00514	ITPASE2	R00720	Purine metabolism	
rxn00789_c0	<	Cytosol	Annotated_genome.CDS.3783	1-(5-phospho-D-ribosyl)-ATP:diphosphate phospho-alpha-D-ribosyl-transferase [c0]		17.21		(1)  cpd00012[c0] + (1)  cpd00067[c0] + (1)  cpd01775[c0] <= (1)  cpd00002[c0] + (1)  cpd00103[c0]	(1)  PPi [c0][c0] + (1)  H+ [c0][c0] + (1)  Phosphoribosyl-ATP [c0][c0] <= (1)  ATP [c0][c0] + (1)  PRPP [c0][c0]	rxn00789	ATPPRT	R01071	Histidine metabolism	Amino-Acid-Biosynthesis|Biosynthesis|HISTIDINE-SYN|HISTSYN-PWY|IND-AMINO-ACID-SYN|PRPP-PWY
rxn03436_c0	=	Cytosol	Annotated_genome.CDS.1712	(S)-2-Aceto-2-hydroxybutanoate:NADP+ oxidoreductase (isomerizing) [c0]		2.46		(1)  cpd00498[c0] <=> (1)  cpd10162[c0]	(1)  2-Aceto-2-hydroxybutanoate [c0][c0] <=> (1)  (R) -3-Hydroxy-3-methyl-2-oxopentanoate [c0][c0]	rxn03436		R05069	Valine, leucine and isoleucine biosynthesis	
rxn05390_c0	=	Cytosol	(Annotated_genome.CDS.502 or (Annotated_genome.CDS.3228 or Annotated_genome.CDS.2000))	7-methyl-3-hydroxy-octanoyl-ACP hydro-lyase [c0]		2.163		(1)  cpd11526[c0] <=> (1)  cpd00001[c0] + (1)  cpd11527[c0]	(1)  7-methyl-3-hydroxy-octanoyl-ACP [c0][c0] <=> (1)  H2O [c0][c0] + (1)  7-methyl-trans-oct-2-enoyl-ACP [c0][c0]	rxn05390				
rxn05437_c0	>	Cytosol	(Annotated_genome.CDS.500 or Annotated_genome.CDS.3522 or Annotated_genome.CDS.3653)	12-methyl-trans-tetra-dec-2-enoyl-ACP:NAD+ oxidoreductase (A-specific) [c0]		-16.55		(1)  cpd00004[c0] + (1)  cpd00067[c0] + (1)  cpd11514[c0] => (1)  cpd00003[c0] + (1)  cpd11515[c0]	(1)  NADH [c0][c0] + (1)  H+ [c0][c0] + (1)  12-methyl-trans-tetra-dec-2-enoyl-ACP [c0][c0] => (1)  NAD [c0][c0] + (1)  12-methyl-tetra-decanoyl-ACP [c0][c0]	rxn05437				
rxn05158_c0	>	Cytosol	(Annotated_genome.CDS.2157 and (Annotated_genome.CDS.3845 or Annotated_genome.CDS.2156))	ATP phosphohydrolase (glycerol-3-phosphate-importing) [c0]		-6.82		(1)  cpd00001[c0] + (1)  cpd00002[c0] + (1)  cpd00080[e0] => (1)  cpd00008[c0] + (1)  cpd00009[c0] + (1)  cpd00067[c0] + (1)  cpd00080[c0]	(1)  H2O [c0][c0] + (1)  ATP [c0][c0] + (1)  Glycerol-3-phosphate [e0][e0] => (1)  ADP [c0][c0] + (1)  Phosphate [c0][c0] + (1)  H+ [c0][c0] + (1)  Glycerol-3-phosphate [c0][c0]	rxn05158	GLYC3Pabc			
rxn00781_c0	=	Cytosol	Annotated_genome.CDS.1949	D-glyceraldehyde-3-phosphate:NAD+ oxidoreductase (phosphorylating) [c0]		-9.89		(1)  cpd00003[c0] + (1)  cpd00009[c0] + (1)  cpd00102[c0] <=> (1)  cpd00004[c0] + (1)  cpd00067[c0] + (1)  cpd00203[c0]	(1)  NAD [c0][c0] + (1)  Phosphate [c0][c0] + (1)  Glyceraldehyde3-phosphate [c0][c0] <=> (1)  NADH [c0][c0] + (1)  H+ [c0][c0] + (1)  1,3-Bisphospho-D-glycerate [c0][c0]	rxn00781	GAPD	R01061	Glycolysis / Gluconeogenesis|Carbon fixation in photosynthetic organisms	ANAEROFRUCAT-PWY|ANAGLYCOLYSIS-PWY|Biosynthesis|C1-COMPOUNDS|CARBO-BIOSYNTHESIS|CARBOXYLATES-DEG|Carbohydrates-Biosynthesis|Carbohydrates-Degradation|Degradation|Energy-Metabolism|Fermentation|Formaldehyde-Assimilation|GLUCONEO-PWY|GLYCOLYSIS|GLYCOLYSIS-E-D|GLYCOLYSIS-TCA-GLYOX-BYPASS|GLYCOLYSIS-VARIANTS|Gluconeogenesis|P122-PWY|P124-PWY|P185-PWY|P441-PWY|P461-PWY|SECONDARY-METABOLITE-DEGRADATION|SUCROSE-DEG|SUCSYN-PWY|SUGAR-ALCOHOLS-DEG|Sugar-Derivatives|Sugars-And-Polysaccharides|TCA-VARIANTS|Xylose-Degradation
rxn05319_c0	=	Cytosol	(Annotated_genome.CDS.773 or Annotated_genome.CDS.289)	TRANS-RXNBWI-115401.ce.maizeexp.OH_OH [c0]		0		(1)  cpd00001[e0] <=> (1)  cpd00001[c0]	(1)  H2O [e0][e0] <=> (1)  H2O [c0][c0]	rxn05319	H2Ot			
rxn00881_c0	>	Cytosol	Annotated_genome.CDS.1954	1D-myo-Inositol 1-phosphate phosphohydrolase [c0]		7.21		(1)  cpd00001[c0] + (1)  cpd00867[c0] => (1)  cpd00009[c0] + (1)  cpd00121[c0]	(1)  H2O [c0][c0] + (1)  Inositol 1-phosphate [c0][c0] => (1)  Phosphate [c0][c0] + (1)  L-Inositol [c0][c0]	rxn00881	MI1PP	R01185	Inositol phosphate metabolism	CYCLITOLS-DEG|Degradation|Phytate-Degradation|SECONDARY-METABOLITE-DEGRADATION|Sugar-Derivatives
rxn05298_c0	=	Cytosol	Annotated_genome.CDS.2643	Na+/glutamate symport [c0]		0		(1)  cpd00023[e0] + (1)  cpd00971[e0] <=> (1)  cpd00023[c0] + (1)  cpd00971[c0]	(1)  L-Glutamate [e0][e0] + (1)  Na+ [e0][e0] <=> (1)  L-Glutamate [c0][c0] + (1)  Na+ [c0][c0]	rxn05298	GLUt4			
rxn01355_c0	>	Cytosol	(Annotated_genome.CDS.3766 and Annotated_genome.CDS.1632)	Propanoyl-CoA:carbon-dioxide ligase (ADP-forming) [c0]		-2.88		(1)  cpd00002[c0] + (1)  cpd00086[c0] + (1)  cpd00242[c0] => (1)  cpd00008[c0] + (1)  cpd00009[c0] + (1)  cpd00067[c0] + (1)  cpd00519[c0]	(1)  ATP [c0][c0] + (1)  Propionyl-CoA [c0][c0] + (1)  H2CO3 [c0][c0] => (1)  ADP [c0][c0] + (1)  Phosphate [c0][c0] + (1)  H+ [c0][c0] + (1)  D-methylmalonyl-CoA [c0][c0]	rxn01355		R01859	Valine, leucine and isoleucine degradation|Glyoxylate and dicarboxylate metabolism|Propanoate metabolism|Carbon fixation pathways in prokaryotes	2-Oxobutanoate-Degradation|Amino-Acid-Degradation|Autotrophic-CO2-Fixation|C1-COMPOUNDS|CARBOXYLATES-DEG|CO2-Fixation|Degradation|Energy-Metabolism|METHIONINE-DEG|PROPIONMET-PWY|Propionate-Degradation
rxn00292_c0	>	Cytosol	Annotated_genome.CDS.605	UDP-N-acetyl-D-glucosamine 2-epimerase [c0]		-4.81		(1)  cpd00001[c0] + (1)  cpd00037[c0] => (1)  cpd00014[c0] + (1)  cpd00492[c0]	(1)  H2O [c0][c0] + (1)  UDP-N-acetylglucosamine [c0][c0] => (1)  UDP [c0][c0] + (1)  N-Acetyl-D-mannosamine [c0][c0]	rxn00292	UAG2EMA	R00414	Amino sugar and nucleotide sugar metabolism	
rxn08336_c0	>	Cytosol	Annotated_genome.CDS.504	dihydroorotic acid (menaquinone-8) [c0]		151.79		(1)  cpd00282[c0] + (1)  cpd15500[c0] => (1)  cpd00247[c0] + (1)  cpd15499[c0]	(1)  S-Dihydroorotate [c0][c0] + (1)  Menaquinone 8 [c0][c0] => (1)  Orotate [c0][c0] + (1)  Menaquinol 8 [c0][c0]	rxn08336	DHORD5			
rxn03864_c0	=	Cytosol	Annotated_genome.CDS.3659	R05582 [c0]		2.3		(1)  cpd00003[c0] + (1)  cpd06704[c0] <=> (1)  cpd00004[c0] + (1)  cpd00067[c0] + (1)  cpd06705[c0]	(1)  NAD [c0][c0] + (1)  2-Hydroxycyclohexane-1-carboxyl-CoA [c0][c0] <=> (1)  NADH [c0][c0] + (1)  H+ [c0][c0] + (1)  2-Oxocyclohexane-1-carbonyl-CoA [c0][c0]	rxn03864		R05582	Benzoate degradation	AROMATIC-COMPOUNDS-DEGRADATION|Benzoyl-CoA-Degradation|Degradation|P321-PWY
rxn05401_c0	=	Cytosol	Annotated_genome.CDS.2407	13-methyl-3-oxo-tetra-decanoyl-ACP:NADP+ oxidoreductase [c0]		-3.76		(1)  cpd00005[c0] + (1)  cpd00067[c0] + (1)  cpd11537[c0] <=> (1)  cpd00006[c0] + (1)  cpd11538[c0]	(1)  NADPH [c0][c0] + (1)  H+ [c0][c0] + (1)  13-methyl-3-oxo-tetra-decanoyl-ACP [c0][c0] <=> (1)  NADP [c0][c0] + (1)  13-methyl-3-hydroxy-tetra-decanoyl-ACP [c0][c0]	rxn05401				
rxn02264_c0	=	Cytosol	Annotated_genome.CDS.1551	Hydroxymethylbilane hydro-lyase(cyclizing) [c0]				(1)  cpd00755[c0] <=> (1)  cpd00001[c0] + (1)  cpd00774[c0]	(1)  Hydroxymethylbilane [c0][c0] <=> (1)  H2O [c0][c0] + (1)  UroporphyrinogenIII [c0][c0]	rxn02264	HEM4	R03165	Porphyrin and chlorophyll metabolism	Biosynthesis|Chlorophyll-Biosynthesis|Chlorophyll-a-Biosynthesis|Cofactor-Biosynthesis|HEME-SYN|Porphyrin-Compounds-Biosynthesis|Tetrapyrrole-Biosynthesis
rxn05157_c0	>	Cytosol	(Annotated_genome.CDS.3514 and Annotated_genome.CDS.3511 and Annotated_genome.CDS.3515 and Annotated_genome.CDS.3513 and Annotated_genome.CDS.3512)	Urea-ABC transport [c0]		-6.817		(1)  cpd00001[c0] + (1)  cpd00002[c0] + (1)  cpd00073[e0] => (1)  cpd00008[c0] + (1)  cpd00009[c0] + (1)  cpd00067[c0] + (1)  cpd00073[c0]	(1)  H2O [c0][c0] + (1)  ATP [c0][c0] + (1)  Urea [e0][e0] => (1)  ADP [c0][c0] + (1)  Phosphate [c0][c0] + (1)  H+ [c0][c0] + (1)  Urea [c0][c0]	rxn05157				
rxn05198_c0	=	Cytosol	Annotated_genome.CDS.3292	Transport of cytidine, extracellular [c0]		0		(1)  cpd00067[e0] + (1)  cpd00367[e0] <=> (1)  cpd00067[c0] + (1)  cpd00367[c0]	(1)  H+ [e0][e0] + (1)  Cytidine [e0][e0] <=> (1)  H+ [c0][c0] + (1)  Cytidine [c0][c0]	rxn05198	CYTDt2			
rxn09202_c0	>	Cytosol	Annotated_genome.CDS.3577	Phosphatidylserine decarboxylase (n-C18:0) [c0]		-73.2		(2)  cpd00067[c0] + (1)  cpd15557[c0] => (1)  cpd00011[c0] + (1)  cpd15533[c0]	(2)  H+ [c0][c0] + (1)  phosphatidylserine dioctadecanoyl [c0][c0] => (1)  CO2 [c0][c0] + (1)  phosphatidylethanolamine dioctadecanoyl [c0][c0]	rxn09202	PSD180			
rxn01451_c0	=	Cytosol	((Annotated_genome.CDS.3831 or Annotated_genome.CDS.4483 or Annotated_genome.CDS.3915 or Annotated_genome.CDS.1597 or Annotated_genome.CDS.2162 or Annotated_genome.CDS.3028 or Annotated_genome.CDS.4286 or Annotated_genome.CDS.4034 or Annotated_genome.CDS.1762 or Annotated_genome.CDS.3331 or Annotated_genome.CDS.2200 or Annotated_genome.CDS.3898 or Annotated_genome.CDS.4130 or Annotated_genome.CDS.1589 or Annotated_genome.CDS.4054 or Annotated_genome.CDS.3594 or Annotated_genome.CDS.2383 or Annotated_genome.CDS.403 or Annotated_genome.CDS.3583 or Annotated_genome.CDS.3648 or Annotated_genome.CDS.4317 or Annotated_genome.CDS.1649) or (Annotated_genome.CDS.3186 or Annotated_genome.CDS.1597 or Annotated_genome.CDS.2196 or Annotated_genome.CDS.1245 or Annotated_genome.CDS.403 or Annotated_genome.CDS.167 or Annotated_genome.CDS.2162 or Annotated_genome.CDS.2197) or Annotated_genome.CDS.3492)	(S)-3-Hydroxybutanoyl-CoA:NAD+ oxidoreductase [c0]		3.76		(1)  cpd00003[c0] + (1)  cpd00842[c0] <=> (1)  cpd00004[c0] + (1)  cpd00067[c0] + (1)  cpd00279[c0]	(1)  NAD [c0][c0] + (1)  (S) -3-Hydroxybutyryl-CoA [c0][c0] <=> (1)  NADH [c0][c0] + (1)  H+ [c0][c0] + (1)  Acetoacetyl-CoA [c0][c0]	rxn01451	HACD1	R01975	Fatty acid degradation|Lysine degradation|Tryptophan metabolism|Butanoate metabolism|Carbon fixation pathways in prokaryotes	AROMATIC-COMPOUNDS-DEGRADATION|Amino-Acid-Degradation|Autotrophic-CO2-Fixation|C1-COMPOUNDS|CARBOXYLATES-DEG|CENTFERM-PWY|CO2-Fixation|Degradation|Energy-Metabolism|Fermentation|GLUDEG-II-PWY|GLUTAMATE-DEG|Pyruvate-Degradation|TOLUENE-DEG|TRYPTOPHAN-DEG|TRYPTOPHAN-DEGRADATION-1
rxn03903_c0	=	Cytosol	Annotated_genome.CDS.564	UDPMurAc(oyl-L-Ala-D-gamma-Glu-L-Lys-D-Ala-D-Ala):undecaprenyl-phosphate phospho-N-acetylmuramoyl-pentapeptide-transferase [c0]		0		(1)  cpd00286[c0] + (1)  cpd02862[c0] <=> (1)  cpd00091[c0] + (1)  cpd02948[c0]	(1)  Undecaprenylphosphate [c0][c0] + (1)  UDPMurAc(oyl-L-Ala-D-gamma-Glu-L-Lys-D-Ala-D-Ala)  [c0][c0] <=> (1)  UMP [c0][c0] + (1)  MurAc(oyl-L-Ala-D-gamma-Glu-L-Lys-D-Ala-D-Ala) -diphospho- undecaprenol [c0][c0]	rxn03903	PAPPT2	R05629	Peptidoglycan biosynthesis	
rxn00097_c0	=	Cytosol	Annotated_genome.CDS.2856	ATP:AMP phosphotransferase [c0]		9.53		(1)  cpd00002[c0] + (1)  cpd00018[c0] + (1)  cpd00067[c0] <=> (2)  cpd00008[c0]	(1)  ATP [c0][c0] + (1)  AMP [c0][c0] + (1)  H+ [c0][c0] <=> (2)  ADP [c0][c0]	rxn00097	ADK1	R00127	Purine metabolism	Biosynthesis|DENOVOPURINE2-PWY|Metabolic-Clusters|Nucleotide-Biosynthesis|P1-PWY|PRPP-PWY|PUR-NUC-SYN|PYR-NUC-SYN|Purine-Nucleotide-De-Novo-Biosynthesis|Purine-Nucleotides-Salvage
rxn05514_c0	=	Cytosol	Annotated_genome.CDS.2252	calcium transport in/out via proton antiporter [c0]	2.A.19|TC-2.A.19	0		(1)  cpd00063[c0] + (1)  cpd00067[e0] <=> (1)  cpd00063[e0] + (1)  cpd00067[c0]	(1)  Ca2+ [c0][c0] + (1)  H+ [e0][e0] <=> (1)  Ca2+ [e0][e0] + (1)  H+ [c0][c0]	rxn05514	CAt4			
rxn02212_c0	>	Cytosol	Annotated_genome.CDS.1242	2-Dehydro-3-deoxy-D-arabino-heptonate 7-phosphate phosphate-lyase (cyclyzing) [c0]	4.2.3.4	-7.4		(1)  cpd02857[c0] => (1)  cpd00009[c0] + (1)  cpd00699[c0]	(1)  DAHP [c0][c0] => (1)  Phosphate [c0][c0] + (1)  5-Dehydroquinate [c0][c0]	rxn02212	ARO1_1	R03083	Phenylalanine, tyrosine and tryptophan biosynthesis	3-Dehydroquinate-Biosynthesis|ALL-CHORISMATE-PWY|ARO-PWY|AROMATIC-COMPOUNDS-BIOSYN|Amino-Acid-Biosynthesis|Biosynthesis|COMPLETE-ARO-PWY|Chorismate-Biosynthesis
rxn05324_c0	<	Cytosol	(Annotated_genome.CDS.500 or Annotated_genome.CDS.3522 or Annotated_genome.CDS.3653)	Dodecanoyl-[acyl-carrier protein]:malonyl-CoA C-acyltransferase(decarboxylating, oxoacyl- and enoyl-reducing) [c0]		16.55		(1)  cpd00003[c0] + (1)  cpd11468[c0] <= (1)  cpd00004[c0] + (2)  cpd00067[c0] + (1)  cpd11469[c0]	(1)  NAD [c0][c0] + (1)  Dodecanoyl-ACP [c0][c0] <= (1)  NADH [c0][c0] + (2)  H+ [c0][c0] + (1)  (2E) -Dodecenoyl-[acp] [c0][c0]	rxn05324	DDMAT5	R04724	Fatty acid biosynthesis	Biosynthesis|Fatty-acid-biosynthesis|Lipid-Biosynthesis|Palmitate-Biosynthesis
rxn10481_c0	>	Cytosol	(Annotated_genome.CDS.2098 or Annotated_genome.CDS.172 or Annotated_genome.CDS.1348 or Annotated_genome.CDS.2083 or Annotated_genome.CDS.4343)	Copper transport via ABC system [c0]		-6.82		(1)  cpd00001[c0] + (1)  cpd00002[c0] + (1)  cpd00058[e0] => (1)  cpd00008[c0] + (1)  cpd00009[c0] + (1)  cpd00058[c0] + (1)  cpd00067[c0]	(1)  H2O [c0][c0] + (1)  ATP [c0][c0] + (1)  Cu2+ [e0][e0] => (1)  ADP [c0][c0] + (1)  Phosphate [c0][c0] + (1)  Cu2+ [c0][c0] + (1)  H+ [c0][c0]	rxn10481	Cuabc			
rxn03535_c0	>	Cytosol	(Annotated_genome.CDS.2988 or Annotated_genome.CDS.876)	ATP:cob(I)yrinic acid-a,c-diamide Cobeta-adenosyltransferase [c0]				(1)  cpd00002[c0] + (1)  cpd00067[c0] + (1)  cpd03915[c0] => (1)  cpd00421[c0] + (1)  cpd03916[c0]	(1)  ATP [c0][c0] + (1)  H+ [c0][c0] + (1)  Cob(I) yrinate diamide [c0][c0] => (1)  Triphosphate [c0][c0] + (1)  Adenosyl cobyrinate diamide [c0][c0]	rxn03535	CYRDAAT	R05220	Porphyrin and chlorophyll metabolism	Adenosylcobalamin-Biosynthesis|Biosynthesis|Cobalamin-Biosynthesis|Cofactor-Biosynthesis|P381-PWY|Vitamin-Biosynthesis
rxn00692_c0	=	Cytosol	Annotated_genome.CDS.3248	5,10-Methylenetetrahydrofolate:glycine hydroxymethyltransferase [c0]		-0.05		(1)  cpd00001[c0] + (1)  cpd00033[c0] + (1)  cpd00125[c0] <=> (1)  cpd00054[c0] + (1)  cpd00087[c0]	(1)  H2O [c0][c0] + (1)  Glycine [c0][c0] + (1)  5-10-Methylenetetrahydrofolate [c0][c0] <=> (1)  L-Serine [c0][c0] + (1)  Tetrahydrofolate [c0][c0]	rxn00692	GHMT	R00945	Glycine, serine and threonine metabolism|Cyanoamino acid metabolism|Glyoxylate and dicarboxylate metabolism|One carbon pool by folate|Methane metabolism	1CMET2-PWY|AMINE-DEG|Amino-Acid-Biosynthesis|Biosynthesis|C1-COMPOUNDS|Cofactor-Biosynthesis|Degradation|Energy-Metabolism|Folate-Biosynthesis|Formaldehyde-Assimilation|GLYCINE-SYN|GLYSYN-PWY|IND-AMINO-ACID-SYN|NUCLEO-DEG|Photosynthesis|Purine-Degradation|SER-GLYSYN-PWY|Vitamin-Biosynthesis
rxn00802_c0	=	Cytosol	Annotated_genome.CDS.603	2-(Nomega-L-arginino)succinate arginine-lyase (fumarate-forming) [c0]		7.34		(1)  cpd02152[c0] <=> (1)  cpd00051[c0] + (1)  cpd00106[c0]	(1)  L-Argininosuccinate [c0][c0] <=> (1)  L-Arginine [c0][c0] + (1)  Fumarate [c0][c0]	rxn00802		R01086	Alanine, aspartate and glutamate metabolism|Arginine and proline metabolism	ARG+POLYAMINE-SYN|ARGININE-DEG|ARGININE-SYN|ARGININE-SYN4-PWY|ARGSYN-PWY|ARGSYNBSUB-PWY|Amino-Acid-Biosynthesis|Amino-Acid-Degradation|Biosynthesis|Citrulline-Biosynthesis|Degradation|IND-AMINO-ACID-SYN|Metabolic-Regulators|NITROGEN-DEG|Nitric-Oxide-Biosynthesis|Noncarbon-Nutrients|Other-Amino-Acid-Biosynthesis|Polyamine-Biosynthesis
rxn08440_c0	>	Cytosol	Annotated_genome.CDS.186	lauroyl-CoA hydrolase [c0]		-5.76		(1)  cpd00001[c0] + (1)  cpd01260[c0] => (1)  cpd00010[c0] + (1)  cpd00067[c0] + (1)  cpd01741[c0]	(1)  H2O [c0][c0] + (1)  Lauroyl-CoA [c0][c0] => (1)  CoA [c0][c0] + (1)  H+ [c0][c0] + (1)  ddca [c0][c0]	rxn08440	FACOAE120			Biosynthesis|Fatty-acid-biosynthesis|Lipid-Biosynthesis
rxn02160_c0	>	Cytosol	(Annotated_genome.CDS.3850 or Annotated_genome.CDS.1137)	L-Histidinol-phosphate phosphohydrolase [c0]		7.21		(1)  cpd00001[c0] + (1)  cpd00807[c0] => (1)  cpd00009[c0] + (1)  cpd00641[c0]	(1)  H2O [c0][c0] + (1)  L-histidinol-phosphate [c0][c0] => (1)  Phosphate [c0][c0] + (1)  L-Histidinol [c0][c0]	rxn02160	HIS2	R03013	Histidine metabolism	Amino-Acid-Biosynthesis|Biosynthesis|HISTIDINE-SYN|HISTSYN-PWY|IND-AMINO-ACID-SYN|PRPP-PWY
rxn08802_c0	=	Cytosol	Annotated_genome.CDS.1138	Lysophospholipase L1 (2-acylglycerophosphotidate, n-C18:1) (periplasm) [c0]		-291.05		(1)  cpd00001[c0] + (1)  cpd15328[c0] <=> (2)  cpd00067[c0] + (1)  cpd00080[c0] + (1)  cpd15269[c0]	(1)  H2O [c0][c0] + (1)  1-octadec-11-enoyl-sn-glycerol 3-phosphate [c0][c0] <=> (2)  H+ [c0][c0] + (1)  Glycerol-3-phosphate [c0][c0] + (1)  octadecenoate [c0][c0]	rxn08802	LPLIPAL1A181pp			
rxn10230_c0	>	Cytosol	Annotated_genome.CDS.3576	anteisopentadecanoyl-CDPdiacylglycerol-serine O-phosphatidyltransferase [c0]		-15.04		(1)  cpd00054[c0] + (1)  cpd15687[c0] => (1)  cpd00046[c0] + (2)  cpd00067[c0] + (1)  cpd15693[c0]	(1)  L-Serine [c0][c0] + (1)  CDP-1,2-dianteisopentadecanoylglycerol [c0][c0] => (1)  CMP [c0][c0] + (2)  H+ [c0][c0] + (1)  Dianteisopentadecanoylphosphatidylserine [c0][c0]	rxn10230				
rxn02720_c0	=	Cytosol	((Annotated_genome.CDS.2198 or Annotated_genome.CDS.166) or (Annotated_genome.CDS.401 or Annotated_genome.CDS.453 or Annotated_genome.CDS.4278) or (Annotated_genome.CDS.3431 or Annotated_genome.CDS.3582 or Annotated_genome.CDS.1461 or Annotated_genome.CDS.3609 or Annotated_genome.CDS.3675 or Annotated_genome.CDS.1466 or Annotated_genome.CDS.4279 or Annotated_genome.CDS.768 or Annotated_genome.CDS.2002 or Annotated_genome.CDS.1583 or Annotated_genome.CDS.4262 or Annotated_genome.CDS.3332))	Lauroyl-CoA:(acceptor) 2,3-oxidoreductase [c0]		7.23		(1)  cpd00015[c0] + (1)  cpd00067[c0] + (1)  cpd01260[c0] <=> (1)  cpd00982[c0] + (1)  cpd02060[c0]	(1)  FAD [c0][c0] + (1)  H+ [c0][c0] + (1)  Lauroyl-CoA [c0][c0] <=> (1)  FADH2 [c0][c0] + (1)  (2E) -Dodecenoyl-CoA [c0][c0]	rxn02720	ACOAD5f	R03857	Fatty acid degradation	
rxn00913_c0	>	Cytosol	(Annotated_genome.CDS.3133 or (Annotated_genome.CDS.1906 or Annotated_genome.CDS.1610))	Guanosine 5'-monophosphate phosphohydrolase [c0]		7.21		(1)  cpd00001[c0] + (1)  cpd00126[c0] => (1)  cpd00009[c0] + (1)  cpd00311[c0]	(1)  H2O [c0][c0] + (1)  GMP [c0][c0] => (1)  Phosphate [c0][c0] + (1)  Guanosine [c0][c0]	rxn00913	NTD9	R01227	Purine metabolism	AROMATIC-COMPOUNDS-DEGRADATION|Degradation|Guanosine-Nucleotides-Degradation|NUCLEO-DEG|P165-PWY|Purine-Degradation|Urate-Degradation
rxn01997_c0	>	Cytosol	(Annotated_genome.CDS.3371 or Annotated_genome.CDS.2686)	dTDPglucose 4,6-hydro-lyase [c0]		-13.9		(1)  cpd00626[c0] => (1)  cpd00001[c0] + (1)  cpd00521[c0]	(1)  dTDPglucose [c0][c0] => (1)  H2O [c0][c0] + (1)  dTDP-4-oxo-6-deoxy-D-glucose [c0][c0]	rxn01997	TDPGDH	R06513	Streptomycin biosynthesis|Polyketide sugar unit biosynthesis|Biosynthesis of vancomycin group antibiotics	Antibiotic-Biosynthesis|Biosynthesis|CARBO-BIOSYNTHESIS|Carbohydrates-Biosynthesis|Cell-Structure-Biosynthesis|Cell-Wall-Biosynthesis|DTDPRHAMSYN-PWY|ECASYN-PWY|Lipopolysaccharide-Biosynthesis|O-Antigen-Biosynthesis|OANTIGEN-PWY|Rhamnose-Biosynthesis|SECONDARY-METABOLITE-BIOSYNTHESIS|SUGAR-NUCLEOTIDES
rxn08809_c0	=	Cytosol	Annotated_genome.CDS.1138	Lysophospholipase L1 (2-acylglycerophosphoethanolamine, n-C18:1) (periplasm) [c0]		-264.53		(1)  cpd00001[c0] + (1)  cpd12547[c0] <=> (1)  cpd00067[c0] + (1)  cpd00908[c0] + (1)  cpd15269[c0]	(1)  H2O [c0][c0] + (1)  L-2-Lysophosphatidylethanolamine [c0][c0] <=> (1)  H+ [c0][c0] + (1)  Glycerophosphoethanolamine [c0][c0] + (1)  octadecenoate [c0][c0]	rxn08809	LPLIPAL1E181pp			
rxn00460_c0	>	Cytosol	Annotated_genome.CDS.4469	UTP:pyruvate 2-O-phosphotransferase [c0]		-4.92		(1)  cpd00020[c0] + (1)  cpd00062[c0] => (1)  cpd00014[c0] + (1)  cpd00061[c0] + (1)  cpd00067[c0]	(1)  Pyruvate [c0][c0] + (1)  UTP [c0][c0] => (1)  UDP [c0][c0] + (1)  Phosphoenolpyruvate [c0][c0] + (1)  H+ [c0][c0]	rxn00460		R00659		
rxn00171_c0	=	Cytosol	(Annotated_genome.CDS.3330 or Annotated_genome.CDS.383 or Annotated_genome.CDS.71 or Annotated_genome.CDS.1996 or Annotated_genome.CDS.169 or Annotated_genome.CDS.2194 or Annotated_genome.CDS.2122 or Annotated_genome.CDS.4294 or Annotated_genome.CDS.4047 or Annotated_genome.CDS.4086)	acetaldehyde:NAD+ oxidoreductase (CoA-acetylating) [c0]		-4.7		(1)  cpd00003[c0] + (1)  cpd00010[c0] + (1)  cpd00071[c0] <=> (1)  cpd00004[c0] + (1)  cpd00022[c0] + (1)  cpd00067[c0]	(1)  NAD [c0][c0] + (1)  CoA [c0][c0] + (1)  Acetaldehyde [c0][c0] <=> (1)  NADH [c0][c0] + (1)  Acetyl-CoA [c0][c0] + (1)  H+ [c0][c0]	rxn00171	ACALD	R00228	Benzoate degradation|Pyruvate metabolism|Dioxin degradation|Xylene degradation	2-Aminoethylphosphonate-Degradation|AROMATIC-COMPOUNDS-DEGRADATION|Alcohol-Degradation|Amino-Acid-Biosynthesis|Amino-Acid-Degradation|Benzoate-Degradation|Biosynthesis|CARBOXYLATES-DEG|Catechol-Degradation|Degradation|ETOH-ACETYLCOA-ANA-PWY|Energy-Metabolism|Ethanol-Degradation|FERMENTATION-PWY|Fermentation|GLYCINE-SYN|IND-AMINO-ACID-SYN|MANDELATE-DEG|NUCLEO-DEG|Noncarbon-Nutrients|Other-Degradation|P122-PWY|P161-PWY|P441-PWY|P461-PWY|PHOSPHONOTASE-PWY|PWY0-1277|PWY0-1297|PWY0-1298|Phosphorus-Compounds|Pyrimidine-Degradation|Pyruvate-Degradation|SECONDARY-METABOLITE-DEGRADATION|SUGAR-ALCOHOLS-DEG|Sugar-Derivatives|THREOCAT-PWY|THREONINE-DEG|TOLUENE-DEG|TRYPTOPHAN-DEG
rxn03958_c0	=	Cytosol	Annotated_genome.CDS.3232	1-Deoxy-D-xylulose-5-phosphate isomeroreductase [c0]		5.18		(1)  cpd00006[c0] + (1)  cpd08286[c0] <=> (1)  cpd00005[c0] + (1)  cpd00067[c0] + (1)  cpd08289[c0]	(1)  NADP [c0][c0] + (1)  2-C-methyl-D-erythritol4-phosphate [c0][c0] <=> (1)  NADPH [c0][c0] + (1)  H+ [c0][c0] + (1)  1-deoxy-D-xylulose5-phosphate [c0][c0]	rxn03958	DXPRI	R05688	Terpenoid backbone biosynthesis	Biosynthesis|Cofactor-Biosynthesis|DITERPENOID-SYN|GGPP-Biosynthesis|NONMEVIPP-PWY|Other-biosynthesis|Polyprenyl-Biosynthesis|SECONDARY-METABOLITE-BIOSYNTHESIS|Terpenoid-Biosynthesis
rxn00178_c0	=	Cytosol	((Annotated_genome.CDS.1599 or Annotated_genome.CDS.3974 or Annotated_genome.CDS.2506 or Annotated_genome.CDS.2160 or Annotated_genome.CDS.955 or Annotated_genome.CDS.1446 or Annotated_genome.CDS.2496 or Annotated_genome.CDS.2192 or Annotated_genome.CDS.3917 or Annotated_genome.CDS.2437 or Annotated_genome.CDS.1650) or (Annotated_genome.CDS.1599 or Annotated_genome.CDS.2506 or Annotated_genome.CDS.2160 or Annotated_genome.CDS.1446 or Annotated_genome.CDS.2192 or Annotated_genome.CDS.4142 or Annotated_genome.CDS.1650) or Annotated_genome.CDS.4282 or (Annotated_genome.CDS.3584 or Annotated_genome.CDS.960))	Acetyl-CoA:acetyl-CoA C-acetyltransferase [c0]		7.06		(2)  cpd00022[c0] <=> (1)  cpd00010[c0] + (1)  cpd00279[c0]	(2)  Acetyl-CoA [c0][c0] <=> (1)  CoA [c0][c0] + (1)  Acetoacetyl-CoA [c0][c0]	rxn00178	AACOAT	R00238	Fatty acid degradation|Synthesis and degradation of ketone bodies|Valine, leucine and isoleucine degradation|Lysine degradation|Benzoate degradation|Tryptophan metabolism|Pyruvate metabolism|Glyoxylate and dicarboxylate metabolism|Propanoate metabolism|Butanoate metabolism|Carbon fixation pathways in prokaryotes|Terpenoid backbone biosynthesis	ACETOACETATE-DEG-PWY|AROMATIC-COMPOUNDS-DEGRADATION|Acetyl-CoA-Butyrate|Amino-Acid-Degradation|Autotrophic-CO2-Fixation|Biosynthesis|C1-COMPOUNDS|CARBOXYLATES-DEG|CENTFERM-PWY|CO2-Fixation|Cofactor-Biosynthesis|DITERPENOID-SYN|Degradation|ERGOSTEROL-SYN-PWY|Energy-Metabolism|Fatty-Acid-and-Lipid-Degradation|Fermentation|GGPP-Biosynthesis|GLUDEG-II-PWY|GLUTAMATE-DEG|ISOPRENOIDS|LYSINE-DEG|Lipid-Biosynthesis|OTHER-ENERGY|Other-biosynthesis|P163-PWY|PWY1-3|PWY66-367|PWY66-368|PWY66-5|Polyprenyl-Biosynthesis|Pyruvate-Degradation|SECONDARY-METABOLITE-BIOSYNTHESIS|Sterol-Biosynthesis|TOLUENE-DEG|TRYPTOPHAN-DEG|TRYPTOPHAN-DEGRADATION-1|Terpenoid-Biosynthesis
rxn03264_c0	>	Cytosol	Annotated_genome.CDS.666	ATP:L-selenomethione S-adenosyltransferase [c0]		-25.75		(1)  cpd00001[c0] + (1)  cpd00002[c0] + (1)  cpd03163[c0] => (1)  cpd00009[c0] + (1)  cpd00012[c0] + (1)  cpd00067[c0] + (1)  cpd03392[c0]	(1)  H2O [c0][c0] + (1)  ATP [c0][c0] + (1)  Selenomethionine [c0][c0] => (1)  Phosphate [c0][c0] + (1)  PPi [c0][c0] + (1)  H+ [c0][c0] + (1)  Se-Adenosylselenomethionine [c0][c0]	rxn03264	SELMETAT	R04771		
rxn01362_c0	<	Cytosol	Annotated_genome.CDS.505	Orotidine-5'-phosphate:diphosphate phospho-alpha-D-ribosyl-transferase [c0]		12.54		(1)  cpd00012[c0] + (1)  cpd00067[c0] + (1)  cpd00810[c0] <= (1)  cpd00103[c0] + (1)  cpd00247[c0]	(1)  PPi [c0][c0] + (1)  H+ [c0][c0] + (1)  Orotidylic acid [c0][c0] <= (1)  PRPP [c0][c0] + (1)  Orotate [c0][c0]	rxn01362	ORPT	R01870	Pyrimidine metabolism	Biosynthesis|Nucleotide-Biosynthesis|PRPP-PWY|PWY0-162|PYR-NUC-SYN|Pyrimidine-De-Novo-Biosyn
rxn05329_c0	=	Cytosol	(Annotated_genome.CDS.502 or (Annotated_genome.CDS.3228 or Annotated_genome.CDS.2000))	(3R)-3-Hydroxybutanoyl-[acyl-carrier-protein] hydro-lyase [c0]		2.16		(1)  cpd11478[c0] <=> (1)  cpd00001[c0] + (1)  cpd11465[c0]	(1)  (R) -3-Hydroxybutanoyl-[acyl-carrier protein] [c0][c0] <=> (1)  H2O [c0][c0] + (1)  But-2-enoyl-[acyl-carrier protein] [c0][c0]	rxn05329	HBUHL1	R04428	Fatty acid biosynthesis	
rxn03174_c0	<	Cytosol	Annotated_genome.CDS.1532	2-Amino-4-hydroxy-6-(erythro-1,2,3-trihydroxypropyl) dihydropteridine triphosphate hydrolase [c0]		7.22		(1)  cpd00001[c0] + (1)  cpd02978[c0] <= (1)  cpd03666[c0]	(1)  H2O [c0][c0] + (1)  7,8-Dihydroneopterin 3'-triphosphate [c0][c0] <= (1)  2,5-Diamino-6-(5'-triphosphoryl-3',4'-trihydroxy-2'-oxopentyl) - amino-4-oxopyrimidine [c0][c0]	rxn03174		R04639	Folate biosynthesis	
rxn03918_c0	>	Cytosol	(Annotated_genome.CDS.3343 or Annotated_genome.CDS.3343)	ATP:D-glycero-beta-D-manno-heptose 7-phosphate 1-phosphotransferase [c0]		-14.03		(1)  cpd00002[c0] + (1)  cpd04918[c0] => (1)  cpd00008[c0] + (1)  cpd00067[c0] + (1)  cpd08316[c0]	(1)  ATP [c0][c0] + (1)  D-Glycero-D-manno-heptose7-phosphate [c0][c0] => (1)  ADP [c0][c0] + (1)  H+ [c0][c0] + (1)  D-Glycero-D-manno-heptose1-7-bisphosphate [c0][c0]	rxn03918		R05646	Lipopolysaccharide biosynthesis	
rxn05161_c0	>	Cytosol	((Annotated_genome.CDS.1209 or Annotated_genome.CDS.4271 or Annotated_genome.CDS.4061) and (Annotated_genome.CDS.4558 or Annotated_genome.CDS.1210 or Annotated_genome.CDS.1802 or Annotated_genome.CDS.3591) and (Annotated_genome.CDS.4556 or Annotated_genome.CDS.1208 or Annotated_genome.CDS.4269 or Annotated_genome.CDS.3589 or Annotated_genome.CDS.436 or Annotated_genome.CDS.3468 or Annotated_genome.CDS.3679) and (Annotated_genome.CDS.2280 or Annotated_genome.CDS.4089 or Annotated_genome.CDS.2151 or Annotated_genome.CDS.3317 or Annotated_genome.CDS.1211) and (Annotated_genome.CDS.4555 or Annotated_genome.CDS.3590 or Annotated_genome.CDS.1805 or Annotated_genome.CDS.3467 or Annotated_genome.CDS.2149) and (Annotated_genome.CDS.4063 or Annotated_genome.CDS.1803 or Annotated_genome.CDS.3592) and Annotated_genome.CDS.4091 and Annotated_genome.CDS.3316 and (Annotated_genome.CDS.2801 or Annotated_genome.CDS.2284 or Annotated_genome.CDS.2278 or Annotated_genome.CDS.441 or Annotated_genome.CDS.3319 or Annotated_genome.CDS.3678 or Annotated_genome.CDS.2268 or Annotated_genome.CDS.2518 or Annotated_genome.CDS.4087 or Annotated_genome.CDS.3603 or Annotated_genome.CDS.435 or Annotated_genome.CDS.1591 or Annotated_genome.CDS.3688) and Annotated_genome.CDS.2153 and (Annotated_genome.CDS.1592 or Annotated_genome.CDS.2801 or Annotated_genome.CDS.4272 or Annotated_genome.CDS.2268 or Annotated_genome.CDS.3689 or Annotated_genome.CDS.2519 or Annotated_genome.CDS.2150 or Annotated_genome.CDS.446 or Annotated_genome.CDS.3318 or Annotated_genome.CDS.2279 or Annotated_genome.CDS.3602 or Annotated_genome.CDS.2285 or Annotated_genome.CDS.4060 or Annotated_genome.CDS.4088 or Annotated_genome.CDS.1804))	nonpolar-amino-acid-transporting ATPase [c0]		-6.82		(1)  cpd00001[c0] + (1)  cpd00002[c0] + (1)  cpd00107[e0] => (1)  cpd00008[c0] + (1)  cpd00009[c0] + (1)  cpd00067[c0] + (1)  cpd00107[c0]	(1)  H2O [c0][c0] + (1)  ATP [c0][c0] + (1)  L-Leucine [e0][e0] => (1)  ADP [c0][c0] + (1)  Phosphate [c0][c0] + (1)  H+ [c0][c0] + (1)  L-Leucine [c0][c0]	rxn05161	LEUabc			
rxn00549_c0	>	Cytosol	(Annotated_genome.CDS.2884 or (Annotated_genome.CDS.3389 or Annotated_genome.CDS.850))	D-Fructose-1,6-bisphosphate 1-phosphohydrolase [c0]		7.21		(1)  cpd00001[c0] + (1)  cpd00290[c0] => (1)  cpd00009[c0] + (1)  cpd00072[c0]	(1)  H2O [c0][c0] + (1)  D-fructose-1,6-bisphosphate [c0][c0] => (1)  Phosphate [c0][c0] + (1)  D-fructose-6-phosphate [c0][c0]	rxn00549	FBP	R00762	Methane metabolism|Carbon fixation in photosynthetic organisms	
rxn03951_c0	=	Cytosol	Annotated_genome.CDS.4396	NAD-dependent threonine 4-phosphate dehydrogenase [c0]		3.76		(1)  cpd00003[c0] + (1)  cpd03607[c0] <=> (1)  cpd00004[c0] + (1)  cpd00067[c0] + (1)  cpd04539[c0]	(1)  NAD [c0][c0] + (1)  4-(Phosphonooxy) -threonine [c0][c0] <=> (1)  NADH [c0][c0] + (1)  H+ [c0][c0] + (1)  2-Amino-3-oxo-4-phosphonooxybutyrate [c0][c0]	rxn03951	THPDH	R05681	Vitamin B6 metabolism	
rxn05418_c0	=	Cytosol	Annotated_genome.CDS.2407	8-methyl-3-oxo-nonanoyl-ACP:NADP+ oxidoreductase [c0]		-3.76		(1)  cpd00005[c0] + (1)  cpd00067[c0] + (1)  cpd11554[c0] <=> (1)  cpd00006[c0] + (1)  cpd11555[c0]	(1)  NADPH [c0][c0] + (1)  H+ [c0][c0] + (1)  8-methyl-3-oxo-nonanoyl-ACP [c0][c0] <=> (1)  NADP [c0][c0] + (1)  8-methyl-3-hydroxy-nonanoyl-ACP [c0][c0]	rxn05418				
rxn05200_c0	=	Cytosol	Annotated_genome.CDS.3292	Transport of thymidine, extracellular [c0]		0		(1)  cpd00067[e0] + (1)  cpd00184[e0] <=> (1)  cpd00067[c0] + (1)  cpd00184[c0]	(1)  H+ [e0][e0] + (1)  Thymidine [e0][e0] <=> (1)  H+ [c0][c0] + (1)  Thymidine [c0][c0]	rxn05200	THMDt2			
rxn00506_c0	>	Cytosol	(Annotated_genome.CDS.2035 or Annotated_genome.CDS.3441 or Annotated_genome.CDS.471 or Annotated_genome.CDS.2113 or Annotated_genome.CDS.3579 or Annotated_genome.CDS.1799 or Annotated_genome.CDS.3426 or Annotated_genome.CDS.4291)	Acetaldehyde:NAD+ oxidoreductase [c0]		-11.99		(1)  cpd00001[c0] + (1)  cpd00003[c0] + (1)  cpd00071[c0] => (1)  cpd00004[c0] + (1)  cpd00029[c0] + (2)  cpd00067[c0]	(1)  H2O [c0][c0] + (1)  NAD [c0][c0] + (1)  Acetaldehyde [c0][c0] => (1)  NADH [c0][c0] + (1)  Acetate [c0][c0] + (2)  H+ [c0][c0]	rxn00506	ALD2	R00710	Glycolysis / Gluconeogenesis|Pyruvate metabolism	Alcohol-Degradation|Degradation|Ethanol-Degradation|PWY66-161|PWY66-162|PWY66-21
rxn10060_c0	>	Cytosol	Annotated_genome.CDS.1956	NAD kinase (dTTP) [c0]		-4.5		(1)  cpd00003[c0] + (1)  cpd00357[c0] => (1)  cpd00006[c0] + (1)  cpd00067[c0] + (1)  cpd00297[c0]	(1)  NAD [c0][c0] + (1)  TTP [c0][c0] => (1)  NADP [c0][c0] + (1)  H+ [c0][c0] + (1)  dTDP [c0][c0]	rxn10060				
rxn02933_c0	=	Cytosol	(Annotated_genome.CDS.3186 or Annotated_genome.CDS.1597 or Annotated_genome.CDS.2196 or Annotated_genome.CDS.1245 or Annotated_genome.CDS.403 or Annotated_genome.CDS.167 or Annotated_genome.CDS.2162 or Annotated_genome.CDS.2197)	(2S,3S)-3-hydroxy-2-methylbutanoyl-CoA:NAD+ oxidoreductase [c0]		3.76		(1)  cpd00003[c0] + (1)  cpd02691[c0] <=> (1)  cpd00004[c0] + (1)  cpd00067[c0] + (1)  cpd02124[c0]	(1)  NAD [c0][c0] + (1)  2-methyl-3-hydroxy-butyryl-CoA [c0][c0] <=> (1)  NADH [c0][c0] + (1)  H+ [c0][c0] + (1)  2-Methylacetoacetyl-CoA [c0][c0]	rxn02933	3H2MBCOAD	R04203	Valine, leucine and isoleucine degradation	Amino-Acid-Degradation|Biosynthesis|Degradation|ILEUDEG-PWY|ISOLEUCINE-DEG|Other-biosynthesis
rxn00727_c0	>	Cytosol	(Annotated_genome.CDS.3069 and Annotated_genome.CDS.3068)	Chorismate pyruvate-lyase (amino-accepting) [c0]		-44.16		(1)  cpd00053[c0] + (1)  cpd00216[c0] => (1)  cpd00020[c0] + (1)  cpd00023[c0] + (1)  cpd00067[c0] + (1)  cpd00093[c0]	(1)  L-Glutamine [c0][c0] + (1)  Chorismate [c0][c0] => (1)  Pyruvate [c0][c0] + (1)  L-Glutamate [c0][c0] + (1)  H+ [c0][c0] + (1)  Anthranilate [c0][c0]	rxn00727	ANS	R00986	Phenylalanine, tyrosine and tryptophan biosynthesis	ALKALOIDS-SYN|ALL-CHORISMATE-PWY|Amino-Acid-Biosynthesis|Biosynthesis|COMPLETE-ARO-PWY|IND-AMINO-ACID-SYN|N-CONTAINING-SECONDARY-CMPD-SYN|SECONDARY-METABOLITE-BIOSYNTHESIS|TRPSYN-PWY|TRYPTOPHAN-BIOSYNTHESIS
rxn12638_c0	>	Cytosol	(Annotated_genome.CDS.4159 or Annotated_genome.CDS.1275 or Annotated_genome.CDS.3788 or Annotated_genome.CDS.9)	methionyl aminopeptidase [c0]		-93.58		(1)  cpd00001[c0] + (1)  cpd11588[c0] => (1)  cpd00033[c0] + (1)  cpd00129[c0]	(1)  H2O [c0][c0] + (1)  gly-pro-L [c0][c0] => (1)  Glycine [c0][c0] + (1)  L-Proline [c0][c0]	rxn12638	MEAMP1(gly-pro-L)			
rxn01354_c0	=	Cytosol	Annotated_genome.CDS.4469	dGTP:pyruvate 2-O-phosphotransferase [c0]		-4.92		(1)  cpd00020[c0] + (1)  cpd00241[c0] <=> (1)  cpd00061[c0] + (1)  cpd00067[c0] + (1)  cpd00295[c0]	(1)  Pyruvate [c0][c0] + (1)  dGTP [c0][c0] <=> (1)  Phosphoenolpyruvate [c0][c0] + (1)  H+ [c0][c0] + (1)  dGDP [c0][c0]	rxn01354		R01858	Purine metabolism	
rxn02268_c0	>	Cytosol	(Annotated_genome.CDS.1576 or (Annotated_genome.CDS.454 or Annotated_genome.CDS.1643 or Annotated_genome.CDS.1636 or Annotated_genome.CDS.3581))	(S)-2-methylbutanoyl-CoA:oxygen 2,3-oxidoreductase [c0]		-76.7937		(1)  cpd00007[c0] + (2)  cpd00760[c0] => (2)  cpd00001[c0] + (2)  cpd02125[c0]	(1)  O2 [c0][c0] + (2)  2-Methylbutyryl-CoA [c0][c0] => (2)  H2O [c0][c0] + (2)  Tiglyl-CoA [c0][c0]	rxn02268				
rxn01445_c0	>	Cytosol	(Annotated_genome.CDS.3133 or (Annotated_genome.CDS.1906 or Annotated_genome.CDS.1610))	2'-Deoxyguanosine 5'-monophosphate phosphohydrolase [c0]		7.21		(1)  cpd00001[c0] + (1)  cpd00296[c0] => (1)  cpd00009[c0] + (1)  cpd00277[c0]	(1)  H2O [c0][c0] + (1)  dGMP [c0][c0] => (1)  Phosphate [c0][c0] + (1)  Deoxyguanosine [c0][c0]	rxn01445	NTD8	R01968	Purine metabolism	
rxn05248_c0	>	Cytosol	(Annotated_genome.CDS.1457 or Annotated_genome.CDS.4324 or Annotated_genome.CDS.2788 or Annotated_genome.CDS.4283 or Annotated_genome.CDS.3597 or Annotated_genome.CDS.4051 or Annotated_genome.CDS.3649 or Annotated_genome.CDS.3488 or Annotated_genome.CDS.4284 or Annotated_genome.CDS.962 or Annotated_genome.CDS.1662 or Annotated_genome.CDS.4316 or Annotated_genome.CDS.1459 or Annotated_genome.CDS.1598 or Annotated_genome.CDS.4258 or Annotated_genome.CDS.2390 or Annotated_genome.CDS.445 or Annotated_genome.CDS.2201 or Annotated_genome.CDS.1641)	FACOAL150(anteiso) [c0]		-2.486		(1)  cpd00002[c0] + (1)  cpd00010[c0] + (1)  cpd11438[c0] => (1)  cpd00012[c0] + (1)  cpd00018[c0] + (1)  cpd11439[c0]	(1)  ATP [c0][c0] + (1)  CoA [c0][c0] + (1)  fa4 [c0][c0] => (1)  PPi [c0][c0] + (1)  AMP [c0][c0] + (1)  fa4coa [c0][c0]	rxn05248				
rxn00612_c0	=	Cytosol	(Annotated_genome.CDS.51 or Annotated_genome.CDS.1548)	sn-Glycerol-3-phosphate:NADP+ 2-oxidoreductase [c0]		3.76		(1)  cpd00006[c0] + (1)  cpd00080[c0] <=> (1)  cpd00005[c0] + (1)  cpd00067[c0] + (1)  cpd00095[c0]	(1)  NADP [c0][c0] + (1)  Glycerol-3-phosphate [c0][c0] <=> (1)  NADPH [c0][c0] + (1)  H+ [c0][c0] + (1)  Glycerone-phosphate [c0][c0]	rxn00612	G3PD2	R00844	Glycerophospholipid metabolism	Biosynthesis|CDP-diacylglycerol-Biosynthesis|Lipid-Biosynthesis|PHOSLIPSYN-PWY|PHOSLIPSYN2-PWY|PWY0-1319|PWY4FS-7|PWY4FS-8|PhosphatidylglycerolBiosynthesis|Phospholipid-Biosynthesis
rxn08766_c0	>	Cytosol	Annotated_genome.CDS.3061	FabH [c0]		-7.37		(1)  cpd00022[c0] + (1)  cpd11492[c0] => (1)  cpd00010[c0] + (1)  cpd00011[c0] + (1)  cpd11488[c0]	(1)  Acetyl-CoA [c0][c0] + (1)  Malonyl-acyl-carrierprotein- [c0][c0] => (1)  CoA [c0][c0] + (1)  CO2 [c0][c0] + (1)  Acetoacetyl-ACP [c0][c0]	rxn08766	KAS15			Biosynthesis|FASYN-INITIAL-PWY|Fatty-acid-biosynthesis|Lipid-Biosynthesis|PWY0-881
rxn05539_c0	>	Cytosol	Annotated_genome.CDS.3340	oligopeptide-transporting ATPase [c0]		-6.82		(1)  cpd00001[c0] + (1)  cpd00002[c0] + (1)  cpd01017[e0] => (1)  cpd00008[c0] + (1)  cpd00009[c0] + (1)  cpd00067[c0] + (1)  cpd01017[c0]	(1)  H2O [c0][c0] + (1)  ATP [c0][c0] + (1)  Cys-Gly [e0][e0] => (1)  ADP [c0][c0] + (1)  Phosphate [c0][c0] + (1)  H+ [c0][c0] + (1)  Cys-Gly [c0][c0]	rxn05539	DIPEPabc15			
rxn08841_c0	=	Cytosol	Annotated_genome.CDS.1138	Lysophospholipase L2 (2-acylglycerophosphoethanolamine, n-C16:0) [c0]		-328.6		(1)  cpd00001[c0] + (1)  cpd15339[c0] <=> (1)  cpd00067[c0] + (1)  cpd00214[c0] + (1)  cpd00908[c0]	(1)  H2O [c0][c0] + (1)  2-Acyl-sn-glycero-3-phosphoethanolamine (n-C16:0)  [c0][c0] <=> (1)  H+ [c0][c0] + (1)  Palmitate [c0][c0] + (1)  Glycerophosphoethanolamine [c0][c0]	rxn08841	LPLIPAL2E160			
rxn05461_c0	=	Cytosol	(Annotated_genome.CDS.2407 or Annotated_genome.CDS.1016)	3-Hydroxyoctodecanoyl-ACP:NADP+ oxidoreductase [c0]		-3.76		(1)  cpd00005[c0] + (1)  cpd00067[c0] + (1)  cpd11570[c0] <=> (1)  cpd00006[c0] + (1)  cpd11571[c0]	(1)  NADPH [c0][c0] + (1)  H+ [c0][c0] + (1)  3-Oxooctodecanoyl-ACP [c0][c0] <=> (1)  NADP [c0][c0] + (1)  3-Hydroxyoctodecanoyl-ACP [c0][c0]	rxn05461				
rxn12405_c0	=	Cytosol	Annotated_genome.CDS.2641	transport of (r)-3-hydroxybutanoate [extraorganism-cytosol](passive) [c0]		0		(1)  cpd00797[e0] <=> (1)  cpd00797[c0]	(1)  (R) -3-Hydroxybutanoate [e0][e0] <=> (1)  (R) -3-Hydroxybutanoate [c0][c0]	rxn12405				
rxn02159_c0	=	Cytosol	Annotated_genome.CDS.1560	L-Histidinol:NAD+ oxidoreductase [c0]		5.22		(1)  cpd00003[c0] + (1)  cpd00641[c0] <=> (1)  cpd00004[c0] + (1)  cpd00067[c0] + (1)  cpd01324[c0]	(1)  NAD [c0][c0] + (1)  L-Histidinol [c0][c0] <=> (1)  NADH [c0][c0] + (1)  H+ [c0][c0] + (1)  L-Histidinal [c0][c0]	rxn02159		R03012	Histidine metabolism	Amino-Acid-Biosynthesis|Biosynthesis|HISTIDINE-SYN|HISTSYN-PWY|IND-AMINO-ACID-SYN|PRPP-PWY
rxn01111_c0	>	Cytosol	Annotated_genome.CDS.849	ATP:D-ribulose-5-phosphate 1-phosphotransferase [c0]		-14.03		(1)  cpd00002[c0] + (1)  cpd00171[c0] => (1)  cpd00008[c0] + (1)  cpd00067[c0] + (1)  cpd00871[c0]	(1)  ATP [c0][c0] + (1)  D-Ribulose5-phosphate [c0][c0] => (1)  ADP [c0][c0] + (1)  H+ [c0][c0] + (1)  D-Ribulose 1,5-bisphosphate [c0][c0]	rxn01111	PRKIN	R01523	Carbon fixation in photosynthetic organisms	Autotrophic-CO2-Fixation|Biosynthesis|C1-COMPOUNDS|CALVIN-PWY|CARBO-BIOSYNTHESIS|CO2-Fixation|Carbohydrates-Biosynthesis|Degradation|Energy-Metabolism|PHOTOALL-PWY|Photosynthesis
rxn10222_c0	>	Cytosol	Annotated_genome.CDS.3233	isotetradecanoyl-phosphatidate cytidylyltransferase [c0]		1.07		(1)  cpd00052[c0] + (1)  cpd15679[c0] => (1)  cpd00012[c0] + (1)  cpd00067[c0] + (1)  cpd15685[c0]	(1)  CTP [c0][c0] + (1)  1,2-diisotetradecanoyl-sn-glycerol 3-phosphate [c0][c0] => (1)  PPi [c0][c0] + (1)  H+ [c0][c0] + (1)  CDP-1,2-diisotetradecanoylglycerol [c0][c0]	rxn10222				
rxn00269_c0	>	Cytosol	Annotated_genome.CDS.4528	glycine:oxygen oxidoreductase (deaminating) [c0]		-21.56		(1)  cpd00001[c0] + (1)  cpd00007[c0] + (1)  cpd00033[c0] => (1)  cpd00013[c0] + (1)  cpd00025[c0] + (1)  cpd00040[c0]	(1)  H2O [c0][c0] + (1)  O2 [c0][c0] + (1)  Glycine [c0][c0] => (1)  NH3 [c0][c0] + (1)  H2O2 [c0][c0] + (1)  Glyoxalate [c0][c0]	rxn00269	GLYO1	R00366	Glycine, serine and threonine metabolism	
rxn10263_c0	=	Cytosol	Annotated_genome.CDS.4478	anteisopentadecanoyl-CDPdiacylglycerol:sn-glycerol-3-phosphate 3-phosphatidyltransferase [c0]		-4.5		(1)  cpd00080[c0] + (1)  cpd15687[c0] <=> (1)  cpd00046[c0] + (1)  cpd15720[c0]	(1)  Glycerol-3-phosphate [c0][c0] + (1)  CDP-1,2-dianteisopentadecanoylglycerol [c0][c0] <=> (1)  CMP [c0][c0] + (1)  Dianteisopentadecanoylphosphatidylglycerophosphate [c0][c0]	rxn10263				
rxn02791_c0	=	Cytosol	(Annotated_genome.CDS.41 or Annotated_genome.CDS.1201 or Annotated_genome.CDS.1794 or Annotated_genome.CDS.4260)	(5-Glutamyl)-peptide:amino-acid 5-glutamyltransferase [c0]		0.46		(1)  cpd00023[c0] + (1)  cpd01651[c0] <=> (1)  cpd00001[c0] + (1)  cpd03407[c0]	(1)  L-Glutamate [c0][c0] + (1)  L-3-Cyanoalanine [c0][c0] <=> (1)  H2O [c0][c0] + (1)  gamma-Glutamyl-beta-cyanoalanine [c0][c0]	rxn02791		R03970	Cyanoamino acid metabolism	
rxn05466_c0	=	Cytosol	(Annotated_genome.CDS.184 or Annotated_genome.CDS.1743)	TRANS-RXN-173.ce [c0]		0		(1)  cpd00013[e0] <=> (1)  cpd00013[c0]	(1)  NH3 [e0][e0] <=> (1)  NH3 [c0][c0]	rxn05466	NH3t			
rxn08814_c0	=	Cytosol	Annotated_genome.CDS.1138	Lysophospholipase L1 (2-acylglycerophosphoglycerol, n-C16:1) (periplasm) [c0]		-336.2		(1)  cpd00001[c0] + (1)  cpd15322[c0] <=> (1)  cpd00067[c0] + (1)  cpd02090[c0] + (1)  cpd15237[c0]	(1)  H2O [c0][c0] + (1)  1-Acyl-sn-glycero-3-phosphoglycerol hexadec-9-enoyl [c0][c0] <=> (1)  H+ [c0][c0] + (1)  Glycerophosphoglycerol [c0][c0] + (1)  hexadecenoate [c0][c0]	rxn08814	LPLIPAL1G161pp			
rxn00917_c0	>	Cytosol	(Annotated_genome.CDS.1826 or Annotated_genome.CDS.1826)	Xanthosine-5'-phosphate:L-glutamine amido-ligase (AMP-forming) [c0]		-23.14		(1)  cpd00001[c0] + (1)  cpd00002[c0] + (1)  cpd00053[c0] + (1)  cpd00497[c0] => (1)  cpd00012[c0] + (1)  cpd00018[c0] + (1)  cpd00023[c0] + (3)  cpd00067[c0] + (1)  cpd00126[c0]	(1)  H2O [c0][c0] + (1)  ATP [c0][c0] + (1)  L-Glutamine [c0][c0] + (1)  XMP [c0][c0] => (1)  PPi [c0][c0] + (1)  AMP [c0][c0] + (1)  L-Glutamate [c0][c0] + (3)  H+ [c0][c0] + (1)  GMP [c0][c0]	rxn00917	GMPS2	R01231	Purine metabolism	Biosynthesis|DENOVOPURINE2-PWY|Nucleotide-Biosynthesis|PRPP-PWY|PUR-NUC-SYN|Purine-Nucleotide-De-Novo-Biosynthesis
rxn08078_c0	=	Cytosol	Annotated_genome.CDS.3209	N-Acetyl-D-glucosamine(anhydrous)N-Acetylmuramyl-tetrapeptide beta -1,4-N-acetylglucosaminidase [c0]				(1)  cpd00001[c0] + (1)  cpd15398[c0] <=> (1)  cpd00122[c0] + (1)  cpd15401[c0]	(1)  H2O [c0][c0] + (1)  N-Acetyl-D-glucosamine(anhydrous) N-Acetylmuramyl-tetrapeptide [c0][c0] <=> (1)  N-Acetyl-D-glucosamine [c0][c0] + (1)  1,6-anhydrous-N-Acetylmuramyl-tetrapeptide [c0][c0]	rxn08078	AGM4PH			
rxn08845_c0	=	Cytosol	Annotated_genome.CDS.1138	Lysophospholipase L2 (2-acylglycerophosphoglycerol, n-C12:0) [c0]		-406.75		(1)  cpd00001[c0] + (1)  cpd15343[c0] <=> (1)  cpd00067[c0] + (1)  cpd01741[c0] + (1)  cpd02090[c0]	(1)  H2O [c0][c0] + (1)  2-Acyl-sn-glycero-3-phosphoglycerol dodecanoyl [c0][c0] <=> (1)  H+ [c0][c0] + (1)  ddca [c0][c0] + (1)  Glycerophosphoglycerol [c0][c0]	rxn08845	LPLIPAL2G120			
rxn07981_c0	=	Cytosol	Annotated_genome.CDS.502	3-hydroxyacyl-[acyl-carrier-protein] dehydratase (n-C4:0) [c0]				(1)  cpd11836[c0] <=> (1)  cpd00001[c0] + (1)  cpd11465[c0]	(1)  (R) -3-Hydroxyacyl-[acyl-carrier protein] [c0][c0] <=> (1)  H2O [c0][c0] + (1)  But-2-enoyl-[acyl-carrier protein] [c0][c0]	rxn07981	3HAD40			
rxn00375_c0	=	Cytosol	(Annotated_genome.CDS.3464 or Annotated_genome.CDS.1135)	N-Formyl-L-glutamate amidohydrolase [c0]		0.74		(1)  cpd00001[c0] + (1)  cpd00770[c0] <=> (1)  cpd00023[c0] + (1)  cpd00047[c0]	(1)  H2O [c0][c0] + (1)  N-Formyl-L-glutamate [c0][c0] <=> (1)  L-Glutamate [c0][c0] + (1)  Formate [c0][c0]	rxn00375	NFORGLUAH	R00525	Histidine metabolism|Glyoxylate and dicarboxylate metabolism	
rxn00300_c0	>	Cytosol	(Annotated_genome.CDS.311 or Annotated_genome.CDS.3531)	GTP 7,8-8,9-dihydrolase (diphosphate-forming) [c0]	3.5.4.25	-37.6		(3)  cpd00001[c0] + (1)  cpd00038[c0] => (1)  cpd00012[c0] + (1)  cpd00047[c0] + (3)  cpd00067[c0] + (1)  cpd00957[c0]	(3)  H2O [c0][c0] + (1)  GTP [c0][c0] => (1)  PPi [c0][c0] + (1)  Formate [c0][c0] + (3)  H+ [c0][c0] + (1)  2,5-Diamino-6-(5'-phosphoribosylamino) -4-pyrimidineone [c0][c0]	rxn00300	GTPCII2	R00425	Riboflavin metabolism	Biosynthesis|Cofactor-Biosynthesis|Flavin-Biosynthesis|RIBOSYN2-PWY|Vitamin-Biosynthesis
rxn08792_c0	>	Cytosol	Annotated_genome.CDS.1482	lactate oxidation [c0]		-11.22		(1)  cpd00159[c0] + (1)  cpd15560[c0] => (1)  cpd00020[c0] + (1)  cpd15561[c0]	(1)  L-Lactate [c0][c0] + (1)  Ubiquinone-8 [c0][c0] => (1)  Pyruvate [c0][c0] + (1)  Ubiquinol-8 [c0][c0]	rxn08792	L-LACD2			
rxn02798_c0	=	Cytosol	(Annotated_genome.CDS.3047 or Annotated_genome.CDS.3654 or Annotated_genome.CDS.58)	Estrone 3-sulfate sulfohydrolase [c0]		-16.31		(1)  cpd00001[c0] + (1)  cpd01669[c0] <=> (1)  cpd00048[c0] + (1)  cpd00067[c0] + (1)  cpd00362[c0]	(1)  H2O [c0][c0] + (1)  Estrone 3-sulfate [c0][c0] <=> (1)  Sulfate [c0][c0] + (1)  H+ [c0][c0] + (1)  Estrone [c0][c0]	rxn02798		R03980	Steroid hormone biosynthesis	
rxn05174_c0	>	Cytosol	((Annotated_genome.CDS.3574 or Annotated_genome.CDS.2174) and (Annotated_genome.CDS.2171 or Annotated_genome.CDS.3572 or Annotated_genome.CDS.2172) and (Annotated_genome.CDS.2173 or Annotated_genome.CDS.3573))	nickel transport via ABC system [c0]		-6.82		(1)  cpd00001[c0] + (1)  cpd00002[c0] + (1)  cpd00244[e0] => (1)  cpd00008[c0] + (1)  cpd00009[c0] + (1)  cpd00067[c0] + (1)  cpd00244[c0]	(1)  H2O [c0][c0] + (1)  ATP [c0][c0] + (1)  Ni2+ [e0][e0] => (1)  ADP [c0][c0] + (1)  Phosphate [c0][c0] + (1)  H+ [c0][c0] + (1)  Ni2+ [c0][c0]	rxn05174	NIabc			
rxn08799_c0	=	Cytosol	Annotated_genome.CDS.1138	Lysophospholipase L1 (2-acylglycerophosphotidate, n-C16:0) (periplasm) [c0]		-355.12		(1)  cpd00001[c0] + (1)  cpd15327[c0] <=> (2)  cpd00067[c0] + (1)  cpd00080[c0] + (1)  cpd00214[c0]	(1)  H2O [c0][c0] + (1)  1-hexadecanoyl-sn-glycerol 3-phosphate [c0][c0] <=> (2)  H+ [c0][c0] + (1)  Glycerol-3-phosphate [c0][c0] + (1)  Palmitate [c0][c0]	rxn08799	LPLIPAL1A160pp			
rxn05585_c0	>	Cytosol	(Annotated_genome.CDS.4071 and Annotated_genome.CDS.633)	hexanesulfonate transport via ABC system [c0]		-6.817		(1)  cpd00001[c0] + (1)  cpd00002[c0] + (1)  cpd11578[e0] => (1)  cpd00008[c0] + (1)  cpd00009[c0] + (1)  cpd00067[c0] + (1)  cpd11578[c0]	(1)  H2O [c0][c0] + (1)  ATP [c0][c0] + (1)  hexanesulfonate [e0][e0] => (1)  ADP [c0][c0] + (1)  Phosphate [c0][c0] + (1)  H+ [c0][c0] + (1)  hexanesulfonate [c0][c0]	rxn05585				
rxn00433_c0	>	Cytosol	(Annotated_genome.CDS.1736 or Annotated_genome.CDS.1738 or Annotated_genome.CDS.1740 or Annotated_genome.CDS.1737)	sarcosine:oxygen oxidoreductase (demethylating) [c0]	1.5.3.1	-19.03		(1)  cpd00001[c0] + (1)  cpd00007[c0] + (1)  cpd00183[c0] => (1)  cpd00025[c0] + (1)  cpd00033[c0] + (1)  cpd00055[c0]	(1)  H2O [c0][c0] + (1)  O2 [c0][c0] + (1)  Sarcosine [c0][c0] => (1)  H2O2 [c0][c0] + (1)  Glycine [c0][c0] + (1)  Formaldehyde [c0][c0]	rxn00433	SARCO	R00610	Glycine, serine and threonine metabolism	AMINE-DEG|CRNFORCAT-PWY|Creatinine-Degradation|Degradation
rxn05957_c0	>	Cytosol	(Annotated_genome.CDS.3141 or Annotated_genome.CDS.4337 or Annotated_genome.CDS.3140)	O4-succinyl-L-homoserine:hydrogen sulfide S-(3-amino-3-carboxypropyl)transferase [c0]		-1.88		(1)  cpd00239[c0] + (1)  cpd00822[c0] => (1)  cpd00036[c0] + (1)  cpd00135[c0]	(1)  H2S [c0][c0] + (1)  O-Succinyl-L-homoserine [c0][c0] => (1)  Succinate [c0][c0] + (1)  Homocysteine [c0][c0]	rxn05957	SHSL2	R01288	Cysteine and methionine metabolism	
rxn05335_c0	=	Cytosol	(Annotated_genome.CDS.502 or (Annotated_genome.CDS.3228 or Annotated_genome.CDS.2000))	(3R)-3-Hydroxypalmitoyl-[acyl-carrier-protein] hydro-lyase [c0]		2.16		(1)  cpd11484[c0] <=> (1)  cpd00001[c0] + (1)  cpd11467[c0]	(1)  HMA [c0][c0] <=> (1)  H2O [c0][c0] + (1)  (2E) -Tetradecenoyl-[acp] [c0][c0]	rxn05335	3HAD140	R04568	Fatty acid biosynthesis	Biosynthesis|Fatty-acid-biosynthesis|Lipid-Biosynthesis|Palmitate-Biosynthesis
rxn00537_c0	>	Cytosol	Annotated_genome.CDS.2219	2-Phosphonoacetaldehyde phosphonohydrolase [c0]	3.11.1.1	-14.44		(1)  cpd00001[c0] + (1)  cpd02024[c0] => (1)  cpd00009[c0] + (1)  cpd00067[c0] + (1)  cpd00071[c0]	(1)  H2O [c0][c0] + (1)  Phosphonoacetaldehyde [c0][c0] => (1)  Phosphate [c0][c0] + (1)  H+ [c0][c0] + (1)  Acetaldehyde [c0][c0]	rxn00537	PALDP	R00747	Phosphonate and phosphinate metabolism	2-Aminoethylphosphonate-Degradation|Degradation|Noncarbon-Nutrients|PHOSPHONOTASE-PWY|Phosphorus-Compounds
rxn03419_c0	=	Cytosol	Annotated_genome.CDS.1532	formamidopyrimidine nucleoside triphosphate amidohydrolase [c0]		-0.5		(1)  cpd00001[c0] + (1)  cpd03518[c0] <=> (1)  cpd00047[c0] + (1)  cpd00067[c0] + (1)  cpd03519[c0]	(1)  H2O [c0][c0] + (1)  Formamidopyrimidine nucleoside triphosphate [c0][c0] <=> (1)  Formate [c0][c0] + (1)  H+ [c0][c0] + (1)  2,5-Diaminopyrimidine nucleoside triphosphate [c0][c0]	rxn03419		R05046	Folate biosynthesis	
rxn00758_c0	>	Cytosol	Annotated_genome.CDS.3276	sn-Glycero-3-phosphocholine glycerophosphohydrolase [c0]		-14.34		(1)  cpd00001[c0] + (1)  cpd00507[c0] => (1)  cpd00067[c0] + (1)  cpd00080[c0] + (1)  cpd00098[c0]	(1)  H2O [c0][c0] + (1)  Glycerophosphocholine [c0][c0] => (1)  H+ [c0][c0] + (1)  Glycerol-3-phosphate [c0][c0] + (1)  Choline [c0][c0]	rxn00758	GPDDA1	R01030	Glycerophospholipid metabolism	
rxn09111_c0	=	Cytosol	Annotated_genome.CDS.4478	Phosphatidylglycerol synthase (n-C16:0) [c0]		-16.7		(1)  cpd00080[c0] + (1)  cpd15419[c0] <=> (1)  cpd00046[c0] + (1)  cpd15545[c0]	(1)  Glycerol-3-phosphate [c0][c0] + (1)  CDP-1,2-dihexadecanoylglycerol [c0][c0] <=> (1)  CMP [c0][c0] + (1)  Phosphatidylglycerophosphate dihexadecanoyl [c0][c0]	rxn09111	PGSA160			
rxn06078_c0	>	Cytosol	(Annotated_genome.CDS.3141 or Annotated_genome.CDS.4337 or Annotated_genome.CDS.3140)	O-acetyl-L-homoserine acetate-lyase (L-homocysteine forming) [c0]				(1)  cpd00268[c0] + (1)  cpd00790[c0] + (1)  cpd11421[c0] => (1)  cpd00029[c0] + (1)  cpd00067[c0] + (1)  cpd00081[c0] + (1)  cpd00135[c0] + (1)  cpd11420[c0]	(1)  H2S2O3 [c0][c0] + (1)  O-Acetyl-L-homoserine [c0][c0] + (1)  trdrd [c0][c0] => (1)  Acetate [c0][c0] + (1)  H+ [c0][c0] + (1)  Sulfite [c0][c0] + (1)  Homocysteine [c0][c0] + (1)  trdox [c0][c0]	rxn06078		R02026	Cysteine and methionine metabolism	
rxn00471_c0	>	Cytosol	Annotated_genome.CDS.3337	L-ornithine ammonia-lyase (cyclizing; L-proline-forming) [c0]		4.15		(1)  cpd00064[c0] => (1)  cpd00013[c0] + (1)  cpd00129[c0]	(1)  Ornithine [c0][c0] => (1)  NH3 [c0][c0] + (1)  L-Proline [c0][c0]	rxn00471		R00671	Arginine and proline metabolism	
rxn05595_c0	=	Cytosol	(Annotated_genome.CDS.1205 or (Annotated_genome.CDS.3082 or Annotated_genome.CDS.4339) or Annotated_genome.CDS.3083)	TRANS-RXN-3.ce [c0]		0		(1)  cpd00067[e0] + (1)  cpd00205[e0] <=> (1)  cpd00067[c0] + (1)  cpd00205[c0]	(1)  H+ [e0][e0] + (1)  K+ [e0][e0] <=> (1)  H+ [c0][c0] + (1)  K+ [c0][c0]	rxn05595	Kt2			
rxn05348_c0	>	Cytosol	(Annotated_genome.CDS.501 or Annotated_genome.CDS.1999 or (Annotated_genome.CDS.1013 or Annotated_genome.CDS.1998))	Decanoyl-[acyl-carrier protein]:malonyl-[acyl-carrier-protein] C-acyltransferase (decarboxylating) [c0]		-7.37		(1)  cpd11474[c0] + (1)  cpd11492[c0] => (1)  cpd00011[c0] + (1)  cpd11489[c0] + (1)  cpd11493[c0]	(1)  Decanoyl-ACP [c0][c0] + (1)  Malonyl-acyl-carrierprotein- [c0][c0] => (1)  CO2 [c0][c0] + (1)  3-oxododecanoyl-acp [c0][c0] + (1)  ACP [c0][c0]	rxn05348	3OAS120	R04963	Fatty acid biosynthesis	Biosynthesis|Fatty-acid-biosynthesis|Lipid-Biosynthesis|Palmitate-Biosynthesis
rxn05435_c0	>	Cytosol	(Annotated_genome.CDS.500 or Annotated_genome.CDS.3522 or Annotated_genome.CDS.3653)	8-methyl-trans-dec-2-enoyl-ACP:NAD+ oxidoreductase (A-specific) [c0]		-16.55		(1)  cpd00004[c0] + (1)  cpd00067[c0] + (1)  cpd11506[c0] => (1)  cpd00003[c0] + (1)  cpd11507[c0]	(1)  NADH [c0][c0] + (1)  H+ [c0][c0] + (1)  8-methyl-trans-dec-2-enoyl-ACP [c0][c0] => (1)  NAD [c0][c0] + (1)  8-methyl-decanoyl-ACP [c0][c0]	rxn05435				
rxn03245_c0	=	Cytosol	((Annotated_genome.CDS.3831 or Annotated_genome.CDS.4483 or Annotated_genome.CDS.3915 or Annotated_genome.CDS.1597 or Annotated_genome.CDS.2162 or Annotated_genome.CDS.3028 or Annotated_genome.CDS.4286 or Annotated_genome.CDS.4034 or Annotated_genome.CDS.1762 or Annotated_genome.CDS.3331 or Annotated_genome.CDS.2200 or Annotated_genome.CDS.3898 or Annotated_genome.CDS.4130 or Annotated_genome.CDS.1589 or Annotated_genome.CDS.4054 or Annotated_genome.CDS.3594 or Annotated_genome.CDS.2383 or Annotated_genome.CDS.403 or Annotated_genome.CDS.3583 or Annotated_genome.CDS.3648 or Annotated_genome.CDS.4317 or Annotated_genome.CDS.1649) or (Annotated_genome.CDS.3682 or Annotated_genome.CDS.4491))	(S)-Hydroxydecanoyl-CoA hydro-lyase [c0]		2.16		(1)  cpd03118[c0] <=> (1)  cpd00001[c0] + (1)  cpd03129[c0]	(1)  (S) -Hydroxydecanoyl-CoA [c0][c0] <=> (1)  H2O [c0][c0] + (1)  (2E) -Decenoyl-CoA [c0][c0]	rxn03245	ECOAH4	R04744	Fatty acid elongation|Fatty acid degradation	
rxn11946_c0	=	Cytosol	Annotated_genome.CDS.1342	R05614 [c0]		-4.36		(1)  cpd00017[c0] + (1)  cpd03449[c0] <=> (1)  cpd00019[c0] + (1)  cpd00067[c0] + (1)  cpd15560[c0]	(1)  S-Adenosyl-L-methionine [c0][c0] + (1)  2-Octaprenyl-3-methyl-5-hydroxy-6-methoxy-1,4-benzoquinone [c0][c0] <=> (1)  S-Adenosyl-homocysteine [c0][c0] + (1)  H+ [c0][c0] + (1)  Ubiquinone-8 [c0][c0]	rxn11946		R05614	Ubiquinone and other terpenoid-quinone biosynthesis	
rxn01504_c0	=	Cytosol	Annotated_genome.CDS.585	(S)-3-Hydroxy-3-methylglutaryl-CoA hydro-lyase (trans-3-methylglutaconyl-CoA-forming) [c0]		3.02		(1)  cpd00292[c0] <=> (1)  cpd00001[c0] + (1)  cpd02068[c0]	(1)  HMG-CoA [c0][c0] <=> (1)  H2O [c0][c0] + (1)  3-Methylglutaconyl-CoA [c0][c0]	rxn01504	MGCH	R02085	Valine, leucine and isoleucine degradation	Amino-Acid-Degradation|Degradation|LEU-DEG2-PWY|LEUCINE-DEG
rxn00907_c0	=	Cytosol	Annotated_genome.CDS.3308	5,10-methylenetetrahydrofolate:NADP+ oxidoreductase [c0]		1.92		(1)  cpd00006[c0] + (1)  cpd00125[c0] <=> (1)  cpd00005[c0] + (1)  cpd00347[c0]	(1)  NADP [c0][c0] + (1)  5-10-Methylenetetrahydrofolate [c0][c0] <=> (1)  NADPH [c0][c0] + (1)  5-10-Methenyltetrahydrofolate [c0][c0]	rxn00907	ADE3_1	R01220	One carbon pool by folate|Carbon fixation pathways in prokaryotes	1CMET2-PWY|Autotrophic-CO2-Fixation|Biosynthesis|C1-COMPOUNDS|CARBO-BIOSYNTHESIS|CO2-Fixation|CODH-PWY|Carbohydrates-Biosynthesis|Cofactor-Biosynthesis|Degradation|Folate-Biosynthesis|Formaldehyde-Oxidation|Gluconeogenesis|NUCLEO-DEG|Purine-Degradation|Vitamin-Biosynthesis
rxn05458_c0	=	Cytosol	Annotated_genome.CDS.1017	[Acyl-carrier-protein] acetyltransferase [c0]		0		(1)  cpd00010[c0] + (1)  cpd00067[c0] + (1)  cpd11476[c0] <=> (1)  cpd00134[c0] + (1)  cpd11493[c0]	(1)  CoA [c0][c0] + (1)  H+ [c0][c0] + (1)  hexadecanoyl-acp [c0][c0] <=> (1)  Palmitoyl-CoA [c0][c0] + (1)  ACP [c0][c0]	rxn05458	FAS1_7_c			
rxn11934_c0	<	Cytosol	(Annotated_genome.CDS.2091 and Annotated_genome.CDS.2092)	AMP,sulfite:acceptor oxidoreductase (adenosine-5'-phosphosulfate-forming) [c0]		12.1		(1)  cpd00015[c0] + (1)  cpd00018[c0] + (2)  cpd00067[c0] + (1)  cpd00081[c0] <= (1)  cpd00193[c0] + (1)  cpd00982[c0]	(1)  FAD [c0][c0] + (1)  AMP [c0][c0] + (2)  H+ [c0][c0] + (1)  Sulfite [c0][c0] <= (1)  APS [c0][c0] + (1)  FADH2 [c0][c0]	rxn11934		R08553	Sulfur metabolism	
rxn01644_c0	>	Cytosol	Annotated_genome.CDS.3261	L-Aspartate-4-semialdehyde hydro-lyase (adding pyruvate and cyclizing) [c0]		-30.86		(1)  cpd00020[c0] + (1)  cpd00346[c0] => (2)  cpd00001[c0] + (1)  cpd00067[c0] + (1)  cpd02120[c0]	(1)  Pyruvate [c0][c0] + (1)  L-Aspartate4-semialdehyde [c0][c0] => (2)  H2O [c0][c0] + (1)  H+ [c0][c0] + (1)  Dihydrodipicolinate [c0][c0]	rxn01644	DHDPS	R02292	Lysine biosynthesis	Amino-Acid-Biosynthesis|Biosynthesis|DAPLYSINESYN-PWY|IND-AMINO-ACID-SYN|LYSINE-SYN|P4-PWY|PWY0-781
rxn06887_c0	>	Cytosol	Annotated_genome.CDS.3954	R05224 [c0]		-13.63		(2)  cpd00001[c0] + (2)  cpd00002[c0] + (2)  cpd00053[c0] + (1)  cpd03832[c0] => (2)  cpd00008[c0] + (2)  cpd00009[c0] + (2)  cpd00023[c0] + (2)  cpd00067[c0] + (1)  cpd03913[c0]	(2)  H2O [c0][c0] + (2)  ATP [c0][c0] + (2)  L-Glutamine [c0][c0] + (1)  Hydrogenobyrinate [c0][c0] => (2)  ADP [c0][c0] + (2)  Phosphate [c0][c0] + (2)  L-Glutamate [c0][c0] + (2)  H+ [c0][c0] + (1)  Hydrogenobyrinate diamide [c0][c0]	rxn06887	COBB	R05224	Porphyrin and chlorophyll metabolism	Adenosylcobalamin-Biosynthesis|Biosynthesis|Cobalamin-Biosynthesis|Cofactor-Biosynthesis|P381-PWY|Vitamin-Biosynthesis
rxn02911_c0	=	Cytosol	((Annotated_genome.CDS.3831 or Annotated_genome.CDS.4483 or Annotated_genome.CDS.3915 or Annotated_genome.CDS.1597 or Annotated_genome.CDS.2162 or Annotated_genome.CDS.3028 or Annotated_genome.CDS.4286 or Annotated_genome.CDS.4034 or Annotated_genome.CDS.1762 or Annotated_genome.CDS.3331 or Annotated_genome.CDS.2200 or Annotated_genome.CDS.3898 or Annotated_genome.CDS.4130 or Annotated_genome.CDS.1589 or Annotated_genome.CDS.4054 or Annotated_genome.CDS.3594 or Annotated_genome.CDS.2383 or Annotated_genome.CDS.403 or Annotated_genome.CDS.3583 or Annotated_genome.CDS.3648 or Annotated_genome.CDS.4317 or Annotated_genome.CDS.1649) or (Annotated_genome.CDS.3682 or Annotated_genome.CDS.4491))	(S)-3-Hydroxydodecanoyl-CoA hydro-lyase [c0]		2.16		(1)  cpd03116[c0] <=> (1)  cpd00001[c0] + (1)  cpd02060[c0]	(1)  (S) -3-Hydroxydodecanoyl-CoA [c0][c0] <=> (1)  H2O [c0][c0] + (1)  (2E) -Dodecenoyl-CoA [c0][c0]	rxn02911	ECOAH5	R04170	Fatty acid elongation|Fatty acid degradation	
rxn01280_c0	=	Cytosol	Annotated_genome.CDS.4468	(R)-Glycerate:NAD+ oxidoreductase [c0]		5.22		(1)  cpd00003[c0] + (1)  cpd00223[c0] <=> (1)  cpd00004[c0] + (1)  cpd00067[c0] + (1)  cpd00843[c0]	(1)  NAD [c0][c0] + (1)  Glycerate [c0][c0] <=> (1)  NADH [c0][c0] + (1)  H+ [c0][c0] + (1)  Tartronate semialdehyde [c0][c0]	rxn01280	HOXPRx	R01745	Glyoxylate and dicarboxylate metabolism	Alcohol-Degradation|CARBOXYLATES-DEG|D-Galactarate-Degradation|D-Glucarate-Degradation|Degradation|GALACTARDEG-PWY|GLUCARDEG-PWY|GLUCARGALACTSUPER-PWY|GLYCOL-GLYOXDEG-PWY|GLYCOLATEMET-PWY|Glycolate-Degradation|SECONDARY-METABOLITE-DEGRADATION|SUGAR-ACIDS-DEG|Sugar-Derivatives
rxn05450_c0	>	Cytosol	(Annotated_genome.CDS.500 or Annotated_genome.CDS.3522 or Annotated_genome.CDS.3653)	14-methyl-trans-pentadec-2-enoyl-ACP:NAD+ oxidoreductase (A-specific) [c0]		-16.55		(1)  cpd00004[c0] + (1)  cpd00067[c0] + (1)  cpd11568[c0] => (1)  cpd00003[c0] + (1)  cpd11569[c0]	(1)  NADH [c0][c0] + (1)  H+ [c0][c0] + (1)  14-methyl-trans-pentadec-2-enoyl-ACP [c0][c0] => (1)  NAD [c0][c0] + (1)  14-methyl-pentadecanoyl-ACP [c0][c0]	rxn05450				
rxn12847_c0	=	Cytosol	(Annotated_genome.CDS.4159 or Annotated_genome.CDS.1275 or Annotated_genome.CDS.3788 or Annotated_genome.CDS.9)	Gly-Try aminopeptidase [c0]				(1)  cpd00001[c0] + (1)  cpd15606[c0] <=> (1)  cpd00033[c0] + (1)  cpd00069[c0]	(1)  H2O [c0][c0] + (1)  Gly-Tyr [c0][c0] <=> (1)  Glycine [c0][c0] + (1)  L-Tyrosine [c0][c0]	rxn12847				
rxn05410_c0	=	Cytosol	Annotated_genome.CDS.2407	4-methyl-3-oxo-pentanoyl-ACP:NADP+ oxidoreductase [c0]		-3.76		(1)  cpd00005[c0] + (1)  cpd00067[c0] + (1)  cpd11546[c0] <=> (1)  cpd00006[c0] + (1)  cpd11547[c0]	(1)  NADPH [c0][c0] + (1)  H+ [c0][c0] + (1)  4-methyl-3-oxo-pentanoyl-ACP [c0][c0] <=> (1)  NADP [c0][c0] + (1)  4-methyl-3-hydroxy-pentanoyl-ACP [c0][c0]	rxn05410				
rxn05443_c0	>	Cytosol	(Annotated_genome.CDS.500 or Annotated_genome.CDS.3522 or Annotated_genome.CDS.3653)	13-methyl-trans-tetra-dec-2-enoyl-ACP:NAD+ oxidoreductase (A-specific) [c0]		-16.55		(1)  cpd00004[c0] + (1)  cpd00067[c0] + (1)  cpd11539[c0] => (1)  cpd00003[c0] + (1)  cpd11540[c0]	(1)  NADH [c0][c0] + (1)  H+ [c0][c0] + (1)  13-methyl-trans-tetra-dec-2-enoyl-ACP [c0][c0] => (1)  NAD [c0][c0] + (1)  13-methyl-tetra-decanoyl-ACP [c0][c0]	rxn05443				
rxn09114_c0	=	Cytosol	Annotated_genome.CDS.4478	Phosphatidylglycerol synthase (n-C18:1) [c0]		-16.7		(1)  cpd00080[c0] + (1)  cpd15420[c0] <=> (1)  cpd00046[c0] + (1)  cpd15548[c0]	(1)  Glycerol-3-phosphate [c0][c0] + (1)  CDP-1,2-dioctadec-11-enoylglycerol [c0][c0] <=> (1)  CMP [c0][c0] + (1)  Phosphatidylglycerophosphate dioctadec-11-enoyl [c0][c0]	rxn09114	PGSA181			
rxn09188_c0	=	Cytosol	Annotated_genome.CDS.3336	Proline dehydrogenase [c0]		-19.84		(1)  cpd00015[c0] + (1)  cpd00129[c0] <=> (1)  cpd00982[c0] + (1)  cpd02431[c0]	(1)  FAD [c0][c0] + (1)  L-Proline [c0][c0] <=> (1)  FADH2 [c0][c0] + (1)  1-Pyrroline-5-carboxylate [c0][c0]	rxn09188	PRO1z			
rxn08822_c0	=	Cytosol	Annotated_genome.CDS.1138	Lysophospholipase L2 (2-acylglycerophosphotidate, n-C18:0) [c0]		-351.88		(1)  cpd00001[c0] + (1)  cpd15358[c0] <=> (2)  cpd00067[c0] + (1)  cpd00080[c0] + (1)  cpd01080[c0]	(1)  H2O [c0][c0] + (1)  2-octadecanoyl-sn-glycerol 3-phosphate [c0][c0] <=> (2)  H+ [c0][c0] + (1)  Glycerol-3-phosphate [c0][c0] + (1)  ocdca [c0][c0]	rxn08822	LPLIPAL2A180			
rxn05030_c0	>	Cytosol	Annotated_genome.CDS.3234	di-trans,poly-cis-decaprenyl-diphosphate:isopentenyl-diphosphate undecaprenylcistransferase [c0]		-22.53		(1)  cpd00113[c0] + (1)  cpd02746[c0] => (1)  cpd00012[c0] + (1)  cpd00067[c0] + (1)  cpd02229[c0]	(1)  Isopentenyldiphosphate [c0][c0] + (1)  all trans Decaprenyl diphosphate [c0][c0] => (1)  PPi [c0][c0] + (1)  H+ [c0][c0] + (1)  Bactoprenyl diphosphate [c0][c0]	rxn05030		R07269		
rxn05345_c0	>	Cytosol	(Annotated_genome.CDS.501 or Annotated_genome.CDS.1999 or (Annotated_genome.CDS.1013 or Annotated_genome.CDS.1998))	dodecanoyl-[acyl-carrier-protein]:malonyl-[acyl-carrier-protein] C-acyltransferase (decarboxylating) [c0]		-7.37		(1)  cpd11468[c0] + (1)  cpd11492[c0] => (1)  cpd00011[c0] + (1)  cpd11491[c0] + (1)  cpd11493[c0]	(1)  Dodecanoyl-ACP [c0][c0] + (1)  Malonyl-acyl-carrierprotein- [c0][c0] => (1)  CO2 [c0][c0] + (1)  3-oxotetradecanoyl-acp [c0][c0] + (1)  ACP [c0][c0]	rxn05345	3OAS140	R04726	Fatty acid biosynthesis	Biosynthesis|Fatty-acid-biosynthesis|Lipid-Biosynthesis|Palmitate-Biosynthesis
rxn05422_c0	=	Cytosol	Annotated_genome.CDS.2407	10-methyl-3-oxo-undecanoyl-ACP:NADP+ oxidoreductase [c0]		-3.76		(1)  cpd00005[c0] + (1)  cpd00067[c0] + (1)  cpd11558[c0] <=> (1)  cpd00006[c0] + (1)  cpd11559[c0]	(1)  NADPH [c0][c0] + (1)  H+ [c0][c0] + (1)  10-methyl-3-oxo-undecanoyl-ACP [c0][c0] <=> (1)  NADP [c0][c0] + (1)  10-methyl-3-hydroxy-undecanoyl-ACP [c0][c0]	rxn05422				
rxn03891_c0	>	Cytosol	Annotated_genome.CDS.3534	R05612 [c0]		-22.53		(1)  cpd00113[c0] + (1)  cpd00906[c0] => (1)  cpd00012[c0] + (1)  cpd00067[c0] + (1)  cpd02590[c0]	(1)  Isopentenyldiphosphate [c0][c0] + (1)  all-trans-Hexaprenyl diphosphate [c0][c0] => (1)  PPi [c0][c0] + (1)  H+ [c0][c0] + (1)  all-trans-Heptaprenyl diphosphate [c0][c0]	rxn03891	HEXTT	R05612		
rxn01465_c0	=	Cytosol	(Annotated_genome.CDS.2677 or Annotated_genome.CDS.1778 or Annotated_genome.CDS.1253)	(S)-dihydroorotate amidohydrolase [c0]		-5.28		(1)  cpd00001[c0] + (1)  cpd00282[c0] <=> (1)  cpd00067[c0] + (1)  cpd00343[c0]	(1)  H2O [c0][c0] + (1)  S-Dihydroorotate [c0][c0] <=> (1)  H+ [c0][c0] + (1)  N-Carbamoyl-L-aspartate [c0][c0]	rxn01465	DH or TS	R01993	Pyrimidine metabolism	Biosynthesis|Nucleotide-Biosynthesis|PRPP-PWY|PWY0-162|PYR-NUC-SYN|Pyrimidine-De-Novo-Biosyn
rxn01833_c0	>	Cytosol	Annotated_genome.CDS.1050	aminoacetone:oxygen oxidoreductase(deaminating) [c0]		-21.56		(1)  cpd00001[c0] + (1)  cpd00007[c0] + (1)  cpd01298[c0] => (1)  cpd00013[c0] + (1)  cpd00025[c0] + (1)  cpd00428[c0]	(1)  H2O [c0][c0] + (1)  O2 [c0][c0] + (1)  Aminoacetone [c0][c0] => (1)  NH3 [c0][c0] + (1)  H2O2 [c0][c0] + (1)  2-Oxopropanal [c0][c0]	rxn01833		R02529	Glycine, serine and threonine metabolism	Amino-Acid-Biosynthesis|Amino-Acid-Degradation|Biosynthesis|Degradation|GLYCINE-SYN|IND-AMINO-ACID-SYN|THRDLCTCAT-PWY|THREOCAT-PWY|THREONINE-DEG
rxn05145_c0	>	Cytosol	((Annotated_genome.CDS.1062 and Annotated_genome.CDS.1061 and Annotated_genome.CDS.1063 and (Annotated_genome.CDS.1064 or Annotated_genome.CDS.3377)) or Annotated_genome.CDS.2545)	phosphate-transporting ATPase [c0]	3.A.1.7|TC-3.A.1.7	-6.82		(1)  cpd00001[c0] + (1)  cpd00002[c0] + (1)  cpd00009[e0] => (1)  cpd00008[c0] + (2)  cpd00009[c0] + (1)  cpd00067[c0]	(1)  H2O [c0][c0] + (1)  ATP [c0][c0] + (1)  Phosphate [e0][e0] => (1)  ADP [c0][c0] + (2)  Phosphate [c0][c0] + (1)  H+ [c0][c0]	rxn05145	PIabc			
rxn01872_c0	=	Cytosol	Annotated_genome.CDS.1377	succinyl-CoA:enzyme N6-(dihydrolipoyl)lysine S-succinyltransferase [c0]		9.53		(1)  cpd00078[c0] + (1)  cpd00449[c0] <=> (1)  cpd00010[c0] + (1)  cpd00860[c0]	(1)  Succinyl-CoA [c0][c0] + (1)  Dihydrolipoamide [c0][c0] <=> (1)  CoA [c0][c0] + (1)  S-Succinyldihydrolipoamide [c0][c0]	rxn01872	AKGDbr	R02570	Citrate cycle (TCA cycle)	
rxn01301_c0	=	Cytosol	(Annotated_genome.CDS.2885 or Annotated_genome.CDS.1968)	L-Homoserine:NAD+ oxidoreductase [c0]		5.22		(1)  cpd00003[c0] + (1)  cpd00227[c0] <=> (1)  cpd00004[c0] + (1)  cpd00067[c0] + (1)  cpd00346[c0]	(1)  NAD [c0][c0] + (1)  L-Homoserine [c0][c0] <=> (1)  NADH [c0][c0] + (1)  H+ [c0][c0] + (1)  L-Aspartate4-semialdehyde [c0][c0]	rxn01301	HOM6_1	R01773	Glycine, serine and threonine metabolism|Cysteine and methionine metabolism|Lysine biosynthesis	Amino-Acid-Biosynthesis|Biosynthesis|HOMOSERSYN-PWY|IND-AMINO-ACID-SYN|ISOLEUCINE-SYN|MET-SAM-PWY|METHIONINE-SYN|METSYN-PWY|Other-Amino-Acid-Biosynthesis|P4-PWY|PWY0-781|THREONINE-BIOSYNTHESIS|THRESYN-PWY
rxn01643_c0	<	Cytosol	Annotated_genome.CDS.3971	L-Aspartate-4-semialdehyde:NADP+ oxidoreductase (phosphorylating) [c0]		-9.89		(1)  cpd00006[c0] + (1)  cpd00009[c0] + (1)  cpd00346[c0] <= (1)  cpd00005[c0] + (1)  cpd00067[c0] + (1)  cpd01977[c0]	(1)  NADP [c0][c0] + (1)  Phosphate [c0][c0] + (1)  L-Aspartate4-semialdehyde [c0][c0] <= (1)  NADPH [c0][c0] + (1)  H+ [c0][c0] + (1)  4-Phospho-L-aspartate [c0][c0]	rxn01643	ASAD	R02291	Glycine, serine and threonine metabolism|Cysteine and methionine metabolism|Lysine biosynthesis	Amino-Acid-Biosynthesis|Biosynthesis|DAPLYSINESYN-PWY|HOMOSERSYN-PWY|IND-AMINO-ACID-SYN|ISOLEUCINE-SYN|LYSINE-SYN|MET-SAM-PWY|METHIONINE-SYN|METSYN-PWY|Other-Amino-Acid-Biosynthesis|P101-PWY|P4-PWY|PWY0-781|Polyamine-Biosynthesis|Spermidine-Biosynthesis|THREONINE-BIOSYNTHESIS|THRESYN-PWY
rxn00248_c0	=	Cytosol	(Annotated_genome.CDS.2829 or Annotated_genome.CDS.1372)	(S)-malate:NAD+ oxidoreductase [c0]		6.22		(1)  cpd00003[c0] + (1)  cpd00130[c0] <=> (1)  cpd00004[c0] + (1)  cpd00032[c0] + (1)  cpd00067[c0]	(1)  NAD [c0][c0] + (1)  L-Malate [c0][c0] <=> (1)  NADH [c0][c0] + (1)  Oxaloacetate [c0][c0] + (1)  H+ [c0][c0]	rxn00248	MDH	R00342	Citrate cycle (TCA cycle)|Pyruvate metabolism|Glyoxylate and dicarboxylate metabolism|Methane metabolism|Carbon fixation in photosynthetic organisms|Carbon fixation pathways in prokaryotes	ANAEROBIC-RESPIRATION|ANARESP1-PWY|ASPARTATE-DEG|Amino-Acid-Degradation|Autotrophic-CO2-Fixation|Biosynthesis|C1-COMPOUNDS|CARBO-BIOSYNTHESIS|CO2-Fixation|Carbohydrates-Biosynthesis|Degradation|Energy-Metabolism|FERMENTATION-PWY|Fermentation|Formaldehyde-Assimilation|GLUCONEO-PWY|GLUTAMATE-DEG|GLYCOLYSIS-TCA-GLYOX-BYPASS|GLYCOLYSIS-VARIANTS|GLYOXYLATE-BYPASS|Gluconeogenesis|MALATE-ASPARTATE-SHUTTLE-PWY|MALATE-OXALOACETATE-SHUTTLE|P105-PWY|P108-PWY|P23-PWY|P42-PWY|Pyruvate-Degradation|Reductive-TCA-Cycles|Respiration|TCA|TCA-GLYOX-BYPASS|TCA-VARIANTS|Transport-Pathways
rxn00499_c0	=	Cytosol	Annotated_genome.CDS.1482	(S)-Lactate:NAD+ oxidoreductase [c0]		6.22		(1)  cpd00003[c0] + (1)  cpd00159[c0] <=> (1)  cpd00004[c0] + (1)  cpd00020[c0] + (1)  cpd00067[c0]	(1)  NAD [c0][c0] + (1)  L-Lactate [c0][c0] <=> (1)  NADH [c0][c0] + (1)  Pyruvate [c0][c0] + (1)  H+ [c0][c0]	rxn00499	LDH_L	R00703	Glycolysis / Gluconeogenesis|Pyruvate metabolism	ANAEROFRUCAT-PWY|Carbohydrates-Degradation|Degradation|Energy-Metabolism|Fermentation|P122-PWY|P124-PWY|P41-PWY|P461-PWY|Pyruvate-Degradation|SECONDARY-METABOLITE-DEGRADATION|SUCROSE-DEG|SUGAR-ALCOHOLS-DEG|Sugar-Derivatives|Sugars-And-Polysaccharides|Xylose-Degradation
rxn08844_c0	=	Cytosol	Annotated_genome.CDS.1138	Lysophospholipase L2 (2-acylglycerophosphoethanolamine, n-C18:1) [c0]		-264.53		(1)  cpd00001[c0] + (1)  cpd15342[c0] <=> (1)  cpd00067[c0] + (1)  cpd00908[c0] + (1)  cpd15269[c0]	(1)  H2O [c0][c0] + (1)  2-Acyl-sn-glycero-3-phosphoethanolamine octadec-11-enoyl [c0][c0] <=> (1)  H+ [c0][c0] + (1)  Glycerophosphoethanolamine [c0][c0] + (1)  octadecenoate [c0][c0]	rxn08844	LPLIPAL2E181			
rxn05385_c0	=	Cytosol	Annotated_genome.CDS.2407	5-methyl-3-oxo-hexanoyl-ACP:NADP+ oxidoreductase [c0]		-3.76		(1)  cpd00005[c0] + (1)  cpd00067[c0] + (1)  cpd11521[c0] <=> (1)  cpd00006[c0] + (1)  cpd11522[c0]	(1)  NADPH [c0][c0] + (1)  H+ [c0][c0] + (1)  5-methyl-3-oxo-hexanoyl-ACP [c0][c0] <=> (1)  NADP [c0][c0] + (1)  5-methyl-3-hydroxy-hexanoyl-ACP [c0][c0]	rxn05385				
rxn01637_c0	=	Cytosol	Annotated_genome.CDS.1069	N2-Acetyl-L-ornithine:2-oxoglutarate aminotransferase [c0]		-1		(1)  cpd00024[c0] + (1)  cpd00342[c0] <=> (1)  cpd00023[c0] + (1)  cpd00918[c0]	(1)  2-Oxoglutarate [c0][c0] + (1)  N-Acetylornithine [c0][c0] <=> (1)  L-Glutamate [c0][c0] + (1)  2-Acetamido-5-oxopentanoate [c0][c0]	rxn01637	ACOTA	R02283	Arginine and proline metabolism	ARG+POLYAMINE-SYN|ARGININE-SYN|ARGSYN-PWY|ARGSYNBSUB-PWY|Amino-Acid-Biosynthesis|Biosynthesis|GLUTORN-PWY|IND-AMINO-ACID-SYN|Other-Amino-Acid-Biosynthesis|Polyamine-Biosynthesis
rxn00708_c0	>	Cytosol	(Annotated_genome.CDS.3133 or (Annotated_genome.CDS.1906 or Annotated_genome.CDS.1610))	Uridine 5'-monophosphate phosphohydrolase [c0]		7.21		(1)  cpd00001[c0] + (1)  cpd00091[c0] => (1)  cpd00009[c0] + (1)  cpd00249[c0]	(1)  H2O [c0][c0] + (1)  UMP [c0][c0] => (1)  Phosphate [c0][c0] + (1)  Uridine [c0][c0]	rxn00708	NTD2	R00963	Pyrimidine metabolism	
rxn07433_c0	=	Cytosol	Annotated_genome.CDS.3606	R07602 [c0]		-2.81		(1)  cpd00213[c0] + (1)  cpd14698[c0] <=> (1)  cpd00056[c0] + (1)  cpd14699[c0]	(1)  Lipoamide [c0][c0] + (1)  3-Methyl-1-hydroxybutyl-TPP [c0][c0] <=> (1)  TPP [c0][c0] + (1)  S-(3-Methylbutanoyl) -dihydrolipoamide-E [c0][c0]	rxn07433		R07602	Valine, leucine and isoleucine degradation	
rxn01269_c0	>	Cytosol	Annotated_genome.CDS.1056	Prephenate:NADP+ oxidoreductase(decarboxylating) [c0]		-16.12		(1)  cpd00006[c0] + (1)  cpd00219[c0] => (1)  cpd00005[c0] + (1)  cpd00011[c0] + (1)  cpd00868[c0]	(1)  NADP [c0][c0] + (1)  Prephenate [c0][c0] => (1)  NADPH [c0][c0] + (1)  CO2 [c0][c0] + (1)  p-hydroxyphenylpyruvate [c0][c0]	rxn01269	PPND2	R01730	Phenylalanine, tyrosine and tryptophan biosynthesis	
rxn00392_c0	=	Cytosol	Annotated_genome.CDS.559	ATP:riboflavin 5'-phosphotransferase [c0]		-14.03		(1)  cpd00002[c0] + (1)  cpd00220[c0] <=> (1)  cpd00008[c0] + (1)  cpd00050[c0] + (1)  cpd00067[c0]	(1)  ATP [c0][c0] + (1)  Riboflavin [c0][c0] <=> (1)  ADP [c0][c0] + (1)  FMN [c0][c0] + (1)  H+ [c0][c0]	rxn00392	FMN1_1	R00549	Riboflavin metabolism	Biosynthesis|Cobalamin-Biosynthesis|Cofactor-Biosynthesis|Flavin-Biosynthesis|PWY66-366|RIBOSYN2-PWY|Vitamin-Biosynthesis
rxn00747_c0	=	Cytosol	Annotated_genome.CDS.3066	D-glyceraldehyde-3-phosphate aldose-ketose-isomerase [c0]		-1.46		(1)  cpd00102[c0] <=> (1)  cpd00095[c0]	(1)  Glyceraldehyde3-phosphate [c0][c0] <=> (1)  Glycerone-phosphate [c0][c0]	rxn00747	TPI	R01015	Glycolysis / Gluconeogenesis|Fructose and mannose metabolism|Inositol phosphate metabolism|Carbon fixation in photosynthetic organisms	ANAEROFRUCAT-PWY|ANAGLYCOLYSIS-PWY|Autotrophic-CO2-Fixation|Biosynthesis|C1-COMPOUNDS|CALVIN-PWY|CARBO-BIOSYNTHESIS|CARBOXYLATES-DEG|CO2-Fixation|Carbohydrates-Biosynthesis|Carbohydrates-Degradation|Degradation|Energy-Metabolism|Fermentation|Formaldehyde-Assimilation|GLYCOLYSIS|GLYCOLYSIS-E-D|GLYCOLYSIS-TCA-GLYOX-BYPASS|GLYCOLYSIS-VARIANTS|Gluconeogenesis|P185-PWY|P341-PWY|P441-PWY|P461-PWY|PHOTOALL-PWY|PWY66-373|Photosynthesis|SECONDARY-METABOLITE-DEGRADATION|SUCROSE-DEG|SUGAR-ALCOHOLS-DEG|Sugar-Derivatives|Sugars-And-Polysaccharides|TCA-VARIANTS
rxn01334_c0	=	Cytosol	(Annotated_genome.CDS.847 or Annotated_genome.CDS.1951)	Sedoheptulose 1,7-bisphosphate D-glyceraldehyde-3-phosphate-lyase [c0]		2.56		(1)  cpd00349[c0] <=> (1)  cpd00095[c0] + (1)  cpd00236[c0]	(1)  Sedoheptulose 1,7-bisphosphate [c0][c0] <=> (1)  Glycerone-phosphate [c0][c0] + (1)  D-Erythrose4-phosphate [c0][c0]	rxn01334	FBA3	R01829	Carbon fixation in photosynthetic organisms	Autotrophic-CO2-Fixation|Biosynthesis|C1-COMPOUNDS|CALVIN-PWY|CARBO-BIOSYNTHESIS|CO2-Fixation|Carbohydrates-Biosynthesis|Degradation|Energy-Metabolism|PHOTOALL-PWY|PWY0-1517|Photosynthesis
rxn00830_c0	=	Cytosol	Annotated_genome.CDS.3533	Isopentenyl-diphosphate delta3-delta2-isomerase [c0]		0.66		(1)  cpd00113[c0] <=> (1)  cpd00202[c0]	(1)  Isopentenyldiphosphate [c0][c0] <=> (1)  DMAPP [c0][c0]	rxn00830	IDI1	R01123	Terpenoid backbone biosynthesis	All-Trans-Farnesyl-PP-Biosynthesis|Biosynthesis|Cell-Structure-Biosynthesis|Cell-Wall-Biosynthesis|Cofactor-Biosynthesis|DITERPENOID-SYN|ERGOSTEROL-SYN-PWY|Energy-Metabolism|GGPP-Biosynthesis|ISOPRENOIDS|Lipid-Biosynthesis|NONMEVIPP-PWY|Other-biosynthesis|POLYISOPRENSYN-PWY|PWY66-5|Polyprenyl-Biosynthesis|SECONDARY-METABOLITE-BIOSYNTHESIS|Sterol-Biosynthesis|Terpenoid-Biosynthesis
rxn03406_c0	>	Cytosol	Annotated_genome.CDS.3405	Undecaprenyl-diphospho-N-acetylmuramoyl-(N-acetylglucosamine)- [c0]		-44.53		(1)  cpd00002[c0] + (1)  cpd00013[c0] + (1)  cpd03487[c0] => (1)  cpd00008[c0] + (1)  cpd00009[c0] + (1)  cpd00067[c0] + (1)  cpd03488[c0]	(1)  ATP [c0][c0] + (1)  NH3 [c0][c0] + (1)  Undecaprenyl-diphospho-N-acetylmuramoyl-(N-acetylglucosamine) -L-alanyl-D-glutamyl-L-lysyl-D-alanyl-D-alanine [c0][c0] => (1)  ADP [c0][c0] + (1)  Phosphate [c0][c0] + (1)  H+ [c0][c0] + (1)  Undecaprenyl-diphospho-N-acetylmuramoyl-(N-acetylglucosamine) -L-alanyl-D-glutaminyl-L-lysyl-D-alanyl-D-alanine [c0][c0]	rxn03406	GLNSP1			
rxn00029_c0	>	Cytosol	Annotated_genome.CDS.3179	5-aminolevulinate hydro-lyase (adding 5-aminolevulinate and cyclizing; porphobilinogen-forming) [c0]	4.2.1.24	-15.3		(2)  cpd00338[c0] => (2)  cpd00001[c0] + (1)  cpd00067[c0] + (1)  cpd00689[c0]	(2)  5-Aminolevulinate [c0][c0] => (2)  H2O [c0][c0] + (1)  H+ [c0][c0] + (1)  Porphobilinogen [c0][c0]	rxn00029	HEM2	R00036	Porphyrin and chlorophyll metabolism	Biosynthesis|Chlorophyll-Biosynthesis|Chlorophyll-a-Biosynthesis|Cofactor-Biosynthesis|HEME-SYN|Porphyrin-Compounds-Biosynthesis|Tetrapyrrole-Biosynthesis
rxn06673_c0	>	Cytosol	((Annotated_genome.CDS.4605 or Annotated_genome.CDS.1632) and (Annotated_genome.CDS.1939 or Annotated_genome.CDS.1632))	Acetyl-CoA:carbon-dioxide ligase (ADP-forming) [c0]		-10.65		(1)  cpd00022[c0] + (1)  cpd12543[c0] => (1)  cpd00070[c0] + (1)  cpd12848[c0]	(1)  Acetyl-CoA [c0][c0] + (1)  Carboxybiotin-carboxyl-carrier protein [c0][c0] => (1)  Malonyl-CoA [c0][c0] + (1)  Holo-[carboxylase] [c0][c0]	rxn06673		R04386	Fatty acid biosynthesis	
rxn12646_c0	=	Cytosol	(Annotated_genome.CDS.4159 or Annotated_genome.CDS.1275 or Annotated_genome.CDS.3788 or Annotated_genome.CDS.9)	RXN0-6983.c [c0]		-0.46		(1)  cpd00001[c0] + (1)  cpd11580[c0] <=> (1)  cpd00033[c0] + (1)  cpd00053[c0]	(1)  H2O [c0][c0] + (1)  Gly-Gln [c0][c0] <=> (1)  Glycine [c0][c0] + (1)  L-Glutamine [c0][c0]	rxn12646	MEAMP1(gly-gln)			
rxn06777_c0	=	Cytosol	((Annotated_genome.CDS.3186 or Annotated_genome.CDS.1597 or Annotated_genome.CDS.2196 or Annotated_genome.CDS.1245 or Annotated_genome.CDS.403 or Annotated_genome.CDS.167 or Annotated_genome.CDS.2162 or Annotated_genome.CDS.2197) or Annotated_genome.CDS.3492)	(S)-3-Hydroxytetradecanoyl-CoA:NAD+ oxidoreductase [c0]		3.76		(1)  cpd00003[c0] + (1)  cpd03115[c0] <=> (1)  cpd00004[c0] + (1)  cpd00067[c0] + (1)  cpd12689[c0]	(1)  NAD [c0][c0] + (1)  (S) -3-Hydroxytetradecanoyl-CoA [c0][c0] <=> (1)  NADH [c0][c0] + (1)  H+ [c0][c0] + (1)  3-Oxotetradecanoyl-CoA [c0][c0]	rxn06777	HACD6	R04739	Fatty acid elongation|Fatty acid degradation	
rxn05256_c0	>	Cytosol	Annotated_genome.CDS.2377	AMP,sulfite:thioredoxin-disulfide oxidoreductase(adenosine-5'-phosphosulfate-forming) [c0]				(1)  cpd00193[c0] + (1)  cpd11421[c0] => (1)  cpd00018[c0] + (1)  cpd00067[c0] + (1)  cpd00081[c0] + (1)  cpd11420[c0]	(1)  APS [c0][c0] + (1)  trdrd [c0][c0] => (1)  AMP [c0][c0] + (1)  H+ [c0][c0] + (1)  Sulfite [c0][c0] + (1)  trdox [c0][c0]	rxn05256	APSPTi	R07176		
rxn05448_c0	>	Cytosol	(Annotated_genome.CDS.500 or Annotated_genome.CDS.3522 or Annotated_genome.CDS.3653)	10-methyl-trans-undec-2-enoyl-ACP:NAD+ oxidoreductase (A-specific) [c0]		-16.55		(1)  cpd00004[c0] + (1)  cpd00067[c0] + (1)  cpd11560[c0] => (1)  cpd00003[c0] + (1)  cpd11561[c0]	(1)  NADH [c0][c0] + (1)  H+ [c0][c0] + (1)  10-methyl-trans-undec-2-enoyl-ACP [c0][c0] => (1)  NAD [c0][c0] + (1)  10-methyl-undecanoyl-ACP [c0][c0]	rxn05448				
rxn05446_c0	>	Cytosol	(Annotated_genome.CDS.500 or Annotated_genome.CDS.3522 or Annotated_genome.CDS.3653)	6-methyl-trans-hept-2-enoyl-ACP:NAD+ oxidoreductase (A-specific) [c0]		-16.55		(1)  cpd00004[c0] + (1)  cpd00067[c0] + (1)  cpd11552[c0] => (1)  cpd00003[c0] + (1)  cpd11553[c0]	(1)  NADH [c0][c0] + (1)  H+ [c0][c0] + (1)  6-methyl-trans-hept-2-enoyl-ACP [c0][c0] => (1)  NAD [c0][c0] + (1)  6-methyl-heptanoyl-ACP [c0][c0]	rxn05446				
rxn02175_c0	>	Cytosol	Annotated_genome.CDS.3281	ATP:pantetheine-4'-phosphate adenylyltransferase [c0]		1.07		(1)  cpd00002[c0] + (1)  cpd00834[c0] => (1)  cpd00012[c0] + (1)  cpd00655[c0]	(1)  ATP [c0][c0] + (1)  Phosphopantetheine [c0][c0] => (1)  PPi [c0][c0] + (1)  Dephospho-CoA [c0][c0]	rxn02175	PTPAT	R03035	Pantothenate and CoA biosynthesis	Biosynthesis|COA-PWY|CoA-Biosynthesis|Cofactor-Biosynthesis|PANTOSYN-PWY|Vitamin-Biosynthesis
rxn05317_c0	=	Cytosol	Annotated_genome.CDS.3292	Transport of deoxyadenosine, extracellular [c0]		0		(1)  cpd00067[e0] + (1)  cpd00438[e0] <=> (1)  cpd00067[c0] + (1)  cpd00438[c0]	(1)  H+ [e0][e0] + (1)  Deoxyadenosine [e0][e0] <=> (1)  H+ [c0][c0] + (1)  Deoxyadenosine [c0][c0]	rxn05317	DADNt2			
rxn08136_c0	>	Cytosol	Annotated_genome.CDS.3745	1,6-anhydrous-N-Acetylmuramate kinase [c0]		-233.34		(1)  cpd00001[c0] + (1)  cpd00002[c0] + (1)  cpd15399[c0] => (1)  cpd00008[c0] + (1)  cpd15391[c0]	(1)  H2O [c0][c0] + (1)  ATP [c0][c0] + (1)  1,6-anhydrous-N-Acetylmuramate [c0][c0] => (1)  ADP [c0][c0] + (1)  MurNAc 6-phosphate [c0][c0]	rxn08136	ANHMK			
rxn02835_c0	=	Cytosol	Annotated_genome.CDS.1533	1-(5-phospho-D-ribosyl)-AMP 1,6-hydrolase [c0]		4.04		(1)  cpd00001[c0] + (1)  cpd01777[c0] <=> (1)  cpd02979[c0]	(1)  H2O [c0][c0] + (1)  Phosphoribosyl-AMP [c0][c0] <=> (1)  phosphoribosylformiminoaicar-phosphate [c0][c0]	rxn02835	HIS4_2	R04037	Histidine metabolism	Amino-Acid-Biosynthesis|Biosynthesis|HISTIDINE-SYN|HISTSYN-PWY|IND-AMINO-ACID-SYN|PRPP-PWY
rxn03884_c0	>	Cytosol	Annotated_genome.CDS.2263	2-dehydro-3-deoxy-D-gluconate-6-phosphate D-glyceraldehyde-3-phosphate-lyase [c0]		0.75		(1)  cpd02711[c0] => (1)  cpd00020[c0] + (1)  cpd00102[c0]	(1)  2-Keto-3-deoxy-6-phosphogluconate [c0][c0] => (1)  Pyruvate [c0][c0] + (1)  Glyceraldehyde3-phosphate [c0][c0]	rxn03884	EDA	R05605	Pentose phosphate pathway|Pentose and glucuronate interconversions	Carbohydrates-Degradation|Degradation|ENTNER-DOUDOROFF-PWY|Energy-Metabolism|GLYCOLYSIS-E-D|SECONDARY-METABOLITE-DEGRADATION|Sugar-Derivatives|Sugars-And-Polysaccharides
rxn02774_c0	=	Cytosol	Annotated_genome.CDS.1894	S-Adenosyl-L-methionine:uroporphyrin-III C-methyltransferase [c0]	1.3.1.76			(1)  cpd00003[c0] + (1)  cpd01620[c0] <=> (1)  cpd00004[c0] + (2)  cpd00067[c0] + (1)  cpd03426[c0]	(1)  NAD [c0][c0] + (1)  Precorrin 2 [c0][c0] <=> (1)  NADH [c0][c0] + (2)  H+ [c0][c0] + (1)  Sirohydrochlorin [c0][c0]	rxn02774	SHCHD2	R03947	Porphyrin and chlorophyll metabolism	Biosynthesis|Cofactor-Biosynthesis|Porphyrin-Compounds-Biosynthesis
rxn01675_c0	>	Cytosol	Annotated_genome.CDS.2684	dTTP:alpha-D-glucose-1-phosphate thymidylyltransferase [c0]		1.07		(1)  cpd00089[c0] + (1)  cpd00357[c0] => (1)  cpd00012[c0] + (1)  cpd00626[c0]	(1)  Glucose-1-phosphate [c0][c0] + (1)  TTP [c0][c0] => (1)  PPi [c0][c0] + (1)  dTDPglucose [c0][c0]	rxn01675	G1PTMT	R02328	Streptomycin biosynthesis|Polyketide sugar unit biosynthesis	Antibiotic-Biosynthesis|Biosynthesis|CARBO-BIOSYNTHESIS|Carbohydrates-Biosynthesis|Cell-Structure-Biosynthesis|Cell-Wall-Biosynthesis|DTDPRHAMSYN-PWY|ECASYN-PWY|Lipopolysaccharide-Biosynthesis|O-Antigen-Biosynthesis|OANTIGEN-PWY|Rhamnose-Biosynthesis|SECONDARY-METABOLITE-BIOSYNTHESIS|SUGAR-NUCLEOTIDES
rxn00146_c0	>	Cytosol	(Annotated_genome.CDS.387 or Annotated_genome.CDS.1244)	(R)-Lactate:ferricytochrome-c 2-oxidoreductase [c0]		-8.58		(2)  cpd00109[c0] + (1)  cpd00221[c0] => (1)  cpd00020[c0] + (2)  cpd00067[c0] + (2)  cpd00110[c0]	(2)  Cytochrome c3+ [c0][c0] + (1)  D-Lactate [c0][c0] => (1)  Pyruvate [c0][c0] + (2)  H+ [c0][c0] + (2)  Cytochrome c2+ [c0][c0]	rxn00146		R00197	Pyruvate metabolism	
rxn00324_c0	<	Cytosol	(Annotated_genome.CDS.1993 or Annotated_genome.CDS.1993)	glycolate:NADP+ oxidoreductase [c0]		7.68		(1)  cpd00006[c0] + (1)  cpd00139[c0] <= (1)  cpd00005[c0] + (1)  cpd00040[c0] + (1)  cpd00067[c0]	(1)  NADP [c0][c0] + (1)  Glycolate [c0][c0] <= (1)  NADPH [c0][c0] + (1)  Glyoxalate [c0][c0] + (1)  H+ [c0][c0]	rxn00324	GLYCLTDy	R00465	Glyoxylate and dicarboxylate metabolism	
rxn08839_c0	=	Cytosol	Annotated_genome.CDS.1138	Lysophospholipase L2 (2-acylglycerophosphoethanolamine, n-C14:0) [c0]		-331.84		(1)  cpd00001[c0] + (1)  cpd15337[c0] <=> (1)  cpd00067[c0] + (1)  cpd00908[c0] + (1)  cpd03847[c0]	(1)  H2O [c0][c0] + (1)  2-Acyl-sn-glycero-3-phosphoethanolamine tetradecanoyl [c0][c0] <=> (1)  H+ [c0][c0] + (1)  Glycerophosphoethanolamine [c0][c0] + (1)  Myristic acid [c0][c0]	rxn08839	LPLIPAL2E140			
rxn03536_c0	>	Cytosol	Annotated_genome.CDS.2987	R05221 [c0]		-14.03		(1)  cpd00002[c0] + (1)  cpd03918[c0] => (1)  cpd00008[c0] + (1)  cpd00067[c0] + (1)  cpd03919[c0]	(1)  ATP [c0][c0] + (1)  Adenosyl cobinamide [c0][c0] => (1)  ADP [c0][c0] + (1)  H+ [c0][c0] + (1)  Adenosyl cobinamide phosphate [c0][c0]	rxn03536	ADCOBAK	R05221	Porphyrin and chlorophyll metabolism	Adenosylcobalamin-Biosynthesis|Biosynthesis|COBALSYN-PWY|Cobalamin-Biosynthesis|Cofactor-Biosynthesis|Vitamin-Biosynthesis
rxn01575_c0	=	Cytosol	Annotated_genome.CDS.4545	L-Isoleucine:2-oxoglutarate aminotransferase [c0]		0		(1)  cpd00024[c0] + (1)  cpd00322[c0] <=> (1)  cpd00023[c0] + (1)  cpd00508[c0]	(1)  2-Oxoglutarate [c0][c0] + (1)  L-Isoleucine [c0][c0] <=> (1)  L-Glutamate [c0][c0] + (1)  3MOP [c0][c0]	rxn01575	BAT2_1	R02199	Valine, leucine and isoleucine degradation|Valine, leucine and isoleucine biosynthesis|Glucosinolate biosynthesis	Amino-Acid-Biosynthesis|Amino-Acid-Degradation|BRANCHED-CHAIN-AA-SYN-PWY|Biosynthesis|Degradation|GLYCINE-SYN|ILEUDEG-PWY|ILEUSYN-PWY|IND-AMINO-ACID-SYN|ISOLEUCINE-DEG|ISOLEUCINE-SYN|THREOCAT-PWY|THREONINE-DEG
rxn01454_c0	<	Cytosol	Annotated_genome.CDS.4281	acetyl-CoA:acetoacetyl-CoA C-acetyltransferase (thioester-hydrolysing, carboxymethyl-forming) [c0]	2.3.3.10|4.1.3.5	6.47		(1)  cpd00010[c0] + (1)  cpd00067[c0] + (1)  cpd00292[c0] <= (1)  cpd00001[c0] + (1)  cpd00022[c0] + (1)  cpd00279[c0]	(1)  CoA [c0][c0] + (1)  H+ [c0][c0] + (1)  HMG-CoA [c0][c0] <= (1)  H2O [c0][c0] + (1)  Acetyl-CoA [c0][c0] + (1)  Acetoacetyl-CoA [c0][c0]	rxn01454	HMGCOAS	R01978	Synthesis and degradation of ketone bodies|Valine, leucine and isoleucine degradation|Butanoate metabolism|Terpenoid backbone biosynthesis	Biosynthesis|Cofactor-Biosynthesis|DITERPENOID-SYN|ERGOSTEROL-SYN-PWY|Energy-Metabolism|GGPP-Biosynthesis|ISOPRENOIDS|Lipid-Biosynthesis|OTHER-ENERGY|PWY66-367|PWY66-5|Polyprenyl-Biosynthesis|SECONDARY-METABOLITE-BIOSYNTHESIS|Sterol-Biosynthesis|Terpenoid-Biosynthesis
rxn05150_c0	>	Cytosol	(Annotated_genome.CDS.2261 and Annotated_genome.CDS.2259 and Annotated_genome.CDS.2260)	zinc transport via ABC system [c0]	TC-3.A.1.15	-6.82		(1)  cpd00001[c0] + (1)  cpd00002[c0] + (1)  cpd00034[e0] => (1)  cpd00008[c0] + (1)  cpd00009[c0] + (1)  cpd00034[c0] + (1)  cpd00067[c0]	(1)  H2O [c0][c0] + (1)  ATP [c0][c0] + (1)  Zn2+ [e0][e0] => (1)  ADP [c0][c0] + (1)  Phosphate [c0][c0] + (1)  Zn2+ [c0][c0] + (1)  H+ [c0][c0]	rxn05150	ZN2abc2			
rxn00656_c0	=	Cytosol	(Annotated_genome.CDS.2037 or Annotated_genome.CDS.757 or Annotated_genome.CDS.2127)	L-Alanine:3-oxopropanoate aminotransferase [c0]		1		(1)  cpd00035[c0] + (1)  cpd00191[c0] <=> (1)  cpd00020[c0] + (1)  cpd00085[c0]	(1)  L-Alanine [c0][c0] + (1)  3-Oxopropanoate [c0][c0] <=> (1)  Pyruvate [c0][c0] + (1)  beta-Alanine [c0][c0]	rxn00656	APATr	R00907	beta-Alanine metabolism|Propanoate metabolism	Amino-Acid-Biosynthesis|Amino-Acid-Degradation|Beta-Alanine-Biosynthesis|Beta-Alanine-Degradation|Biosynthesis|CoA-Biosynthesis|Cofactor-Biosynthesis|Degradation|IND-AMINO-ACID-SYN
rxn05398_c0	=	Cytosol	(Annotated_genome.CDS.502 or (Annotated_genome.CDS.3228 or Annotated_genome.CDS.2000))	11-methyl-3-hydroxy-dodecanoyl-ACP hydro-lyase [c0]		2.163		(1)  cpd11534[c0] <=> (1)  cpd00001[c0] + (1)  cpd11535[c0]	(1)  11-methyl-3-hydroxy-dodecanoyl-ACP [c0][c0] <=> (1)  H2O [c0][c0] + (1)  11-methyl-trans-dodec-2-enoyl-ACP [c0][c0]	rxn05398				
rxn03240_c0	=	Cytosol	((Annotated_genome.CDS.3831 or Annotated_genome.CDS.4483 or Annotated_genome.CDS.3915 or Annotated_genome.CDS.1597 or Annotated_genome.CDS.2162 or Annotated_genome.CDS.3028 or Annotated_genome.CDS.4286 or Annotated_genome.CDS.4034 or Annotated_genome.CDS.1762 or Annotated_genome.CDS.3331 or Annotated_genome.CDS.2200 or Annotated_genome.CDS.3898 or Annotated_genome.CDS.4130 or Annotated_genome.CDS.1589 or Annotated_genome.CDS.4054 or Annotated_genome.CDS.3594 or Annotated_genome.CDS.2383 or Annotated_genome.CDS.403 or Annotated_genome.CDS.3583 or Annotated_genome.CDS.3648 or Annotated_genome.CDS.4317 or Annotated_genome.CDS.1649) or (Annotated_genome.CDS.3682 or Annotated_genome.CDS.4491))	(S)-3-Hydroxyhexadecanoyl-CoA hydro-lyase [c0]		2.16		(1)  cpd03113[c0] <=> (1)  cpd00001[c0] + (1)  cpd03126[c0]	(1)  (S) -3-Hydroxyhexadecanoyl-CoA [c0][c0] <=> (1)  H2O [c0][c0] + (1)  (2E) -Hexadecenoyl-CoA [c0][c0]	rxn03240	ECOAH7	R04738	Fatty acid elongation|Fatty acid degradation	
rxn09562_c0	=	Cytosol	Annotated_genome.CDS.1010	Guanylate kinase [c0]		9.53		(1)  cpd00067[c0] + (1)  cpd00115[c0] + (1)  cpd00126[c0] <=> (1)  cpd00031[c0] + (1)  cpd00177[c0]	(1)  H+ [c0][c0] + (1)  dATP [c0][c0] + (1)  GMP [c0][c0] <=> (1)  GDP [c0][c0] + (1)  dADP [c0][c0]	rxn09562	GK2			
rxn00555_c0	=	Cytosol	Annotated_genome.CDS.3216	L-glutamine:D-fructose-6-phosphate isomerase (deaminating) [c0]		-6.3		(1)  cpd00053[c0] + (1)  cpd00072[c0] <=> (1)  cpd00023[c0] + (1)  cpd00288[c0]	(1)  L-Glutamine [c0][c0] + (1)  D-fructose-6-phosphate [c0][c0] <=> (1)  L-Glutamate [c0][c0] + (1)  D-Glucosamine phosphate [c0][c0]	rxn00555	GF6PTA	R00768	Alanine, aspartate and glutamate metabolism|Amino sugar and nucleotide sugar metabolism	
rxn03435_c0	=	Cytosol	Annotated_genome.CDS.1712	(R)-2,3-Dihydroxy-3-methylpentanoate:NADP+ oxidoreductase (isomerizing) [c0]		6.22		(1)  cpd00006[c0] + (1)  cpd02535[c0] <=> (1)  cpd00005[c0] + (1)  cpd00067[c0] + (1)  cpd10162[c0]	(1)  NADP [c0][c0] + (1)  2,3-Dihydroxy-3-methylvalerate [c0][c0] <=> (1)  NADPH [c0][c0] + (1)  H+ [c0][c0] + (1)  (R) -3-Hydroxy-3-methyl-2-oxopentanoate [c0][c0]	rxn03435		R05068	Valine, leucine and isoleucine biosynthesis	
rxn03080_c0	>	Cytosol	Annotated_genome.CDS.3244	5-amino-6-(D-ribitylamino)uracil butanedionetransferase [c0]	2.5.1.78	0.92		(1)  cpd02882[c0] + (1)  cpd11225[c0] => (2)  cpd00001[c0] + (1)  cpd00009[c0] + (1)  cpd00067[c0] + (1)  cpd02656[c0]	(1)  4--1-D-Ribitylamino-5-aminouracil [c0][c0] + (1)  3-4-dihydroxy-2-butanone4-phosphate [c0][c0] => (2)  H2O [c0][c0] + (1)  Phosphate [c0][c0] + (1)  H+ [c0][c0] + (1)  6-7-Dimethyl-8--1-D-ribityllumazine [c0][c0]	rxn03080	RIB5	R04457	Riboflavin metabolism	Biosynthesis|Cofactor-Biosynthesis|Flavin-Biosynthesis|RIBOSYN2-PWY|Vitamin-Biosynthesis
rxn10237_c0	>	Cytosol	Annotated_genome.CDS.3577	isohexadecanoyl-phosphatidylserine decarboxylase [c0]		7.45		(2)  cpd00067[c0] + (1)  cpd15694[c0] => (1)  cpd00011[c0] + (1)  cpd15700[c0]	(2)  H+ [c0][c0] + (1)  Diisohexadecanoylphosphatidylserine [c0][c0] => (1)  CO2 [c0][c0] + (1)  Diisohexadecanoylphosphatidylethanolamine [c0][c0]	rxn10237				
rxn10011_c0	<	Cytosol	Annotated_genome.CDS.1576	acyl-CoA dehydrogenase (octanoyl-CoA) [c0]		16.55		(1)  cpd00003[c0] + (1)  cpd01335[c0] <= (1)  cpd00004[c0] + (1)  cpd00067[c0] + (1)  cpd03130[c0]	(1)  NAD [c0][c0] + (1)  Octanoyl-CoA [c0][c0] <= (1)  NADH [c0][c0] + (1)  H+ [c0][c0] + (1)  (2E) -Octenoyl-CoA [c0][c0]	rxn10011	ACOAD3			
rxn00143_c0	=	Cytosol	Annotated_genome.CDS.1829	S-Adenosyl-L-homocysteine homocysteinylribohydrolase [c0]		-0.73		(1)  cpd00001[c0] + (1)  cpd00019[c0] <=> (1)  cpd00128[c0] + (1)  cpd02227[c0]	(1)  H2O [c0][c0] + (1)  S-Adenosyl-homocysteine [c0][c0] <=> (1)  Adenine [c0][c0] + (1)  S-Ribosylhomocysteine [c0][c0]	rxn00143	AHCYSNS	R00194	Cysteine and methionine metabolism	Amino-Acid-Biosynthesis|Autoinducer-Biosynthesis|Biosynthesis|IND-AMINO-ACID-SYN|METHIONINE-SYN|Other-biosynthesis|S-adenosyl-L-methionine-cycle
rxn12644_c0	=	Cytosol	(Annotated_genome.CDS.4159 or Annotated_genome.CDS.1275 or Annotated_genome.CDS.3788 or Annotated_genome.CDS.9)	methionyl aminopeptidase [c0]		-155.57		(1)  cpd00001[c0] + (1)  cpd11582[c0] <=> (1)  cpd00035[c0] + (1)  cpd00161[c0]	(1)  H2O [c0][c0] + (1)  ala-L-Thr-L [c0][c0] <=> (1)  L-Alanine [c0][c0] + (1)  L-Threonine [c0][c0]	rxn12644	MEAMP1(ala-thr)			
rxn05365_c0	=	Cytosol	Annotated_genome.CDS.502	6-methyl-3-hydroxy-octanoyl-ACP hydro-lyase [c0]		2.163		(1)  cpd11501[c0] <=> (1)  cpd00001[c0] + (1)  cpd11502[c0]	(1)  6-methyl-3-hydroxy-octanoyl-ACP [c0][c0] <=> (1)  H2O [c0][c0] + (1)  6-methyl-trans-oct-2-enoyl-ACP [c0][c0]	rxn05365				
rxn00849_c0	=	Cytosol	Annotated_genome.CDS.3081	D-Alanine:2-oxoglutarate aminotransferase [c0]		0		(1)  cpd00024[c0] + (1)  cpd00117[c0] <=> (1)  cpd00020[c0] + (1)  cpd00186[c0]	(1)  2-Oxoglutarate [c0][c0] + (1)  D-Alanine [c0][c0] <=> (1)  Pyruvate [c0][c0] + (1)  D-Glutamate [c0][c0]	rxn00849	ALATA_D	R01148	D-Alanine metabolism	
rxn00737_c0	>	Cytosol	Annotated_genome.CDS.3180	L-threonine ammonia-lyase (2-oxobutanoate-forming) [c0]		-5.7		(1)  cpd00161[c0] => (1)  cpd00013[c0] + (1)  cpd00094[c0]	(1)  L-Threonine [c0][c0] => (1)  NH3 [c0][c0] + (1)  2-Oxobutyrate [c0][c0]	rxn00737	CHA1_1	R00996	Glycine, serine and threonine metabolism|Valine, leucine and isoleucine biosynthesis	Amino-Acid-Biosynthesis|Amino-Acid-Degradation|BRANCHED-CHAIN-AA-SYN-PWY|Biosynthesis|Degradation|GLYCINE-SYN|ILEUSYN-PWY|IND-AMINO-ACID-SYN|ISOLEUCINE-SYN|SECONDARY-METABOLITE-BIOSYNTHESIS|THREOCAT-PWY|THREONINE-DEG
rxn08843_c0	=	Cytosol	Annotated_genome.CDS.1138	Lysophospholipase L2 (2-acylglycerophosphoethanolamine, n-C18:0) [c0]		-325.36		(1)  cpd00001[c0] + (1)  cpd15341[c0] <=> (1)  cpd00067[c0] + (1)  cpd00908[c0] + (1)  cpd01080[c0]	(1)  H2O [c0][c0] + (1)  2-Acyl-sn-glycero-3-phosphoethanolamine (n-C18:0)  [c0][c0] <=> (1)  H+ [c0][c0] + (1)  Glycerophosphoethanolamine [c0][c0] + (1)  ocdca [c0][c0]	rxn08843	LPLIPAL2E180			
rxn01256_c0	>	Cytosol	(Annotated_genome.CDS.736 or Annotated_genome.CDS.1054)	Chorismate pyruvatemutase [c0]		-16.68		(1)  cpd00216[c0] => (1)  cpd00219[c0]	(1)  Chorismate [c0][c0] => (1)  Prephenate [c0][c0]	rxn01256	ARO7	R01715	Phenylalanine, tyrosine and tryptophan biosynthesis	ALL-CHORISMATE-PWY|Amino-Acid-Biosynthesis|Biosynthesis|COMPLETE-ARO-PWY|IND-AMINO-ACID-SYN|PHENYLALANINE-SYN|PHESYN|POLYKETIDE-SYN|SECONDARY-METABOLITE-BIOSYNTHESIS|TYROSINE-SYN|TYRSYN
rxn00213_c0	>	Cytosol	Annotated_genome.CDS.221	UTP:alpha-D-glucose-1-phosphate uridylyltransferase [c0]		1.07		(1)  cpd00062[c0] + (1)  cpd00089[c0] => (1)  cpd00012[c0] + (1)  cpd00026[c0]	(1)  UTP [c0][c0] + (1)  Glucose-1-phosphate [c0][c0] => (1)  PPi [c0][c0] + (1)  UDP-glucose [c0][c0]	rxn00213	GALU	R00289	Pentose and glucuronate interconversions|Galactose metabolism|Starch and sucrose metabolism|Amino sugar and nucleotide sugar metabolism	Activation-Inactivation-Interconversion|Antibiotic-Biosynthesis|Ascorbate-Biosynthesis|Biosynthesis|CARBO-BIOSYNTHESIS|COLANSYN-PWY|Carbohydrates-Biosynthesis|Carbohydrates-Degradation|Cell-Structure-Biosynthesis|Cofactor-Biosynthesis|Degradation|GALACTOSE-DEGRADATION|GLYCOGEN-BIOSYN|Interconversion|PWY3DJ-35471|Polysaccharides-Biosynthesis|SECONDARY-METABOLITE-BIOSYNTHESIS|SUCROSE-DEG|SUCSYN-PWY|SUGAR-NUCLEOTIDES|Sugars-And-Polysaccharides|Vitamin-Biosynthesis
rxn05199_c0	=	Cytosol	Annotated_genome.CDS.3292	Uridine permease [c0]		0		(1)  cpd00067[e0] + (1)  cpd00249[e0] <=> (1)  cpd00067[c0] + (1)  cpd00249[c0]	(1)  H+ [e0][e0] + (1)  Uridine [e0][e0] <=> (1)  H+ [c0][c0] + (1)  Uridine [c0][c0]	rxn05199	FUI1_1			
rxn10162_c0	=	Cytosol	Annotated_genome.CDS.3489	Hexadecanoate transport via proton symport [c0]		0		(1)  cpd00067[e0] + (1)  cpd00214[e0] <=> (1)  cpd00067[c0] + (1)  cpd00214[c0]	(1)  H+ [e0][e0] + (1)  Palmitate [e0][e0] <=> (1)  H+ [c0][c0] + (1)  Palmitate [c0][c0]	rxn10162	HDCAt2			
rxn00777_c0	=	Cytosol	Annotated_genome.CDS.2020	D-ribose-5-phosphate aldose-ketose-isomerase [c0]		0.62		(1)  cpd00101[c0] <=> (1)  cpd00171[c0]	(1)  ribose-5-phosphate [c0][c0] <=> (1)  D-Ribulose5-phosphate [c0][c0]	rxn00777		R01056	Pentose phosphate pathway|Carbon fixation in photosynthetic organisms	Autotrophic-CO2-Fixation|Biosynthesis|C1-COMPOUNDS|CALVIN-PWY|CARBO-BIOSYNTHESIS|CO2-Fixation|Carbohydrates-Biosynthesis|Carbohydrates-Degradation|Degradation|Energy-Metabolism|Fermentation|Formaldehyde-Assimilation|NONOXIPENT-PWY|P124-PWY|P185-PWY|PENTOSE-P-PWY|PHOTOALL-PWY|Pentose-Phosphate-Cycle|Photosynthesis|Sugars-And-Polysaccharides|Xylose-Degradation
rxn01740_c0	=	Cytosol	Annotated_genome.CDS.679	Shikimate:NADP+ 3-oxidoreductase [c0]		0.75		(1)  cpd00006[c0] + (1)  cpd00383[c0] <=> (1)  cpd00005[c0] + (1)  cpd00067[c0] + (1)  cpd01716[c0]	(1)  NADP [c0][c0] + (1)  Shikimate [c0][c0] <=> (1)  NADPH [c0][c0] + (1)  H+ [c0][c0] + (1)  3-Dehydroshikimate [c0][c0]	rxn01740	ARO1_3	R02413	Phenylalanine, tyrosine and tryptophan biosynthesis	ALL-CHORISMATE-PWY|ARO-PWY|AROMATIC-COMPOUNDS-BIOSYN|Amino-Acid-Biosynthesis|Biosynthesis|COMPLETE-ARO-PWY|Chorismate-Biosynthesis
rxn00588_c0	>	Cytosol	Annotated_genome.CDS.386	Catechol:oxygen 1,2-oxidoreductase(decyclizing) [c0]		-96.52		(1)  cpd00007[c0] + (1)  cpd00077[c0] => (2)  cpd00067[c0] + (1)  cpd01630[c0]	(1)  O2 [c0][c0] + (1)  Catechol [c0][c0] => (2)  H+ [c0][c0] + (1)  cis,cis-Muconate [c0][c0]	rxn00588	CATA	R00817	Benzoate degradation	AROMATIC-COMPOUNDS-DEGRADATION|CATECHOL-ORTHO-CLEAVAGE-PWY|Catechol-Degradation|Degradation|MANDELATE-DEG
rxn00190_c0	>	Cytosol	(Annotated_genome.CDS.3977 or Annotated_genome.CDS.2105)	Deamido-NAD+:L-glutamine amido-ligase (AMP-forming) [c0]		-27.3		(1)  cpd00001[c0] + (1)  cpd00002[c0] + (1)  cpd00053[c0] + (1)  cpd00638[c0] => (1)  cpd00003[c0] + (1)  cpd00012[c0] + (1)  cpd00018[c0] + (1)  cpd00023[c0] + (2)  cpd00067[c0]	(1)  H2O [c0][c0] + (1)  ATP [c0][c0] + (1)  L-Glutamine [c0][c0] + (1)  Deamido-NAD [c0][c0] => (1)  NAD [c0][c0] + (1)  PPi [c0][c0] + (1)  AMP [c0][c0] + (1)  L-Glutamate [c0][c0] + (2)  H+ [c0][c0]	rxn00190	NADS2	R00257	Nicotinate and nicotinamide metabolism	Biosynthesis|Cofactor-Biosynthesis|NAD-Metabolism|NAD-SYN|NADSYN-PWY|PWY0-781|PYRIDNUCSAL-PWY|PYRIDNUCSYN-PWY
rxn05327_c0	<	Cytosol	(Annotated_genome.CDS.500 or Annotated_genome.CDS.3522 or Annotated_genome.CDS.3653)	Decanoyl-[acyl-carrier protein]:malonyl-CoA C-acyltransferase(decarboxylating, oxoacyl- and enoyl-reducing) [c0]		16.55		(1)  cpd00003[c0] + (1)  cpd11474[c0] <= (1)  cpd00004[c0] + (2)  cpd00067[c0] + (1)  cpd11475[c0]	(1)  NAD [c0][c0] + (1)  Decanoyl-ACP [c0][c0] <= (1)  NADH [c0][c0] + (2)  H+ [c0][c0] + (1)  (2E) -Decenoyl-[acp] [c0][c0]	rxn05327	DEMAT4	R04961	Fatty acid biosynthesis	
rxn01013_c0	=	Cytosol	Annotated_genome.CDS.1993	D-Glycerate:NADP+ 2-oxidoreductase [c0]		6.22		(1)  cpd00006[c0] + (1)  cpd00223[c0] <=> (1)  cpd00005[c0] + (1)  cpd00067[c0] + (1)  cpd00145[c0]	(1)  NADP [c0][c0] + (1)  Glycerate [c0][c0] <=> (1)  NADPH [c0][c0] + (1)  H+ [c0][c0] + (1)  Hydroxypyruvate [c0][c0]	rxn01013	HPYRRy	R01392	Glycine, serine and threonine metabolism|Glyoxylate and dicarboxylate metabolism	C1-COMPOUNDS|Degradation|Formaldehyde-Assimilation
rxn00668_c0	=	Cytosol	Annotated_genome.CDS.3827	propanoyl-CoA:NADP+ 2-oxidoreductase [c0]	1.3.1.84	15.89		(1)  cpd00005[c0] + (1)  cpd00663[c0] <=> (1)  cpd00006[c0] + (1)  cpd00086[c0]	(1)  NADPH [c0][c0] + (1)  Acrylyl-CoA [c0][c0] <=> (1)  NADP [c0][c0] + (1)  Propionyl-CoA [c0][c0]	rxn00668		R00919	Propanoate metabolism|Carbon fixation pathways in prokaryotes	Autotrophic-CO2-Fixation|C1-COMPOUNDS|CO2-Fixation|Degradation|Other-Degradation
rxn08353_c0	=	Cytosol	Annotated_genome.CDS.1342	5-demethylubiquinone-8 methyltransferase [c0]		-7		(1)  cpd00017[c0] + (1)  cpd15360[c0] <=> (1)  cpd00019[c0] + (1)  cpd00067[c0] + (1)  cpd15561[c0]	(1)  S-Adenosyl-L-methionine [c0][c0] + (1)  2-Octaprenyl-3-methyl-5-hydroxy-6-methoxy-1,4-benzoquinol [c0][c0] <=> (1)  S-Adenosyl-homocysteine [c0][c0] + (1)  H+ [c0][c0] + (1)  Ubiquinol-8 [c0][c0]	rxn08353	DMQMT			ALL-CHORISMATE-PWY|Biosynthesis|Cofactor-Biosynthesis|Quinone-Biosynthesis|UBISYN-PWY|Ubiquinone-Biosynthesis
rxn08801_c0	=	Cytosol	Annotated_genome.CDS.1138	Lysophospholipase L1 (2-acylglycerophosphotidate, n-C18:0) (periplasm) [c0]		-2.14		(1)  cpd00001[c0] + (1)  cpd15329[c0] <=> (1)  cpd00067[c0] + (1)  cpd00080[c0] + (1)  cpd01080[c0]	(1)  H2O [c0][c0] + (1)  1-octadecanoyl-sn-glycerol 3-phosphate [c0][c0] <=> (1)  H+ [c0][c0] + (1)  Glycerol-3-phosphate [c0][c0] + (1)  ocdca [c0][c0]	rxn08801	LPLIPAL1A180pp			
rxn00251_c0	=	Cytosol	Annotated_genome.CDS.798	phosphate:oxaloacetate carboxy-lyase (adding phosphate;phosphoenolpyruvate-forming) [c0]		-3		(1)  cpd00009[c0] + (1)  cpd00032[c0] + (1)  cpd00067[c0] <=> (1)  cpd00001[c0] + (1)  cpd00011[c0] + (1)  cpd00061[c0]	(1)  Phosphate [c0][c0] + (1)  Oxaloacetate [c0][c0] + (1)  H+ [c0][c0] <=> (1)  H2O [c0][c0] + (1)  CO2 [c0][c0] + (1)  Phosphoenolpyruvate [c0][c0]	rxn00251	PPC	R00345	Pyruvate metabolism|Methane metabolism|Carbon fixation in photosynthetic organisms|Carbon fixation pathways in prokaryotes	
rxn00139_c0	<	Cytosol	Annotated_genome.CDS.1323	AMP:diphosphate phospho-D-ribosyltransferase [c0]		12.54		(1)  cpd00012[c0] + (1)  cpd00018[c0] + (1)  cpd00067[c0] <= (1)  cpd00103[c0] + (1)  cpd00128[c0]	(1)  PPi [c0][c0] + (1)  AMP [c0][c0] + (1)  H+ [c0][c0] <= (1)  PRPP [c0][c0] + (1)  Adenine [c0][c0]	rxn00139	ADPT	R00190	Purine metabolism	Adenine-Adenosine-Salvage|Biosynthesis|Metabolic-Clusters|Nucleotide-Biosynthesis|P1-PWY|P121-PWY|PUR-NUC-SYN|PYR-NUC-SYN|Purine-Nucleotides-Salvage
rxn00790_c0	<	Cytosol	Annotated_genome.CDS.1897	5-phosphoribosylamine:diphosphate phospho-alpha-D-ribosyltransferase (glutamate-amidating) [c0]		20.46		(1)  cpd00012[c0] + (1)  cpd00023[c0] + (1)  cpd00067[c0] + (1)  cpd01982[c0] <= (1)  cpd00001[c0] + (1)  cpd00053[c0] + (1)  cpd00103[c0]	(1)  PPi [c0][c0] + (1)  L-Glutamate [c0][c0] + (1)  H+ [c0][c0] + (1)  5-Phosphoribosylamine [c0][c0] <= (1)  H2O [c0][c0] + (1)  L-Glutamine [c0][c0] + (1)  PRPP [c0][c0]	rxn00790	ADE4	R01072	Purine metabolism|Alanine, aspartate and glutamate metabolism	AIR-Biosynthesis|Biosynthesis|DENOVOPURINE2-PWY|Nucleotide-Biosynthesis|PRPP-PWY|PUR-NUC-SYN|Purine-Nucleotide-De-Novo-Biosynthesis
rxn03910_c0	=	Cytosol	Annotated_genome.CDS.3089	2-Phospho-4-(cytidine 5'-diphospho)-2-C-methyl-D-erythritol CMP-lyase (cyclizing) [c0]		26.77		(1)  cpd08288[c0] <=> (1)  cpd00046[c0] + (1)  cpd08301[c0]	(1)  2-phospho-4--cytidine5-diphospho-2-C-methyl-D-erythritol [c0][c0] <=> (1)  CMP [c0][c0] + (1)  2-C-methyl-D-erythritol2-4-cyclodiphosphate [c0][c0]	rxn03910	MECDPS	R05637	Terpenoid backbone biosynthesis	Biosynthesis|Cofactor-Biosynthesis|DITERPENOID-SYN|GGPP-Biosynthesis|NONMEVIPP-PWY|Other-biosynthesis|Polyprenyl-Biosynthesis|SECONDARY-METABOLITE-BIOSYNTHESIS|Terpenoid-Biosynthesis
rxn07976_c0	=	Cytosol	(Annotated_genome.CDS.502 or (Annotated_genome.CDS.3228 or Annotated_genome.CDS.2000))	3-hydroxyacyl-[acyl-carrier-protein] dehydratase (n-C12:1) [c0]		-56.69		(1)  cpd15366[c0] <=> (1)  cpd00001[c0] + (1)  cpd15569[c0]	(1)  (R) -3-hydroxy-cis-dodec-5-enoyl-[acyl-carrier protein] [c0][c0] <=> (1)  H2O [c0][c0] + (1)  trans-3-cis-5-dodecenoyl-[acyl-carrier protein] [c0][c0]	rxn07976	3HAD121			
rxn00995_c0	>	Cytosol	Annotated_genome.CDS.234	Acetoacetate carboxy-lyase (acetone-forming) [c0]	4.1.1.4	-7.72		(1)  cpd00067[c0] + (1)  cpd00142[c0] => (1)  cpd00011[c0] + (1)  cpd00178[c0]	(1)  H+ [c0][c0] + (1)  Acetoacetate [c0][c0] => (1)  CO2 [c0][c0] + (1)  Acetone [c0][c0]	rxn00995		R01366	Synthesis and degradation of ketone bodies|Propanoate metabolism	Acetone-Degradation|Degradation|Energy-Metabolism|Fatty-Acid-and-Lipid-Degradation|Fermentation|OTHER-ENERGY|PWY66-367|Pyruvate-Degradation
rxn00237_c0	=	Cytosol	Annotated_genome.CDS.282	ATP:GDP phosphotransferase [c0]		0		(1)  cpd00002[c0] + (1)  cpd00031[c0] <=> (1)  cpd00008[c0] + (1)  cpd00038[c0]	(1)  ATP [c0][c0] + (1)  GDP [c0][c0] <=> (1)  ADP [c0][c0] + (1)  GTP [c0][c0]	rxn00237	NDPK1	R00330	Purine metabolism	Biosynthesis|DENOVOPURINE2-PWY|Metabolic-Regulators|Nucleotide-Biosynthesis|PPGPPMET-PWY|PRPP-PWY|PUR-NUC-SYN|Purine-Nucleotide-De-Novo-Biosynthesis
rxn00463_c0	>	Cytosol	Annotated_genome.CDS.3053	Uridine triphosphate pyrophosphohydrolase [c0]		-27.3		(1)  cpd00001[c0] + (1)  cpd00062[c0] => (1)  cpd00012[c0] + (2)  cpd00067[c0] + (1)  cpd00091[c0]	(1)  H2O [c0][c0] + (1)  UTP [c0][c0] => (1)  PPi [c0][c0] + (2)  H+ [c0][c0] + (1)  UMP [c0][c0]	rxn00463	NTPP8	R00662	Pyrimidine metabolism	
rxn01489_c0	>	Cytosol	(Annotated_genome.CDS.2949 or Annotated_genome.CDS.3539)	Geranylgeranyl-diphosphate:geranylgeranyl-diphosphate geranylgeranyltransferase [c0]		-27.33		(2)  cpd00289[c0] => (1)  cpd00012[c0] + (1)  cpd00067[c0] + (1)  cpd02168[c0]	(2)  Geranylgeranyl diphosphate [c0][c0] => (1)  PPi [c0][c0] + (1)  H+ [c0][c0] + (1)  Prephytoene diphosphate [c0][c0]	rxn01489		R02065	Carotenoid biosynthesis	Biosynthesis|CAROTENOID-PWY|CAROTENOID-SYN|Lycopene-Biosynthesis|SECONDARY-METABOLITE-BIOSYNTHESIS|TETRATERPENOID-SYN|Terpenoid-Biosynthesis
rxn03540_c0	>	Cytosol	Annotated_genome.CDS.2989	R05225 [c0]	6.3.5.10	-27.27		(4)  cpd00001[c0] + (4)  cpd00002[c0] + (4)  cpd00053[c0] + (1)  cpd03916[c0] => (4)  cpd00008[c0] + (4)  cpd00009[c0] + (4)  cpd00023[c0] + (4)  cpd00067[c0] + (1)  cpd03917[c0]	(4)  H2O [c0][c0] + (4)  ATP [c0][c0] + (4)  L-Glutamine [c0][c0] + (1)  Adenosyl cobyrinate diamide [c0][c0] => (4)  ADP [c0][c0] + (4)  Phosphate [c0][c0] + (4)  L-Glutamate [c0][c0] + (4)  H+ [c0][c0] + (1)  Adenosylcobyric acid [c0][c0]	rxn03540	ADCOBHEXS	R05225	Porphyrin and chlorophyll metabolism	Adenosylcobalamin-Biosynthesis|Biosynthesis|Cobalamin-Biosynthesis|Cofactor-Biosynthesis|P381-PWY|Vitamin-Biosynthesis
rxn08311_c0	>	Cytosol	Annotated_genome.CDS.3233	CDP-diacylglycerol synthetase (n-C18:0) [c0]		-360.2		(1)  cpd00052[c0] + (1)  cpd15526[c0] => (1)  cpd00012[c0] + (1)  cpd00067[c0] + (1)  cpd15421[c0]	(1)  CTP [c0][c0] + (1)  1,2-dioctadecanoyl-sn-glycerol 3-phosphate [c0][c0] => (1)  PPi [c0][c0] + (1)  H+ [c0][c0] + (1)  CDP-1,2-dioctadecanoylglycerol [c0][c0]	rxn08311	DASYN180			
rxn03919_c0	>	Cytosol	Annotated_genome.CDS.2682	D-glycero-beta-D-manno-heptose 1,7-bisphosphate 7-phosphohydrolase [c0]	3.1.3.82	7.21		(1)  cpd00001[c0] + (1)  cpd08316[c0] => (1)  cpd00009[c0] + (1)  cpd04920[c0]	(1)  H2O [c0][c0] + (1)  D-Glycero-D-manno-heptose1-7-bisphosphate [c0][c0] => (1)  Phosphate [c0][c0] + (1)  D-Glycero-D-manno-heptose1-phosphate [c0][c0]	rxn03919		R05647	Lipopolysaccharide biosynthesis	Biosynthesis|CARBO-BIOSYNTHESIS|Carbohydrates-Biosynthesis|PWY0-1241|SUGAR-NUCLEOTIDES
rxn03175_c0	=	Cytosol	Annotated_genome.CDS.749	N-(5'-Phospho-D-ribosylformimino)-5-amino-1- (5''-phospho-D-ribosyl)-4-imidazolecarboxamide ketol-isomerase [c0]		10.15		(1)  cpd00067[c0] + (1)  cpd02979[c0] <=> (1)  cpd02991[c0]	(1)  H+ [c0][c0] + (1)  phosphoribosylformiminoaicar-phosphate [c0][c0] <=> (1)  phosphoribulosylformimino-AICAR-phosphate [c0][c0]	rxn03175	PRMICI	R04640	Histidine metabolism	Amino-Acid-Biosynthesis|Biosynthesis|HISTIDINE-SYN|HISTSYN-PWY|IND-AMINO-ACID-SYN|PRPP-PWY
rxn10264_c0	=	Cytosol	Annotated_genome.CDS.4478	isohexadecanoyl-CDPdiacylglycerol:sn-glycerol-3-phosphate 3-phosphatidyltransferase [c0]		-4.5		(1)  cpd00080[c0] + (1)  cpd15688[c0] <=> (1)  cpd00046[c0] + (1)  cpd15721[c0]	(1)  Glycerol-3-phosphate [c0][c0] + (1)  CDP-1,2-diisohexadecanoylglycerol [c0][c0] <=> (1)  CMP [c0][c0] + (1)  Diisohexadecanoylphosphatidylglycerophosphate [c0][c0]	rxn10264				
rxn03421_c0	=	Cytosol	Annotated_genome.CDS.1532	2,5-Diaminopyrimidine nucleoside triphosphate mutase [c0]		0.62		(1)  cpd03519[c0] <=> (1)  cpd03666[c0]	(1)  2,5-Diaminopyrimidine nucleoside triphosphate [c0][c0] <=> (1)  2,5-Diamino-6-(5'-triphosphoryl-3',4'-trihydroxy-2'-oxopentyl) - amino-4-oxopyrimidine [c0][c0]	rxn03421		R05048	Folate biosynthesis	
rxn10227_c0	>	Cytosol	Annotated_genome.CDS.3576	anteisoheptadecanoyl-CDPdiacylglycerol-serine O-phosphatidyltransferase [c0]		-15.04		(1)  cpd00054[c0] + (1)  cpd15684[c0] => (1)  cpd00046[c0] + (2)  cpd00067[c0] + (1)  cpd15690[c0]	(1)  L-Serine [c0][c0] + (1)  CDP-1,2-dianteisoheptadecanoylglycerol [c0][c0] => (1)  CMP [c0][c0] + (2)  H+ [c0][c0] + (1)  Dianteisoheptadecanoylphosphatidylserine [c0][c0]	rxn10227				
rxn05336_c0	=	Cytosol	(Annotated_genome.CDS.2407 or Annotated_genome.CDS.1016)	(3R)-3-Hydroxypalmitoyl-[acyl-carrier-protein]:NADP+ oxidoreductase [c0]		3.76		(1)  cpd00006[c0] + (1)  cpd11481[c0] <=> (1)  cpd00005[c0] + (1)  cpd11485[c0]	(1)  NADP [c0][c0] + (1)  R-3-hydroxypalmitoyl-acyl-carrierprotein- [c0][c0] <=> (1)  NADPH [c0][c0] + (1)  3-oxohexadecanoyl-acp [c0][c0]	rxn05336	3OAR160	R04543	Fatty acid biosynthesis	
rxn09210_c0	>	Cytosol	Annotated_genome.CDS.3576	Phosphatidylserine syntase (n-C18:0) [c0]		390.83		(1)  cpd00054[c0] + (1)  cpd15421[c0] => (1)  cpd00046[c0] + (2)  cpd00067[c0] + (1)  cpd15557[c0]	(1)  L-Serine [c0][c0] + (1)  CDP-1,2-dioctadecanoylglycerol [c0][c0] => (1)  CMP [c0][c0] + (2)  H+ [c0][c0] + (1)  phosphatidylserine dioctadecanoyl [c0][c0]	rxn09210	PSSA180			
rxn00285_c0	=	Cytosol	((Annotated_genome.CDS.1373 or Annotated_genome.CDS.4176) and (Annotated_genome.CDS.4175 or Annotated_genome.CDS.1374))	Succinate:CoA ligase (ADP-forming) [c0]		-1.06		(1)  cpd00002[c0] + (1)  cpd00010[c0] + (1)  cpd00036[c0] <=> (1)  cpd00008[c0] + (1)  cpd00009[c0] + (1)  cpd00078[c0]	(1)  ATP [c0][c0] + (1)  CoA [c0][c0] + (1)  Succinate [c0][c0] <=> (1)  ADP [c0][c0] + (1)  Phosphate [c0][c0] + (1)  Succinyl-CoA [c0][c0]	rxn00285	SUCOAS	R00405	Citrate cycle (TCA cycle)|Propanoate metabolism|Carbon fixation pathways in prokaryotes	Autotrophic-CO2-Fixation|Biosynthesis|C1-COMPOUNDS|CO2-Fixation|Degradation|Energy-Metabolism|Fermentation|GLYCOLYSIS-TCA-GLYOX-BYPASS|GLYCOLYSIS-VARIANTS|P23-PWY|P42-PWY|Pyruvate-Degradation|Reductive-TCA-Cycles|TCA|TCA-GLYOX-BYPASS|TCA-VARIANTS
rxn00182_c0	=	Cytosol	Annotated_genome.CDS.4362	L-glutamate:NAD+ oxidoreductase (deaminating) [c0]		8.69		(1)  cpd00001[c0] + (1)  cpd00003[c0] + (1)  cpd00023[c0] <=> (1)  cpd00004[c0] + (1)  cpd00013[c0] + (1)  cpd00024[c0] + (1)  cpd00067[c0]	(1)  H2O [c0][c0] + (1)  NAD [c0][c0] + (1)  L-Glutamate [c0][c0] <=> (1)  NADH [c0][c0] + (1)  NH3 [c0][c0] + (1)  2-Oxoglutarate [c0][c0] + (1)  H+ [c0][c0]	rxn00182	GDH2	R00243	Alanine, aspartate and glutamate metabolism|Arginine and proline metabolism|Taurine and hypotaurine metabolism|D-Glutamine and D-glutamate metabolism|Nitrogen metabolism	4-Aminobutyraye-Degradation|ALACAT2-PWY|ALANINE-DEG|AMINE-DEG|ARGININE-SYN|ARGININE-SYN4-PWY|Amino-Acid-Biosynthesis|Amino-Acid-Degradation|Biosynthesis|Degradation|Energy-Metabolism|Fermentation|GLUTAMATE-DEG|GLUTAMATE-DEG1-PWY|GLUTAMATE-SYN|GLUTAMATE-SYN2-PWY|GLUTAMINE-SYN|IND-AMINO-ACID-SYN|Metabolic-Clusters|P162-PWY|PROPFERM-PWY
rxn05552_c0	>	Cytosol	(Annotated_genome.CDS.4071 and Annotated_genome.CDS.633)	ethanesulfonate transport via ABC system [c0]		-6.817		(1)  cpd00001[c0] + (1)  cpd00002[c0] + (1)  cpd11579[e0] => (1)  cpd00008[c0] + (1)  cpd00009[c0] + (1)  cpd00067[c0] + (1)  cpd11579[c0]	(1)  H2O [c0][c0] + (1)  ATP [c0][c0] + (1)  ethanesulfonate [e0][e0] => (1)  ADP [c0][c0] + (1)  Phosphate [c0][c0] + (1)  H+ [c0][c0] + (1)  ethanesulfonate [c0][c0]	rxn05552				
rxn01416_c0	=	Cytosol	Annotated_genome.CDS.67	thiosulfate:cyanide sulfurtranserase [c0]				(1)  cpd00150[c0] + (1)  cpd00268[c0] <=> (1)  cpd00067[c0] + (1)  cpd00081[c0] + (1)  cpd01211[c0]	(1)  HCN [c0][c0] + (1)  H2S2O3 [c0][c0] <=> (1)  H+ [c0][c0] + (1)  Sulfite [c0][c0] + (1)  Thiocyanate [c0][c0]	rxn01416	THSFST	R01931		
rxn00424_c0	=	Cytosol	Annotated_genome.CDS.4124	L-Serine:glyoxylate aminotransferase [c0]		-1.46		(1)  cpd00040[c0] + (1)  cpd00054[c0] <=> (1)  cpd00033[c0] + (1)  cpd00145[c0]	(1)  Glyoxalate [c0][c0] + (1)  L-Serine [c0][c0] <=> (1)  Glycine [c0][c0] + (1)  Hydroxypyruvate [c0][c0]	rxn00424		R00588	Glycine, serine and threonine metabolism|Glyoxylate and dicarboxylate metabolism|Methane metabolism	C1-COMPOUNDS|Degradation|Energy-Metabolism|Formaldehyde-Assimilation|Photosynthesis
rxn05172_c0	>	Cytosol	(Annotated_genome.CDS.633 and Annotated_genome.CDS.2750 and Annotated_genome.CDS.2749 and Annotated_genome.CDS.4071 and Annotated_genome.CDS.4028 and Annotated_genome.CDS.4027)	ATP phosphohydrolase (taurine-importing) [c0]	3.A.1.17	-6.82		(1)  cpd00001[c0] + (1)  cpd00002[c0] + (1)  cpd00210[e0] => (1)  cpd00008[c0] + (1)  cpd00009[c0] + (1)  cpd00067[c0] + (1)  cpd00210[c0]	(1)  H2O [c0][c0] + (1)  ATP [c0][c0] + (1)  Taurine [e0][e0] => (1)  ADP [c0][c0] + (1)  Phosphate [c0][c0] + (1)  H+ [c0][c0] + (1)  Taurine [c0][c0]	rxn05172	TAURabc			
rxn00132_c0	>	Cytosol	Annotated_genome.CDS.3133	Adenosine 5'-monophosphate phosphohydrolase [c0]		7.21		(1)  cpd00001[c0] + (1)  cpd00018[c0] => (1)  cpd00009[c0] + (1)  cpd00182[c0]	(1)  H2O [c0][c0] + (1)  AMP [c0][c0] => (1)  Phosphate [c0][c0] + (1)  Adenosine [c0][c0]	rxn00132	NTD7	R00183	Purine metabolism	Adenosine-Nucleotides-Degradation|Degradation|NUCLEO-DEG|Purine-Degradation|SALVADEHYPOX-PWY
rxn08893_c0	=	Cytosol	(Annotated_genome.CDS.192 or Annotated_genome.CDS.2730 or Annotated_genome.CDS.3150)	murein D,D-carboxypeptidase (murein5p4p) (periplasm) [c0]				(1)  cpd00001[c0] + (1)  cpd15510[c0] <=> (1)  cpd00117[c0] + (1)  cpd15505[c0]	(1)  H2O [c0][c0] + (1)  two linked disacharide pentapeptide and tetrapeptide murein units (uncrosslinked, middle of chain)  [c0][c0] <=> (1)  D-Alanine [c0][c0] + (1)  two linked disacharide tetrapeptide murein units (uncrosslinked, middle of chain)  [c0][c0]	rxn08893	MDDCP4pp			
rxn06864_c0	=	Cytosol	Annotated_genome.CDS.3021	Biotinyl-5'-AMP:apo-[carboxylase] ligase (AMP-forming) [c0]		-14.47		(1)  cpd03517[c0] + (1)  cpd12847[c0] <=> (1)  cpd00018[c0] + (1)  cpd00067[c0] + (1)  cpd12848[c0]	(1)  Biotinyl-5-AMP [c0][c0] + (1)  Apo-[carboxylase] [c0][c0] <=> (1)  AMP [c0][c0] + (1)  H+ [c0][c0] + (1)  Holo-[carboxylase] [c0][c0]	rxn06864		R05145	Biotin metabolism	
rxn08815_c0	=	Cytosol	Annotated_genome.CDS.1138	Lysophospholipase L1 (2-acylglycerophosphoglycerol, n-C18:0) (periplasm) [c0]		-397.03		(1)  cpd00001[c0] + (1)  cpd15323[c0] <=> (1)  cpd00067[c0] + (1)  cpd01080[c0] + (1)  cpd02090[c0]	(1)  H2O [c0][c0] + (1)  1-Acyl-sn-glycero-3-phosphoglycerol octadecanoyl [c0][c0] <=> (1)  H+ [c0][c0] + (1)  ocdca [c0][c0] + (1)  Glycerophosphoglycerol [c0][c0]	rxn08815	LPLIPAL1G180pp			
rxn00126_c0	>	Cytosol	Annotated_genome.CDS.666	ATP:L-methionine S-adenosyltransferase [c0]		12.62		(1)  cpd00001[c0] + (1)  cpd00002[c0] + (1)  cpd00060[c0] => (1)  cpd00009[c0] + (1)  cpd00012[c0] + (1)  cpd00017[c0] + (1)  cpd00067[c0]	(1)  H2O [c0][c0] + (1)  ATP [c0][c0] + (1)  L-Methionine [c0][c0] => (1)  Phosphate [c0][c0] + (1)  PPi [c0][c0] + (1)  S-Adenosyl-L-methionine [c0][c0] + (1)  H+ [c0][c0]	rxn00126	METAT	R00177	Cysteine and methionine metabolism	Amino-Acid-Biosynthesis|Amino-Acid-Degradation|Biosynthesis|CYSTEINE-SYN|Cofactor-Biosynthesis|Degradation|ETHYL-PWY|Ethylene-Biosynthesis|HORMONE-SYN|IND-AMINO-ACID-SYN|MET-SAM-PWY|METHIONINE-DEG|METHIONINE-DEG1-PWY|METHIONINE-SYN|PWY0-781|Plant-Hormone-Biosynthesis|S-adenosyl-L-methionine-cycle|SAM-PWY|Siderophores-Biosynthesis
rxn07980_c0	=	Cytosol	Annotated_genome.CDS.502	3-hydroxyacyl-[acyl-carrier-protein] dehydratase (n-C18:1) [c0]		-56.69		(1)  cpd15370[c0] <=> (1)  cpd00001[c0] + (1)  cpd15568[c0]	(1)  (R) -3-hydroxy-cis-vacc-11-enoyl-[acyl-carrier protein] [c0][c0] <=> (1)  H2O [c0][c0] + (1)  trans-3-cis-11-vacceoyl-[acyl-carrier protein] [c0][c0]	rxn07980	3HAD181			
rxn01015_c0	=	Cytosol	Annotated_genome.CDS.4467	hydroxypyruvate aldose-ketose-isomerase [c0]	5.3.1.22	-1		(1)  cpd00145[c0] <=> (1)  cpd00843[c0]	(1)  Hydroxypyruvate [c0][c0] <=> (1)  Tartronate semialdehyde [c0][c0]	rxn01015	HPYRI	R01394	Glyoxylate and dicarboxylate metabolism	
rxn12844_c0	=	Cytosol	(Annotated_genome.CDS.4159 or Annotated_genome.CDS.1275 or Annotated_genome.CDS.3788 or Annotated_genome.CDS.9)	Gly-Cys aminopeptidase [c0]				(1)  cpd00001[c0] + (1)  cpd15603[c0] <=> (1)  cpd00033[c0] + (1)  cpd00084[c0]	(1)  H2O [c0][c0] + (1)  Gly-Cys [c0][c0] <=> (1)  Glycine [c0][c0] + (1)  L-Cysteine [c0][c0]	rxn12844				
rxn08798_c0	>	Cytosol	Annotated_genome.CDS.1138	Lysophospholipase L1 (2-acylglycerophosphotidate, n-C14:1) (periplasm) [c0]		-291.05		(1)  cpd00001[c0] + (1)  cpd15330[c0] => (2)  cpd00067[c0] + (1)  cpd00080[c0] + (1)  cpd15298[c0]	(1)  H2O [c0][c0] + (1)  1-tetradec-7-enoyl-sn-glycerol 3-phosphate [c0][c0] => (2)  H+ [c0][c0] + (1)  Glycerol-3-phosphate [c0][c0] + (1)  tetradecenoate [c0][c0]	rxn08798	LPLIPAL1A141pp			
rxn08599_c0	=	Cytosol	Annotated_genome.CDS.1293	GDP-mannose mannosyl hydrolase [c0]		-4.81		(1)  cpd00001[c0] + (1)  cpd00083[c0] <=> (1)  cpd00031[c0] + (1)  cpd00138[c0]	(1)  H2O [c0][c0] + (1)  GDP-mannose [c0][c0] <=> (1)  GDP [c0][c0] + (1)  D-Mannose [c0][c0]	rxn08599	GDPMNH			
rxn05175_c0	>	Cytosol	(Annotated_genome.CDS.540 and Annotated_genome.CDS.1505 and (Annotated_genome.CDS.2216 or Annotated_genome.CDS.2118) and (Annotated_genome.CDS.539 or Annotated_genome.CDS.2117) and Annotated_genome.CDS.1504 and Annotated_genome.CDS.538 and Annotated_genome.CDS.1506 and Annotated_genome.CDS.537 and Annotated_genome.CDS.2119)	spermidine transport via ABC system [c0]		-6.82		(1)  cpd00001[c0] + (1)  cpd00002[c0] + (1)  cpd00264[e0] => (1)  cpd00008[c0] + (1)  cpd00009[c0] + (1)  cpd00067[c0] + (1)  cpd00264[c0]	(1)  H2O [c0][c0] + (1)  ATP [c0][c0] + (1)  Spermidine [e0][e0] => (1)  ADP [c0][c0] + (1)  Phosphate [c0][c0] + (1)  H+ [c0][c0] + (1)  Spermidine [c0][c0]	rxn05175	SPMDabc			
rxn05034_c0	>	Cytosol	Annotated_genome.CDS.1708	solanesyl-diphosphate:4-hydroxybenzoate nonaprenyltransferase [c0]		-26.44		(1)  cpd00136[c0] + (1)  cpd02172[c0] => (1)  cpd00012[c0] + (1)  cpd00067[c0] + (1)  cpd02419[c0]	(1)  4-Hydroxybenzoate [c0][c0] + (1)  Solanesyl diphosphate [c0][c0] => (1)  PPi [c0][c0] + (1)  H+ [c0][c0] + (1)  Nonaprenyl-4-hydroxybenzoate [c0][c0]	rxn05034	BET2	R07273	Ubiquinone and other terpenoid-quinone biosynthesis	Biosynthesis|Cofactor-Biosynthesis|Plastoquinone-Biosynthesis|Quinone-Biosynthesis|Ubiquinone-Biosynthesis
rxn08119_c0	=	Cytosol	Annotated_genome.CDS.664	apolipoprotein N-acyltransferase (phosphatidylethanolamine, periplasm) [c0]		-9.53		(1)  cpd15395[c0] + (1)  cpd15531[c0] <=> (1)  cpd00067[c0] + (1)  cpd11959[c0] + (1)  cpd15339[c0]	(1)  applipoprotein [c0][c0] + (1)  phosphatidylethanolamine dihexadecanoyl [c0][c0] <=> (1)  H+ [c0][c0] + (1)  Lipoprotein [c0][c0] + (1)  2-Acyl-sn-glycero-3-phosphoethanolamine (n-C16:0)  [c0][c0]	rxn08119	ALPATE160pp			
rxn08306_c0	>	Cytosol	Annotated_genome.CDS.3233	CDP-diacylglycerol synthetase (n-C12:0) [c0]		270.92		(1)  cpd00052[c0] + (1)  cpd15521[c0] => (1)  cpd00012[c0] + (1)  cpd00067[c0] + (1)  cpd15417[c0]	(1)  CTP [c0][c0] + (1)  1,2-didodecanoyl-sn-glycerol 3-phosphate [c0][c0] => (1)  PPi [c0][c0] + (1)  H+ [c0][c0] + (1)  CDP-1,2-didodecanoylglycerol [c0][c0]	rxn08306	DASYN120			
rxn02104_c0	>	Cytosol	Annotated_genome.CDS.3570	Carbamoyl-phosphate:oxamate carbamoyltransferase [c0]	2.1.3.5	16.09		(1)  cpd00146[c0] + (1)  cpd01027[c0] => (1)  cpd00009[c0] + (1)  cpd00596[c0]	(1)  Carbamoylphosphate [c0][c0] + (1)  Oxamate [c0][c0] => (1)  Phosphate [c0][c0] + (1)  Oxalurate [c0][c0]	rxn02104	OXAMTC	R02937	Purine metabolism	AMINE-DEG|Allantoin-degradation|Degradation|PWY0-41
rxn08821_c0	=	Cytosol	Annotated_genome.CDS.1138	Lysophospholipase L2 (2-acylglycerophosphotidate, n-C16:1) [c0]		-291.05		(1)  cpd00001[c0] + (1)  cpd15354[c0] <=> (2)  cpd00067[c0] + (1)  cpd00080[c0] + (1)  cpd15237[c0]	(1)  H2O [c0][c0] + (1)  2-hexadec-9-enoyl-sn-glycerol 3-phosphate [c0][c0] <=> (2)  H+ [c0][c0] + (1)  Glycerol-3-phosphate [c0][c0] + (1)  hexadecenoate [c0][c0]	rxn08821	LPLIPAL2A161			
rxn00206_c0	<	Cytosol	Annotated_genome.CDS.3807	superoxide:superoxide oxidoreductase [c0]		-22.87		(2)  cpd00067[c0] + (2)  cpd00532[c0] <= (1)  cpd00007[c0] + (1)  cpd00025[c0]	(2)  H+ [c0][c0] + (2)  O2- [c0][c0] <= (1)  O2 [c0][c0] + (1)  H2O2 [c0][c0]	rxn00206	SOD	R00275		Biosynthesis|DETOX1-PWY|Detoxification|Ethylene-Biosynthesis|HORMONE-SYN|Plant-Hormone-Biosynthesis
rxn05381_c0	=	Cytosol	(Annotated_genome.CDS.502 or (Annotated_genome.CDS.3228 or Annotated_genome.CDS.2000))	14-methyl-3-hydroxy-hexa-decanoyl-ACP hydro-lyase [c0]		2.163		(1)  cpd11517[c0] <=> (1)  cpd00001[c0] + (1)  cpd11518[c0]	(1)  14-methyl-3-hydroxy-hexa-decanoyl-ACP [c0][c0] <=> (1)  H2O [c0][c0] + (1)  14-methyl-trans-hexa-dec-2-enoyl-ACP [c0][c0]	rxn05381				
rxn01871_c0	<	Cytosol	(Annotated_genome.CDS.3608 or Annotated_genome.CDS.3099 or Annotated_genome.CDS.418)	acetyl-CoA:enzyme N6-(dihydrolipoyl)lysine S-acetyltransferase [c0]		0		(1)  cpd00022[c0] + (1)  cpd00449[c0] <= (1)  cpd00010[c0] + (1)  cpd00836[c0]	(1)  Acetyl-CoA [c0][c0] + (1)  Dihydrolipoamide [c0][c0] <= (1)  CoA [c0][c0] + (1)  S-Acetyldihydrolipoamide [c0][c0]	rxn01871		R02569	Glycolysis / Gluconeogenesis|Citrate cycle (TCA cycle)|Pyruvate metabolism	
rxn05340_c0	=	Cytosol	(Annotated_genome.CDS.2407 or Annotated_genome.CDS.1016)	(3R)-3-Hydroxydodecanoyl-[acyl-carrier-protein]:NADP+ oxidoreductase [c0]		3.76		(1)  cpd00006[c0] + (1)  cpd11480[c0] <=> (1)  cpd00005[c0] + (1)  cpd11489[c0]	(1)  NADP [c0][c0] + (1)  D-3-Hydroxydodecanoyl-[acp] [c0][c0] <=> (1)  NADPH [c0][c0] + (1)  3-oxododecanoyl-acp [c0][c0]	rxn05340	3OAR120	R04964	Fatty acid biosynthesis	Biosynthesis|Fatty-acid-biosynthesis|Lipid-Biosynthesis|Palmitate-Biosynthesis
rxn02143_c0	=	Cytosol	((Annotated_genome.CDS.766 and Annotated_genome.CDS.765) or ((Annotated_genome.CDS.1450 or Annotated_genome.CDS.400) and (Annotated_genome.CDS.399 or Annotated_genome.CDS.398 or Annotated_genome.CDS.1449)))	Succinyl-CoA:3-oxoadipate CoA-transferase [c0]		47.65		(5)  cpd00067[c0] + (1)  cpd00078[c0] + (1)  cpd00630[c0] <=> (1)  cpd00036[c0] + (1)  cpd01507[c0]	(5)  H+ [c0][c0] + (1)  Succinyl-CoA [c0][c0] + (1)  3-Oxoadipate [c0][c0] <=> (1)  Succinate [c0][c0] + (1)  3-Oxoadipyl-CoA [c0][c0]	rxn02143	3OADPCOAT	R02990	Benzoate degradation	AROMATIC-COMPOUNDS-DEGRADATION|CARBOXYLATES-DEG|Catechol-Degradation|Degradation|MANDELATE-DEG|TOLUENE-DEG
rxn04704_c0	>	Cytosol	Annotated_genome.CDS.593	coproporphyrinogen-III:S-adenosyl-L-methionine oxidoreductase(decarboxylating) [c0]		-31.9		(2)  cpd00017[c0] + (1)  cpd02083[c0] => (2)  cpd00011[c0] + (2)  cpd00060[c0] + (1)  cpd00791[c0] + (2)  cpd03091[c0]	(2)  S-Adenosyl-L-methionine [c0][c0] + (1)  CoproporphyrinogenIII [c0][c0] => (2)  CO2 [c0][c0] + (2)  L-Methionine [c0][c0] + (1)  ProtoporphyrinogenIX [c0][c0] + (2)  5'-Deoxyadenosine [c0][c0]	rxn04704	CPPPGO2	R06895	Porphyrin and chlorophyll metabolism	Biosynthesis|Cofactor-Biosynthesis|HEME-SYN|HEMESYN2-PWY|PWY0-1415|Porphyrin-Compounds-Biosynthesis
rxn00299_c0	>	Cytosol	Annotated_genome.CDS.1532	GTP 7,8-8,9-dihydrolase [c0]		-16.89		(1)  cpd00001[c0] + (1)  cpd00038[c0] => (1)  cpd00047[c0] + (1)  cpd00067[c0] + (1)  cpd02978[c0]	(1)  H2O [c0][c0] + (1)  GTP [c0][c0] => (1)  Formate [c0][c0] + (1)  H+ [c0][c0] + (1)  7,8-Dihydroneopterin 3'-triphosphate [c0][c0]	rxn00299	FOL2	R00424		6-HM-Dihydropterin-PP-Biosynthesis|ALL-CHORISMATE-PWY|Biosynthesis|Cofactor-Biosynthesis|FOLSYN-PWY|Folate-Biosynthesis|SECONDARY-METABOLITE-BIOSYNTHESIS|Tetrahydrobiopterin-Biosynthesis|Vitamin-Biosynthesis
rxn08546_c0	>	Cytosol	(Annotated_genome.CDS.1015 or Annotated_genome.CDS.2001)	glycerol-3-phosphate acyltransferase (C12:0) [c0]		-3.61		(1)  cpd00080[c0] + (1)  cpd11468[c0] => (1)  cpd11493[c0] + (1)  cpd15325[c0]	(1)  Glycerol-3-phosphate [c0][c0] + (1)  Dodecanoyl-ACP [c0][c0] => (1)  ACP [c0][c0] + (1)  1-dodecanoyl-sn-glycerol 3-phosphate [c0][c0]	rxn08546	G3PAT120			
rxn05389_c0	=	Cytosol	Annotated_genome.CDS.2407	7-methyl-3-oxo-octanoyl-ACP:NADP+ oxidoreductase [c0]		-3.76		(1)  cpd00005[c0] + (1)  cpd00067[c0] + (1)  cpd11525[c0] <=> (1)  cpd00006[c0] + (1)  cpd11526[c0]	(1)  NADPH [c0][c0] + (1)  H+ [c0][c0] + (1)  7-methyl-3-oxo-octanoyl-ACP [c0][c0] <=> (1)  NADP [c0][c0] + (1)  7-methyl-3-hydroxy-octanoyl-ACP [c0][c0]	rxn05389				
rxn05735_c0	>	Cytosol	(Annotated_genome.CDS.2035 or Annotated_genome.CDS.3441 or Annotated_genome.CDS.471 or Annotated_genome.CDS.2113 or Annotated_genome.CDS.3579 or Annotated_genome.CDS.1799 or Annotated_genome.CDS.3426 or Annotated_genome.CDS.4291)	aldehyde dehydrogenase (aminoacetaldehyde, NAD) [c0]		-9.803		(1)  cpd00001[c0] + (1)  cpd00003[c0] + (1)  cpd04122[c0] => (1)  cpd00004[c0] + (1)  cpd00033[c0] + (2)  cpd00067[c0]	(1)  H2O [c0][c0] + (1)  NAD [c0][c0] + (1)  Aminoacetaldehyde [c0][c0] => (1)  NADH [c0][c0] + (1)  Glycine [c0][c0] + (2)  H+ [c0][c0]	rxn05735				
rxn00904_c0	=	Cytosol	Annotated_genome.CDS.2255	L-Valine:pyruvate aminotransferase [c0]		0		(1)  cpd00020[c0] + (1)  cpd00156[c0] <=> (1)  cpd00035[c0] + (1)  cpd00123[c0]	(1)  Pyruvate [c0][c0] + (1)  L-Valine [c0][c0] <=> (1)  L-Alanine [c0][c0] + (1)  3-Methyl-2-oxobutanoate [c0][c0]	rxn00904	VPAMT	R01215	Valine, leucine and isoleucine biosynthesis	ALANINE-SYN|ALANINE-VALINESYN-PWY|Amino-Acid-Biosynthesis|Biosynthesis|IND-AMINO-ACID-SYN|PWY0-1061
rxn02484_c0	>	Cytosol	Annotated_genome.CDS.2765	ATP:4-amino-5-hydroxymethyl-2-methylpyrimidine 5-phosphotransferase [c0]		-14.03		(1)  cpd00002[c0] + (1)  cpd00939[c0] => (1)  cpd00008[c0] + (1)  cpd00067[c0] + (1)  cpd02775[c0]	(1)  ATP [c0][c0] + (1)  Toxopyrimidine [c0][c0] => (1)  ADP [c0][c0] + (1)  H+ [c0][c0] + (1)  4-Amino-5-phosphomethyl-2-methylpyrimidine [c0][c0]	rxn02484	HMPK1	R03471	Thiamine metabolism	Biosynthesis|Cofactor-Biosynthesis|Thiamin-Salvage|Thiamine-Biosynthesis|Vitamin-Biosynthesis
rxn12639_c0	=	Cytosol	(Annotated_genome.CDS.1275 or Annotated_genome.CDS.3788 or Annotated_genome.CDS.9)	RXN0-6976.c [c0]		-0.46		(1)  cpd00001[c0] + (1)  cpd11587[c0] <=> (1)  cpd00035[c0] + (1)  cpd00053[c0]	(1)  H2O [c0][c0] + (1)  Ala-Gln [c0][c0] <=> (1)  L-Alanine [c0][c0] + (1)  L-Glutamine [c0][c0]	rxn12639	MEAMP1(ala-gln)			
rxn03159_c0	=	Cytosol	Annotated_genome.CDS.3225	UDP-2,3-bis(3-hydroxytetradecanoyl)glucosamine:2,3-bis-(3-hydroxytetradecanoyl)-alpha-D-glucosaminyl-1-phosphate 2,3-bis(3-hydroxytetradecanoyl)-glucosaminyltransferase [c0]		-1.7		(1)  cpd02835[c0] + (1)  cpd02930[c0] <=> (1)  cpd00014[c0] + (1)  cpd03002[c0]	(1)  UDP-2,3-bis(3-hydroxytetradecanoyl) glucosamine [c0][c0] + (1)  Lipid X [c0][c0] <=> (1)  UDP [c0][c0] + (1)  Lipid A disaccharide [c0][c0]	rxn03159		R04606	Lipopolysaccharide biosynthesis	Biosynthesis|Cell-Structure-Biosynthesis|KDO-NAGLIPASYN-PWY|LPSSYN-PWY|Lipid-Biosynthesis|Lipopolysaccharide-Biosynthesis|NAGLIPASYN-PWY
rxn01000_c0	>	Cytosol	(Annotated_genome.CDS.736 or Annotated_genome.CDS.1054)	prephenate hydro-lyase (decarboxylating; phenylpyruvate-forming) [c0]		-29.07		(1)  cpd00067[c0] + (1)  cpd00219[c0] => (1)  cpd00001[c0] + (1)  cpd00011[c0] + (1)  cpd00143[c0]	(1)  H+ [c0][c0] + (1)  Prephenate [c0][c0] => (1)  H2O [c0][c0] + (1)  CO2 [c0][c0] + (1)  Phenylpyruvate [c0][c0]	rxn01000	PHA2	R01373	Phenylalanine, tyrosine and tryptophan biosynthesis	ALL-CHORISMATE-PWY|Amino-Acid-Biosynthesis|Biosynthesis|COMPLETE-ARO-PWY|IND-AMINO-ACID-SYN|PHENYLALANINE-SYN|PHESYN
rxn00647_c0	=	Cytosol	(Annotated_genome.CDS.2047 or Annotated_genome.CDS.2886 or Annotated_genome.CDS.484 or Annotated_genome.CDS.816 or Annotated_genome.CDS.427 or Annotated_genome.CDS.3442 or Annotated_genome.CDS.1639)	L-Cysteine:2-oxoglutarate aminotransferase [c0]	2.6.1.3	0		(1)  cpd00024[c0] + (1)  cpd00084[c0] <=> (1)  cpd00023[c0] + (1)  cpd00706[c0]	(1)  2-Oxoglutarate [c0][c0] + (1)  L-Cysteine [c0][c0] <=> (1)  L-Glutamate [c0][c0] + (1)  Mercaptopyruvate [c0][c0]	rxn00647	ASPTA4	R00895	Cysteine and methionine metabolism	Amino-Acid-Degradation|Biosynthesis|CYSTEINE-DEG|Degradation|Other-biosynthesis|PWY0-1534
rxn08120_c0	=	Cytosol	Annotated_genome.CDS.664	apolipoprotein N-acyltransferase (phosphatidylglycerol, periplasm) [c0]		-9.53		(1)  cpd15395[c0] + (1)  cpd15538[c0] <=> (1)  cpd00067[c0] + (1)  cpd11959[c0] + (1)  cpd15346[c0]	(1)  applipoprotein [c0][c0] + (1)  Phosphatidylglycerol dihexadecanoyl [c0][c0] <=> (1)  H+ [c0][c0] + (1)  Lipoprotein [c0][c0] + (1)  2-Acyl-sn-glycero-3-phosphoglycerol hexadecanoyl [c0][c0]	rxn08120	ALPATG160pp			
rxn00363_c0	>	Cytosol	(Annotated_genome.CDS.3133 or (Annotated_genome.CDS.1906 or Annotated_genome.CDS.1610))	Cytidine-5'-monophosphate phosphohydrolase [c0]		7.21		(1)  cpd00001[c0] + (1)  cpd00046[c0] => (1)  cpd00009[c0] + (1)  cpd00367[c0]	(1)  H2O [c0][c0] + (1)  CMP [c0][c0] => (1)  Phosphate [c0][c0] + (1)  Cytidine [c0][c0]	rxn00363	NTD4	R00511	Pyrimidine metabolism	
rxn01281_c0	=	Cytosol	Annotated_genome.CDS.4468	(R)-Glycerate:NADP+ oxidoreductase [c0]		5.22		(1)  cpd00006[c0] + (1)  cpd00223[c0] <=> (1)  cpd00005[c0] + (1)  cpd00067[c0] + (1)  cpd00843[c0]	(1)  NADP [c0][c0] + (1)  Glycerate [c0][c0] <=> (1)  NADPH [c0][c0] + (1)  H+ [c0][c0] + (1)  Tartronate semialdehyde [c0][c0]	rxn01281		R01747	Glyoxylate and dicarboxylate metabolism	D-Galactarate-Degradation|D-Glucarate-Degradation|Degradation|GALACTARDEG-PWY|GLUCARDEG-PWY|GLUCARGALACTSUPER-PWY|SECONDARY-METABOLITE-DEGRADATION|SUGAR-ACIDS-DEG|Sugar-Derivatives
rxn01670_c0	>	Cytosol	Annotated_genome.CDS.3133	Nicotinamide ribonucleotide phosphohydrolase [c0]		7.21		(1)  cpd00001[c0] + (1)  cpd00355[c0] => (1)  cpd00009[c0] + (1)  cpd02016[c0]	(1)  H2O [c0][c0] + (1)  Nicotinamide ribonucleotide [c0][c0] => (1)  Phosphate [c0][c0] + (1)  N-Ribosylnicotinamide [c0][c0]	rxn01670	NIRP	R02323	Nicotinate and nicotinamide metabolism	Biosynthesis|Cofactor-Biosynthesis|NAD-BIOSYNTHESIS-II|NAD-Metabolism|NAD-SYN
rxn12643_c0	>	Cytosol	(Annotated_genome.CDS.4159 or Annotated_genome.CDS.1275 or Annotated_genome.CDS.3788 or Annotated_genome.CDS.9)	RXN0-6979.c [c0]		-0.46		(1)  cpd00001[c0] + (1)  cpd11583[c0] => (1)  cpd00035[c0] + (1)  cpd00107[c0]	(1)  H2O [c0][c0] + (1)  Ala-Leu [c0][c0] => (1)  L-Alanine [c0][c0] + (1)  L-Leucine [c0][c0]	rxn12643	MEAMP1(ala-leu)			
rxn01300_c0	>	Cytosol	Annotated_genome.CDS.1305	ATP:L-homoserine O-phosphotransferase [c0]		-14.03		(1)  cpd00002[c0] + (1)  cpd00227[c0] => (1)  cpd00008[c0] + (1)  cpd00067[c0] + (1)  cpd00809[c0]	(1)  ATP [c0][c0] + (1)  L-Homoserine [c0][c0] => (1)  ADP [c0][c0] + (1)  H+ [c0][c0] + (1)  O-Phospho-L-homoserine [c0][c0]	rxn01300	HSK	R01771	Glycine, serine and threonine metabolism	Amino-Acid-Biosynthesis|Biosynthesis|HOMOSER-THRESYN-PWY|IND-AMINO-ACID-SYN|ISOLEUCINE-SYN|METHIONINE-SYN|P4-PWY|PWY0-781|THREONINE-BIOSYNTHESIS|THRESYN-PWY
rxn00411_c0	>	Cytosol	Annotated_genome.CDS.4469	CTP:pyruvate 2-O-phosphotransferase [c0]		-4.92		(1)  cpd00020[c0] + (1)  cpd00052[c0] => (1)  cpd00061[c0] + (1)  cpd00067[c0] + (1)  cpd00096[c0]	(1)  Pyruvate [c0][c0] + (1)  CTP [c0][c0] => (1)  Phosphoenolpyruvate [c0][c0] + (1)  H+ [c0][c0] + (1)  CDP [c0][c0]	rxn00411		R00572		
rxn02173_c0	>	Cytosol	Annotated_genome.CDS.1764	D-Galactonate hydro-lyase [c0]	4.2.1.6	-8.17		(1)  cpd00653[c0] => (1)  cpd00001[c0] + (1)  cpd00894[c0]	(1)  D-Galactonate [c0][c0] => (1)  H2O [c0][c0] + (1)  2-Dehydro-3-deoxy-D-galactonate [c0][c0]	rxn02173	GALCTND	R03033	Galactose metabolism	Degradation|GALACTCAT-PWY|SECONDARY-METABOLITE-DEGRADATION|SUGAR-ACIDS-DEG|Sugar-Derivatives
rxn00321_c0	=	Cytosol	Annotated_genome.CDS.2665	L-Lysine 2,3-aminomutase [c0]	5.4.3.2	0		(1)  cpd00039[c0] <=> (1)  cpd00840[c0]	(1)  L-Lysine [c0][c0] <=> (1)  L-beta-Lysine [c0][c0]	rxn00321	LYSAM	R00461	Lysine degradation	Amino-Acid-Degradation|Degradation|Energy-Metabolism|Fermentation|LYSINE-DEG|P163-PWY
rxn00786_c0	=	Cytosol	(Annotated_genome.CDS.847 or Annotated_genome.CDS.1951)	D-fructose-1,6-bisphosphate D-glyceraldehyde-3-phosphate-lyase (glycerone-phosphate-forming) [c0]		4.31		(1)  cpd00290[c0] <=> (1)  cpd00095[c0] + (1)  cpd00102[c0]	(1)  D-fructose-1,6-bisphosphate [c0][c0] <=> (1)  Glycerone-phosphate [c0][c0] + (1)  Glyceraldehyde3-phosphate [c0][c0]	rxn00786	FBA	R01068	Methane metabolism|Carbon fixation in photosynthetic organisms	
rxn03908_c0	>	Cytosol	Annotated_genome.CDS.4521	ATP:4-(Cytidine 5'-diphospho)-2-C-methyl-D-erythritol 2-phosphotransferase [c0]		-14.03		(1)  cpd00002[c0] + (1)  cpd08287[c0] => (1)  cpd00008[c0] + (1)  cpd00067[c0] + (1)  cpd08288[c0]	(1)  ATP [c0][c0] + (1)  4--cytidine5-diphospho-2-C-methyl-D-erythritol [c0][c0] => (1)  ADP [c0][c0] + (1)  H+ [c0][c0] + (1)  2-phospho-4--cytidine5-diphospho-2-C-methyl-D-erythritol [c0][c0]	rxn03908	CDPMEK	R05634	Terpenoid backbone biosynthesis	Biosynthesis|Cofactor-Biosynthesis|DITERPENOID-SYN|GGPP-Biosynthesis|NONMEVIPP-PWY|Other-biosynthesis|Polyprenyl-Biosynthesis|SECONDARY-METABOLITE-BIOSYNTHESIS|Terpenoid-Biosynthesis
rxn09197_c0	>	Cytosol	Annotated_genome.CDS.3577	Phosphatidylserine decarboxylase (n-C12:0) [c0]		-73.2		(2)  cpd00067[c0] + (1)  cpd15552[c0] => (1)  cpd00011[c0] + (1)  cpd15528[c0]	(2)  H+ [c0][c0] + (1)  phosphatidylserine didodecanoyl [c0][c0] => (1)  CO2 [c0][c0] + (1)  phosphatidylethanolamine didodecanoyl [c0][c0]	rxn09197	PSD120			
rxn01100_c0	=	Cytosol	Annotated_genome.CDS.1950	ATP:3-phospho-D-glycerate 1-phosphotransferase [c0]		-6.9		(1)  cpd00002[c0] + (1)  cpd00169[c0] <=> (1)  cpd00008[c0] + (1)  cpd00203[c0]	(1)  ATP [c0][c0] + (1)  3-Phosphoglycerate [c0][c0] <=> (1)  ADP [c0][c0] + (1)  1,3-Bisphospho-D-glycerate [c0][c0]	rxn01100	PGK	R01512	Glycolysis / Gluconeogenesis|Carbon fixation in photosynthetic organisms	ANAEROFRUCAT-PWY|ANAGLYCOLYSIS-PWY|Autotrophic-CO2-Fixation|Biosynthesis|C1-COMPOUNDS|CALVIN-PWY|CARBO-BIOSYNTHESIS|CARBOXYLATES-DEG|CO2-Fixation|Carbohydrates-Biosynthesis|Carbohydrates-Degradation|Degradation|Energy-Metabolism|Fermentation|Formaldehyde-Assimilation|GLUCONEO-PWY|GLYCOLYSIS|GLYCOLYSIS-E-D|GLYCOLYSIS-TCA-GLYOX-BYPASS|GLYCOLYSIS-VARIANTS|Gluconeogenesis|P122-PWY|P124-PWY|P185-PWY|P441-PWY|P461-PWY|PHOTOALL-PWY|Photosynthesis|SECONDARY-METABOLITE-DEGRADATION|SUCROSE-DEG|SUCSYN-PWY|SUGAR-ALCOHOLS-DEG|Sugar-Derivatives|Sugars-And-Polysaccharides|TCA-VARIANTS|Xylose-Degradation
rxn00838_c0	>	Cytosol	Annotated_genome.CDS.612	IMP:L-aspartate ligase (GDP-forming) [c0]		-2.59		(1)  cpd00038[c0] + (1)  cpd00041[c0] + (1)  cpd00114[c0] => (1)  cpd00009[c0] + (1)  cpd00031[c0] + (2)  cpd00067[c0] + (1)  cpd02375[c0]	(1)  GTP [c0][c0] + (1)  L-Aspartate [c0][c0] + (1)  IMP [c0][c0] => (1)  Phosphate [c0][c0] + (1)  GDP [c0][c0] + (2)  H+ [c0][c0] + (1)  Adenylosuccinate [c0][c0]	rxn00838	ADE12	R01135	Purine metabolism|Alanine, aspartate and glutamate metabolism	Biosynthesis|DENOVOPURINE2-PWY|Nucleotide-Biosynthesis|PRPP-PWY|PUR-NUC-SYN|Purine-Nucleotide-De-Novo-Biosynthesis
rxn00102_c0	=	Cytosol	(Annotated_genome.CDS.3517 or Annotated_genome.CDS.3756)	carbonate hydro-lyase (carbon-dioxide-forming) [c0]		0.84		(1)  cpd00067[c0] + (1)  cpd00242[c0] <=> (1)  cpd00001[c0] + (1)  cpd00011[c0]	(1)  H+ [c0][c0] + (1)  H2CO3 [c0][c0] <=> (1)  H2O [c0][c0] + (1)  CO2 [c0][c0]	rxn00102	H2CO3D	R00132	Nitrogen metabolism	Biosynthesis|C1-COMPOUNDS|CARBO-BIOSYNTHESIS|CO2-Fixation|CYANCAT-PWY|Carbohydrates-Biosynthesis|Degradation|Detoxification|Gluconeogenesis|NITROGEN-DEG|Noncarbon-Nutrients|PWYQT-4429
rxn00512_c0	<	Cytosol	Annotated_genome.CDS.1993	Glycolate:NAD+ oxidoreductase [c0]		7.68		(1)  cpd00003[c0] + (1)  cpd00139[c0] <= (1)  cpd00004[c0] + (1)  cpd00040[c0] + (1)  cpd00067[c0]	(1)  NAD [c0][c0] + (1)  Glycolate [c0][c0] <= (1)  NADH [c0][c0] + (1)  Glyoxalate [c0][c0] + (1)  H+ [c0][c0]	rxn00512	GLYCLTDx	R00717	Glyoxylate and dicarboxylate metabolism	
rxn00831_c0	>	Cytosol	(Annotated_genome.CDS.3133 or (Annotated_genome.CDS.1906 or Annotated_genome.CDS.1610))	Inosine 5'-monophosphate phosphohydrolase [c0]		7.21		(1)  cpd00001[c0] + (1)  cpd00114[c0] => (1)  cpd00009[c0] + (1)  cpd00246[c0]	(1)  H2O [c0][c0] + (1)  IMP [c0][c0] => (1)  Phosphate [c0][c0] + (1)  Inosine [c0][c0]	rxn00831	NTD11	R01126	Purine metabolism	AROMATIC-COMPOUNDS-DEGRADATION|Adenosine-Nucleotides-Degradation|Degradation|NUCLEO-DEG|P165-PWY|Purine-Degradation|Urate-Degradation
rxn02004_c0	>	Cytosol	Annotated_genome.CDS.4572	Trehalose-6-phosphate phosphohydrolase [c0]	3.1.3.12	7.21		(1)  cpd00001[c0] + (1)  cpd00523[c0] => (1)  cpd00009[c0] + (1)  cpd00794[c0]	(1)  H2O [c0][c0] + (1)  Trehalose 6-phosphate [c0][c0] => (1)  Phosphate [c0][c0] + (1)  TRHL [c0][c0]	rxn02004	TPS2	R02778	Starch and sucrose metabolism	Biosynthesis|CARBO-BIOSYNTHESIS|Carbohydrates-Biosynthesis|Organic-solutes-Biosynthesis|Other-biosynthesis|Polysaccharides-Biosynthesis|TREHALOSESYN-PWY|TRESYN-PWY|Trehalose-biosynthesis
rxn12634_c0	=	Cytosol	(Annotated_genome.CDS.4159 or Annotated_genome.CDS.1275 or Annotated_genome.CDS.3788 or Annotated_genome.CDS.9)	methionyl aminopeptidase [c0]		-195.17		(1)  cpd00001[c0] + (1)  cpd11592[c0] <=> (1)  cpd00023[c0] + (1)  cpd00033[c0]	(1)  H2O [c0][c0] + (1)  gly-glu-L [c0][c0] <=> (1)  L-Glutamate [c0][c0] + (1)  Glycine [c0][c0]	rxn12634	AMPEP10			
rxn00883_c0	>	Cytosol	Annotated_genome.CDS.1954	1D-myo-Inositol 3-phosphate phosphohydrolase [c0]		7.21		(1)  cpd00001[c0] + (1)  cpd02484[c0] => (1)  cpd00009[c0] + (1)  cpd00121[c0]	(1)  H2O [c0][c0] + (1)  Inositol 3-phosphate [c0][c0] => (1)  Phosphate [c0][c0] + (1)  L-Inositol [c0][c0]	rxn00883	INM1	R01187	Streptomycin biosynthesis|Inositol phosphate metabolism	Biosynthesis|Cyclitols-Biosynthesis|Myo-Inositol-Biosynthesis|SECONDARY-METABOLITE-BIOSYNTHESIS|SUGAR-DERIVS
rxn01255_c0	>	Cytosol	Annotated_genome.CDS.3529	5-O-(1-Carboxyvinyl)-3-phosphoshikimate phosphate-lyase (chorismate-forming) [c0]		-3.89		(1)  cpd00932[c0] => (1)  cpd00009[c0] + (1)  cpd00216[c0]	(1)  5-O--1-Carboxyvinyl-3-phosphoshikimate [c0][c0] => (1)  Phosphate [c0][c0] + (1)  Chorismate [c0][c0]	rxn01255	ARO2	R01714	Phenylalanine, tyrosine and tryptophan biosynthesis	ALL-CHORISMATE-PWY|ARO-PWY|AROMATIC-COMPOUNDS-BIOSYN|Amino-Acid-Biosynthesis|Biosynthesis|COMPLETE-ARO-PWY|Chorismate-Biosynthesis
rxn10014_c0	<	Cytosol	Annotated_genome.CDS.1576	acyl-CoA dehydrogenase (tetradecanoyl-CoA) [c0]		16.55		(1)  cpd00003[c0] + (1)  cpd01695[c0] <= (1)  cpd00004[c0] + (1)  cpd00067[c0] + (1)  cpd03127[c0]	(1)  NAD [c0][c0] + (1)  Myristoyl-CoA [c0][c0] <= (1)  NADH [c0][c0] + (1)  H+ [c0][c0] + (1)  (2E) -Tetradecenoyl-CoA [c0][c0]	rxn10014	ACOAD6			
rxn05406_c0	=	Cytosol	(Annotated_genome.CDS.502 or (Annotated_genome.CDS.3228 or Annotated_genome.CDS.2000))	15-methyl-3-hydroxy-hexa-decanoyl-ACP hydro-lyase [c0]		2.163		(1)  cpd11542[c0] <=> (1)  cpd00001[c0] + (1)  cpd11543[c0]	(1)  15-methyl-3-hydroxy-hexa-decanoyl-ACP [c0][c0] <=> (1)  H2O [c0][c0] + (1)  15-methyl-trans-hexa-dec-2-enoyl-ACP [c0][c0]	rxn05406				
rxn07846_c0	>	Cytosol	Annotated_genome.CDS.1493	GTP:GTP guanylyltransferase [c0]				(2)  cpd00038[c0] => (2)  cpd00012[c0] + (2)  cpd00067[c0] + (1)  cpd15167[c0]	(2)  GTP [c0][c0] => (2)  PPi [c0][c0] + (2)  H+ [c0][c0] + (1)  cdiGMP [c0][c0]	rxn07846		R08057		
rxn05296_c0	>	Cytosol	(Annotated_genome.CDS.4303 and Annotated_genome.CDS.4611 and Annotated_genome.CDS.4302 and Annotated_genome.CDS.2910 and Annotated_genome.CDS.2848 and (Annotated_genome.CDS.4068 or Annotated_genome.CDS.2064 or Annotated_genome.CDS.3651 or Annotated_genome.CDS.2906) and Annotated_genome.CDS.3077 and Annotated_genome.CDS.3202 and Annotated_genome.CDS.2841 and Annotated_genome.CDS.2745 and Annotated_genome.CDS.2831 and Annotated_genome.CDS.2847 and Annotated_genome.CDS.4145 and Annotated_genome.CDS.2859 and Annotated_genome.CDS.3421 and Annotated_genome.CDS.3999 and Annotated_genome.CDS.2892 and Annotated_genome.CDS.194 and Annotated_genome.CDS.274 and Annotated_genome.CDS.2852 and Annotated_genome.CDS.2846 and Annotated_genome.CDS.4416 and Annotated_genome.CDS.2905 and Annotated_genome.CDS.2849 and Annotated_genome.CDS.3147 and Annotated_genome.CDS.2858 and Annotated_genome.CDS.2959 and Annotated_genome.CDS.97 and Annotated_genome.CDS.2835 and Annotated_genome.CDS.2845 and Annotated_genome.CDS.2850 and Annotated_genome.CDS.241 and Annotated_genome.CDS.1409 and (Annotated_genome.CDS.4201 or Annotated_genome.CDS.1889) and Annotated_genome.CDS.3753 and Annotated_genome.CDS.2843 and Annotated_genome.CDS.1276 and Annotated_genome.CDS.2834 and Annotated_genome.CDS.479 and Annotated_genome.CDS.263 and Annotated_genome.CDS.3238 and Annotated_genome.CDS.2844 and Annotated_genome.CDS.2839 and Annotated_genome.CDS.182 and Annotated_genome.CDS.4409 and Annotated_genome.CDS.4304 and Annotated_genome.CDS.2840 and Annotated_genome.CDS.103 and Annotated_genome.CDS.2854 and Annotated_genome.CDS.1341 and Annotated_genome.CDS.4410 and Annotated_genome.CDS.1911 and Annotated_genome.CDS.2836 and Annotated_genome.CDS.1338 and Annotated_genome.CDS.2838 and Annotated_genome.CDS.4301 and Annotated_genome.CDS.3031 and Annotated_genome.CDS.2830 and Annotated_genome.CDS.2861 and Annotated_genome.CDS.2851 and Annotated_genome.CDS.4412 and Annotated_genome.CDS.100 and Annotated_genome.CDS.3744 and Annotated_genome.CDS.2842 and Annotated_genome.CDS.105 and Annotated_genome.CDS.1395 and Annotated_genome.CDS.3032 and Annotated_genome.CDS.5 and Annotated_genome.CDS.554 and Annotated_genome.CDS.101 and Annotated_genome.CDS.2915 and Annotated_genome.CDS.2837 and Annotated_genome.CDS.240 and Annotated_genome.CDS.1259 and Annotated_genome.CDS.98 and Annotated_genome.CDS.2853)	Protein synthesis				(27.684983832597)  cpd00001[c0] + (35.5949792133389)  cpd00002[c0] + (0.388588889398408)  cpd00023[c0] + (0.904337964148734)  cpd00033[c0] + (0.759012038032257)  cpd00035[c0] + (0.506271296960121)  cpd00039[c0] + (0.356206481948541)  cpd00041[c0] + (0.437557407981134)  cpd00051[c0] + (0.388588889398408)  cpd00053[c0] + (0.318295370787721)  cpd00054[c0] + (0.226676852149071)  cpd00060[c0] + (0.0837203704801448)  cpd00065[c0] + (0.274065741100097)  cpd00066[c0] + (0.214039815095465)  cpd00069[c0] + (0.135058333510422)  cpd00084[c0] + (0.665813889761907)  cpd00107[c0] + (0.140587037221375)  cpd00119[c0] + (0.326983333762075)  cpd00129[c0] + (0.356206481948541)  cpd00132[c0] + (0.624743519337685)  cpd00156[c0] + (0.3743722227131)  cpd00161[c0] + (0.42886944500678)  cpd00322[c0] => (35.5949792133389)  cpd00008[c0] + (35.5949792133389)  cpd00009[c0] + (35.5949792133389)  cpd00067[c0] + (1)  cpd11463[c0]	(27.684983832597)  H2O [c0][c0] + (35.5949792133389)  ATP [c0][c0] + (0.388588889398408)  L-Glutamate [c0][c0] + (0.904337964148734)  Glycine [c0][c0] + (0.759012038032257)  L-Alanine [c0][c0] + (0.506271296960121)  L-Lysine [c0][c0] + (0.356206481948541)  L-Aspartate [c0][c0] + (0.437557407981134)  L-Arginine [c0][c0] + (0.388588889398408)  L-Glutamine [c0][c0] + (0.318295370787721)  L-Serine [c0][c0] + (0.226676852149071)  L-Methionine [c0][c0] + (0.0837203704801448)  L-Tryptophan [c0][c0] + (0.274065741100097)  L-Phenylalanine [c0][c0] + (0.214039815095465)  L-Tyrosine [c0][c0] + (0.135058333510422)  L-Cysteine [c0][c0] + (0.665813889761907)  L-Leucine [c0][c0] + (0.140587037221375)  L-Histidine [c0][c0] + (0.326983333762075)  L-Proline [c0][c0] + (0.356206481948541)  L-Asparagine [c0][c0] + (0.624743519337685)  L-Valine [c0][c0] + (0.3743722227131)  L-Threonine [c0][c0] + (0.42886944500678)  L-Isoleucine [c0][c0] => (35.5949792133389)  ADP [c0][c0] + (35.5949792133389)  Phosphate [c0][c0] + (35.5949792133389)  H+ [c0][c0] + (1)  Protein [c0][c0]	rxn05296				
rxn05251_c0	>	Cytosol	(Annotated_genome.CDS.1457 or Annotated_genome.CDS.4324 or Annotated_genome.CDS.2788 or Annotated_genome.CDS.4283 or Annotated_genome.CDS.3597 or Annotated_genome.CDS.4051 or Annotated_genome.CDS.3649 or Annotated_genome.CDS.3488 or Annotated_genome.CDS.4284 or Annotated_genome.CDS.962 or Annotated_genome.CDS.1662 or Annotated_genome.CDS.4316 or Annotated_genome.CDS.1459 or Annotated_genome.CDS.1598 or Annotated_genome.CDS.4258 or Annotated_genome.CDS.2390 or Annotated_genome.CDS.445 or Annotated_genome.CDS.2201 or Annotated_genome.CDS.1641)	FACOAL170(anteiso) [c0]		-2.486		(1)  cpd00002[c0] + (1)  cpd00010[c0] + (1)  cpd11433[c0] => (1)  cpd00012[c0] + (1)  cpd00018[c0] + (1)  cpd11434[c0]	(1)  ATP [c0][c0] + (1)  CoA [c0][c0] + (1)  fa12 [c0][c0] => (1)  PPi [c0][c0] + (1)  AMP [c0][c0] + (1)  fa12coa [c0][c0]	rxn05251				
rxn00214_c0	=	Cytosol	(Annotated_genome.CDS.3354 or Annotated_genome.CDS.3357 or Annotated_genome.CDS.222 or Annotated_genome.CDS.3352)	UDP-glucose 4-epimerase [c0]		0		(1)  cpd00026[c0] <=> (1)  cpd00043[c0]	(1)  UDP-glucose [c0][c0] <=> (1)  UDP-galactose [c0][c0]	rxn00214	GAL10	R00291	Galactose metabolism|Amino sugar and nucleotide sugar metabolism	Activation-Inactivation-Interconversion|Biosynthesis|CARBO-BIOSYNTHESIS|COLANSYN-PWY|Carbohydrates-Biosynthesis|Carbohydrates-Degradation|Cell-Structure-Biosynthesis|Cell-Wall-Biosynthesis|Degradation|GALACTOSE-DEGRADATION|Interconversion|SUGAR-NUCLEOTIDES|Sugars-And-Polysaccharides
rxn01211_c0	=	Cytosol	Annotated_genome.CDS.3308	5,10-Methenyltetrahydrofolate 5-hydrolase (decyclizing) [c0]		13.69		(1)  cpd00001[c0] + (1)  cpd00347[c0] <=> (1)  cpd00067[c0] + (1)  cpd00201[c0]	(1)  H2O [c0][c0] + (1)  5-10-Methenyltetrahydrofolate [c0][c0] <=> (1)  H+ [c0][c0] + (1)  10-Formyltetrahydrofolate [c0][c0]	rxn01211	ADE3_3	R01655	One carbon pool by folate|Carbon fixation pathways in prokaryotes	1CMET2-PWY|Amino-Acid-Degradation|Autotrophic-CO2-Fixation|Biosynthesis|C1-COMPOUNDS|CARBO-BIOSYNTHESIS|CO2-Fixation|CODH-PWY|Carbohydrates-Biosynthesis|Cofactor-Biosynthesis|Degradation|FOLSYN-PWY|Folate-Biosynthesis|Formaldehyde-Oxidation|Gluconeogenesis|HISTIDINE-DEG|NUCLEO-DEG|P164-PWY|Purine-Degradation|Vitamin-Biosynthesis
rxn01453_c0	=	Cytosol	Annotated_genome.CDS.4141	(R)-3-Hydroxybutanoyl-CoA:NADP+ oxidoreductase [c0]		3.76		(1)  cpd00006[c0] + (1)  cpd02234[c0] <=> (1)  cpd00005[c0] + (1)  cpd00067[c0] + (1)  cpd00279[c0]	(1)  NADP [c0][c0] + (1)  (R) -3-Hydroxybutanoyl-CoA [c0][c0] <=> (1)  NADPH [c0][c0] + (1)  H+ [c0][c0] + (1)  Acetoacetyl-CoA [c0][c0]	rxn01453		R01977	Glyoxylate and dicarboxylate metabolism|Butanoate metabolism	
rxn05496_c0	=	Cytosol	Annotated_genome.CDS.4423	TRANS-RXNBWI-115637.ce.maizeexp.L-ALPHA-ALANINE_L-ALPHA-ALANINE [c0]		0		(1)  cpd00035[e0] + (1)  cpd00067[e0] <=> (1)  cpd00035[c0] + (1)  cpd00067[c0]	(1)  L-Alanine [e0][e0] + (1)  H+ [e0][e0] <=> (1)  L-Alanine [c0][c0] + (1)  H+ [c0][c0]	rxn05496	AGP1_2			
rxn00527_c0	=	Cytosol	((Annotated_genome.CDS.2047 or Annotated_genome.CDS.2886 or Annotated_genome.CDS.484 or Annotated_genome.CDS.816 or Annotated_genome.CDS.427 or Annotated_genome.CDS.3442 or Annotated_genome.CDS.1639) or Annotated_genome.CDS.1055)	L-tyrosine:2-oxoglutarate aminotransferase [c0]		0		(1)  cpd00024[c0] + (1)  cpd00069[c0] <=> (1)  cpd00023[c0] + (1)  cpd00868[c0]	(1)  2-Oxoglutarate [c0][c0] + (1)  L-Tyrosine [c0][c0] <=> (1)  L-Glutamate [c0][c0] + (1)  p-hydroxyphenylpyruvate [c0][c0]	rxn00527	AAT1_2	R00734	Ubiquinone and other terpenoid-quinone biosynthesis|Tyrosine metabolism|Phenylalanine, tyrosine and tryptophan biosynthesis|Novobiocin biosynthesis|Isoquinoline alkaloid biosynthesis	ALKALOIDS-SYN|ALL-CHORISMATE-PWY|AROMATIC-COMPOUNDS-BIOSYN|Amino-Acid-Biosynthesis|Amino-Acid-Degradation|Biosynthesis|CINNAMATE-SYN|COMPLETE-ARO-PWY|Cofactor-Biosynthesis|Degradation|IND-AMINO-ACID-SYN|ISOQUINOLINE-ALKALOIDS|N-CONTAINING-SECONDARY-CMPD-SYN|PHENYLPROPANOID-SYN|PWY3O-4108|Plastoquinone-Biosynthesis|Quinone-Biosynthesis|S-Reticuline-Biosynthesis|SECONDARY-METABOLITE-BIOSYNTHESIS|TYRFUMCAT-PWY|TYROSINE-DEG|TYROSINE-SYN|TYRSYN
rxn03646_c0	=	Cytosol	Annotated_genome.CDS.3541	carotenoid beta-end group lyase (decyclizing) [c0]		-20.13		(1)  cpd03217[c0] <=> (1)  cpd03220[c0]	(1)  Lycopene [c0][c0] <=> (1)  gamma-Carotene [c0][c0]	rxn03646		R05341	Carotenoid biosynthesis	Biosynthesis|CAROTENOID-PWY|CAROTENOID-SYN|SECONDARY-METABOLITE-BIOSYNTHESIS|TETRATERPENOID-SYN|Terpenoid-Biosynthesis
rxn05322_c0	<	Cytosol	(Annotated_genome.CDS.500 or Annotated_genome.CDS.3522 or Annotated_genome.CDS.3653)	Butyryl-[acyl-carrier protein]:malonyl-CoA C-acyltransferase(decarboxylating, oxoacyl- and enoyl-reducing) [c0]		16.55		(1)  cpd00003[c0] + (1)  cpd11464[c0] <= (1)  cpd00004[c0] + (2)  cpd00067[c0] + (1)  cpd11465[c0]	(1)  NAD [c0][c0] + (1)  Butyryl-ACP [c0][c0] <= (1)  NADH [c0][c0] + (2)  H+ [c0][c0] + (1)  But-2-enoyl-[acyl-carrier protein] [c0][c0]	rxn05322	BTMAT1	R04429	Fatty acid biosynthesis	
rxn00792_c0	>	Cytosol	Annotated_genome.CDS.3021	biotin:CoA ligase (AMP-forming) [c0]		-11.13		(1)  cpd00002[c0] + (1)  cpd00104[c0] => (1)  cpd00012[c0] + (1)  cpd03517[c0]	(1)  ATP [c0][c0] + (1)  BIOT [c0][c0] => (1)  PPi [c0][c0] + (1)  Biotinyl-5-AMP [c0][c0]	rxn00792	BACCL	R01074	Biotin metabolism	
rxn03537_c0	>	Cytosol	Annotated_genome.CDS.2987	R05222 [c0]	2.7.7.62			(1)  cpd00038[c0] + (1)  cpd03919[c0] => (1)  cpd00012[c0] + (1)  cpd00067[c0] + (1)  cpd03920[c0]	(1)  GTP [c0][c0] + (1)  Adenosyl cobinamide phosphate [c0][c0] => (1)  PPi [c0][c0] + (1)  H+ [c0][c0] + (1)  Adenosylcobinamide-GDP [c0][c0]	rxn03537	ACBIPGT	R05222	Porphyrin and chlorophyll metabolism	Adenosylcobalamin-Biosynthesis|Biosynthesis|COBALSYN-PWY|Cobalamin-Biosynthesis|Cofactor-Biosynthesis|P381-PWY|Vitamin-Biosynthesis
rxn08804_c0	=	Cytosol	Annotated_genome.CDS.1138	Lysophospholipase L1 (2-acylglycerophosphoethanolamine, n-C14:0) (periplasm) [c0]		-331.84		(1)  cpd00001[c0] + (1)  cpd15314[c0] <=> (1)  cpd00067[c0] + (1)  cpd00908[c0] + (1)  cpd03847[c0]	(1)  H2O [c0][c0] + (1)  1-Acyl-sn-glycero-3-phosphoethanolamine tetradecanoyl [c0][c0] <=> (1)  H+ [c0][c0] + (1)  Glycerophosphoethanolamine [c0][c0] + (1)  Myristic acid [c0][c0]	rxn08804	LPLIPAL1E140pp			
rxn08442_c0	>	Cytosol	Annotated_genome.CDS.186	fatty-acid-CoA thioesterase (tetradecenoate) [c0]		-714.37		(1)  cpd00001[c0] + (1)  cpd15295[c0] => (1)  cpd00010[c0] + (2)  cpd00067[c0] + (1)  cpd15298[c0]	(1)  H2O [c0][c0] + (1)  Tetradecenoyl-CoA [c0][c0] => (1)  CoA [c0][c0] + (2)  H+ [c0][c0] + (1)  tetradecenoate [c0][c0]	rxn08442	FACOAE141			
rxn05430_c0	=	Cytosol	Annotated_genome.CDS.2407	14-methyl-3-oxo-pentadecanoyl-ACP:NADP+ oxidoreductase [c0]		-3.76		(1)  cpd00005[c0] + (1)  cpd00067[c0] + (1)  cpd11566[c0] <=> (1)  cpd00006[c0] + (1)  cpd11567[c0]	(1)  NADPH [c0][c0] + (1)  H+ [c0][c0] + (1)  14-methyl-3-oxo-pentadecanoyl-ACP [c0][c0] <=> (1)  NADP [c0][c0] + (1)  14-methyl-3-hydroxy-pentadecanoyl-ACP [c0][c0]	rxn05430				
rxn01917_c0	=	Cytosol	(Annotated_genome.CDS.135 or Annotated_genome.CDS.879)	ATP:N-acetyl-L-glutamate 5-phosphotransferase [c0]		-6.9		(1)  cpd00002[c0] + (1)  cpd00477[c0] <=> (1)  cpd00008[c0] + (1)  cpd02552[c0]	(1)  ATP [c0][c0] + (1)  N-Acetyl-L-glutamate [c0][c0] <=> (1)  ADP [c0][c0] + (1)  n-acetylglutamyl-phosphate [c0][c0]	rxn01917	ACGK	R02649	Arginine and proline metabolism	ARG+POLYAMINE-SYN|ARGININE-SYN|ARGSYN-PWY|ARGSYNBSUB-PWY|Amino-Acid-Biosynthesis|Biosynthesis|GLUTORN-PWY|IND-AMINO-ACID-SYN|Other-Amino-Acid-Biosynthesis|Polyamine-Biosynthesis
rxn10236_c0	>	Cytosol	Annotated_genome.CDS.3577	anteisopentadecanoyl-phosphatidylserine decarboxylase [c0]		7.45		(2)  cpd00067[c0] + (1)  cpd15693[c0] => (1)  cpd00011[c0] + (1)  cpd15699[c0]	(2)  H+ [c0][c0] + (1)  Dianteisopentadecanoylphosphatidylserine [c0][c0] => (1)  CO2 [c0][c0] + (1)  Dianteisopentadecanoylphosphatidylethanolamine [c0][c0]	rxn10236				
rxn08527_c0	=	Cytosol	((Annotated_genome.CDS.1031 and Annotated_genome.CDS.1032) or Annotated_genome.CDS.2318)	fumarate reductase [c0]		-162.01		(1)  cpd00106[c0] + (1)  cpd15499[c0] <=> (1)  cpd00036[c0] + (1)  cpd15500[c0]	(1)  Fumarate [c0][c0] + (1)  Menaquinol 8 [c0][c0] <=> (1)  Succinate [c0][c0] + (1)  Menaquinone 8 [c0][c0]	rxn08527	FRD2			
rxn03253_c0	=	Cytosol	((Annotated_genome.CDS.2198 or Annotated_genome.CDS.166) or (Annotated_genome.CDS.401 or Annotated_genome.CDS.453 or Annotated_genome.CDS.4278) or (Annotated_genome.CDS.3431 or Annotated_genome.CDS.3582 or Annotated_genome.CDS.1461 or Annotated_genome.CDS.3609 or Annotated_genome.CDS.3675 or Annotated_genome.CDS.1466 or Annotated_genome.CDS.4279 or Annotated_genome.CDS.768 or Annotated_genome.CDS.2002 or Annotated_genome.CDS.1583 or Annotated_genome.CDS.4262 or Annotated_genome.CDS.3332))	Decanoyl-CoA:(acceptor) 2,3-oxidoreductase [c0]		7.23		(1)  cpd00015[c0] + (1)  cpd00067[c0] + (1)  cpd03128[c0] <=> (1)  cpd00982[c0] + (1)  cpd03129[c0]	(1)  FAD [c0][c0] + (1)  H+ [c0][c0] + (1)  Decanoyl-CoA [c0][c0] <=> (1)  FADH2 [c0][c0] + (1)  (2E) -Decenoyl-CoA [c0][c0]	rxn03253	ACOAD4f	R04754	Fatty acid degradation	
rxn01509_c0	=	Cytosol	Annotated_genome.CDS.1010	ATP:dGMP phosphotransferase [c0]		9.53		(1)  cpd00002[c0] + (1)  cpd00067[c0] + (1)  cpd00296[c0] <=> (1)  cpd00008[c0] + (1)  cpd00295[c0]	(1)  ATP [c0][c0] + (1)  H+ [c0][c0] + (1)  dGMP [c0][c0] <=> (1)  ADP [c0][c0] + (1)  dGDP [c0][c0]	rxn01509	DGK1	R02090	Purine metabolism	
rxn02011_c0	>	Cytosol	Annotated_genome.CDS.566	UDP-N-acetylmuramoyl-L-alanyl-D-glutamate:(L)-meso-2,6-diaminoheptanedioate gamma-ligase (ADP-forming) [c0]	6.3.2.13	-6.35		(1)  cpd00002[c0] + (1)  cpd00516[c0] + (1)  cpd00525[c0] => (1)  cpd00008[c0] + (1)  cpd00009[c0] + (1)  cpd00067[c0] + (1)  cpd02964[c0]	(1)  ATP [c0][c0] + (1)  meso-2,6-Diaminopimelate [c0][c0] + (1)  UDP-N-acetylmuramoyl-L-alanyl-D-glutamate [c0][c0] => (1)  ADP [c0][c0] + (1)  Phosphate [c0][c0] + (1)  H+ [c0][c0] + (1)  UDP-N-acetylmuramoyl-L-alanyl-D-gamma-glutamyl-meso-2-6-diaminopimelate [c0][c0]	rxn02011	UAAGDS	R02788	Lysine biosynthesis|Peptidoglycan biosynthesis	Acetylmuramoyl-Pentapeptide-Biosynthesis|Biosynthesis|Cell-Structure-Biosynthesis|Cell-Wall-Biosynthesis|PEPTIDOGLYCANSYN-PWY|Peptidoglycan-Biosynthesis
rxn00173_c0	=	Cytosol	(Annotated_genome.CDS.3173 or Annotated_genome.CDS.2099)	acetyl-CoA:phosphate acetyltransferase [c0]		-5.84		(1)  cpd00009[c0] + (1)  cpd00022[c0] <=> (1)  cpd00010[c0] + (1)  cpd00196[c0]	(1)  Phosphate [c0][c0] + (1)  Acetyl-CoA [c0][c0] <=> (1)  CoA [c0][c0] + (1)  Acetylphosphate [c0][c0]	rxn00173	PTA	R00230	Taurine and hypotaurine metabolism|Pyruvate metabolism|Methane metabolism|Carbon fixation pathways in prokaryotes	ACETATEUTIL-PWY|AROMATIC-COMPOUNDS-DEGRADATION|Acetate-Formation|Acetyl-CoA-Butyrate|Amino-Acid-Degradation|CARBOXYLATES-DEG|Degradation|Energy-Metabolism|FERMENTATION-PWY|Fermentation|GALLATE-DEG|LYSINE-DEG|METH-ACETATE-PWY|METHANOGENESIS|MISCELLANEOUS-DEG|NUCLEO-DEG|Noncarbon-Nutrients|Other-Degradation|P122-PWY|P142-PWY|P161-PWY|P163-PWY|P3-PWY|P41-PWY|P441-PWY|P461-PWY|PROPFERM-PWY|PWY0-1312|Purine-Degradation|Pyruvate-Degradation|SECONDARY-METABOLITE-DEGRADATION|SUGAR-ALCOHOLS-DEG|Sugar-Derivatives|Sulfoacetaldehyde-Degradation|Sulfolactate-Degradation|Sulfur-Assimilation|Taurine-degradation
rxn08528_c0	=	Cytosol	((Annotated_genome.CDS.1031 and Annotated_genome.CDS.1032) or Annotated_genome.CDS.2318)	fumarate reductase [c0]		-31.4		(1)  cpd00106[c0] + (1)  cpd15353[c0] <=> (1)  cpd00036[c0] + (1)  cpd15352[c0]	(1)  Fumarate [c0][c0] + (1)  2-Demethylmenaquinol 8 [c0][c0] <=> (1)  Succinate [c0][c0] + (1)  2-Demethylmenaquinone 8 [c0][c0]	rxn08528	FRD3			
rxn01145_c0	>	Cytosol	(Annotated_genome.CDS.3133 or (Annotated_genome.CDS.1906 or Annotated_genome.CDS.1610))	Thymidylate 5'-phosphohydrolase [c0]	3.1.3.35	7.21		(1)  cpd00001[c0] + (1)  cpd00298[c0] => (1)  cpd00009[c0] + (1)  cpd00184[c0]	(1)  H2O [c0][c0] + (1)  dTMP [c0][c0] => (1)  Phosphate [c0][c0] + (1)  Thymidine [c0][c0]	rxn01145	NTD5	R01569	Pyrimidine metabolism	
rxn07978_c0	=	Cytosol	Annotated_genome.CDS.502	3-hydroxyacyl-[acyl-carrier-protein] dehydratase (n-C16:1) [c0]		-56.69		(1)  cpd15369[c0] <=> (1)  cpd00001[c0] + (1)  cpd15571[c0]	(1)  (R) -3-hydroxy-cis-palm-9-eoyl-[acyl-carrier protein] [c0][c0] <=> (1)  H2O [c0][c0] + (1)  trans-3-cis-9-palmitoleoyl-[acyl-carrier protein] [c0][c0]	rxn07978	3HAD161			
rxn09176_c0	=	Cytosol	Annotated_genome.CDS.1905	polyphosphate kinase [c0]		-10.96		(1)  cpd00002[c0] + (1)  cpd00009[c0] <=> (1)  cpd00008[c0] + (1)  cpd00012[c0]	(1)  ATP [c0][c0] + (1)  Phosphate [c0][c0] <=> (1)  ADP [c0][c0] + (1)  PPi [c0][c0]	rxn09176	PPKr			
rxn09205_c0	>	Cytosol	Annotated_genome.CDS.3576	Phosphatidylserine syntase (n-C12:0) [c0]		-240.29		(1)  cpd00054[c0] + (1)  cpd15417[c0] => (1)  cpd00046[c0] + (2)  cpd00067[c0] + (1)  cpd15552[c0]	(1)  L-Serine [c0][c0] + (1)  CDP-1,2-didodecanoylglycerol [c0][c0] => (1)  CMP [c0][c0] + (2)  H+ [c0][c0] + (1)  phosphatidylserine didodecanoyl [c0][c0]	rxn09205	PSSA120			
rxn03269_c0	=	Cytosol	Annotated_genome.CDS.2685	dTDP-6-deoxy-L-mannose:NADP+ 4-oxidoreductase [c0]		2.3		(1)  cpd00006[c0] + (1)  cpd03192[c0] <=> (1)  cpd00005[c0] + (1)  cpd00067[c0] + (1)  cpd03171[c0]	(1)  NADP [c0][c0] + (1)  GDP-L-rhamnose [c0][c0] <=> (1)  NADPH [c0][c0] + (1)  H+ [c0][c0] + (1)  GDP-4-oxo-L-rhamnose [c0][c0]	rxn03269				
rxn03916_c0	>	Cytosol	(Annotated_genome.CDS.3343 or Annotated_genome.CDS.3343)	ATP:D-glycero-beta-D-manno-heptose 1-phosphate adenylyltransferase [c0]	2.7.7.70	1.07		(1)  cpd00002[c0] + (1)  cpd04920[c0] => (1)  cpd00012[c0] + (1)  cpd03830[c0]	(1)  ATP [c0][c0] + (1)  D-Glycero-D-manno-heptose1-phosphate [c0][c0] => (1)  PPi [c0][c0] + (1)  ADP-D-glycero-D-manno-heptose [c0][c0]	rxn03916		R05644	Lipopolysaccharide biosynthesis	Biosynthesis|CARBO-BIOSYNTHESIS|Carbohydrates-Biosynthesis|PWY0-1241|SUGAR-NUCLEOTIDES
rxn05163_c0	>	Cytosol	(Annotated_genome.CDS.540 and Annotated_genome.CDS.1505 and (Annotated_genome.CDS.2216 or Annotated_genome.CDS.2118) and (Annotated_genome.CDS.539 or Annotated_genome.CDS.2117) and Annotated_genome.CDS.1301 and Annotated_genome.CDS.1504 and Annotated_genome.CDS.538 and Annotated_genome.CDS.1506 and Annotated_genome.CDS.537 and Annotated_genome.CDS.2119)	putrescine transport via ABC system [c0]		-6.82		(1)  cpd00001[c0] + (1)  cpd00002[c0] + (1)  cpd00118[e0] => (1)  cpd00008[c0] + (1)  cpd00009[c0] + (1)  cpd00067[c0] + (1)  cpd00118[c0]	(1)  H2O [c0][c0] + (1)  ATP [c0][c0] + (1)  Putrescine [e0][e0] => (1)  ADP [c0][c0] + (1)  Phosphate [c0][c0] + (1)  H+ [c0][c0] + (1)  Putrescine [c0][c0]	rxn05163	PTRCabc			
rxn05364_c0	=	Cytosol	Annotated_genome.CDS.2407	6-methyl-3-oxo-octanoyl-ACP:NADP+ oxidoreductase [c0]		-3.76		(1)  cpd00005[c0] + (1)  cpd00067[c0] + (1)  cpd11500[c0] <=> (1)  cpd00006[c0] + (1)  cpd11501[c0]	(1)  NADPH [c0][c0] + (1)  H+ [c0][c0] + (1)  6-methyl-3-oxo-octanoyl-ACP [c0][c0] <=> (1)  NADP [c0][c0] + (1)  6-methyl-3-hydroxy-octanoyl-ACP [c0][c0]	rxn05364				
rxn09201_c0	>	Cytosol	Annotated_genome.CDS.3577	Phosphatidylserine decarboxylase (n-C16:1) [c0]		-73.2		(2)  cpd00067[c0] + (1)  cpd15556[c0] => (1)  cpd00011[c0] + (1)  cpd15532[c0]	(2)  H+ [c0][c0] + (1)  phosphatidylserine dihexadec-9-enoyl [c0][c0] => (1)  CO2 [c0][c0] + (1)  phosphatidylethanolamine dihexadec-9enoyl [c0][c0]	rxn09201	PSD161			
rxn01669_c0	=	Cytosol	Annotated_genome.CDS.3090	Nicotinamide-D-ribonucleotide amidohydrolase [c0]		-4.72		(1)  cpd00001[c0] + (1)  cpd00355[c0] <=> (1)  cpd00013[c0] + (1)  cpd00873[c0]	(1)  H2O [c0][c0] + (1)  Nicotinamide ribonucleotide [c0][c0] <=> (1)  NH3 [c0][c0] + (1)  Nicotinate ribonucleotide [c0][c0]	rxn01669		R02322	Nicotinate and nicotinamide metabolism	Biosynthesis|Cofactor-Biosynthesis|NAD-Metabolism|NAD-SYN|PYRIDNUCSAL-PWY
rxn01896_c0	=	Cytosol	Annotated_genome.CDS.477	2-hydroxymuconate-semialdehyde formylhydrolase [c0]		10.72		(1)  cpd00047[c0] + (1)  cpd00067[c0] + (1)  cpd00461[c0] <=> (1)  cpd00001[c0] + (1)  cpd00518[c0]	(1)  Formate [c0][c0] + (1)  H+ [c0][c0] + (1)  Oxopent-4-enoate [c0][c0] <=> (1)  H2O [c0][c0] + (1)  2-Hydroxymuconic semialdehyde [c0][c0]	rxn01896	HMSH	R02604	Benzoate degradation	
rxn10122_c0	>	Cytosol	(Annotated_genome.CDS.3018 and Annotated_genome.CDS.3015 and Annotated_genome.CDS.3009 and Annotated_genome.CDS.3014 and Annotated_genome.CDS.3011 and Annotated_genome.CDS.3020 and Annotated_genome.CDS.3006 and Annotated_genome.CDS.3019 and (Annotated_genome.CDS.3263 or Annotated_genome.CDS.3010) and Annotated_genome.CDS.3008 and Annotated_genome.CDS.3007 and Annotated_genome.CDS.3016 and Annotated_genome.CDS.3013 and Annotated_genome.CDS.3017)	NADH dehydrogenase (ubiquinone-8 & 3.5 protons) [c0]		-17.44		(1)  cpd00004[c0] + (4.5)  cpd00067[c0] + (1)  cpd15560[c0] => (1)  cpd00003[c0] + (3.5)  cpd00067[e0] + (1)  cpd15561[c0]	(1)  NADH [c0][c0] + (4.5)  H+ [c0][c0] + (1)  Ubiquinone-8 [c0][c0] => (1)  NAD [c0][c0] + (3.5)  H+ [e0][e0] + (1)  Ubiquinol-8 [c0][c0]	rxn10122	NADH6			
rxn01753_c0	>	Cytosol	Annotated_genome.CDS.160	D-Xylonate hydro-lyase [c0]		-8.17		(1)  cpd00391[c0] => (1)  cpd00001[c0] + (1)  cpd02386[c0]	(1)  D-Xylonate [c0][c0] => (1)  H2O [c0][c0] + (1)  2-Dehydro-3-deoxy-D-xylonate [c0][c0]	rxn01753		R02429	Pentose and glucuronate interconversions	
rxn08352_c0	>	Cytosol	Annotated_genome.CDS.1306	R08210 [c0]		16.2		(1)  cpd00004[c0] + (1)  cpd00067[c0] + (1)  cpd08615[c0] => (1)  cpd00001[c0] + (1)  cpd00003[c0] + (1)  cpd00202[c0]	(1)  NADH [c0][c0] + (1)  H+ [c0][c0] + (1)  1-Hydroxy-2-methyl-2-butenyl 4-diphosphate [c0][c0] => (1)  H2O [c0][c0] + (1)  NAD [c0][c0] + (1)  DMAPP [c0][c0]	rxn08352	DMPPS	R08210	Terpenoid backbone biosynthesis	Biosynthesis|Cofactor-Biosynthesis|DITERPENOID-SYN|GGPP-Biosynthesis|NONMEVIPP-PWY|Other-biosynthesis|Polyprenyl-Biosynthesis|SECONDARY-METABOLITE-BIOSYNTHESIS|Terpenoid-Biosynthesis
rxn00187_c0	>	Cytosol	(Annotated_genome.CDS.3405 or (Annotated_genome.CDS.2115 or Annotated_genome.CDS.91 or Annotated_genome.CDS.1300) or Annotated_genome.CDS.1745)	L-Glutamate:ammonia ligase (ADP-forming) [c0]		-2.09		(1)  cpd00002[c0] + (1)  cpd00013[c0] + (1)  cpd00023[c0] => (1)  cpd00008[c0] + (1)  cpd00009[c0] + (1)  cpd00053[c0] + (1)  cpd00067[c0]	(1)  ATP [c0][c0] + (1)  NH3 [c0][c0] + (1)  L-Glutamate [c0][c0] => (1)  ADP [c0][c0] + (1)  Phosphate [c0][c0] + (1)  L-Glutamine [c0][c0] + (1)  H+ [c0][c0]	rxn00187	GLN1	R00253	Alanine, aspartate and glutamate metabolism|Arginine and proline metabolism|Glyoxylate and dicarboxylate metabolism|Nitrogen metabolism	AMMASSIM-PWY|Amino-Acid-Biosynthesis|Ammonia-Assimilation|Biosynthesis|Degradation|GLNSYN-PWY|GLUTAMATE-SYN|GLUTAMINE-SYN|IND-AMINO-ACID-SYN|Metabolic-Clusters|NITROGEN-DEG|Nitrate-Reduction|Noncarbon-Nutrients|PWY490-3
rxn02431_c0	<	Cytosol	Annotated_genome.CDS.644	Formylmethanofuran:5,6,7,8-tetrahydromethanopterin 5-formyltransferase [c0]		8.7		(1)  cpd00067[c0] + (1)  cpd00735[c0] + (1)  cpd00895[c0] <= (1)  cpd00643[c0] + (1)  cpd00936[c0]	(1)  H+ [c0][c0] + (1)  Formylmethanofuran [c0][c0] + (1)  H4MPT [c0][c0] <= (1)  Methanofuran [c0][c0] + (1)  5-Formyl-H4MPT [c0][c0]	rxn02431		R03390	Methane metabolism	
rxn08850_c0	=	Cytosol	Annotated_genome.CDS.1138	Lysophospholipase L2 (2-acylglycerophosphoglycerol, n-C18:0) [c0]		-397.03		(1)  cpd00001[c0] + (1)  cpd15348[c0] <=> (1)  cpd00067[c0] + (1)  cpd01080[c0] + (1)  cpd02090[c0]	(1)  H2O [c0][c0] + (1)  2-Acyl-sn-glycero-3-phosphoglycerol octadecanoyl [c0][c0] <=> (1)  H+ [c0][c0] + (1)  ocdca [c0][c0] + (1)  Glycerophosphoglycerol [c0][c0]	rxn08850	LPLIPAL2G180			
rxn05734_c0	=	Cytosol	(Annotated_genome.CDS.2035 or Annotated_genome.CDS.3441 or Annotated_genome.CDS.471 or Annotated_genome.CDS.2113 or Annotated_genome.CDS.3579 or Annotated_genome.CDS.1799 or Annotated_genome.CDS.3426 or Annotated_genome.CDS.4291)	aldehyde dehydrogenase (glyoxylate, NAD) [c0]		-7.06		(1)  cpd00001[c0] + (1)  cpd00003[c0] + (1)  cpd00040[c0] <=> (1)  cpd00004[c0] + (2)  cpd00067[c0] + (1)  cpd00180[c0]	(1)  H2O [c0][c0] + (1)  NAD [c0][c0] + (1)  Glyoxalate [c0][c0] <=> (1)  NADH [c0][c0] + (2)  H+ [c0][c0] + (1)  Oxalate [c0][c0]	rxn05734	ALDD30			
rxn08812_c0	=	Cytosol	Annotated_genome.CDS.1138	Lysophospholipase L1 (2-acylglycerophosphoglycerol, n-C14:1) (periplasm) [c0]		-336.2		(1)  cpd00001[c0] + (1)  cpd15320[c0] <=> (1)  cpd00067[c0] + (1)  cpd02090[c0] + (1)  cpd15298[c0]	(1)  H2O [c0][c0] + (1)  1-Acyl-sn-glycero-3-phosphoglycerol tetradec-7-enoyl [c0][c0] <=> (1)  H+ [c0][c0] + (1)  Glycerophosphoglycerol [c0][c0] + (1)  tetradecenoate [c0][c0]	rxn08812	LPLIPAL1G141pp			
rxn00006_c0	<	Cytosol	Annotated_genome.CDS.4486	hydrogen-peroxide:hydrogen-peroxide oxidoreductase [c0]		-45.35		(2)  cpd00025[c0] <= (2)  cpd00001[c0] + (1)  cpd00007[c0]	(2)  H2O2 [c0][c0] <= (2)  H2O [c0][c0] + (1)  O2 [c0][c0]	rxn00006	CAT	R00009	Glyoxylate and dicarboxylate metabolism	C1-COMPOUNDS|DETOX1-PWY|Degradation|Detoxification|Methanol-Oxidation
rxn02503_c0	>	Cytosol	Annotated_genome.CDS.1851	ATP:2-amino-4-hydroxy-6-hydroxymethyl-7,8-dihydropteridine 6'-pyrophosphotransferase [c0]		-14.03		(1)  cpd00002[c0] + (1)  cpd00954[c0] => (1)  cpd00018[c0] + (1)  cpd00067[c0] + (1)  cpd02920[c0]	(1)  ATP [c0][c0] + (1)  6-hydroxymethyl dihydropterin [c0][c0] => (1)  AMP [c0][c0] + (1)  H+ [c0][c0] + (1)  2-Amino-4-hydroxy-6-hydroxymethyl-7-8-dihydropteridinediphosphate [c0][c0]	rxn02503		R03503	Folate biosynthesis	6-HM-Dihydropterin-PP-Biosynthesis|ALL-CHORISMATE-PWY|Biosynthesis|Cofactor-Biosynthesis|FOLSYN-PWY|Folate-Biosynthesis|Vitamin-Biosynthesis
rxn05338_c0	=	Cytosol	(Annotated_genome.CDS.2407 or Annotated_genome.CDS.1016)	(3R)-3-Hydroxydecanoyl-[acyl-carrier-protein]:NADP+ oxidoreductase [c0]		3.76		(1)  cpd00006[c0] + (1)  cpd11482[c0] <=> (1)  cpd00005[c0] + (1)  cpd00067[c0] + (1)  cpd11487[c0]	(1)  NADP [c0][c0] + (1)  (R) -3-Hydroxydecanoyl-[acyl-carrier protein] [c0][c0] <=> (1)  NADPH [c0][c0] + (1)  H+ [c0][c0] + (1)  3-oxodecanoyl-acp [c0][c0]	rxn05338	3OAR100	R04534	Fatty acid biosynthesis	Biosynthesis|Fatty-acid-biosynthesis|Lipid-Biosynthesis|Palmitate-Biosynthesis
rxn03135_c0	<	Cytosol	(Annotated_genome.CDS.750 and Annotated_genome.CDS.748)	R04558 [c0]		-35.06		(1)  cpd00023[c0] + (2)  cpd00067[c0] + (1)  cpd02843[c0] + (1)  cpd02851[c0] <= (1)  cpd00053[c0] + (1)  cpd02991[c0]	(1)  L-Glutamate [c0][c0] + (2)  H+ [c0][c0] + (1)  D-erythro-imidazol-glycerol-phosphate [c0][c0] + (1)  AICAR [c0][c0] <= (1)  L-Glutamine [c0][c0] + (1)  phosphoribulosylformimino-AICAR-phosphate [c0][c0]	rxn03135	IG3PS	R04558	Histidine metabolism	Amino-Acid-Biosynthesis|Biosynthesis|HISTIDINE-SYN|HISTSYN-PWY|IND-AMINO-ACID-SYN|PRPP-PWY
rxn08310_c0	>	Cytosol	Annotated_genome.CDS.3233	CDP-diacylglycerol synthetase (n-C16:1) [c0]		270.92		(1)  cpd00052[c0] + (1)  cpd15525[c0] => (1)  cpd00012[c0] + (1)  cpd00067[c0] + (1)  cpd15418[c0]	(1)  CTP [c0][c0] + (1)  1,2-dihexadec-9-enoyl-sn-glycerol 3-phosphate [c0][c0] => (1)  PPi [c0][c0] + (1)  H+ [c0][c0] + (1)  CDP-1,2-dihexadec-9-enoylglycerol [c0][c0]	rxn08310	DASYN161			
rxn00915_c0	<	Cytosol	Annotated_genome.CDS.797	GMP:diphosphate 5-phospho-alpha-D-ribosyltransferase [c0]		12.54		(1)  cpd00012[c0] + (1)  cpd00067[c0] + (1)  cpd00126[c0] <= (1)  cpd00103[c0] + (1)  cpd00207[c0]	(1)  PPi [c0][c0] + (1)  H+ [c0][c0] + (1)  GMP [c0][c0] <= (1)  PRPP [c0][c0] + (1)  Guanine [c0][c0]	rxn00915	GUAPRT	R01229	Purine metabolism	Biosynthesis|Guanine-Guanosine-Salvage|Metabolic-Clusters|Nucleotide-Biosynthesis|P1-PWY|PUR-NUC-SYN|PYR-NUC-SYN|Purine-Nucleotides-Salvage
rxn02853_c0	>	Cytosol	(Annotated_genome.CDS.2035 or Annotated_genome.CDS.3441 or Annotated_genome.CDS.471 or Annotated_genome.CDS.2113 or Annotated_genome.CDS.3579 or Annotated_genome.CDS.1799 or Annotated_genome.CDS.3426 or Annotated_genome.CDS.4291)	Imidazole acetaldehyde:NAD+ oxidoreductase [c0]		-9.8		(1)  cpd00001[c0] + (1)  cpd00003[c0] + (1)  cpd03052[c0] => (1)  cpd00004[c0] + (2)  cpd00067[c0] + (1)  cpd01831[c0]	(1)  H2O [c0][c0] + (1)  NAD [c0][c0] + (1)  Imidazole acetaldehyde [c0][c0] => (1)  NADH [c0][c0] + (2)  H+ [c0][c0] + (1)  4-Imidazoleacetate [c0][c0]	rxn02853	ALDD20x	R04065	Histidine metabolism	AMINE-DEG|Degradation
rxn10224_c0	>	Cytosol	Annotated_genome.CDS.3233	anteisopentadecanoyl-phosphatidate cytidylyltransferase [c0]		1.07		(1)  cpd00052[c0] + (1)  cpd15681[c0] => (1)  cpd00012[c0] + (1)  cpd00067[c0] + (1)  cpd15687[c0]	(1)  CTP [c0][c0] + (1)  1,2-dianteisopentadecanoyl-sn-glycerol 3-phosphate [c0][c0] => (1)  PPi [c0][c0] + (1)  H+ [c0][c0] + (1)  CDP-1,2-dianteisopentadecanoylglycerol [c0][c0]	rxn10224				
rxn05337_c0	=	Cytosol	(Annotated_genome.CDS.2407 or Annotated_genome.CDS.1016)	(3R)-3-Hydroxyhexanoyl-[acyl-carrier-protein]:NADP+ oxidoreductase [c0]		3.76		(1)  cpd00006[c0] + (1)  cpd11479[c0] <=> (1)  cpd00005[c0] + (1)  cpd11486[c0]	(1)  NADP [c0][c0] + (1)  D-3-Hydroxyhexanoyl-[acp] [c0][c0] <=> (1)  NADPH [c0][c0] + (1)  3-Oxohexanoyl-[acp] [c0][c0]	rxn05337	3OAR60	R04953	Fatty acid biosynthesis	Biosynthesis|Fatty-acid-biosynthesis|Lipid-Biosynthesis|Palmitate-Biosynthesis
rxn05893_c0	<	Cytosol	Annotated_genome.CDS.4006	Ammonia:ferredoxin oxidoreductase [c0]		47.2		(2)  cpd00001[c0] + (1)  cpd00013[c0] + (6)  cpd11621[c0] <= (8)  cpd00067[c0] + (1)  cpd00075[c0] + (6)  cpd11620[c0]	(2)  H2O [c0][c0] + (1)  NH3 [c0][c0] + (6)  Oxidizedferredoxin [c0][c0] <= (8)  H+ [c0][c0] + (1)  Nitrite [c0][c0] + (6)  Reducedferredoxin [c0][c0]	rxn05893		R00790	Nitrogen metabolism	
rxn01477_c0	>	Cytosol	Annotated_genome.CDS.1058	6-Phospho-D-gluconate hydro-lyase(2-dehydro-3-deoxy-6-phospho-D-gluconate-forming) [c0]		-8.17		(1)  cpd00284[c0] => (1)  cpd00001[c0] + (1)  cpd02711[c0]	(1)  6-Phospho-D-gluconate [c0][c0] => (1)  H2O [c0][c0] + (1)  2-Keto-3-deoxy-6-phosphogluconate [c0][c0]	rxn01477	EDD	R02036	Pentose phosphate pathway	ENTNER-DOUDOROFF-PWY|Energy-Metabolism|GLYCOLYSIS-E-D
rxn01653_c0	>	Cytosol	Annotated_genome.CDS.1261	5-Formyltetrahydrofolate cyclo-ligase (ADP-forming) [c0]		-8.22		(1)  cpd00002[c0] + (1)  cpd02197[c0] => (1)  cpd00008[c0] + (1)  cpd00009[c0] + (1)  cpd00347[c0]	(1)  ATP [c0][c0] + (1)  5-Formyltetrahydrofolate [c0][c0] => (1)  ADP [c0][c0] + (1)  Phosphate [c0][c0] + (1)  5-10-Methenyltetrahydrofolate [c0][c0]	rxn01653	FTHFCL	R02301	One carbon pool by folate	Biosynthesis|Cofactor-Biosynthesis|Folate-Biosynthesis|Vitamin-Biosynthesis
rxn00474_c0	>	Cytosol	(Annotated_genome.CDS.4606 and Annotated_genome.CDS.4608)	L-serine hydro-lyase (adding indole; L-tryptophan-forming) [c0]		-11.95		(1)  cpd00054[c0] + (1)  cpd00359[c0] => (1)  cpd00001[c0] + (1)  cpd00065[c0]	(1)  L-Serine [c0][c0] + (1)  indol [c0][c0] => (1)  H2O [c0][c0] + (1)  L-Tryptophan [c0][c0]	rxn00474	TRPS2	R00674	Phenylalanine, tyrosine and tryptophan biosynthesis	ALL-CHORISMATE-PWY|Amino-Acid-Biosynthesis|Biosynthesis|COMPLETE-ARO-PWY|IND-AMINO-ACID-SYN|TRPSYN-PWY|TRYPTOPHAN-BIOSYNTHESIS
rxn03147_c0	>	Cytosol	Annotated_genome.CDS.2961	1-(5-Phosphoribosyl)-5-amino-4-carboxyimidazole:L-aspartate ligase (ADP-forming) [c0]		-16.08		(1)  cpd00002[c0] + (1)  cpd00041[c0] + (1)  cpd02893[c0] => (1)  cpd00008[c0] + (1)  cpd00009[c0] + (1)  cpd00067[c0] + (1)  cpd02921[c0]	(1)  ATP [c0][c0] + (1)  L-Aspartate [c0][c0] + (1)  5'-Phosphoribosyl-4-carboxy-5-aminoimidazole [c0][c0] => (1)  ADP [c0][c0] + (1)  Phosphate [c0][c0] + (1)  H+ [c0][c0] + (1)  SAICAR [c0][c0]	rxn03147	ADE1	R04591	Purine metabolism	
rxn08073_c0	=	Cytosol	Annotated_genome.CDS.3556	N-Acetyl-D-glucosamine(anhydrous)N-Acetylmuramyl-tripeptide amidase (periplasm) [c0]		677.82		(1)  cpd00001[c0] + (1)  cpd15397[c0] <=> (1)  cpd15386[c0] + (1)  cpd15396[c0]	(1)  H2O [c0][c0] + (1)  N-Acetyl-D-glucosamine(anhydrous) N-Acetylmuramyl-tripeptide [c0][c0] <=> (1)  L-alanine-D-glutamate-meso-2,6-diaminoheptanedioate [c0][c0] + (1)  N-Acetyl-D-glucosamine(anhydrous) N-Acetylmuramic acid [c0][c0]	rxn08073	AGM3PApp			
rxn03843_c0	>	Cytosol	Annotated_genome.CDS.3234	Farnesyl diphosphate:Isopentenyl diphosphate farnesyl cistransferase [c0]		-22.53		(1)  cpd00113[c0] + (1)  cpd00350[c0] => (1)  cpd00012[c0] + (1)  cpd00067[c0] + (1)  cpd08211[c0]	(1)  Isopentenyldiphosphate [c0][c0] + (1)  Farnesyldiphosphate [c0][c0] => (1)  PPi [c0][c0] + (1)  H+ [c0][c0] + (1)  trans,trans,cis-Geranylgeranyl diphosphate [c0][c0]	rxn03843		R05555		
rxn05376_c0	=	Cytosol	Annotated_genome.CDS.2407	12-methyl-3-oxo-tetra-decanoyl-ACP:NADP+ oxidoreductase [c0]		-3.76		(1)  cpd00005[c0] + (1)  cpd00067[c0] + (1)  cpd11512[c0] <=> (1)  cpd00006[c0] + (1)  cpd11513[c0]	(1)  NADPH [c0][c0] + (1)  H+ [c0][c0] + (1)  12-methyl-3-oxo-tetra-decanoyl-ACP [c0][c0] <=> (1)  NADP [c0][c0] + (1)  12-methyl-3-hydroxy-tetra-decanoyl-ACP [c0][c0]	rxn05376				
rxn01123_c0	>	Cytosol	Annotated_genome.CDS.1173	ATP:2-dehydro-3-deoxy-D-gluconate 6-phosphotransferase [c0]		-14.03		(1)  cpd00002[c0] + (1)  cpd00176[c0] => (1)  cpd00008[c0] + (1)  cpd00067[c0] + (1)  cpd02711[c0]	(1)  ATP [c0][c0] + (1)  2-keto-3-deoxygluconate [c0][c0] => (1)  ADP [c0][c0] + (1)  H+ [c0][c0] + (1)  2-Keto-3-deoxy-6-phosphogluconate [c0][c0]	rxn01123	DDGLK	R01541	Pentose phosphate pathway|Pentose and glucuronate interconversions	Carbohydrates-Degradation|D-Galacturonate-Degradation|D-Glucuronate-Degradation|Degradation|GALACT-GLUCUROCAT-PWY|GALACTUROCAT-PWY|GLUCUROCAT-PWY|POLYSACCHARIDES-DEG|Polymer-Degradation|SECONDARY-METABOLITE-DEGRADATION|SUGAR-ACIDS-DEG|Sugar-Derivatives|Sugars-And-Polysaccharides
rxn08557_c0	>	Cytosol	Annotated_genome.CDS.1664	glycerol-3-phosphate dehydrogenase (menaquinone-8) [c0]		150.77		(1)  cpd00080[c0] + (1)  cpd15500[c0] => (1)  cpd00095[c0] + (1)  cpd15499[c0]	(1)  Glycerol-3-phosphate [c0][c0] + (1)  Menaquinone 8 [c0][c0] => (1)  Glycerone-phosphate [c0][c0] + (1)  Menaquinol 8 [c0][c0]	rxn08557	G3PD6			
rxn01802_c0	>	Cytosol	(Annotated_genome.CDS.3342 and (Annotated_genome.CDS.3431 or Annotated_genome.CDS.3582 or Annotated_genome.CDS.1461 or Annotated_genome.CDS.3609 or Annotated_genome.CDS.3675 or Annotated_genome.CDS.1466 or Annotated_genome.CDS.4279 or Annotated_genome.CDS.768 or Annotated_genome.CDS.2002 or Annotated_genome.CDS.1583 or Annotated_genome.CDS.4262 or Annotated_genome.CDS.3332))	Glutaryl-CoA:(acceptor) 2,3-oxidoreductase (decarboxylating) [c0]		2.33		(1)  cpd00015[c0] + (1)  cpd00067[c0] + (1)  cpd00413[c0] => (1)  cpd00011[c0] + (1)  cpd00650[c0] + (1)  cpd00982[c0]	(1)  FAD [c0][c0] + (1)  H+ [c0][c0] + (1)  Glutaryl-CoA [c0][c0] => (1)  CO2 [c0][c0] + (1)  Crotonyl-CoA [c0][c0] + (1)  FADH2 [c0][c0]	rxn01802	GLTCOAD	R02487	Fatty acid degradation	
rxn01116_c0	=	Cytosol	Annotated_genome.CDS.845	D-Ribulose-5-phosphate 3-epimerase [c0]		0		(1)  cpd00171[c0] <=> (1)  cpd00198[c0]	(1)  D-Ribulose5-phosphate [c0][c0] <=> (1)  D-Xylulose5-phosphate [c0][c0]	rxn01116	RPE	R01529	Pentose phosphate pathway|Pentose and glucuronate interconversions|Carbon fixation in photosynthetic organisms	Autotrophic-CO2-Fixation|Biosynthesis|C1-COMPOUNDS|CALVIN-PWY|CARBO-BIOSYNTHESIS|CO2-Fixation|Carbohydrates-Biosynthesis|Carbohydrates-Degradation|D-Arabinose-Degradation|DARABCAT-PWY|Degradation|Energy-Metabolism|Fermentation|Formaldehyde-Assimilation|NONOXIPENT-PWY|P122-PWY|P124-PWY|P185-PWY|P21-PWY|PENTOSE-P-PWY|PHOTOALL-PWY|Pentose-Phosphate-Cycle|Photosynthesis|RIBITOLUTIL-PWY|SECONDARY-METABOLITE-DEGRADATION|SUGAR-ALCOHOLS-DEG|Sugar-Derivatives|Sugars-And-Polysaccharides|Xylose-Degradation
rxn02811_c0	=	Cytosol	(Annotated_genome.CDS.137 and Annotated_genome.CDS.133)	3-Isopropylmalate hydro-lyase [c0]		0.05		(1)  cpd02693[c0] <=> (1)  cpd00001[c0] + (1)  cpd01710[c0]	(1)  3-Isopropylmalate [c0][c0] <=> (1)  H2O [c0][c0] + (1)  2-Isopropylmaleate [c0][c0]	rxn02811	IPPMIa	R04001	Valine, leucine and isoleucine biosynthesis	Amino-Acid-Biosynthesis|BRANCHED-CHAIN-AA-SYN-PWY|Biosynthesis|Energy-Metabolism|IND-AMINO-ACID-SYN|LEUCINE-SYN|LEUSYN-PWY
rxn03062_c0	=	Cytosol	Annotated_genome.CDS.4139	3-Isopropylmalate:NAD+ oxidoreductase [c0]		6.22		(1)  cpd00003[c0] + (1)  cpd02693[c0] <=> (1)  cpd00004[c0] + (1)  cpd00067[c0] + (1)  cpd02605[c0]	(1)  NAD [c0][c0] + (1)  3-Isopropylmalate [c0][c0] <=> (1)  NADH [c0][c0] + (1)  H+ [c0][c0] + (1)  2-isopropyl-3-oxosuccinate [c0][c0]	rxn03062	IPMD	R04426	Valine, leucine and isoleucine biosynthesis	Amino-Acid-Biosynthesis|BRANCHED-CHAIN-AA-SYN-PWY|Biosynthesis|Energy-Metabolism|IND-AMINO-ACID-SYN|LEUCINE-SYN|LEUSYN-PWY
rxn08847_c0	>	Cytosol	Annotated_genome.CDS.1138	Lysophospholipase L2 (2-acylglycerophosphoglycerol, n-C14:1) [c0]		-336.2		(1)  cpd00001[c0] + (1)  cpd15345[c0] => (1)  cpd00067[c0] + (1)  cpd02090[c0] + (1)  cpd15298[c0]	(1)  H2O [c0][c0] + (1)  2-Acyl-sn-glycero-3-phosphoglycerol tetradec-7-enoyl [c0][c0] => (1)  H+ [c0][c0] + (1)  Glycerophosphoglycerol [c0][c0] + (1)  tetradecenoate [c0][c0]	rxn08847	LPLIPAL2G141			
rxn00670_c0	=	Cytosol	(Annotated_genome.CDS.3173 or Annotated_genome.CDS.2099)	propanoyl-CoA:phosphate propanoyltransferase [c0]		-5.84		(1)  cpd00009[c0] + (1)  cpd00086[c0] <=> (1)  cpd00010[c0] + (1)  cpd01844[c0]	(1)  Phosphate [c0][c0] + (1)  Propionyl-CoA [c0][c0] <=> (1)  CoA [c0][c0] + (1)  Propionyl phosphate [c0][c0]	rxn00670	PTA2	R00921	Propanoate metabolism	Alcohol-Degradation|Amino-Acid-Biosynthesis|Amino-Acid-Degradation|Biosynthesis|Degradation|GLYCINE-SYN|IND-AMINO-ACID-SYN|THREOCAT-PWY|THREONINE-DEG
rxn00863_c0	>	Cytosol	Annotated_genome.CDS.1560	L-histidinal:NAD+ oxidoreductase [c0]		-9.8		(1)  cpd00001[c0] + (1)  cpd00003[c0] + (1)  cpd01324[c0] => (1)  cpd00004[c0] + (2)  cpd00067[c0] + (1)  cpd00119[c0]	(1)  H2O [c0][c0] + (1)  NAD [c0][c0] + (1)  L-Histidinal [c0][c0] => (1)  NADH [c0][c0] + (2)  H+ [c0][c0] + (1)  L-Histidine [c0][c0]	rxn00863		R01163	Histidine metabolism	Amino-Acid-Biosynthesis|Biosynthesis|HISTIDINE-SYN|HISTSYN-PWY|IND-AMINO-ACID-SYN|PRPP-PWY
rxn09113_c0	=	Cytosol	Annotated_genome.CDS.4478	Phosphatidylglycerol synthase (n-C18:0) [c0]		614.42		(1)  cpd00080[c0] + (1)  cpd15421[c0] <=> (1)  cpd00046[c0] + (1)  cpd15547[c0]	(1)  Glycerol-3-phosphate [c0][c0] + (1)  CDP-1,2-dioctadecanoylglycerol [c0][c0] <=> (1)  CMP [c0][c0] + (1)  Phosphatidylglycerophosphate dioctadecanoyl [c0][c0]	rxn09113	PGSA180			
rxn01270_c0	=	Cytosol	Annotated_genome.CDS.1055	L-arogenate:2-oxoglutarate aminotransferase [c0]	2.6.1.78	0		(1)  cpd00032[c0] + (1)  cpd00616[c0] <=> (1)  cpd00041[c0] + (1)  cpd00219[c0]	(1)  Oxaloacetate [c0][c0] + (1)  Pretyrosine [c0][c0] <=> (1)  L-Aspartate [c0][c0] + (1)  Prephenate [c0][c0]	rxn01270		R01731	Phenylalanine, tyrosine and tryptophan biosynthesis	
rxn08711_c0	=	Cytosol	Annotated_genome.CDS.2982	RXN0-5061.c [c0]		-1.7		(1)  cpd03831[c0] + (1)  cpd15485[c0] <=> (1)  cpd00008[c0] + (1)  cpd15484[c0]	(1)  ADP-L-glycero-D-manno-heptose [c0][c0] + (1)  heptosyl-kdo2-lipidA [c0][c0] <=> (1)  ADP [c0][c0] + (1)  heptosyl-heptosyl-kdo2-lipidA [c0][c0]	rxn08711	HEPT2			Biosynthesis|LIPA-CORESYN-PWY|LPSSYN-PWY|Lipid-Biosynthesis
rxn05515_c0	>	Cytosol	Annotated_genome.CDS.1722	ATP phosphohydrolase (vitamin B12-importing) [c0]		-6.82		(1)  cpd00001[c0] + (1)  cpd00002[c0] + (1)  cpd00423[e0] => (1)  cpd00008[c0] + (1)  cpd00009[c0] + (1)  cpd00067[c0] + (1)  cpd00423[c0]	(1)  H2O [c0][c0] + (1)  ATP [c0][c0] + (1)  Vitamin B12r [e0][e0] => (1)  ADP [c0][c0] + (1)  Phosphate [c0][c0] + (1)  H+ [c0][c0] + (1)  Vitamin B12r [c0][c0]	rxn05515				
rxn00018_c0	=	Cytosol	(Annotated_genome.CDS.853 and Annotated_genome.CDS.852)	3-phospho-D-glycerate carboxy-lyase (dimerizing; D-ribulose-1,5-bisphosphate-forming) [c0]		-7.91		(1)  cpd00001[c0] + (1)  cpd00011[c0] + (1)  cpd00871[c0] <=> (2)  cpd00067[c0] + (2)  cpd00169[c0]	(1)  H2O [c0][c0] + (1)  CO2 [c0][c0] + (1)  D-Ribulose 1,5-bisphosphate [c0][c0] <=> (2)  H+ [c0][c0] + (2)  3-Phosphoglycerate [c0][c0]	rxn00018	RBPC	R00024	Carbon fixation in photosynthetic organisms	Adenosine-Nucleotides-Degradation|Autotrophic-CO2-Fixation|Biosynthesis|C1-COMPOUNDS|CALVIN-PWY|CARBO-BIOSYNTHESIS|CO2-Fixation|Carbohydrates-Biosynthesis|Degradation|Energy-Metabolism|NUCLEO-DEG|PHOTOALL-PWY|Photosynthesis|Purine-Degradation
rxn02402_c0	<	Cytosol	Annotated_genome.CDS.73	Nicotinate-nucleotide:pyrophosphate phosphoribosyltransferase (carboxylating) [c0]		10.92		(1)  cpd00011[c0] + (1)  cpd00012[c0] + (1)  cpd00873[c0] <= (1)  cpd00067[c0] + (1)  cpd00103[c0] + (1)  cpd02333[c0]	(1)  CO2 [c0][c0] + (1)  PPi [c0][c0] + (1)  Nicotinate ribonucleotide [c0][c0] <= (1)  H+ [c0][c0] + (1)  PRPP [c0][c0] + (1)  Quinolinate [c0][c0]	rxn02402	NNDPR	R03348	Nicotinate and nicotinamide metabolism	ALKALOIDS-SYN|Biosynthesis|Cofactor-Biosynthesis|N-CONTAINING-SECONDARY-CMPD-SYN|NAD-Metabolism|NAD-SYN|NADSYN-PWY|PWY0-781|PYRIDNUCSYN-PWY|PYRROLIDINE-ALKALOIDS|SECONDARY-METABOLITE-BIOSYNTHESIS
rxn00010_c0	>	Cytosol	Annotated_genome.CDS.4466	glyoxylate carboxy-lyase (dimerizing; tartronate-semialdehyde-forming) [c0]	4.1.1.47	-10.57		(2)  cpd00040[c0] + (1)  cpd00067[c0] => (1)  cpd00011[c0] + (1)  cpd00843[c0]	(2)  Glyoxalate [c0][c0] + (1)  H+ [c0][c0] => (1)  CO2 [c0][c0] + (1)  Tartronate semialdehyde [c0][c0]	rxn00010	GLXCBL	R00013	Glyoxylate and dicarboxylate metabolism	Alcohol-Degradation|CARBOXYLATES-DEG|Degradation|GLYCOL-GLYOXDEG-PWY|GLYCOLATEMET-PWY|Glycolate-Degradation
rxn00682_c0	=	Cytosol	((Annotated_genome.CDS.3434 or Annotated_genome.CDS.3123) or Annotated_genome.CDS.3123)	L-erythro-3-Methylmalyl-CoA glyoxylate-lyase (propanoyl-CoA-forming) [c0]		-5.02		(1)  cpd00040[c0] + (1)  cpd00067[c0] + (1)  cpd00086[c0] <=> (1)  cpd03588[c0]	(1)  Glyoxalate [c0][c0] + (1)  H+ [c0][c0] + (1)  Propionyl-CoA [c0][c0] <=> (1)  L-erythro-3-Methylmalyl-CoA [c0][c0]	rxn00682		R00934	Glyoxylate and dicarboxylate metabolism|C5-Branched dibasic acid metabolism|Carbon fixation pathways in prokaryotes	
rxn03491_c0	>	Cytosol	Annotated_genome.CDS.3950	S-Adenosyl-L-methionine:1-precorrin-6Y C5,15-methyltransferase (C-12-decarboxylating) [c0]				(2)  cpd00017[c0] + (1)  cpd03760[c0] => (1)  cpd00011[c0] + (2)  cpd00019[c0] + (2)  cpd00067[c0] + (1)  cpd03835[c0]	(2)  S-Adenosyl-L-methionine [c0][c0] + (1)  Precorrin 6B [c0][c0] => (1)  CO2 [c0][c0] + (2)  S-Adenosyl-homocysteine [c0][c0] + (2)  H+ [c0][c0] + (1)  Precorrin 8 [c0][c0]	rxn03491	PC6YM	R05149	Porphyrin and chlorophyll metabolism	Adenosylcobalamin-Biosynthesis|Biosynthesis|Cobalamin-Biosynthesis|Cofactor-Biosynthesis|P381-PWY|Vitamin-Biosynthesis
rxn05465_c0	=	Cytosol	((Annotated_genome.CDS.1015 or Annotated_genome.CDS.2001) and Annotated_genome.CDS.1017)	Malonyl-CoA:[acyl-carrier-protein] S-malonyltransferase [c0]	2.3.1.39	9.53		(1)  cpd00067[c0] + (1)  cpd00070[c0] + (1)  cpd11493[c0] <=> (1)  cpd00010[c0] + (1)  cpd11492[c0]	(1)  H+ [c0][c0] + (1)  Malonyl-CoA [c0][c0] + (1)  ACP [c0][c0] <=> (1)  CoA [c0][c0] + (1)  Malonyl-acyl-carrierprotein- [c0][c0]	rxn05465	FAS1_1	R01626	Fatty acid biosynthesis	Biosynthesis|FASYN-INITIAL-PWY|Fatty-acid-biosynthesis|Lipid-Biosynthesis|PWY0-881
rxn12845_c0	=	Cytosol	(Annotated_genome.CDS.4159 or Annotated_genome.CDS.1275 or Annotated_genome.CDS.3788 or Annotated_genome.CDS.9)	Gly-Leu aminopeptidase [c0]				(1)  cpd00001[c0] + (1)  cpd15604[c0] <=> (1)  cpd00033[c0] + (1)  cpd00107[c0]	(1)  H2O [c0][c0] + (1)  Gly-Leu [c0][c0] <=> (1)  Glycine [c0][c0] + (1)  L-Leucine [c0][c0]	rxn12845				
rxn08820_c0	=	Cytosol	Annotated_genome.CDS.1138	Lysophospholipase L2 (2-acylglycerophosphotidate, n-C16:0) [c0]		-355.12		(1)  cpd00001[c0] + (1)  cpd15355[c0] <=> (2)  cpd00067[c0] + (1)  cpd00080[c0] + (1)  cpd00214[c0]	(1)  H2O [c0][c0] + (1)  2-hexadecanoyl-sn-glycerol 3-phosphate [c0][c0] <=> (2)  H+ [c0][c0] + (1)  Glycerol-3-phosphate [c0][c0] + (1)  Palmitate [c0][c0]	rxn08820	LPLIPAL2A160			
rxn05148_c0	>	Cytosol	((Annotated_genome.CDS.1988 and Annotated_genome.CDS.1987) or Annotated_genome.CDS.1989)	Heme transport via ABC system [c0]		-6.82		(1)  cpd00001[c0] + (1)  cpd00002[c0] + (1)  cpd00028[e0] => (1)  cpd00008[c0] + (1)  cpd00009[c0] + (1)  cpd00028[c0] + (1)  cpd00067[c0]	(1)  H2O [c0][c0] + (1)  ATP [c0][c0] + (1)  Heme [e0][e0] => (1)  ADP [c0][c0] + (1)  Phosphate [c0][c0] + (1)  Heme [c0][c0] + (1)  H+ [c0][c0]	rxn05148	HEMEti			
rxn05494_c0	=	Cytosol	Annotated_genome.CDS.4423	D-alanine transport via proton symport [c0]		0		(1)  cpd00067[e0] + (1)  cpd00117[e0] <=> (1)  cpd00067[c0] + (1)  cpd00117[c0]	(1)  H+ [e0][e0] + (1)  D-Alanine [e0][e0] <=> (1)  H+ [c0][c0] + (1)  D-Alanine [c0][c0]	rxn05494	ALA_Dt2			
rxn05380_c0	=	Cytosol	Annotated_genome.CDS.2407	14-methyl-3-oxo-hexa-decanoyl-ACP:NADP+ oxidoreductase [c0]		-3.76		(1)  cpd00005[c0] + (1)  cpd00067[c0] + (1)  cpd11516[c0] <=> (1)  cpd00006[c0] + (1)  cpd11517[c0]	(1)  NADPH [c0][c0] + (1)  H+ [c0][c0] + (1)  14-methyl-3-oxo-hexa-decanoyl-ACP [c0][c0] <=> (1)  NADP [c0][c0] + (1)  14-methyl-3-hydroxy-hexa-decanoyl-ACP [c0][c0]	rxn05380				
rxn05347_c0	>	Cytosol	(Annotated_genome.CDS.501 or Annotated_genome.CDS.1999 or (Annotated_genome.CDS.1013 or Annotated_genome.CDS.1998))	Acyl-[acyl-carrier-protein]:malonyl-[acyl-carrier-protein] C-acyltransferase (decarboxylating) [c0]		-7.37		(1)  cpd11492[c0] + (1)  cpd11494[c0] => (1)  cpd00011[c0] + (1)  cpd11488[c0] + (1)  cpd11493[c0]	(1)  Malonyl-acyl-carrierprotein- [c0][c0] + (1)  Acetyl-ACP [c0][c0] => (1)  CO2 [c0][c0] + (1)  Acetoacetyl-ACP [c0][c0] + (1)  ACP [c0][c0]	rxn05347	ACMAT1	R04355	Fatty acid biosynthesis	Biosynthesis|FASYN-INITIAL-PWY|Fatty-acid-biosynthesis|Lipid-Biosynthesis|PWY0-881
rxn06077_c0	=	Cytosol	Annotated_genome.CDS.4012	L-methionine:oxidized-thioredoxin S-oxidoreductase [c0]				(1)  cpd00001[c0] + (1)  cpd00060[c0] + (1)  cpd11420[c0] <=> (1)  cpd01914[c0] + (1)  cpd11421[c0]	(1)  H2O [c0][c0] + (1)  L-Methionine [c0][c0] + (1)  trdox [c0][c0] <=> (1)  L-Methionine S-oxide [c0][c0] + (1)  trdrd [c0][c0]	rxn06077	METSR-S1	R02025	Cysteine and methionine metabolism	
rxn04413_c0	>	Cytosol	Annotated_genome.CDS.2987	R06558 [c0]		-14.03		(1)  cpd00038[c0] + (1)  cpd03918[c0] => (1)  cpd00031[c0] + (1)  cpd00067[c0] + (1)  cpd03919[c0]	(1)  GTP [c0][c0] + (1)  Adenosyl cobinamide [c0][c0] => (1)  GDP [c0][c0] + (1)  H+ [c0][c0] + (1)  Adenosyl cobinamide phosphate [c0][c0]	rxn04413		R06558	Porphyrin and chlorophyll metabolism	
rxn00145_c0	>	Cytosol	Annotated_genome.CDS.1482	(S)-Lactate:ferricytochrome-c 2-oxidoreductase [c0]		-8.58		(2)  cpd00109[c0] + (1)  cpd00159[c0] => (1)  cpd00020[c0] + (2)  cpd00067[c0] + (2)  cpd00110[c0]	(2)  Cytochrome c3+ [c0][c0] + (1)  L-Lactate [c0][c0] => (1)  Pyruvate [c0][c0] + (2)  H+ [c0][c0] + (2)  Cytochrome c2+ [c0][c0]	rxn00145	L-LACD	R00196	Pyruvate metabolism	
rxn03407_c0	>	Cytosol	Annotated_genome.CDS.3405	Undecaprenyl-diphospho-N-acetylmuramoyl-(N-acetylglucosamine)-L-alanyl-gamma-D-glutamyl-L-lysyl-D-alanyl-D-alanine:ammonia ligase (ADP-forming) [c0]		-2.09		(1)  cpd00002[c0] + (1)  cpd00013[c0] + (1)  cpd03491[c0] => (1)  cpd00008[c0] + (1)  cpd00009[c0] + (1)  cpd00067[c0] + (1)  cpd03492[c0]	(1)  ATP [c0][c0] + (1)  NH3 [c0][c0] + (1)  Undecaprenyl-diphospho-N-acetylmuramoyl-(N-acetylglucosamine) -L-alanyl-gamma-D-glutamyl-L-lysyl-D-alanyl-D-alanine [c0][c0] => (1)  ADP [c0][c0] + (1)  Phosphate [c0][c0] + (1)  H+ [c0][c0] + (1)  Undecaprenyl-diphospho-N-acetylmuramoyl-(N-acetylglucosamine) -L-alanyl-D-isoglutaminyl-L-lysyl-D-alanyl-D-alanine [c0][c0]	rxn03407		R05030	Peptidoglycan biosynthesis	
rxn05732_c0	<	Cytosol	Annotated_genome.CDS.1576	acyl-CoA dehydrogenase (hexadecanoyl-CoA) [c0]		16.55		(1)  cpd00003[c0] + (1)  cpd00134[c0] <= (1)  cpd00004[c0] + (1)  cpd00067[c0] + (1)  cpd03126[c0]	(1)  NAD [c0][c0] + (1)  Palmitoyl-CoA [c0][c0] <= (1)  NADH [c0][c0] + (1)  H+ [c0][c0] + (1)  (2E) -Hexadecenoyl-CoA [c0][c0]	rxn05732	ACOAD7			
rxn01831_c0	=	Cytosol	(Annotated_genome.CDS.1993 or Annotated_genome.CDS.1993)	(R)-Lactaldehyde:NAD+ oxidoreductase [c0]		6.22		(1)  cpd00003[c0] + (1)  cpd00693[c0] <=> (1)  cpd00004[c0] + (1)  cpd00067[c0] + (1)  cpd00428[c0]	(1)  NAD [c0][c0] + (1)  D-Lactaldehyde [c0][c0] <=> (1)  NADH [c0][c0] + (1)  H+ [c0][c0] + (1)  2-Oxopropanal [c0][c0]	rxn01831	LALDO2x	R02527	Pyruvate metabolism	Aldehyde-Degradation|Degradation|Detoxification|MGLDLCTANA-PWY|Methylglyoxal-Detoxification
rxn01870_c0	=	Cytosol	Annotated_genome.CDS.847	D-Fructose 1-phosphate D-glyceraldehyde-3-phosphate-lyase [c0]		4.31		(1)  cpd00802[c0] <=> (1)  cpd00095[c0] + (1)  cpd00448[c0]	(1)  D-fructose-1-phosphate [c0][c0] <=> (1)  Glycerone-phosphate [c0][c0] + (1)  D-Glyceraldehyde [c0][c0]	rxn01870	FBA2	R02568	Fructose and mannose metabolism	Carbohydrates-Degradation|Degradation|PWY66-373|SUCROSE-DEG|Sugars-And-Polysaccharides
rxn01303_c0	>	Cytosol	Annotated_genome.CDS.332	Acetyl-CoA:L-homoserine O-acetyltransferase [c0]	2.3.1.31	-3.61		(1)  cpd00022[c0] + (1)  cpd00227[c0] => (1)  cpd00010[c0] + (1)  cpd00790[c0]	(1)  Acetyl-CoA [c0][c0] + (1)  L-Homoserine [c0][c0] => (1)  CoA [c0][c0] + (1)  O-Acetyl-L-homoserine [c0][c0]	rxn01303	HSAT	R01776	Cysteine and methionine metabolism|Sulfur metabolism	Amino-Acid-Biosynthesis|Biosynthesis|CYSTEINE-SYN|IND-AMINO-ACID-SYN|METHIONINE-SYN|Other-Amino-Acid-Biosynthesis
rxn00113_c0	>	Cytosol	Annotated_genome.CDS.3195	Carbon-dioxide:ammonia ligase (ADP-forming,carbamate-phosphorylating) [c0]		-16.91		(1)  cpd00001[c0] + (2)  cpd00002[c0] + (1)  cpd00011[c0] + (1)  cpd00013[c0] => (2)  cpd00008[c0] + (1)  cpd00009[c0] + (3)  cpd00067[c0] + (1)  cpd00146[c0]	(1)  H2O [c0][c0] + (2)  ATP [c0][c0] + (1)  CO2 [c0][c0] + (1)  NH3 [c0][c0] => (2)  ADP [c0][c0] + (1)  Phosphate [c0][c0] + (3)  H+ [c0][c0] + (1)  Carbamoylphosphate [c0][c0]	rxn00113		R00149	Alanine, aspartate and glutamate metabolism|Arginine and proline metabolism|Nitrogen metabolism	Amino-Acid-Biosynthesis|Biosynthesis|Citrulline-Biosynthesis|Degradation|IND-AMINO-ACID-SYN|NITROGEN-DEG|Noncarbon-Nutrients|Other-Amino-Acid-Biosynthesis
rxn00297_c0	=	Cytosol	Annotated_genome.CDS.605	UDP-N-acetyl-D-glucosamine 2-epimerase [c0]		0		(1)  cpd00037[c0] <=> (1)  cpd00861[c0]	(1)  UDP-N-acetylglucosamine [c0][c0] <=> (1)  UDP-N-acetyl-D-mannosamine [c0][c0]	rxn00297	UAG2E	R00420	Amino sugar and nucleotide sugar metabolism	Biosynthesis|Cell-Structure-Biosynthesis|ECASYN-PWY|TEICHOICACID-PWY
rxn00137_c0	>	Cytosol	Annotated_genome.CDS.2244	Adenosine 3',5'-bisphosphate 3'-phosphohydrolase [c0]		7.21		(1)  cpd00001[c0] + (1)  cpd00045[c0] => (1)  cpd00009[c0] + (1)  cpd00018[c0]	(1)  H2O [c0][c0] + (1)  Adenosine 3-5-bisphosphate [c0][c0] => (1)  Phosphate [c0][c0] + (1)  AMP [c0][c0]	rxn00137	BPNT	R00188		
rxn06023_c0	=	Cytosol	Annotated_genome.CDS.3112	CoA:apo-[acyl-carrier-protein] pantetheinephosphotransferase [c0]				(1)  cpd00010[c0] + (1)  cpd12370[c0] <=> (1)  cpd00045[c0] + (1)  cpd11493[c0]	(1)  CoA [c0][c0] + (1)  apo-ACP [c0][c0] <=> (1)  Adenosine 3-5-bisphosphate [c0][c0] + (1)  ACP [c0][c0]	rxn06023		R01625	Pantothenate and CoA biosynthesis	Biosynthesis|Cofactor-Biosynthesis
rxn00611_c0	=	Cytosol	(Annotated_genome.CDS.51 or Annotated_genome.CDS.1548)	sn-Glycerol-3-phosphate:NAD+ 2-oxidoreductase [c0]	1.1.1.8	3.76		(1)  cpd00003[c0] + (1)  cpd00080[c0] <=> (1)  cpd00004[c0] + (1)  cpd00067[c0] + (1)  cpd00095[c0]	(1)  NAD [c0][c0] + (1)  Glycerol-3-phosphate [c0][c0] <=> (1)  NADH [c0][c0] + (1)  H+ [c0][c0] + (1)  Glycerone-phosphate [c0][c0]	rxn00611	G3PD1	R00842	Glycerophospholipid metabolism	Biosynthesis|CDP-diacylglycerol-Biosynthesis|Energy-Metabolism|Lipid-Biosynthesis|OTHER-ENERGY|PHOSLIPSYN-PWY|PHOSLIPSYN2-PWY|PWY0-1319|PWY4FS-7|PWY4FS-8|PhosphatidylglycerolBiosynthesis|Phospholipid-Biosynthesis
rxn07435_c0	=	Cytosol	Annotated_genome.CDS.3606	R07604 [c0]		-2.81		(1)  cpd00213[c0] + (1)  cpd14702[c0] <=> (1)  cpd00056[c0] + (1)  cpd14703[c0]	(1)  Lipoamide [c0][c0] + (1)  2-Methyl-1-hydroxybutyl-TPP [c0][c0] <=> (1)  TPP [c0][c0] + (1)  S-(2-Methylbutanoyl) -dihydrolipoamide-E [c0][c0]	rxn07435		R07604	Valine, leucine and isoleucine degradation	
rxn05746_c0	=	Cytosol	Annotated_genome.CDS.1630	Maltodextrin glucosidase (maltotriose) [c0]		-3.11		(1)  cpd00001[c0] + (1)  cpd01262[c0] <=> (1)  cpd00027[c0] + (1)  cpd00179[c0]	(1)  H2O [c0][c0] + (1)  Amylotriose [c0][c0] <=> (1)  D-Glucose [c0][c0] + (1)  Maltose [c0][c0]	rxn05746	MLTG1			
rxn01678_c0	=	Cytosol	Annotated_genome.CDS.282	ATP:dUDP phosphotransferase [c0]		0		(1)  cpd00002[c0] + (1)  cpd00978[c0] <=> (1)  cpd00008[c0] + (1)  cpd00358[c0]	(1)  ATP [c0][c0] + (1)  dUDP [c0][c0] <=> (1)  ADP [c0][c0] + (1)  dUTP [c0][c0]	rxn01678	NDPK6	R02331	Pyrimidine metabolism	Biosynthesis|Nucleotide-Biosynthesis|PWY0-166|PYR-NUC-SYN|Pyrimid-Deoxyribonucleot-De-Novo-Biosyn
rxn02286_c0	>	Cytosol	Annotated_genome.CDS.715	UDP-N-acetylmuramate:L-alanine ligase (ADP-forming) [c0]	6.3.2.8	-6.35		(1)  cpd00002[c0] + (1)  cpd00035[c0] + (1)  cpd00773[c0] => (1)  cpd00008[c0] + (1)  cpd00009[c0] + (1)  cpd00067[c0] + (1)  cpd00890[c0]	(1)  ATP [c0][c0] + (1)  L-Alanine [c0][c0] + (1)  UDP-MurNAc [c0][c0] => (1)  ADP [c0][c0] + (1)  Phosphate [c0][c0] + (1)  H+ [c0][c0] + (1)  UDP-N-acetylmuramoyl-L-alanine [c0][c0]	rxn02286	UAMAS	R03193	D-Glutamine and D-glutamate metabolism|Peptidoglycan biosynthesis	Acetylmuramoyl-Pentapeptide-Biosynthesis|Antibiotic-Resistance|Biosynthesis|Cell-Structure-Biosynthesis|Cell-Wall-Biosynthesis|Detoxification|PEPTIDOGLYCANSYN-PWY|Peptidoglycan-Biosynthesis
rxn00872_c0	<	Cytosol	((Annotated_genome.CDS.2198 or Annotated_genome.CDS.166) or Annotated_genome.CDS.3493 or (Annotated_genome.CDS.3431 or Annotated_genome.CDS.3582 or Annotated_genome.CDS.1461 or Annotated_genome.CDS.3609 or Annotated_genome.CDS.3675 or Annotated_genome.CDS.1466 or Annotated_genome.CDS.4279 or Annotated_genome.CDS.768 or Annotated_genome.CDS.2002 or Annotated_genome.CDS.1583 or Annotated_genome.CDS.4262 or Annotated_genome.CDS.3332) or Annotated_genome.CDS.68)	Butanoyl-CoA:oxygen 2-oxidoreductase [c0]		7.23		(1)  cpd00015[c0] + (1)  cpd00067[c0] + (1)  cpd00120[c0] <= (1)  cpd00650[c0] + (1)  cpd00982[c0]	(1)  FAD [c0][c0] + (1)  H+ [c0][c0] + (1)  Butyryl-CoA [c0][c0] <= (1)  Crotonyl-CoA [c0][c0] + (1)  FADH2 [c0][c0]	rxn00872	ACOAD1f	R01175	Fatty acid degradation	
rxn00832_c0	=	Cytosol	Annotated_genome.CDS.609	IMP 1,2-hydrolase (decyclizing) [c0]	3.5.4.10	-2.58		(1)  cpd00001[c0] + (1)  cpd00114[c0] <=> (1)  cpd02884[c0]	(1)  H2O [c0][c0] + (1)  IMP [c0][c0] <=> (1)  FAICAR [c0][c0]	rxn00832	ADE16_2	R01127	Purine metabolism	Biosynthesis|DENOVOPURINE2-PWY|IMP-Biosynthesis|Nucleotide-Biosynthesis|PRPP-PWY|PUR-NUC-SYN|Purine-Nucleotide-De-Novo-Biosynthesis
rxn00360_c0	>	Cytosol	Annotated_genome.CDS.2244	3'-Phospho-5'-adenylyl sulfate 3'-phosphohydrolase [c0]		7.21		(1)  cpd00001[c0] + (1)  cpd00044[c0] => (1)  cpd00009[c0] + (1)  cpd00193[c0]	(1)  H2O [c0][c0] + (1)  3-phosphoadenylylsulfate [c0][c0] => (1)  Phosphate [c0][c0] + (1)  APS [c0][c0]	rxn00360		R00508	Sulfur metabolism	
rxn01106_c0	=	Cytosol	Annotated_genome.CDS.1189	2-Phospho-D-glycerate 2,3-phosphomutase [c0]		0		(1)  cpd00482[c0] <=> (1)  cpd00169[c0]	(1)  2-Phospho-D-glycerate [c0][c0] <=> (1)  3-Phosphoglycerate [c0][c0]	rxn01106	GPM1_2	R01518	Glycolysis / Gluconeogenesis|Glycine, serine and threonine metabolism|Methane metabolism	ANAEROFRUCAT-PWY|ANAGLYCOLYSIS-PWY|Biosynthesis|C1-COMPOUNDS|CARBO-BIOSYNTHESIS|CARBOXYLATES-DEG|Carbohydrates-Biosynthesis|Carbohydrates-Degradation|Degradation|Energy-Metabolism|Fermentation|Formaldehyde-Assimilation|GLUCONEO-PWY|GLYCOLYSIS|GLYCOLYSIS-E-D|GLYCOLYSIS-TCA-GLYOX-BYPASS|GLYCOLYSIS-VARIANTS|Gluconeogenesis|P122-PWY|P124-PWY|P341-PWY|P441-PWY|P461-PWY|SECONDARY-METABOLITE-DEGRADATION|SUCROSE-DEG|SUGAR-ALCOHOLS-DEG|Sugar-Derivatives|Sugars-And-Polysaccharides|TCA-VARIANTS|Xylose-Degradation
rxn12640_c0	=	Cytosol	(Annotated_genome.CDS.4159 or Annotated_genome.CDS.1275 or Annotated_genome.CDS.3788 or Annotated_genome.CDS.9)	methionyl aminopeptidase [c0]		-195.36		(1)  cpd00001[c0] + (1)  cpd11586[c0] <=> (1)  cpd00023[c0] + (1)  cpd00035[c0]	(1)  H2O [c0][c0] + (1)  ala-L-glu-L [c0][c0] <=> (1)  L-Glutamate [c0][c0] + (1)  L-Alanine [c0][c0]	rxn12640	MEAMP1(ala-glu)			
rxn00690_c0	>	Cytosol	Annotated_genome.CDS.3975	Formate:tetrahydrofolate ligase (ADP-forming) [c0]		13.43		(1)  cpd00002[c0] + (1)  cpd00047[c0] + (1)  cpd00087[c0] => (1)  cpd00008[c0] + (1)  cpd00009[c0] + (1)  cpd00201[c0]	(1)  ATP [c0][c0] + (1)  Formate [c0][c0] + (1)  Tetrahydrofolate [c0][c0] => (1)  ADP [c0][c0] + (1)  Phosphate [c0][c0] + (1)  10-Formyltetrahydrofolate [c0][c0]	rxn00690	ADE3_2	R00943	One carbon pool by folate|Carbon fixation pathways in prokaryotes	1CMET2-PWY|Autotrophic-CO2-Fixation|Biosynthesis|C1-COMPOUNDS|CARBO-BIOSYNTHESIS|CO2-Fixation|CODH-PWY|Carbohydrates-Biosynthesis|Cofactor-Biosynthesis|Degradation|Folate-Biosynthesis|Formaldehyde-Oxidation|Gluconeogenesis|NUCLEO-DEG|P164-PWY|Purine-Degradation|Vitamin-Biosynthesis
rxn00931_c0	=	Cytosol	Annotated_genome.CDS.4552	L-Proline:NADP+ 5-oxidoreductase [c0]		-10.52		(1)  cpd00006[c0] + (1)  cpd00129[c0] <=> (1)  cpd00005[c0] + (2)  cpd00067[c0] + (1)  cpd02431[c0]	(1)  NADP [c0][c0] + (1)  L-Proline [c0][c0] <=> (1)  NADPH [c0][c0] + (2)  H+ [c0][c0] + (1)  1-Pyrroline-5-carboxylate [c0][c0]	rxn00931	P5CR	R01251	Arginine and proline metabolism	ARG-PRO-PWY|ARGININE-DEG|ARGORNPROST-PWY|Activation-Inactivation-Interconversion|Amino-Acid-Biosynthesis|Amino-Acid-Degradation|Biosynthesis|Degradation|IND-AMINO-ACID-SYN|Interconversion|PROLINE-SYN|PROSYN-PWY
rxn00066_c0	>	Cytosol	Annotated_genome.CDS.1364	NADH:hydrogen-peroxide oxidoreductase [c0]	1.11.1.1	-77.06		(1)  cpd00004[c0] + (1)  cpd00025[c0] + (1)  cpd00067[c0] => (2)  cpd00001[c0] + (1)  cpd00003[c0]	(1)  NADH [c0][c0] + (1)  H2O2 [c0][c0] + (1)  H+ [c0][c0] => (2)  H2O [c0][c0] + (1)  NAD [c0][c0]	rxn00066		R00090		
rxn10012_c0	<	Cytosol	Annotated_genome.CDS.1576	acyl-CoA dehydrogenase (decanoyl-CoA) [c0]		16.55		(1)  cpd00003[c0] + (1)  cpd03128[c0] <= (1)  cpd00004[c0] + (1)  cpd00067[c0] + (1)  cpd03129[c0]	(1)  NAD [c0][c0] + (1)  Decanoyl-CoA [c0][c0] <= (1)  NADH [c0][c0] + (1)  H+ [c0][c0] + (1)  (2E) -Decenoyl-CoA [c0][c0]	rxn10012	ACOAD4			
rxn09450_c0	>	Cytosol	(Annotated_genome.CDS.1457 or Annotated_genome.CDS.4324 or Annotated_genome.CDS.2788 or Annotated_genome.CDS.4283 or Annotated_genome.CDS.3597 or Annotated_genome.CDS.4051 or Annotated_genome.CDS.3649 or Annotated_genome.CDS.3488 or Annotated_genome.CDS.4284 or Annotated_genome.CDS.962 or Annotated_genome.CDS.1662 or Annotated_genome.CDS.4316 or Annotated_genome.CDS.1459 or Annotated_genome.CDS.1598 or Annotated_genome.CDS.4258 or Annotated_genome.CDS.2390 or Annotated_genome.CDS.445 or Annotated_genome.CDS.2201 or Annotated_genome.CDS.1641)	fatty-acid--CoA ligase (hexadecenoate), peroxisomal [c0]		687.06		(1)  cpd00002[c0] + (1)  cpd00010[c0] + (1)  cpd15237[c0] => (1)  cpd00012[c0] + (1)  cpd00018[c0] + (1)  cpd15238[c0]	(1)  ATP [c0][c0] + (1)  CoA [c0][c0] + (1)  hexadecenoate [c0][c0] => (1)  PPi [c0][c0] + (1)  AMP [c0][c0] + (1)  Hexadecenoyl-CoA [c0][c0]	rxn09450	FACOAL161			
rxn00938_c0	>	Cytosol	Annotated_genome.CDS.1181	Nicotinamide amidohydrolase [c0]		-4.72		(1)  cpd00001[c0] + (1)  cpd00133[c0] => (1)  cpd00013[c0] + (1)  cpd00218[c0]	(1)  H2O [c0][c0] + (1)  Nicotinamide [c0][c0] => (1)  NH3 [c0][c0] + (1)  Niacin [c0][c0]	rxn00938	PNC1_1	R01268	Nicotinate and nicotinamide metabolism	AROMATIC-COMPOUNDS-DEGRADATION|Biosynthesis|Cofactor-Biosynthesis|Degradation|NAD-Metabolism|NAD-SYN|P345-PWY|PYRIDNUCSAL-PWY
rxn05115_c0	=	Cytosol	Annotated_genome.CDS.1892	5-carboxyamino-1-(5-phospho-D-ribosyl)imidazole carboxymutase [c0]		17.26		(1)  cpd11310[c0] <=> (1)  cpd02893[c0]	(1)  5-phosphoribosyl-5-carboxyaminoimidazole [c0][c0] <=> (1)  5'-Phosphoribosyl-4-carboxy-5-aminoimidazole [c0][c0]	rxn05115	AIRC3	R07405	Purine metabolism	Biosynthesis|DENOVOPURINE2-PWY|IMP-Biosynthesis|Nucleotide-Biosynthesis|PRPP-PWY|PUR-NUC-SYN|Purine-Nucleotide-De-Novo-Biosynthesis
rxn00412_c0	>	Cytosol	Annotated_genome.CDS.3195	UTP:L-glutamine amido-ligase (ADP-forming) [c0]		-6.4		(1)  cpd00001[c0] + (1)  cpd00002[c0] + (1)  cpd00053[c0] + (1)  cpd00062[c0] => (1)  cpd00008[c0] + (1)  cpd00009[c0] + (1)  cpd00023[c0] + (1)  cpd00052[c0] + (2)  cpd00067[c0]	(1)  H2O [c0][c0] + (1)  ATP [c0][c0] + (1)  L-Glutamine [c0][c0] + (1)  UTP [c0][c0] => (1)  ADP [c0][c0] + (1)  Phosphate [c0][c0] + (1)  L-Glutamate [c0][c0] + (1)  CTP [c0][c0] + (2)  H+ [c0][c0]	rxn00412	CTPS2	R00573	Pyrimidine metabolism	Biosynthesis|Nucleotide-Biosynthesis|PRPP-PWY|PWY0-162|PYR-NUC-SYN|Pyrimidine-De-Novo-Biosyn
rxn00650_c0	=	Cytosol	(Annotated_genome.CDS.1275 or Annotated_genome.CDS.9)	L-cysteinylglycine dipeptidase [c0]		-0.46		(1)  cpd00001[c0] + (1)  cpd01017[c0] <=> (1)  cpd00033[c0] + (1)  cpd00084[c0]	(1)  H2O [c0][c0] + (1)  Cys-Gly [c0][c0] <=> (1)  Glycine [c0][c0] + (1)  L-Cysteine [c0][c0]	rxn00650	AMPTASECG	R00899	Glutathione metabolism	Biosynthesis|Cofactor-Biosynthesis|Reductants
rxn03167_c0	>	Cytosol	(Annotated_genome.CDS.1470 or Annotated_genome.CDS.1853)	2-Amino-4-hydroxy-6-(erythro-1,2,3-trihydroxypropyl) dihydropteridine triphosphate phosphohydrolase (alkaline optimum) [c0]		-15.95		(3)  cpd00001[c0] + (1)  cpd02978[c0] => (3)  cpd00009[c0] + (3)  cpd00067[c0] + (1)  cpd02961[c0]	(3)  H2O [c0][c0] + (1)  7,8-Dihydroneopterin 3'-triphosphate [c0][c0] => (3)  Phosphate [c0][c0] + (3)  H+ [c0][c0] + (1)  Dihydroneopterin [c0][c0]	rxn03167	AKP1	R04620	Folate biosynthesis	
rxn00640_c0	>	Cytosol	Annotated_genome.CDS.3379	GDP:D-mannose-1-phosphate guanylyltransferase [c0]	2.7.7.22	12.03		(1)  cpd00031[c0] + (1)  cpd00485[c0] => (1)  cpd00009[c0] + (1)  cpd00083[c0]	(1)  GDP [c0][c0] + (1)  D-Mannose1-phosphate [c0][c0] => (1)  Phosphate [c0][c0] + (1)  GDP-mannose [c0][c0]	rxn00640	MAN1PT2	R00883	Fructose and mannose metabolism|Amino sugar and nucleotide sugar metabolism	
rxn01103_c0	>	Cytosol	(Annotated_genome.CDS.1174 or Annotated_genome.CDS.3273)	3-Phospho-D-glyceroyl phosphate phosphohydrolase [c0]		0.08		(1)  cpd00001[c0] + (1)  cpd00203[c0] => (1)  cpd00009[c0] + (1)  cpd00067[c0] + (1)  cpd00169[c0]	(1)  H2O [c0][c0] + (1)  1,3-Bisphospho-D-glycerate [c0][c0] => (1)  Phosphate [c0][c0] + (1)  H+ [c0][c0] + (1)  3-Phosphoglycerate [c0][c0]	rxn01103	ACYP	R01515		
rxn00515_c0	=	Cytosol	Annotated_genome.CDS.282	ATP:IDP phosphotransferase [c0]		0		(1)  cpd00002[c0] + (1)  cpd00090[c0] <=> (1)  cpd00008[c0] + (1)  cpd00068[c0]	(1)  ATP [c0][c0] + (1)  IDP [c0][c0] <=> (1)  ADP [c0][c0] + (1)  ITP [c0][c0]	rxn00515	NDPK9	R00722	Purine metabolism	
rxn08846_c0	=	Cytosol	Annotated_genome.CDS.1138	Lysophospholipase L2 (2-acylglycerophosphoglycerol, n-C14:0) [c0]		-403.51		(1)  cpd00001[c0] + (1)  cpd15344[c0] <=> (1)  cpd00067[c0] + (1)  cpd02090[c0] + (1)  cpd03847[c0]	(1)  H2O [c0][c0] + (1)  2-Acyl-sn-glycero-3-phosphoglycerol tetradecanoyl [c0][c0] <=> (1)  H+ [c0][c0] + (1)  Glycerophosphoglycerol [c0][c0] + (1)  Myristic acid [c0][c0]	rxn08846	LPLIPAL2G140			
rxn05397_c0	=	Cytosol	Annotated_genome.CDS.2407	11-methyl-3-oxo-dodecanoyl-ACP:NADP+ oxidoreductase [c0]		-3.76		(1)  cpd00005[c0] + (1)  cpd00067[c0] + (1)  cpd11533[c0] <=> (1)  cpd00006[c0] + (1)  cpd11534[c0]	(1)  NADPH [c0][c0] + (1)  H+ [c0][c0] + (1)  11-methyl-3-oxo-dodecanoyl-ACP [c0][c0] <=> (1)  NADP [c0][c0] + (1)  11-methyl-3-hydroxy-dodecanoyl-ACP [c0][c0]	rxn05397				
rxn03005_c0	=	Cytosol	Annotated_genome.CDS.286	R04326 [c0]		-7.29		(2)  cpd00067[c0] + (1)  cpd00087[c0] + (1)  cpd02678[c0] <=> (1)  cpd00001[c0] + (1)  cpd00347[c0] + (1)  cpd02394[c0]	(2)  H+ [c0][c0] + (1)  Tetrahydrofolate [c0][c0] + (1)  N-Formyl-GAR [c0][c0] <=> (1)  H2O [c0][c0] + (1)  5-10-Methenyltetrahydrofolate [c0][c0] + (1)  GAR [c0][c0]	rxn03005		R04326	One carbon pool by folate	
rxn03437_c0	>	Cytosol	Annotated_genome.CDS.4381	(R)-2,3-Dihydroxy-3-methylpentanoate hydro-lyase [c0]		-6.75		(1)  cpd02535[c0] => (1)  cpd00001[c0] + (1)  cpd00508[c0]	(1)  2,3-Dihydroxy-3-methylvalerate [c0][c0] => (1)  H2O [c0][c0] + (1)  3MOP [c0][c0]	rxn03437	DHAD2	R05070	Valine, leucine and isoleucine biosynthesis	
rxn01353_c0	=	Cytosol	Annotated_genome.CDS.282	ATP:dGDP phosphotransferase [c0]		0		(1)  cpd00002[c0] + (1)  cpd00295[c0] <=> (1)  cpd00008[c0] + (1)  cpd00241[c0]	(1)  ATP [c0][c0] + (1)  dGDP [c0][c0] <=> (1)  ADP [c0][c0] + (1)  dGTP [c0][c0]	rxn01353	NDPK5	R01857	Purine metabolism	Biosynthesis|DENOVOPURINE2-PWY|Nucleotide-Biosynthesis|PRPP-PWY|PUR-NUC-SYN|Purine-Nucleotide-De-Novo-Biosynthesis
rxn10235_c0	>	Cytosol	Annotated_genome.CDS.3577	isopentadecanoyl-phosphatidylserine decarboxylase [c0]		7.45		(2)  cpd00067[c0] + (1)  cpd15692[c0] => (1)  cpd00011[c0] + (1)  cpd15698[c0]	(2)  H+ [c0][c0] + (1)  Diisopentadecanoylphosphatidylserine [c0][c0] => (1)  CO2 [c0][c0] + (1)  Diisopentadecanoylphosphatidylethanolamine [c0][c0]	rxn10235				
rxn12633_c0	=	Cytosol	(Annotated_genome.CDS.4159 or Annotated_genome.CDS.1275 or Annotated_genome.CDS.3788 or Annotated_genome.CDS.9)	RXN0-6975.c [c0]		-0.46		(1)  cpd00001[c0] + (1)  cpd11593[c0] <=> (1)  cpd00035[c0] + (1)  cpd00041[c0]	(1)  H2O [c0][c0] + (1)  ala-L-asp-L [c0][c0] <=> (1)  L-Alanine [c0][c0] + (1)  L-Aspartate [c0][c0]	rxn12633	MEAMP1(ala-asp)			
rxn00882_c0	>	Cytosol	Annotated_genome.CDS.1954	1D-myo-Inositol 4-phosphate phosphohydrolase [c0]		7.21		(1)  cpd00001[c0] + (1)  cpd02230[c0] => (1)  cpd00009[c0] + (1)  cpd00121[c0]	(1)  H2O [c0][c0] + (1)  Inositol 4-phosphate [c0][c0] => (1)  Phosphate [c0][c0] + (1)  L-Inositol [c0][c0]	rxn00882	MI4PP	R01186	Inositol phosphate metabolism	Biosynthesis|Cyclitols-Biosynthesis|SECONDARY-METABOLITE-BIOSYNTHESIS|SUGAR-DERIVS
rxn03244_c0	=	Cytosol	((Annotated_genome.CDS.3186 or Annotated_genome.CDS.1597 or Annotated_genome.CDS.2196 or Annotated_genome.CDS.1245 or Annotated_genome.CDS.403 or Annotated_genome.CDS.167 or Annotated_genome.CDS.2162 or Annotated_genome.CDS.2197) or Annotated_genome.CDS.3492)	(S)-hydroxydecanoyl-CoA:NAD+ oxidoreductase [c0]		3.76		(1)  cpd00003[c0] + (1)  cpd03118[c0] <=> (1)  cpd00004[c0] + (1)  cpd00067[c0] + (1)  cpd03119[c0]	(1)  NAD [c0][c0] + (1)  (S) -Hydroxydecanoyl-CoA [c0][c0] <=> (1)  NADH [c0][c0] + (1)  H+ [c0][c0] + (1)  3-Oxodecanoyl-CoA [c0][c0]	rxn03244	HACD4	R04743	Fatty acid elongation|Fatty acid degradation	
rxn04139_c0	>	Cytosol	Annotated_genome.CDS.187	2-Octaprenyl-3-methyl-6-methoxy-1,4-benzoquinone ,NADPH2:oxygen oxidoreductase [c0]		-94.61		(1)  cpd00005[c0] + (1)  cpd00007[c0] + (1)  cpd00067[c0] + (1)  cpd03448[c0] => (1)  cpd00001[c0] + (1)  cpd00006[c0] + (1)  cpd03449[c0]	(1)  NADPH [c0][c0] + (1)  O2 [c0][c0] + (1)  H+ [c0][c0] + (1)  2-Octaprenyl-3-methyl-6-methoxy-1,4-benzoquinone [c0][c0] => (1)  H2O [c0][c0] + (1)  NADP [c0][c0] + (1)  2-Octaprenyl-3-methyl-5-hydroxy-6-methoxy-1,4-benzoquinone [c0][c0]	rxn04139		R06146	Ubiquinone and other terpenoid-quinone biosynthesis	
rxn07847_c0	=	Cytosol	Annotated_genome.CDS.618	R08058 [c0]	4.3.-.-	-6.97		(1)  cpd00055[c0] + (1)  cpd00895[c0] <=> (1)  cpd00001[c0] + (1)  cpd02679[c0]	(1)  Formaldehyde [c0][c0] + (1)  H4MPT [c0][c0] <=> (1)  H2O [c0][c0] + (1)  5,10-Methylenetetrahydromethanopterin [c0][c0]	rxn07847		R08058	Methane metabolism	C1-COMPOUNDS|Degradation|Formaldehyde-Oxidation
rxn00616_c0	=	Cytosol	Annotated_genome.CDS.1664	sn-Glycerol-3-phosphate:(acceptor) 2-oxidoreductase [c0]		-5.56		(1)  cpd00015[c0] + (1)  cpd00067[c0] + (1)  cpd00080[c0] <=> (1)  cpd00095[c0] + (1)  cpd00982[c0]	(1)  FAD [c0][c0] + (1)  H+ [c0][c0] + (1)  Glycerol-3-phosphate [c0][c0] <=> (1)  Glycerone-phosphate [c0][c0] + (1)  FADH2 [c0][c0]	rxn00616	G3PD	R00848	Glycerophospholipid metabolism	
rxn06723_c0	<	Cytosol	Annotated_genome.CDS.3229	(3R)-3-hydroxymyristoyl-[acyl-carrier protein]:UDP-3-O-[(3R)-3-hydroxymyristoyl]-alpha-D-glucosamine N-acetyltransferase [c0]	2.3.1.191	5.29		(1)  cpd02835[c0] + (1)  cpd11493[c0] <= (1)  cpd03584[c0] + (1)  cpd11484[c0]	(1)  UDP-2,3-bis(3-hydroxytetradecanoyl) glucosamine [c0][c0] + (1)  ACP [c0][c0] <= (1)  UDP-3-O-(beta-hydroxymyristoyl) -D-glucosamine [c0][c0] + (1)  HMA [c0][c0]	rxn06723	U23GAAT	R04550	Lipopolysaccharide biosynthesis	Biosynthesis|Cell-Structure-Biosynthesis|KDO-NAGLIPASYN-PWY|LPSSYN-PWY|Lipid-Biosynthesis|Lipopolysaccharide-Biosynthesis|NAGLIPASYN-PWY
rxn00313_c0	>	Cytosol	Annotated_genome.CDS.601	meso-2,6-diaminoheptanedioate carboxy-lyase (L-lysine-forming) [c0]		-3.09		(1)  cpd00067[c0] + (1)  cpd00516[c0] => (1)  cpd00011[c0] + (1)  cpd00039[c0]	(1)  H+ [c0][c0] + (1)  meso-2,6-Diaminopimelate [c0][c0] => (1)  CO2 [c0][c0] + (1)  L-Lysine [c0][c0]	rxn00313	DAPDC	R00451	Lysine biosynthesis	Amino-Acid-Biosynthesis|Biosynthesis|DAPLYSINESYN-PWY|IND-AMINO-ACID-SYN|LYSINE-SYN|P4-PWY|PWY0-781
rxn02949_c0	=	Cytosol	(Annotated_genome.CDS.3831 or Annotated_genome.CDS.4483 or Annotated_genome.CDS.3915 or Annotated_genome.CDS.1597 or Annotated_genome.CDS.2162 or Annotated_genome.CDS.3028 or Annotated_genome.CDS.4286 or Annotated_genome.CDS.4034 or Annotated_genome.CDS.1762 or Annotated_genome.CDS.3331 or Annotated_genome.CDS.2200 or Annotated_genome.CDS.3898 or Annotated_genome.CDS.4130 or Annotated_genome.CDS.1589 or Annotated_genome.CDS.4054 or Annotated_genome.CDS.3594 or Annotated_genome.CDS.2383 or Annotated_genome.CDS.403 or Annotated_genome.CDS.3583 or Annotated_genome.CDS.3648 or Annotated_genome.CDS.4317 or Annotated_genome.CDS.1649)	(S)-3-Hydroxyisobutyryl-CoA hydro-lyase [c0]		0.87		(1)  cpd00001[c0] + (1)  cpd02187[c0] <=> (1)  cpd03572[c0]	(1)  H2O [c0][c0] + (1)  Methacrylyl-CoA [c0][c0] <=> (1)  (S) -3-Hydroxyisobutyryl-CoA [c0][c0]	rxn02949	ECOAH12	R04224	Valine, leucine and isoleucine degradation	
rxn00735_c0	=	Cytosol	Annotated_genome.CDS.4139	(2R,3S)-3-methylmalate:NAD+ oxidoreductase [c0]		-3.13		(1)  cpd00004[c0] + (1)  cpd00011[c0] + (1)  cpd00094[c0] <=> (1)  cpd00003[c0] + (1)  cpd03593[c0]	(1)  NADH [c0][c0] + (1)  CO2 [c0][c0] + (1)  2-Oxobutyrate [c0][c0] <=> (1)  NAD [c0][c0] + (1)  D-erythro-3-Methylmalate [c0][c0]	rxn00735		R00994	Valine, leucine and isoleucine biosynthesis|C5-Branched dibasic acid metabolism	
rxn00775_c0	>	Cytosol	Annotated_genome.CDS.728	ADP-ribose ribophosphohydrolase [c0]		-28.37		(1)  cpd00001[c0] + (1)  cpd00251[c0] => (1)  cpd00018[c0] + (2)  cpd00067[c0] + (1)  cpd00101[c0]	(1)  H2O [c0][c0] + (1)  ADPribose [c0][c0] => (1)  AMP [c0][c0] + (2)  H+ [c0][c0] + (1)  ribose-5-phosphate [c0][c0]	rxn00775	ADPRDP	R01054_C00117xC03736	Purine metabolism	
rxn02680_c0	<	Cytosol	((Annotated_genome.CDS.1599 or Annotated_genome.CDS.3974 or Annotated_genome.CDS.2506 or Annotated_genome.CDS.2160 or Annotated_genome.CDS.955 or Annotated_genome.CDS.1446 or Annotated_genome.CDS.2496 or Annotated_genome.CDS.2192 or Annotated_genome.CDS.3917 or Annotated_genome.CDS.2437 or Annotated_genome.CDS.1650) or Annotated_genome.CDS.3491)	Octanoyl-CoA:acetyl-CoA C-acyltransferase [c0]		7.06		(1)  cpd00022[c0] + (1)  cpd01335[c0] <= (1)  cpd00010[c0] + (1)  cpd03119[c0]	(1)  Acetyl-CoA [c0][c0] + (1)  Octanoyl-CoA [c0][c0] <= (1)  CoA [c0][c0] + (1)  3-Oxodecanoyl-CoA [c0][c0]	rxn02680	ACACT4r	R03778	Fatty acid elongation|Fatty acid degradation	
rxn05405_c0	=	Cytosol	Annotated_genome.CDS.2407	15-methyl-3-oxo-hexa-decanoyl-ACP:NADP+ oxidoreductase [c0]		-3.76		(1)  cpd00005[c0] + (1)  cpd00067[c0] + (1)  cpd11541[c0] <=> (1)  cpd00006[c0] + (1)  cpd11542[c0]	(1)  NADPH [c0][c0] + (1)  H+ [c0][c0] + (1)  15-methyl-3-oxo-hexa-decanoyl-ACP [c0][c0] <=> (1)  NADP [c0][c0] + (1)  15-methyl-3-hydroxy-hexa-decanoyl-ACP [c0][c0]	rxn05405				
rxn00547_c0	>	Cytosol	Annotated_genome.CDS.4547	ATP:D-fructose 6-phosphotransferase [c0]		-14.03		(1)  cpd00002[c0] + (1)  cpd00082[c0] => (1)  cpd00008[c0] + (1)  cpd00067[c0] + (1)  cpd00072[c0]	(1)  ATP [c0][c0] + (1)  D-Fructose [c0][c0] => (1)  ADP [c0][c0] + (1)  H+ [c0][c0] + (1)  D-fructose-6-phosphate [c0][c0]	rxn00547	HEX7	R00760		
rxn04750_c0	=	Cytosol	(Annotated_genome.CDS.3186 or Annotated_genome.CDS.1597 or Annotated_genome.CDS.2196 or Annotated_genome.CDS.1245 or Annotated_genome.CDS.403 or Annotated_genome.CDS.167 or Annotated_genome.CDS.2162 or Annotated_genome.CDS.2197)	(S)-3-hydroxyacyl-CoA:NAD+ oxidoreductase [c0]		51.41		(1)  cpd00003[c0] + (4)  cpd00067[c0] + (1)  cpd09844[c0] <=> (1)  cpd00004[c0] + (1)  cpd01507[c0]	(1)  NAD [c0][c0] + (4)  H+ [c0][c0] + (1)  (3S) -3-Hydroxyadipyl-CoA [c0][c0] <=> (1)  NADH [c0][c0] + (1)  3-Oxoadipyl-CoA [c0][c0]	rxn04750		R06941	Phenylalanine metabolism|Caprolactam degradation	AMINE-DEG|AROMATIC-COMPOUNDS-DEGRADATION|Benzoyl-CoA-Degradation|Degradation|PWY0-321|Phenolic-Compounds-Degradation|Phenylacetate-Degradation
rxn05619_c0	>	Cytosol	Annotated_genome.CDS.2008	ATP phosphohydrolase (molybdate-importing) [c0]	3.A.1.8|TC-3.A.1.8	-6.82		(1)  cpd00001[c0] + (1)  cpd00002[c0] + (1)  cpd11574[e0] => (1)  cpd00008[c0] + (1)  cpd00009[c0] + (1)  cpd00067[c0] + (1)  cpd11574[c0]	(1)  H2O [c0][c0] + (1)  ATP [c0][c0] + (1)  Molybdate [e0][e0] => (1)  ADP [c0][c0] + (1)  Phosphate [c0][c0] + (1)  H+ [c0][c0] + (1)  Molybdate [c0][c0]	rxn05619	MOBDabc			
rxn08020_c0	>	Cytosol	(Annotated_genome.CDS.1015 or Annotated_genome.CDS.2001)	laurate-[acyl-carrier-protein] ligase [c0]		-21.55		(1)  cpd00002[c0] + (1)  cpd01741[c0] + (1)  cpd11493[c0] => (1)  cpd00012[c0] + (1)  cpd00018[c0] + (1)  cpd00067[c0] + (1)  cpd11468[c0]	(1)  ATP [c0][c0] + (1)  ddca [c0][c0] + (1)  ACP [c0][c0] => (1)  PPi [c0][c0] + (1)  AMP [c0][c0] + (1)  H+ [c0][c0] + (1)  Dodecanoyl-ACP [c0][c0]	rxn08020	AACPS7			
rxn05325_c0	<	Cytosol	(Annotated_genome.CDS.500 or Annotated_genome.CDS.3522 or Annotated_genome.CDS.3653)	Octanoyl-[acyl-carrier protein]:malonyl-CoA C-acyltransferase(decarboxylating, oxoacyl- and enoyl-reducing) [c0]		16.55		(1)  cpd00003[c0] + (1)  cpd11470[c0] <= (1)  cpd00004[c0] + (1)  cpd00067[c0] + (1)  cpd11471[c0]	(1)  NAD [c0][c0] + (1)  Octanoyl-ACP [c0][c0] <= (1)  NADH [c0][c0] + (1)  H+ [c0][c0] + (1)  (2E) -Octenoyl-[acp] [c0][c0]	rxn05325	EAR80x	R04958	Fatty acid biosynthesis	Biosynthesis|Fatty-acid-biosynthesis|Lipid-Biosynthesis|Palmitate-Biosynthesis
rxn08647_c0	>	Cytosol	Annotated_genome.CDS.4154	ATP:(R)-glycerate 2-phosphotransferase [c0]	2.7.1.165	-14.03		(1)  cpd00002[c0] + (1)  cpd00223[c0] => (1)  cpd00008[c0] + (1)  cpd00067[c0] + (1)  cpd00482[c0]	(1)  ATP [c0][c0] + (1)  Glycerate [c0][c0] => (1)  ADP [c0][c0] + (1)  H+ [c0][c0] + (1)  2-Phospho-D-glycerate [c0][c0]	rxn08647	GLYCK2	R08572	Pentose phosphate pathway|Glycine, serine and threonine metabolism|Methane metabolism	C1-COMPOUNDS|Carbohydrates-Degradation|D-Galactarate-Degradation|D-Glucarate-Degradation|Degradation|Formaldehyde-Assimilation|GALACTARDEG-PWY|GLUCARDEG-PWY|GLUCARGALACTSUPER-PWY|NPGLUCAT-PWY|PWY0-1300|SECONDARY-METABOLITE-DEGRADATION|SUGAR-ACIDS-DEG|Sugar-Derivatives|Sugars-And-Polysaccharides
rxn08441_c0	>	Cytosol	Annotated_genome.CDS.186	myristoyl-CoA hydrolase [c0]		-5.76		(1)  cpd00001[c0] + (1)  cpd01695[c0] => (1)  cpd00010[c0] + (1)  cpd00067[c0] + (1)  cpd03847[c0]	(1)  H2O [c0][c0] + (1)  Myristoyl-CoA [c0][c0] => (1)  CoA [c0][c0] + (1)  H+ [c0][c0] + (1)  Myristic acid [c0][c0]	rxn08441	FACOAE140			
rxn08803_c0	=	Cytosol	Annotated_genome.CDS.1138	Lysophospholipase L1 (2-acylglycerophosphoethanolamine, n-C12:0) (periplasm) [c0]		-335.08		(1)  cpd00001[c0] + (1)  cpd15313[c0] <=> (1)  cpd00067[c0] + (1)  cpd00908[c0] + (1)  cpd01741[c0]	(1)  H2O [c0][c0] + (1)  1-Acyl-sn-glycero-3-phosphoethanolamine dodecanoyl [c0][c0] <=> (1)  H+ [c0][c0] + (1)  Glycerophosphoethanolamine [c0][c0] + (1)  ddca [c0][c0]	rxn08803	LPLIPAL1E120pp			
rxn01053_c0	=	Cytosol	Annotated_genome.CDS.3338	(S)-lactaldehyde:NAD+ oxidoreductase [c0]		-9.8		(1)  cpd00001[c0] + (1)  cpd00003[c0] + (1)  cpd00334[c0] <=> (1)  cpd00004[c0] + (2)  cpd00067[c0] + (1)  cpd00159[c0]	(1)  H2O [c0][c0] + (1)  NAD [c0][c0] + (1)  L-Lactaldehyde [c0][c0] <=> (1)  NADH [c0][c0] + (2)  H+ [c0][c0] + (1)  L-Lactate [c0][c0]	rxn01053	LCAD	R01446	Pyruvate metabolism	Aldehyde-Degradation|Carbohydrates-Degradation|Degradation|Detoxification|Energy-Metabolism|FUC-RHAMCAT-PWY|L-rhamnose-Degradation|Lactaldehyde-Degradation|METHGLYUT-PWY|Methylglyoxal-Detoxification|PWY0-1317|Sugars-And-Polysaccharides
rxn07879_c0	=	Cytosol	(Annotated_genome.CDS.3475 or Annotated_genome.CDS.587)	3-hydroxy-3-(4-methylpent-3-en-1-yl)glutaryl-CoA acetate-lyase (7-methyl-3-oxooct-6-enoyl-CoA-forming) [c0]		-0.83		(1)  cpd02849[c0] <=> (1)  cpd00029[c0] + (1)  cpd15170[c0]	(1)  3-Hydroxy-3-(4-methylpent-3-en-1-yl) glutaryl-CoA [c0][c0] <=> (1)  Acetate [c0][c0] + (1)  7-Methyl-3-oxo-6-octenoyl-CoA [c0][c0]	rxn07879		R08090	Geraniol degradation	Degradation|SECONDARY-METABOLITE-DEGRADATION|TERPENOID-DEG
rxn02312_c0	=	Cytosol	Annotated_genome.CDS.2211	S-Adenosyl-L-methionine:8-amino-7-oxononanoate aminotransferase [c0]	2.6.1.62	2.46		(1)  cpd00017[c0] + (1)  cpd00800[c0] <=> (1)  cpd00764[c0] + (1)  cpd02701[c0]	(1)  S-Adenosyl-L-methionine [c0][c0] + (1)  8-Amino-7-oxononanoate [c0][c0] <=> (1)  7-8-Diaminononanoate [c0][c0] + (1)  S-Adenosyl-4-methylthio-2-oxobutanoate [c0][c0]	rxn02312	AMAOT	R03231	Biotin metabolism	BIOTIN-BIOSYNTHESIS-PWY|BIOTIN-SYN|Biosynthesis|Cofactor-Biosynthesis|PWY0-1507|Vitamin-Biosynthesis
rxn02895_c0	>	Cytosol	Annotated_genome.CDS.1700	5-Phospho-D-ribosylamine:glycine ligase (ADP-forming) [c0]		-6.35		(1)  cpd00002[c0] + (1)  cpd00033[c0] + (1)  cpd01982[c0] => (1)  cpd00008[c0] + (1)  cpd00009[c0] + (1)  cpd00067[c0] + (1)  cpd02394[c0]	(1)  ATP [c0][c0] + (1)  Glycine [c0][c0] + (1)  5-Phosphoribosylamine [c0][c0] => (1)  ADP [c0][c0] + (1)  Phosphate [c0][c0] + (1)  H+ [c0][c0] + (1)  GAR [c0][c0]	rxn02895	ADE5_7_1	R04144	Purine metabolism	AIR-Biosynthesis|Biosynthesis|DENOVOPURINE2-PWY|Nucleotide-Biosynthesis|PRPP-PWY|PUR-NUC-SYN|Purine-Nucleotide-De-Novo-Biosynthesis
rxn07295_c0	>	Cytosol	Annotated_genome.CDS.4528	glycine oxidase [c0]		-35.88		(1)  cpd00033[c0] => (3)  cpd00067[c0] + (1)  cpd14545[c0]	(1)  Glycine [c0][c0] => (3)  H+ [c0][c0] + (1)  Iminoglycine [c0][c0]	rxn07295		R07463	Thiamine metabolism	
rxn02934_c0	=	Cytosol	(Annotated_genome.CDS.3831 or Annotated_genome.CDS.4483 or Annotated_genome.CDS.3915 or Annotated_genome.CDS.1597 or Annotated_genome.CDS.2162 or Annotated_genome.CDS.3028 or Annotated_genome.CDS.4286 or Annotated_genome.CDS.4034 or Annotated_genome.CDS.1762 or Annotated_genome.CDS.3331 or Annotated_genome.CDS.2200 or Annotated_genome.CDS.3898 or Annotated_genome.CDS.4130 or Annotated_genome.CDS.1589 or Annotated_genome.CDS.4054 or Annotated_genome.CDS.3594 or Annotated_genome.CDS.2383 or Annotated_genome.CDS.403 or Annotated_genome.CDS.3583 or Annotated_genome.CDS.3648 or Annotated_genome.CDS.4317 or Annotated_genome.CDS.1649)	(2S,3S)-3-Hydroxy-2-methylbutanoyl-CoA hydro-liase [c0]		1.6		(1)  cpd02691[c0] <=> (1)  cpd00001[c0] + (1)  cpd02125[c0]	(1)  2-methyl-3-hydroxy-butyryl-CoA [c0][c0] <=> (1)  H2O [c0][c0] + (1)  Tiglyl-CoA [c0][c0]	rxn02934	ECOAH9	R04204	Valine, leucine and isoleucine degradation	Amino-Acid-Degradation|Biosynthesis|Degradation|ILEUDEG-PWY|ISOLEUCINE-DEG|Other-biosynthesis
rxn04651_c0	>	Cytosol	Annotated_genome.CDS.1192	ATP:ribose-1,5-bisphosphate phosphotransferase [c0]	2.7.4.23	9.53		(1)  cpd00002[c0] + (1)  cpd00847[c0] => (1)  cpd00008[c0] + (1)  cpd00067[c0] + (1)  cpd00103[c0]	(1)  ATP [c0][c0] + (1)  Ribose 1,5-bisphosphate [c0][c0] => (1)  ADP [c0][c0] + (1)  H+ [c0][c0] + (1)  PRPP [c0][c0]	rxn04651	R15BPK	R06836	Pentose phosphate pathway	Adenosine-Nucleotides-Degradation|Biosynthesis|Degradation|NUCLEO-DEG|Other-biosynthesis|PRPP-Biosynthesis|PRPP-PWY|PWY0-661|Purine-Degradation
rxn08089_c0	>	Cytosol	(Annotated_genome.CDS.793 or Annotated_genome.CDS.669)	1-octadec-7-enoyl-sn-glycerol 3-phosphate O-acyltransferase (n-C18:1) [c0]				(1)  cpd00067[c0] + (1)  cpd11825[c0] + (1)  cpd15328[c0] => (1)  cpd11493[c0] + (1)  cpd15527[c0]	(1)  H+ [c0][c0] + (1)  Octadecenoyl-ACP [c0][c0] + (1)  1-octadec-11-enoyl-sn-glycerol 3-phosphate [c0][c0] => (1)  ACP [c0][c0] + (1)  1,2-dioctadec-11-enoyl-sn-glycerol 3-phosphate [c0][c0]	rxn08089	AGPAT181			
rxn00189_c0	>	Cytosol	((Annotated_genome.CDS.3977 or Annotated_genome.CDS.2105) and Annotated_genome.CDS.2070 and Annotated_genome.CDS.4426 and Annotated_genome.CDS.3865)	L-Glutamine amidohydrolase [c0]		-4.72		(1)  cpd00001[c0] + (1)  cpd00053[c0] => (1)  cpd00013[c0] + (1)  cpd00023[c0]	(1)  H2O [c0][c0] + (1)  L-Glutamine [c0][c0] => (1)  NH3 [c0][c0] + (1)  L-Glutamate [c0][c0]	rxn00189	U42	R00256	Alanine, aspartate and glutamate metabolism|Arginine and proline metabolism|D-Glutamine and D-glutamate metabolism|Nitrogen metabolism	Amino-Acid-Biosynthesis|Amino-Acid-Degradation|Biosynthesis|CITRULBIO-PWY|Citrulline-Biosynthesis|Degradation|GLUTAMINDEG-PWY|GLUTAMINE-DEG|IND-AMINO-ACID-SYN|Other-Amino-Acid-Biosynthesis
rxn02508_c0	=	Cytosol	Annotated_genome.CDS.4609	N-(5-Phospho-beta-D-ribosyl)anthranilate ketol-isomerase [c0]		0.62		(1)  cpd02642[c0] <=> (1)  cpd00956[c0]	(1)  N-5-phosphoribosyl-anthranilate [c0][c0] <=> (1)  1-(2-carboxyphenylamino) -1-deoxyribulose 5-phosphate [c0][c0]	rxn02508	PRAI	R03509	Phenylalanine, tyrosine and tryptophan biosynthesis	ALL-CHORISMATE-PWY|Amino-Acid-Biosynthesis|Biosynthesis|COMPLETE-ARO-PWY|IND-AMINO-ACID-SYN|TRPSYN-PWY|TRYPTOPHAN-BIOSYNTHESIS
rxn05442_c0	>	Cytosol	(Annotated_genome.CDS.500 or Annotated_genome.CDS.3522 or Annotated_genome.CDS.3653)	11-methyl-trans-dodec-2-enoyl-ACP:NAD+ oxidoreductase (A-specific) [c0]		-16.55		(1)  cpd00004[c0] + (1)  cpd00067[c0] + (1)  cpd11535[c0] => (1)  cpd00003[c0] + (1)  cpd11536[c0]	(1)  NADH [c0][c0] + (1)  H+ [c0][c0] + (1)  11-methyl-trans-dodec-2-enoyl-ACP [c0][c0] => (1)  NAD [c0][c0] + (1)  11-methyl-dodecanoyl-ACP [c0][c0]	rxn05442				
rxn00543_c0	=	Cytosol	(Annotated_genome.CDS.3330 or Annotated_genome.CDS.383 or Annotated_genome.CDS.71 or Annotated_genome.CDS.1996 or Annotated_genome.CDS.169 or Annotated_genome.CDS.2194 or Annotated_genome.CDS.2122 or Annotated_genome.CDS.4294 or Annotated_genome.CDS.4047 or Annotated_genome.CDS.4086)	ethanol:NAD+ oxidoreductase [c0]		5.78		(1)  cpd00003[c0] + (1)  cpd00363[c0] <=> (1)  cpd00004[c0] + (1)  cpd00067[c0] + (1)  cpd00071[c0]	(1)  NAD [c0][c0] + (1)  Ethanol [c0][c0] <=> (1)  NADH [c0][c0] + (1)  H+ [c0][c0] + (1)  Acetaldehyde [c0][c0]	rxn00543	ADH1	R00754	Glycolysis / Gluconeogenesis	Alcohol-Degradation|Biosynthesis|CARBOXYLATES-DEG|Carbohydrates-Biosynthesis|Carbohydrates-Degradation|Degradation|ETOH-ACETYLCOA-ANA-PWY|Energy-Metabolism|Ethanol-Degradation|FERMENTATION-PWY|Fermentation|Other-Degradation|P122-PWY|P161-PWY|P441-PWY|P461-PWY|PWY66-21|Pyruvate-Degradation|SECONDARY-METABOLITE-DEGRADATION|SUCROSE-DEG|SUGAR-ALCOHOLS-DEG|Sugar-Derivatives|Sugars-And-Polysaccharides
rxn01996_c0	=	Cytosol	Annotated_genome.CDS.3023	Methylmalonyl-CoA epimerase [c0]		0		(1)  cpd00891[c0] <=> (1)  cpd00519[c0]	(1)  L-methylmalonyl-CoA [c0][c0] <=> (1)  D-methylmalonyl-CoA [c0][c0]	rxn01996	MME	R02765	Valine, leucine and isoleucine degradation|Glyoxylate and dicarboxylate metabolism|Propanoate metabolism|Carbon fixation pathways in prokaryotes	2-Oxobutanoate-Degradation|Amino-Acid-Degradation|Autotrophic-CO2-Fixation|C1-COMPOUNDS|CARBOXYLATES-DEG|CO2-Fixation|Degradation|Energy-Metabolism|Fermentation|GLUTAMATE-DEG|METHIONINE-DEG|P108-PWY|PROPIONMET-PWY|Propionate-Degradation|Pyruvate-Degradation
rxn05402_c0	=	Cytosol	Annotated_genome.CDS.502	13-methyl-3-hydroxy-tetra-decanoyl-ACP hydro-lyase [c0]		2.163		(1)  cpd11538[c0] <=> (1)  cpd00001[c0] + (1)  cpd11539[c0]	(1)  13-methyl-3-hydroxy-tetra-decanoyl-ACP [c0][c0] <=> (1)  H2O [c0][c0] + (1)  13-methyl-trans-tetra-dec-2-enoyl-ACP [c0][c0]	rxn05402				
rxn00420_c0	>	Cytosol	Annotated_genome.CDS.2816	O-phospho-L-serine phosphohydrolase [c0]		7.21		(1)  cpd00001[c0] + (1)  cpd00738[c0] => (1)  cpd00009[c0] + (1)  cpd00054[c0]	(1)  H2O [c0][c0] + (1)  phosphoserine [c0][c0] => (1)  Phosphate [c0][c0] + (1)  L-Serine [c0][c0]	rxn00420	PSP_L	R00582	Glycine, serine and threonine metabolism|Methane metabolism	Amino-Acid-Biosynthesis|Biosynthesis|IND-AMINO-ACID-SYN|SER-GLYSYN-PWY|SERINE-BIOSYNTHESIS|SERSYN-PWY|SULFATE-CYS-PWY
rxn10221_c0	>	Cytosol	Annotated_genome.CDS.3233	anteisoheptadecanoyl-phosphatidate cytidylyltransferase [c0]		1.07		(1)  cpd00052[c0] + (1)  cpd15678[c0] => (1)  cpd00012[c0] + (1)  cpd00067[c0] + (1)  cpd15684[c0]	(1)  CTP [c0][c0] + (1)  1,2-dianteisoheptadecanoyl-sn-glycerol 3-phosphate [c0][c0] => (1)  PPi [c0][c0] + (1)  H+ [c0][c0] + (1)  CDP-1,2-dianteisoheptadecanoylglycerol [c0][c0]	rxn10221				
rxn02792_c0	>	Cytosol	(Annotated_genome.CDS.41 or Annotated_genome.CDS.1201 or Annotated_genome.CDS.1794 or Annotated_genome.CDS.4260)	gamma-glutamyltranspeptidase family protein [c0]		-2.63		(1)  cpd00023[c0] + (1)  cpd00067[c0] + (1)  cpd01651[c0] => (1)  cpd00001[c0] + (1)  cpd00011[c0] + (1)  cpd03646[c0]	(1)  L-Glutamate [c0][c0] + (1)  H+ [c0][c0] + (1)  L-3-Cyanoalanine [c0][c0] => (1)  H2O [c0][c0] + (1)  CO2 [c0][c0] + (1)  gamma-Glutamyl-3-aminopropiononitrile [c0][c0]	rxn02792				
rxn14334_c0	>	Cytosol	Annotated_genome.CDS.3234	ditrans,tricis-hexaprenyl-diphosphate:isopentenyl-diphosphate hexaprenylcistransferase [c0]		-22.53		(1)  cpd00113[c0] + (1)  cpd17564[c0] => (1)  cpd00012[c0] + (1)  cpd00067[c0] + (1)  cpd17566[c0]	(1)  Isopentenyldiphosphate [c0][c0] + (1)  ditrans,tricis-Hexaprenyl diphosphate [c0][c0] => (1)  PPi [c0][c0] + (1)  H+ [c0][c0] + (1)  ditrans,tetracis-Heptaprenyl diphosphate [c0][c0]	rxn14334		R08750		
rxn07979_c0	=	Cytosol	(Annotated_genome.CDS.3228 or Annotated_genome.CDS.2000)	3-hydroxyacyl-[acyl-carrier-protein] dehydratase (n-C18:0) [c0]		-56.69		(1)  cpd15371[c0] <=> (1)  cpd00001[c0] + (1)  cpd15572[c0]	(1)  R-3-Hydroxyoctadecanoyl-acyl-carrierprotein- [c0][c0] <=> (1)  H2O [c0][c0] + (1)  trans-octadec-2-enoyl-[acyl-carrier protein] [c0][c0]	rxn07979	3HAD180			
rxn08935_c0	=	Cytosol	Annotated_genome.CDS.1630	Maltodextrin glucosidase (maltohexaose) [c0]		-3.11		(1)  cpd00001[c0] + (1)  cpd01329[c0] <=> (1)  cpd00027[c0] + (1)  cpd15495[c0]	(1)  H2O [c0][c0] + (1)  Maltohexaose [c0][c0] <=> (1)  D-Glucose [c0][c0] + (1)  Maltopentaose [c0][c0]	rxn08935	MLTG4			
rxn00993_c0	=	Cytosol	(Annotated_genome.CDS.1790 or Annotated_genome.CDS.4174 or Annotated_genome.CDS.4015 or Annotated_genome.CDS.1813 or Annotated_genome.CDS.1478)	4-fumarylacetoacetate fumarylhydrolase [c0]		12.81		(1)  cpd00067[c0] + (1)  cpd00106[c0] + (1)  cpd00142[c0] <=> (1)  cpd00001[c0] + (1)  cpd00780[c0]	(1)  H+ [c0][c0] + (1)  Fumarate [c0][c0] + (1)  Acetoacetate [c0][c0] <=> (1)  H2O [c0][c0] + (1)  Fumarylacetoacetate [c0][c0]	rxn00993	FUMAC	R01364	Tyrosine metabolism|Styrene degradation	Amino-Acid-Degradation|Degradation|TYRFUMCAT-PWY|TYROSINE-DEG
rxn00469_c0	=	Cytosol	(Annotated_genome.CDS.2170 or Annotated_genome.CDS.3809 or Annotated_genome.CDS.2169)	N2-Acetyl-L-ornithine amidohydrolase [c0]		-2		(1)  cpd00001[c0] + (1)  cpd00342[c0] <=> (1)  cpd00029[c0] + (1)  cpd00064[c0]	(1)  H2O [c0][c0] + (1)  N-Acetylornithine [c0][c0] <=> (1)  Acetate [c0][c0] + (1)  Ornithine [c0][c0]	rxn00469		R00669	Arginine and proline metabolism	ARG+POLYAMINE-SYN|ARGININE-SYN|ARGSYN-PWY|Amino-Acid-Biosynthesis|Biosynthesis|GLUTORN-PWY|IND-AMINO-ACID-SYN|Other-Amino-Acid-Biosynthesis|Polyamine-Biosynthesis
rxn03917_c0	=	Cytosol	Annotated_genome.CDS.2683	D-glycero-beta-D-manno-heptose-7-phosphate aldose-ketose-isomerase [c0]		-0.86		(1)  cpd00238[c0] <=> (1)  cpd04918[c0]	(1)  Sedoheptulose7-phosphate [c0][c0] <=> (1)  D-Glycero-D-manno-heptose7-phosphate [c0][c0]	rxn03917		R05645	Lipopolysaccharide biosynthesis	
rxn02804_c0	<	Cytosol	((Annotated_genome.CDS.1599 or Annotated_genome.CDS.3974 or Annotated_genome.CDS.2506 or Annotated_genome.CDS.2160 or Annotated_genome.CDS.955 or Annotated_genome.CDS.1446 or Annotated_genome.CDS.2496 or Annotated_genome.CDS.2192 or Annotated_genome.CDS.3917 or Annotated_genome.CDS.2437 or Annotated_genome.CDS.1650) or Annotated_genome.CDS.3491)	myristoyl-CoA:acetylCoA C-myristoyltransferase [c0]	2.3.1.155	7.06		(1)  cpd00022[c0] + (1)  cpd01695[c0] <= (1)  cpd00010[c0] + (1)  cpd03114[c0]	(1)  Acetyl-CoA [c0][c0] + (1)  Myristoyl-CoA [c0][c0] <= (1)  CoA [c0][c0] + (1)  3-Oxopalmitoyl-CoA [c0][c0]	rxn02804	ACACT7r	R03991	Fatty acid elongation|Fatty acid degradation	
rxn05005_c0	=	Cytosol	Annotated_genome.CDS.1894	S-adenosyl-L-methionine:uroporphyrinogen-III C-methyltransferase [c0]				(1)  cpd00017[c0] + (1)  cpd00774[c0] <=> (1)  cpd00019[c0] + (1)  cpd00067[c0] + (1)  cpd11206[c0]	(1)  S-Adenosyl-L-methionine [c0][c0] + (1)  UroporphyrinogenIII [c0][c0] <=> (1)  S-Adenosyl-homocysteine [c0][c0] + (1)  H+ [c0][c0] + (1)  Precorrin 1 [c0][c0]	rxn05005		R07237		Adenosylcobalamin-Biosynthesis|Biosynthesis|Cobalamin-Biosynthesis|Cofactor-Biosynthesis|P381-PWY|Porphyrin-Compounds-Biosynthesis|Vitamin-Biosynthesis
rxn01395_c0	>	Cytosol	Annotated_genome.CDS.4180	oxalyl-CoA carboxy-lyase (formyl-CoA-forming) [c0]	4.1.1.8	-4.09		(1)  cpd00067[c0] + (1)  cpd00262[c0] => (1)  cpd00011[c0] + (1)  cpd00592[c0]	(1)  H+ [c0][c0] + (1)  Oxalyl-CoA [c0][c0] => (1)  CO2 [c0][c0] + (1)  Formyl-CoA [c0][c0]	rxn01395	OXCDC	R01908	Glyoxylate and dicarboxylate metabolism	CARBOXYLATES-DEG|Degradation|Oxalate-Degradation
rxn00048_c0	>	Cytosol	Annotated_genome.CDS.3245	6,7-Dimethyl-8-(1-D-ribityl)lumazine:6,7-dimethyl-8-(1-D-ribityl)lumazine 2,3-butanediyltransferase [c0]		-41.52		(1)  cpd00067[c0] + (2)  cpd02656[c0] => (1)  cpd00220[c0] + (1)  cpd02882[c0]	(1)  H+ [c0][c0] + (2)  6-7-Dimethyl-8--1-D-ribityllumazine [c0][c0] => (1)  Riboflavin [c0][c0] + (1)  4--1-D-Ribitylamino-5-aminouracil [c0][c0]	rxn00048		R00066	Riboflavin metabolism	Biosynthesis|Cofactor-Biosynthesis|Flavin-Biosynthesis|RIBOSYN2-PWY|Vitamin-Biosynthesis
rxn09200_c0	>	Cytosol	Annotated_genome.CDS.3577	Phosphatidylserine decarboxylase (n-C16:0) [c0]		-73.2		(2)  cpd00067[c0] + (1)  cpd15555[c0] => (1)  cpd00011[c0] + (1)  cpd15531[c0]	(2)  H+ [c0][c0] + (1)  phosphatidylserine dihexadecanoyl [c0][c0] => (1)  CO2 [c0][c0] + (1)  phosphatidylethanolamine dihexadecanoyl [c0][c0]	rxn09200	PSD160			
rxn00283_c0	=	Cytosol	(Annotated_genome.CDS.2124 or Annotated_genome.CDS.1929 or Annotated_genome.CDS.3632)	alanine racemase [c0]		0		(1)  cpd00035[c0] <=> (1)  cpd00117[c0]	(1)  L-Alanine [c0][c0] <=> (1)  D-Alanine [c0][c0]	rxn00283	ALAR	R00401	D-Alanine metabolism	ALADEG-PWY|ALANINE-DEG|ALANINE-SYN|ALANINE-VALINESYN-PWY|Amino-Acid-Biosynthesis|Amino-Acid-Degradation|Biosynthesis|Degradation|IND-AMINO-ACID-SYN|PWY0-1061
rxn03962_c0	=	Cytosol	Annotated_genome.CDS.3353	GDP-L-fucose:NADP+ 4-oxidoreductase (3,5-epimerizing) [c0]		2.3		(1)  cpd00006[c0] + (1)  cpd00272[c0] <=> (1)  cpd00005[c0] + (1)  cpd00067[c0] + (1)  cpd00900[c0]	(1)  NADP [c0][c0] + (1)  GDP-L-fucose [c0][c0] <=> (1)  NADPH [c0][c0] + (1)  H+ [c0][c0] + (1)  GDP-4-dehydro-D-rhamnose [c0][c0]	rxn03962	GFUCS	R05692	Fructose and mannose metabolism|Amino sugar and nucleotide sugar metabolism	
rxn05373_c0	=	Cytosol	(Annotated_genome.CDS.502 or (Annotated_genome.CDS.3228 or Annotated_genome.CDS.2000))	10-methyl-3-hydroxy-dodecanoyl-ACP hydro-lyase [c0]		2.163		(1)  cpd11509[c0] <=> (1)  cpd00001[c0] + (1)  cpd11510[c0]	(1)  10-methyl-3-hydroxy-dodecanoyl-ACP [c0][c0] <=> (1)  H2O [c0][c0] + (1)  10-methyl-trans-dodec-2-enoyl-ACP [c0][c0]	rxn05373				
rxn00726_c0	>	Cytosol	(Annotated_genome.CDS.3069 and Annotated_genome.CDS.3068)	chorismate pyruvate-lyase (amino-accepting; anthranilate-forming) [c0]		-39.44		(1)  cpd00013[c0] + (1)  cpd00216[c0] => (1)  cpd00001[c0] + (1)  cpd00020[c0] + (1)  cpd00067[c0] + (1)  cpd00093[c0]	(1)  NH3 [c0][c0] + (1)  Chorismate [c0][c0] => (1)  H2O [c0][c0] + (1)  Pyruvate [c0][c0] + (1)  H+ [c0][c0] + (1)  Anthranilate [c0][c0]	rxn00726	ANS2	R00985	Phenylalanine, tyrosine and tryptophan biosynthesis	
rxn00184_c0	=	Cytosol	(Annotated_genome.CDS.4331 or (Annotated_genome.CDS.3036 or Annotated_genome.CDS.1746 or Annotated_genome.CDS.4329))	L-Glutamate:NADP+ oxidoreductase (deaminating) [c0]		8.69		(1)  cpd00001[c0] + (1)  cpd00006[c0] + (1)  cpd00023[c0] <=> (1)  cpd00005[c0] + (1)  cpd00013[c0] + (1)  cpd00024[c0] + (1)  cpd00067[c0]	(1)  H2O [c0][c0] + (1)  NADP [c0][c0] + (1)  L-Glutamate [c0][c0] <=> (1)  NADPH [c0][c0] + (1)  NH3 [c0][c0] + (1)  2-Oxoglutarate [c0][c0] + (1)  H+ [c0][c0]	rxn00184	GDH1	R00248	Alanine, aspartate and glutamate metabolism|Arginine and proline metabolism|D-Glutamine and D-glutamate metabolism|Nitrogen metabolism	ARGININE-SYN|ARGININE-SYN4-PWY|Amino-Acid-Biosynthesis|Amino-Acid-Degradation|Biosynthesis|Degradation|Energy-Metabolism|GLUTAMATE-DEG|GLUTAMATE-SYN|GLUTAMATE-SYN2-PWY|GLUTAMINE-SYN|GLUTSYNIII-PWY|IND-AMINO-ACID-SYN|Metabolic-Clusters|NITROGEN-DEG|Nitrate-Reduction|Noncarbon-Nutrients|PWY490-3|TCA-VARIANTS
rxn00379_c0	=	Cytosol	(Annotated_genome.CDS.3155 and Annotated_genome.CDS.3154)	ATP:sulfate adenylyltransferase [c0]		3.04		(1)  cpd00002[c0] + (1)  cpd00048[c0] <=> (1)  cpd00012[c0] + (1)  cpd00193[c0]	(1)  ATP [c0][c0] + (1)  Sulfate [c0][c0] <=> (1)  PPi [c0][c0] + (1)  APS [c0][c0]	rxn00379	MET3	R00529	Purine metabolism|Sulfur metabolism	ANAEROBIC-RESPIRATION|Activation|Activation-Inactivation-Interconversion|Amino-Acid-Biosynthesis|Biosynthesis|CHEMOAUTOTROPHIC-ENERGY-METABOLISM|DISSULFRED-PWY|Degradation|Energy-Metabolism|IND-AMINO-ACID-SYN|METHIONINE-SYN|Noncarbon-Nutrients|P224-PWY|Respiration|SO4ASSIM-PWY|SULFATE-CYS-PWY|SULFMETII-PWY|Sulfate-Reduction|Sulfide-Oxidation|Sulfite-Oxidation|Sulfur-Assimilation|Sulfur-Disproportionation|Thiosulfate-Disproportionation
rxn08918_c0	=	Cytosol	Annotated_genome.CDS.3929	L-methionine-S-oxide reductase [c0]	1.8.4.5			(1)  cpd11421[c0] + (1)  cpd15498[c0] <=> (1)  cpd00001[c0] + (1)  cpd00060[c0] + (1)  cpd11420[c0]	(1)  trdrd [c0][c0] + (1)  L-Methionine Sulfoxide [c0][c0] <=> (1)  H2O [c0][c0] + (1)  L-Methionine [c0][c0] + (1)  trdox [c0][c0]	rxn08918	METSOXR1			
rxn01025_c0	>	Cytosol	(Annotated_genome.CDS.2267 or Annotated_genome.CDS.371 or Annotated_genome.CDS.370)	5-Methylcytosine aminohydrolase [c0]		-5.14		(1)  cpd00001[c0] + (1)  cpd00067[c0] + (1)  cpd01587[c0] => (1)  cpd00013[c0] + (1)  cpd00151[c0]	(1)  H2O [c0][c0] + (1)  H+ [c0][c0] + (1)  5-Methylcytosine [c0][c0] => (1)  NH3 [c0][c0] + (1)  Thymine [c0][c0]	rxn01025	MCSNAH1r	R01411	Pyrimidine metabolism	
rxn08851_c0	=	Cytosol	Annotated_genome.CDS.1138	Lysophospholipase L2 (2-acylglycerophosphoglycerol, n-C18:1) [c0]		-336.2		(1)  cpd00001[c0] + (1)  cpd15349[c0] <=> (1)  cpd00067[c0] + (1)  cpd02090[c0] + (1)  cpd15269[c0]	(1)  H2O [c0][c0] + (1)  2-Acyl-sn-glycero-3-phosphoglycerol octadec-11-enoyl [c0][c0] <=> (1)  H+ [c0][c0] + (1)  Glycerophosphoglycerol [c0][c0] + (1)  octadecenoate [c0][c0]	rxn08851	LPLIPAL2G181			
rxn05330_c0	=	Cytosol	(Annotated_genome.CDS.502 or (Annotated_genome.CDS.3228 or Annotated_genome.CDS.2000))	(3R)-3-Hydroxybutanoyl-[acyl-carrier-protein] hydro-lyase [c0]		2.16		(1)  cpd11479[c0] <=> (1)  cpd00001[c0] + (1)  cpd11473[c0]	(1)  D-3-Hydroxyhexanoyl-[acp] [c0][c0] <=> (1)  H2O [c0][c0] + (1)  (2E) -Hexenoyl-[acp] [c0][c0]	rxn05330	3HAD60	R04954	Fatty acid biosynthesis	Biosynthesis|Fatty-acid-biosynthesis|Lipid-Biosynthesis|Palmitate-Biosynthesis
rxn02155_c0	=	Cytosol	Annotated_genome.CDS.266	ATP:nicotinamide-nucleotide adenylyltransferase [c0]		1.07		(1)  cpd00002[c0] + (1)  cpd00873[c0] <=> (1)  cpd00012[c0] + (1)  cpd00638[c0]	(1)  ATP [c0][c0] + (1)  Nicotinate ribonucleotide [c0][c0] <=> (1)  PPi [c0][c0] + (1)  Deamido-NAD [c0][c0]	rxn02155	NNAT	R03005	Nicotinate and nicotinamide metabolism	Biosynthesis|Cofactor-Biosynthesis|NAD-Metabolism|NAD-SYN|NADSYN-PWY|PWY0-781|PYRIDNUCSAL-PWY|PYRIDNUCSYN-PWY
rxn02866_c0	<	Cytosol	Annotated_genome.CDS.2757	3-methylbutanoyl-CoA:(acceptor) 2,3-oxidoreductase [c0]		6.67		(1)  cpd00015[c0] + (1)  cpd00067[c0] + (1)  cpd01882[c0] <= (1)  cpd00982[c0] + (1)  cpd01966[c0]	(1)  FAD [c0][c0] + (1)  H+ [c0][c0] + (1)  Isovaleryl-CoA [c0][c0] <= (1)  FADH2 [c0][c0] + (1)  Dimethylacryloyl-CoA [c0][c0]	rxn02866	MBCOAi	R04095	Valine, leucine and isoleucine degradation	
rxn00304_c0	>	Cytosol	Annotated_genome.CDS.4469	GTP:pyruvate 2-O-phosphotransferase [c0]		-4.92		(1)  cpd00020[c0] + (1)  cpd00038[c0] => (1)  cpd00031[c0] + (1)  cpd00061[c0] + (1)  cpd00067[c0]	(1)  Pyruvate [c0][c0] + (1)  GTP [c0][c0] => (1)  GDP [c0][c0] + (1)  Phosphoenolpyruvate [c0][c0] + (1)  H+ [c0][c0]	rxn00304		R00430	Purine metabolism	
rxn05170_c0	>	Cytosol	((Annotated_genome.CDS.55 and Annotated_genome.CDS.56 and Annotated_genome.CDS.54) or ((Annotated_genome.CDS.2154 or Annotated_genome.CDS.857 or Annotated_genome.CDS.4167) and (Annotated_genome.CDS.2155 or Annotated_genome.CDS.4166 or Annotated_genome.CDS.858 or Annotated_genome.CDS.3846)))	TRANS-RXNAVI-26732.ce.brachyexp.CPD-3609_CPD-3609 [c0]	3.A.1.1	-6.82		(1)  cpd00001[c0] + (1)  cpd00002[c0] + (1)  cpd00179[e0] => (1)  cpd00008[c0] + (1)  cpd00009[c0] + (1)  cpd00067[c0] + (1)  cpd00179[c0]	(1)  H2O [c0][c0] + (1)  ATP [c0][c0] + (1)  Maltose [e0][e0] => (1)  ADP [c0][c0] + (1)  Phosphate [c0][c0] + (1)  H+ [c0][c0] + (1)  Maltose [c0][c0]	rxn05170	MALTabc			
rxn02475_c0	>	Cytosol	Annotated_genome.CDS.3246	2,5-Diamino-6-hydroxy-4-(5-phosphoribosylamino)-pyrimidine 2-aminohydrolase [c0]		-8.88		(1)  cpd00001[c0] + (1)  cpd00067[c0] + (1)  cpd00957[c0] => (1)  cpd00013[c0] + (1)  cpd00931[c0]	(1)  H2O [c0][c0] + (1)  H+ [c0][c0] + (1)  2,5-Diamino-6-(5'-phosphoribosylamino) -4-pyrimidineone [c0][c0] => (1)  NH3 [c0][c0] + (1)  5-Amino-6--5-phosphoribosylaminouracil [c0][c0]	rxn02475	RIB7_1	R03459	Riboflavin metabolism	Biosynthesis|Cofactor-Biosynthesis|Flavin-Biosynthesis|RIBOSYN2-PWY|Vitamin-Biosynthesis
rxn05339_c0	=	Cytosol	(Annotated_genome.CDS.2407 or Annotated_genome.CDS.1016)	(3R)-3-Hydroxybutanoyl-[acyl-carrier protein]:NADP+ oxidoreductase [c0]		3.76		(1)  cpd00006[c0] + (1)  cpd11478[c0] <=> (1)  cpd00005[c0] + (1)  cpd11488[c0]	(1)  NADP [c0][c0] + (1)  (R) -3-Hydroxybutanoyl-[acyl-carrier protein] [c0][c0] <=> (1)  NADPH [c0][c0] + (1)  Acetoacetyl-ACP [c0][c0]	rxn05339	HBUR1	R04533	Fatty acid biosynthesis	
rxn05460_c0	>	Cytosol	(Annotated_genome.CDS.501 or Annotated_genome.CDS.1999 or (Annotated_genome.CDS.1013 or Annotated_genome.CDS.1998))	3-Oxooctodecanoyl-ACP:malonyl-[acyl-carrier-protein] C-acyltransferase (decarboxylating) [c0]		2.156		(1)  cpd11476[c0] + (1)  cpd11492[c0] => (1)  cpd00011[c0] + (1)  cpd11493[c0] + (1)  cpd11570[c0]	(1)  hexadecanoyl-acp [c0][c0] + (1)  Malonyl-acyl-carrierprotein- [c0][c0] => (1)  CO2 [c0][c0] + (1)  ACP [c0][c0] + (1)  3-Oxooctodecanoyl-ACP [c0][c0]	rxn05460				
rxn09039_c0	=	Cytosol	Annotated_genome.CDS.4368	2-OCTAPRENYL-METHOXY-BENZOQ-METH-RXN.c [c0]		-20.64		(1)  cpd00017[c0] + (1)  cpd15359[c0] <=> (1)  cpd00019[c0] + (1)  cpd00067[c0] + (1)  cpd15361[c0]	(1)  S-Adenosyl-L-methionine [c0][c0] + (1)  2-Octaprenyl-6-methoxy-1,4-benzoquinol [c0][c0] <=> (1)  S-Adenosyl-homocysteine [c0][c0] + (1)  H+ [c0][c0] + (1)  2-Octaprenyl3-methyl-6-methoxy- 1,4-benzoquinol [c0][c0]	rxn09039	OMBZLM			ALL-CHORISMATE-PWY|Biosynthesis|Cofactor-Biosynthesis|Quinone-Biosynthesis|UBISYN-PWY|Ubiquinone-Biosynthesis
rxn03108_c0	>	Cytosol	Annotated_genome.CDS.2765	ATP:4-amino-2-methyl-5-phosphomethylpyrimidine phosphotransferase [c0]		9.53		(1)  cpd00002[c0] + (1)  cpd00067[c0] + (1)  cpd02775[c0] => (1)  cpd00008[c0] + (1)  cpd02894[c0]	(1)  ATP [c0][c0] + (1)  H+ [c0][c0] + (1)  4-Amino-5-phosphomethyl-2-methylpyrimidine [c0][c0] => (1)  ADP [c0][c0] + (1)  4-Amino-2-methyl-5-diphosphomethylpyrimidine [c0][c0]	rxn03108	PMPK	R04509	Thiamine metabolism	Biosynthesis|Cofactor-Biosynthesis|THISYN-PWY|THISYNARA-PWY|Thiamin-Salvage|Thiamine-Biosynthesis|Vitamin-Biosynthesis
rxn00675_c0	>	Cytosol	(Annotated_genome.CDS.473 or Annotated_genome.CDS.3672 or Annotated_genome.CDS.1521 or Annotated_genome.CDS.3390 or Annotated_genome.CDS.1672 or Annotated_genome.CDS.1542)	Propionyladenylate:CoA propionyltransferase [c0]		-10.42		(1)  cpd00010[c0] + (1)  cpd03560[c0] => (1)  cpd00018[c0] + (1)  cpd00067[c0] + (1)  cpd00086[c0]	(1)  CoA [c0][c0] + (1)  Propionyladenylate [c0][c0] => (1)  AMP [c0][c0] + (1)  H+ [c0][c0] + (1)  Propionyl-CoA [c0][c0]	rxn00675		R00926	Propanoate metabolism	
rxn01018_c0	>	Cytosol	Annotated_genome.CDS.2678	carbamoyl-phosphate:L-aspartate carbamoyltransferase [c0]		0.55		(1)  cpd00041[c0] + (1)  cpd00146[c0] => (1)  cpd00009[c0] + (1)  cpd00067[c0] + (1)  cpd00343[c0]	(1)  L-Aspartate [c0][c0] + (1)  Carbamoylphosphate [c0][c0] => (1)  Phosphate [c0][c0] + (1)  H+ [c0][c0] + (1)  N-Carbamoyl-L-aspartate [c0][c0]	rxn01018	ASPCT	R01397	Pyrimidine metabolism|Alanine, aspartate and glutamate metabolism	Biosynthesis|Nucleotide-Biosynthesis|PRPP-PWY|PWY0-162|PYR-NUC-SYN|Pyrimidine-De-Novo-Biosyn
rxn00714_c0	>	Cytosol	(Annotated_genome.CDS.3867 or Annotated_genome.CDS.3380)	P1,P4-bis(5'-uridyl)-tetraphosphate uridylohydrolase [c0]		-18.84		(1)  cpd00001[c0] + (1)  cpd03706[c0] => (1)  cpd00062[c0] + (1)  cpd00067[c0] + (1)  cpd00091[c0]	(1)  H2O [c0][c0] + (1)  UppppU [c0][c0] => (1)  UTP [c0][c0] + (1)  H+ [c0][c0] + (1)  UMP [c0][c0]	rxn00714		R00969	Pyrimidine metabolism	
rxn08813_c0	=	Cytosol	Annotated_genome.CDS.1138	Lysophospholipase L1 (2-acylglycerophosphoglycerol, n-C16:0) (periplasm) [c0]		-400.27		(1)  cpd00001[c0] + (1)  cpd15321[c0] <=> (1)  cpd00067[c0] + (1)  cpd00214[c0] + (1)  cpd02090[c0]	(1)  H2O [c0][c0] + (1)  1-Acyl-sn-glycero-3-phosphoglycerol hexadecanoyl [c0][c0] <=> (1)  H+ [c0][c0] + (1)  Palmitate [c0][c0] + (1)  Glycerophosphoglycerol [c0][c0]	rxn08813	LPLIPAL1G160pp			
rxn05506_c0	>	Cytosol	Annotated_genome.CDS.3613	Arsenate transporter [c0]		0		(1)  cpd01048[c0] => (1)  cpd01048[e0]	(1)  Arsenate [c0][c0] => (1)  Arsenate [e0][e0]	rxn05506				
rxn00124_c0	>	Cytosol	Annotated_genome.CDS.1357	ATP:pyridoxal 5'-phosphotransferase [c0]		-14.03		(1)  cpd00002[c0] + (1)  cpd00215[c0] => (1)  cpd00008[c0] + (1)  cpd00016[c0] + (1)  cpd00067[c0]	(1)  ATP [c0][c0] + (1)  Pyridoxal [c0][c0] => (1)  ADP [c0][c0] + (1)  Pyridoxal phosphate [c0][c0] + (1)  H+ [c0][c0]	rxn00124	PYDXK	R00174	Vitamin B6 metabolism	Biosynthesis|Cofactor-Biosynthesis|PLPSAL-PWY|PWY0-845|Vitamin-B6-Biosynthesis|Vitamin-Biosynthesis
rxn03514_c0	=	Cytosol	Annotated_genome.CDS.3952	S-adenosyl-L-methionine:precorrin-4 C11 methyltransferase [c0]				(1)  cpd00017[c0] + (1)  cpd03834[c0] <=> (1)  cpd00019[c0] + (1)  cpd00067[c0] + (1)  cpd03839[c0]	(1)  S-Adenosyl-L-methionine [c0][c0] + (1)  Precorrin 4 [c0][c0] <=> (1)  S-Adenosyl-homocysteine [c0][c0] + (1)  H+ [c0][c0] + (1)  Precorrin 5 [c0][c0]	rxn03514	PC11M	R05181	Porphyrin and chlorophyll metabolism	Adenosylcobalamin-Biosynthesis|Biosynthesis|Cobalamin-Biosynthesis|Cofactor-Biosynthesis|P381-PWY|Vitamin-Biosynthesis
rxn08793_c0	>	Cytosol	Annotated_genome.CDS.1482	L-Lactate dehydrogenase (menaquinone) [c0]		153.23		(1)  cpd00159[c0] + (1)  cpd15500[c0] => (1)  cpd00020[c0] + (1)  cpd15499[c0]	(1)  L-Lactate [c0][c0] + (1)  Menaquinone 8 [c0][c0] => (1)  Pyruvate [c0][c0] + (1)  Menaquinol 8 [c0][c0]	rxn08793	L-LACD3			
rxn00947_c0	>	Cytosol	(Annotated_genome.CDS.1457 or Annotated_genome.CDS.4324 or Annotated_genome.CDS.2788 or Annotated_genome.CDS.4283 or Annotated_genome.CDS.3597 or Annotated_genome.CDS.4051 or Annotated_genome.CDS.3649 or Annotated_genome.CDS.3488 or Annotated_genome.CDS.4284 or Annotated_genome.CDS.962 or Annotated_genome.CDS.1662 or Annotated_genome.CDS.4316 or Annotated_genome.CDS.1459 or Annotated_genome.CDS.1598 or Annotated_genome.CDS.4258 or Annotated_genome.CDS.2390 or Annotated_genome.CDS.445 or Annotated_genome.CDS.2201 or Annotated_genome.CDS.1641)	Palmitate:CoA ligase (AMP-forming) [c0]		-21.55		(1)  cpd00002[c0] + (1)  cpd00010[c0] + (1)  cpd00214[c0] => (1)  cpd00012[c0] + (1)  cpd00018[c0] + (1)  cpd00067[c0] + (1)  cpd00134[c0]	(1)  ATP [c0][c0] + (1)  CoA [c0][c0] + (1)  Palmitate [c0][c0] => (1)  PPi [c0][c0] + (1)  AMP [c0][c0] + (1)  H+ [c0][c0] + (1)  Palmitoyl-CoA [c0][c0]	rxn00947	FAA1_3	R01280	Fatty acid degradation	Activation|Activation-Inactivation-Interconversion|Alkanes-Biosynthesis|Biosynthesis|Carbohydrates-Biosynthesis|Energy-Metabolism|Fatty-acid-biosynthesis|Lipid-Biosynthesis|Stearate-Biosynthesis
rxn02971_c0	=	Cytosol	Annotated_genome.CDS.1448	5-oxo-2,5-dihydrofuran-2-acetate delta3-delat2-isomerase [c0]		3.13		(1)  cpd02536[c0] <=> (1)  cpd02255[c0]	(1)  Muconolactone [c0][c0] <=> (1)  3-oxoadipate-enol-lactone [c0][c0]	rxn02971	CATC	R04260		AROMATIC-COMPOUNDS-DEGRADATION|CATECHOL-ORTHO-CLEAVAGE-PWY|Catechol-Degradation|Degradation|MANDELATE-DEG
rxn03247_c0	=	Cytosol	((Annotated_genome.CDS.3831 or Annotated_genome.CDS.4483 or Annotated_genome.CDS.3915 or Annotated_genome.CDS.1597 or Annotated_genome.CDS.2162 or Annotated_genome.CDS.3028 or Annotated_genome.CDS.4286 or Annotated_genome.CDS.4034 or Annotated_genome.CDS.1762 or Annotated_genome.CDS.3331 or Annotated_genome.CDS.2200 or Annotated_genome.CDS.3898 or Annotated_genome.CDS.4130 or Annotated_genome.CDS.1589 or Annotated_genome.CDS.4054 or Annotated_genome.CDS.3594 or Annotated_genome.CDS.2383 or Annotated_genome.CDS.403 or Annotated_genome.CDS.3583 or Annotated_genome.CDS.3648 or Annotated_genome.CDS.4317 or Annotated_genome.CDS.1649) or (Annotated_genome.CDS.3682 or Annotated_genome.CDS.4491))	(S)-Hydroxyoctanoyl-CoA hydro-lyase [c0]		2.16		(1)  cpd03120[c0] <=> (1)  cpd00001[c0] + (1)  cpd03130[c0]	(1)  (S) -Hydroxyoctanoyl-CoA [c0][c0] <=> (1)  H2O [c0][c0] + (1)  (2E) -Octenoyl-CoA [c0][c0]	rxn03247	ECOAH3	R04746	Fatty acid elongation|Fatty acid degradation	
rxn01476_c0	>	Cytosol	Annotated_genome.CDS.1886	6-Phospho-D-glucono-1,5-lactone lactonohydrolase [c0]		-5.48		(1)  cpd00001[c0] + (1)  cpd00911[c0] => (1)  cpd00067[c0] + (1)  cpd00284[c0]	(1)  H2O [c0][c0] + (1)  6-phospho-D-glucono-1-5-lactone [c0][c0] => (1)  H+ [c0][c0] + (1)  6-Phospho-D-gluconate [c0][c0]	rxn01476	PGL	R02035	Pentose phosphate pathway	C1-COMPOUNDS|Carbohydrates-Degradation|Degradation|Energy-Metabolism|Fermentation|Formaldehyde-Oxidation|GLYCOLYSIS-E-D|OXIDATIVEPENT-PWY|P122-PWY|PENTOSE-P-PWY|Pentose-Phosphate-Cycle|RUMP-PWY|Sugars-And-Polysaccharides|Xylose-Degradation
rxn03146_c0	=	Cytosol	Annotated_genome.CDS.4595	UDP-3-O-[(3R)-3-hydroxymyristoyl]-N-acetylglucosamine amidohydrolase [c0]	3.5.1.108	-2		(1)  cpd00001[c0] + (1)  cpd02886[c0] <=> (1)  cpd00029[c0] + (1)  cpd03584[c0]	(1)  H2O [c0][c0] + (1)  UDP-3-O-(beta-hydroxymyristoyl) -N-acetylglucosamine [c0][c0] <=> (1)  Acetate [c0][c0] + (1)  UDP-3-O-(beta-hydroxymyristoyl) -D-glucosamine [c0][c0]	rxn03146	UHGADA	R04587	Lipopolysaccharide biosynthesis	Biosynthesis|Cell-Structure-Biosynthesis|KDO-NAGLIPASYN-PWY|LPSSYN-PWY|Lipid-Biosynthesis|Lipopolysaccharide-Biosynthesis|NAGLIPASYN-PWY
rxn03893_c0	>	Cytosol	Annotated_genome.CDS.1708	all-trans-octaprenyl-diphosphate:4-hydroxybenzoate 3-octaprenyltransferase [c0]		-26.44		(1)  cpd00136[c0] + (1)  cpd02557[c0] => (1)  cpd00012[c0] + (1)  cpd00067[c0] + (1)  cpd03443[c0]	(1)  4-Hydroxybenzoate [c0][c0] + (1)  Farnesylfarnesylgeraniol [c0][c0] => (1)  PPi [c0][c0] + (1)  H+ [c0][c0] + (1)  3-Octaprenyl-4-hydroxybenzoate [c0][c0]	rxn03893	HBZOPT	R05615	Ubiquinone and other terpenoid-quinone biosynthesis	
rxn02789_c0	=	Cytosol	(Annotated_genome.CDS.137 or Annotated_genome.CDS.133)	2-Isopropylmalate hydro-lyase [c0]		1.47		(1)  cpd01646[c0] <=> (1)  cpd00001[c0] + (1)  cpd01710[c0]	(1)  2-Isopropylmalate [c0][c0] <=> (1)  H2O [c0][c0] + (1)  2-Isopropylmaleate [c0][c0]	rxn02789	IPPMIb	R03968	Valine, leucine and isoleucine biosynthesis	Amino-Acid-Biosynthesis|BRANCHED-CHAIN-AA-SYN-PWY|Biosynthesis|Energy-Metabolism|IND-AMINO-ACID-SYN|LEUCINE-SYN|LEUSYN-PWY
rxn00988_c0	>	Cytosol	(Annotated_genome.CDS.1457 or Annotated_genome.CDS.4324 or Annotated_genome.CDS.2788 or Annotated_genome.CDS.4283 or Annotated_genome.CDS.3597 or Annotated_genome.CDS.4051 or Annotated_genome.CDS.3649 or Annotated_genome.CDS.3488 or Annotated_genome.CDS.4284 or Annotated_genome.CDS.962 or Annotated_genome.CDS.1662 or Annotated_genome.CDS.4316 or Annotated_genome.CDS.1459 or Annotated_genome.CDS.1598 or Annotated_genome.CDS.4258 or Annotated_genome.CDS.2390 or Annotated_genome.CDS.445 or Annotated_genome.CDS.2201 or Annotated_genome.CDS.1641)	Acetoacetate:CoA ligase (AMP-forming) [c0]	6.2.1.16	-21.55		(1)  cpd00002[c0] + (1)  cpd00010[c0] + (1)  cpd00142[c0] => (1)  cpd00012[c0] + (1)  cpd00018[c0] + (1)  cpd00067[c0] + (1)  cpd00279[c0]	(1)  ATP [c0][c0] + (1)  CoA [c0][c0] + (1)  Acetoacetate [c0][c0] => (1)  PPi [c0][c0] + (1)  AMP [c0][c0] + (1)  H+ [c0][c0] + (1)  Acetoacetyl-CoA [c0][c0]	rxn00988	ACAC	R01357	Butanoate metabolism	
rxn00410_c0	>	Cytosol	Annotated_genome.CDS.3195	UTP:ammonia ligase (ADP-forming) [c0]		-1.67		(1)  cpd00002[c0] + (1)  cpd00013[c0] + (1)  cpd00062[c0] => (1)  cpd00008[c0] + (1)  cpd00009[c0] + (1)  cpd00052[c0] + (2)  cpd00067[c0]	(1)  ATP [c0][c0] + (1)  NH3 [c0][c0] + (1)  UTP [c0][c0] => (1)  ADP [c0][c0] + (1)  Phosphate [c0][c0] + (1)  CTP [c0][c0] + (2)  H+ [c0][c0]	rxn00410	URA7_2	R00571	Pyrimidine metabolism	
rxn01333_c0	=	Cytosol	Annotated_genome.CDS.1609	sedoheptulose-7-phosphate:D-glyceraldehyde-3-phosphate glyceronetransferase [c0]		-1.75		(1)  cpd00102[c0] + (1)  cpd00238[c0] <=> (1)  cpd00072[c0] + (1)  cpd00236[c0]	(1)  Glyceraldehyde3-phosphate [c0][c0] + (1)  Sedoheptulose7-phosphate [c0][c0] <=> (1)  D-fructose-6-phosphate [c0][c0] + (1)  D-Erythrose4-phosphate [c0][c0]	rxn01333		R01827	Pentose phosphate pathway	C1-COMPOUNDS|Carbohydrates-Degradation|Degradation|Energy-Metabolism|Fermentation|Formaldehyde-Assimilation|NONOXIPENT-PWY|P124-PWY|P185-PWY|PENTOSE-P-PWY|Pentose-Phosphate-Cycle|Sugars-And-Polysaccharides|Xylose-Degradation
rxn02925_c0	=	Cytosol	(Annotated_genome.CDS.2037 or Annotated_genome.CDS.757 or Annotated_genome.CDS.2127)	L-Alanine:3-oxopropanoate aminotransferase [c0]		1		(1)  cpd00035[c0] + (1)  cpd00287[c0] <=> (1)  cpd00020[c0] + (1)  cpd02096[c0]	(1)  L-Alanine [c0][c0] + (1)  3-Oxo-2-methylpropanoate [c0][c0] <=> (1)  Pyruvate [c0][c0] + (1)  L-3-Amino-isobutyrate [c0][c0]	rxn02925		R04187	Valine, leucine and isoleucine degradation	
rxn12510_c0	>	Cytosol	Annotated_genome.CDS.746	ATP:pantothenate 4'-phosphotransferase [c0]		-14.03		(1)  cpd00002[c0] + (1)  cpd00644[c0] => (1)  cpd00008[c0] + (1)  cpd00067[c0] + (1)  cpd02201[c0]	(1)  ATP [c0][c0] + (1)  PAN [c0][c0] => (1)  ADP [c0][c0] + (1)  H+ [c0][c0] + (1)  4-phosphopantothenate [c0][c0]	rxn12510	PNTK	R03018	Pantothenate and CoA biosynthesis	Biosynthesis|CoA-Biosynthesis|Cofactor-Biosynthesis|PANTO-PWY|PANTOSYN-PWY|Pantothenate-Biosynthesis|Vitamin-Biosynthesis
rxn00151_c0	>	Cytosol	Annotated_genome.CDS.4172	ATP:pyruvate,phosphate phosphotransferase [c0]		-25.41		(1)  cpd00002[c0] + (1)  cpd00009[c0] + (1)  cpd00020[c0] => (1)  cpd00012[c0] + (1)  cpd00018[c0] + (1)  cpd00061[c0] + (2)  cpd00067[c0]	(1)  ATP [c0][c0] + (1)  Phosphate [c0][c0] + (1)  Pyruvate [c0][c0] => (1)  PPi [c0][c0] + (1)  AMP [c0][c0] + (1)  Phosphoenolpyruvate [c0][c0] + (2)  H+ [c0][c0]	rxn00151	PPDK	R00206	Pyruvate metabolism|Carbon fixation in photosynthetic organisms	Amino-Acid-Biosynthesis|Biosynthesis|Energy-Metabolism|GLUTAMINE-SYN|IND-AMINO-ACID-SYN|Photosynthesis
rxn03933_c0	=	Cytosol	Annotated_genome.CDS.714	UDP-N-acetyl-D-glucosamine:N-acetyl-alpha-D-muramyl(oyl-L-Ala-gamma-D-Glu-L-Lys-D-Ala-D-Ala)-diphosphoundecaprenol 4-beta-N-acetylglucosaminlytransferase [c0]		-1.7		(1)  cpd00037[c0] + (1)  cpd02948[c0] <=> (1)  cpd00014[c0] + (1)  cpd03491[c0]	(1)  UDP-N-acetylglucosamine [c0][c0] + (1)  MurAc(oyl-L-Ala-D-gamma-Glu-L-Lys-D-Ala-D-Ala) -diphospho- undecaprenol [c0][c0] <=> (1)  UDP [c0][c0] + (1)  Undecaprenyl-diphospho-N-acetylmuramoyl-(N-acetylglucosamine) -L-alanyl-gamma-D-glutamyl-L-lysyl-D-alanyl-D-alanine [c0][c0]	rxn03933	UAGPT2	R05662	Peptidoglycan biosynthesis	
rxn05342_c0	=	Cytosol	(Annotated_genome.CDS.2407 or Annotated_genome.CDS.1016)	(3R)-3-Hydroxytetradecanoyl-[acyl-carrier-protein]:NADP+ oxidoreductase [c0]		3.76		(1)  cpd00006[c0] + (1)  cpd11484[c0] <=> (1)  cpd00005[c0] + (1)  cpd11491[c0]	(1)  NADP [c0][c0] + (1)  HMA [c0][c0] <=> (1)  NADPH [c0][c0] + (1)  3-oxotetradecanoyl-acp [c0][c0]	rxn05342	3OAR140	R04566	Fatty acid biosynthesis	Biosynthesis|Fatty-acid-biosynthesis|Lipid-Biosynthesis|Palmitate-Biosynthesis
rxn07587_c0	=	Cytosol	Annotated_genome.CDS.3953	S-adenosyl-L-methionine:cobalt-precorrin-5B (C1)-methyltransferase [c0]	2.1.1.195	-10.98		(1)  cpd00017[c0] + (1)  cpd14960[c0] <=> (1)  cpd00019[c0] + (1)  cpd00067[c0] + (1)  cpd08372[c0]	(1)  S-Adenosyl-L-methionine [c0][c0] + (1)  Cobalt-precorrin 5B [c0][c0] <=> (1)  S-Adenosyl-homocysteine [c0][c0] + (1)  H+ [c0][c0] + (1)  Cobalt-precorrin 6 [c0][c0]	rxn07587	COPRECT	R07773	Porphyrin and chlorophyll metabolism	Adenosylcobalamin-Biosynthesis|Biosynthesis|Cobalamin-Biosynthesis|Cofactor-Biosynthesis|Vitamin-Biosynthesis
rxn00407_c0	>	Cytosol	Annotated_genome.CDS.4335	CTP aminohydrolase [c0]		-5.14		(1)  cpd00001[c0] + (1)  cpd00052[c0] + (1)  cpd00067[c0] => (1)  cpd00013[c0] + (1)  cpd00062[c0]	(1)  H2O [c0][c0] + (1)  CTP [c0][c0] + (1)  H+ [c0][c0] => (1)  NH3 [c0][c0] + (1)  UTP [c0][c0]	rxn00407		R00568	Pyrimidine metabolism	
rxn00333_c0	>	Cytosol	Annotated_genome.CDS.840	Glycolate:oxygen 2-oxidoreductase [c0]		-24.03		(1)  cpd00007[c0] + (1)  cpd00139[c0] => (1)  cpd00025[c0] + (1)  cpd00040[c0]	(1)  O2 [c0][c0] + (1)  Glycolate [c0][c0] => (1)  H2O2 [c0][c0] + (1)  Glyoxalate [c0][c0]	rxn00333	GLYCTO1	R00475	Glyoxylate and dicarboxylate metabolism	Energy-Metabolism|Photosynthesis
rxn00414_c0	>	Cytosol	(Annotated_genome.CDS.4426 and Annotated_genome.CDS.2070)	hydrogen-carbonate:L-glutamine amido-ligase (ADP-forming, carbamate-phosphorylating) [c0]		-20.79		(1)  cpd00001[c0] + (2)  cpd00002[c0] + (1)  cpd00053[c0] + (1)  cpd00242[c0] => (2)  cpd00008[c0] + (1)  cpd00009[c0] + (1)  cpd00023[c0] + (2)  cpd00067[c0] + (1)  cpd00146[c0]	(1)  H2O [c0][c0] + (2)  ATP [c0][c0] + (1)  L-Glutamine [c0][c0] + (1)  H2CO3 [c0][c0] => (2)  ADP [c0][c0] + (1)  Phosphate [c0][c0] + (1)  L-Glutamate [c0][c0] + (2)  H+ [c0][c0] + (1)  Carbamoylphosphate [c0][c0]	rxn00414	CBPS	R00575	Pyrimidine metabolism|Alanine, aspartate and glutamate metabolism	ARG+POLYAMINE-SYN|ARGININE-SYN|ARGSYN-PWY|ARGSYNBSUB-PWY|Amino-Acid-Biosynthesis|Biosynthesis|IND-AMINO-ACID-SYN|Nucleotide-Biosynthesis|PRPP-PWY|PWY0-162|PYR-NUC-SYN|Polyamine-Biosynthesis|Pyrimidine-De-Novo-Biosyn
rxn08123_c0	=	Cytosol	Annotated_genome.CDS.3556	anhydrous-N-Acetylmuramyl-tripeptide amidase [c0]		518.07		(1)  cpd00001[c0] + (1)  cpd15400[c0] <=> (1)  cpd15386[c0] + (1)  cpd15399[c0]	(1)  H2O [c0][c0] + (1)  1,6-anhydrous-N-Acetylmuramyl-tripeptide [c0][c0] <=> (1)  L-alanine-D-glutamate-meso-2,6-diaminoheptanedioate [c0][c0] + (1)  1,6-anhydrous-N-Acetylmuramate [c0][c0]	rxn08123	AM3PA			
rxn09110_c0	=	Cytosol	Annotated_genome.CDS.4478	Phosphatidylglycerol synthase (n-C14:1) [c0]		-16.7		(1)  cpd00080[c0] + (1)  cpd15422[c0] <=> (1)  cpd00046[c0] + (1)  cpd15544[c0]	(1)  Glycerol-3-phosphate [c0][c0] + (1)  CDP-1,2-ditetradec-7-enoylglycerol [c0][c0] <=> (1)  CMP [c0][c0] + (1)  Phosphatidylglycerophosphate ditetradec-7-enoyl [c0][c0]	rxn09110	PGSA141			
rxn05594_c0	>	Cytosol	(Annotated_genome.CDS.4071 and Annotated_genome.CDS.633)	Isethionate transport via ABC system [c0]		-6.817		(1)  cpd00001[c0] + (1)  cpd00002[c0] + (1)  cpd03048[e0] => (1)  cpd00008[c0] + (1)  cpd00009[c0] + (1)  cpd00067[c0] + (1)  cpd03048[c0]	(1)  H2O [c0][c0] + (1)  ATP [c0][c0] + (1)  Isethionate [e0][e0] => (1)  ADP [c0][c0] + (1)  Phosphate [c0][c0] + (1)  H+ [c0][c0] + (1)  Isethionate [c0][c0]	rxn05594				
rxn05349_c0	=	Cytosol	(Annotated_genome.CDS.1015 or Annotated_genome.CDS.2001)	acetyl-CoA:[acyl-carrier-protein] S-acetyltransferase [c0]		0		(1)  cpd00022[c0] + (1)  cpd11493[c0] <=> (1)  cpd00010[c0] + (1)  cpd11494[c0]	(1)  Acetyl-CoA [c0][c0] + (1)  ACP [c0][c0] <=> (1)  CoA [c0][c0] + (1)  Acetyl-ACP [c0][c0]	rxn05349	ACOATA	R01624	Fatty acid biosynthesis	Biosynthesis|FASYN-INITIAL-PWY|Fatty-acid-biosynthesis|Lipid-Biosynthesis|PWY0-881
rxn00303_c0	>	Cytosol	(Annotated_genome.CDS.1530 or Annotated_genome.CDS.3114)	ATP:GTP 3'-diphosphotransferase [c0]		-23.56		(1)  cpd00002[c0] + (1)  cpd00038[c0] => (1)  cpd00018[c0] + (2)  cpd00067[c0] + (1)  cpd02740[c0]	(1)  ATP [c0][c0] + (1)  GTP [c0][c0] => (1)  AMP [c0][c0] + (2)  H+ [c0][c0] + (1)  Guanosine 5'-triphosphate,3'-diphosphate [c0][c0]	rxn00303	GTPDPK	R00429	Purine metabolism	Biosynthesis|Metabolic-Regulators|PPGPPMET-PWY
rxn05512_c0	>	Cytosol	(Annotated_genome.CDS.4071 and Annotated_genome.CDS.633)	butanesulfonate transport via ABC system [c0]		-6.817		(1)  cpd00001[c0] + (1)  cpd00002[c0] + (1)  cpd11596[e0] => (1)  cpd00008[c0] + (1)  cpd00009[c0] + (1)  cpd00067[c0] + (1)  cpd11596[c0]	(1)  H2O [c0][c0] + (1)  ATP [c0][c0] + (1)  butanesulfonate [e0][e0] => (1)  ADP [c0][c0] + (1)  Phosphate [c0][c0] + (1)  H+ [c0][c0] + (1)  butanesulfonate [c0][c0]	rxn05512				
rxn00799_c0	=	Cytosol	Annotated_genome.CDS.2823	(S)-malate hydro-lyase (fumarate-forming) [c0]		0.61		(1)  cpd00130[c0] <=> (1)  cpd00001[c0] + (1)  cpd00106[c0]	(1)  L-Malate [c0][c0] <=> (1)  H2O [c0][c0] + (1)  Fumarate [c0][c0]	rxn00799	FUM	R01082	Citrate cycle (TCA cycle)|Carbon fixation pathways in prokaryotes	ANAEROBIC-RESPIRATION|ANARESP1-PWY|Amino-Acid-Degradation|Autotrophic-CO2-Fixation|Biosynthesis|C1-COMPOUNDS|CO2-Fixation|Degradation|Energy-Metabolism|FERMENTATION-PWY|Fermentation|GLUTAMATE-DEG|GLYCOLYSIS-TCA-GLYOX-BYPASS|GLYCOLYSIS-VARIANTS|P105-PWY|P108-PWY|P23-PWY|P42-PWY|Pyruvate-Degradation|REDCITCYC|Reductive-TCA-Cycles|Respiration|TCA|TCA-GLYOX-BYPASS|TCA-VARIANTS
rxn01073_c0	>	Cytosol	Annotated_genome.CDS.3276	sn-Glycero-3-phosphoethanolamine glycerophosphohydrolase [c0]		-14.34		(1)  cpd00001[c0] + (1)  cpd00908[c0] => (1)  cpd00067[c0] + (1)  cpd00080[c0] + (1)  cpd00162[c0]	(1)  H2O [c0][c0] + (1)  Glycerophosphoethanolamine [c0][c0] => (1)  H+ [c0][c0] + (1)  Glycerol-3-phosphate [c0][c0] + (1)  Aminoethanol [c0][c0]	rxn01073	GPDDA2	R01470	Glycerophospholipid metabolism	
rxn02405_c0	>	Cytosol	Annotated_genome.CDS.3364	CTP:3-deoxy-D-manno-octulosonate cytidylyltransferase [c0]	2.7.7.38	-15.61		(1)  cpd00052[c0] + (1)  cpd00875[c0] => (1)  cpd00012[c0] + (1)  cpd00067[c0] + (1)  cpd02546[c0]	(1)  CTP [c0][c0] + (1)  KDO [c0][c0] => (1)  PPi [c0][c0] + (1)  H+ [c0][c0] + (1)  CMP-KDO [c0][c0]	rxn02405	DMOCT	R03351	Lipopolysaccharide biosynthesis	Biosynthesis|CARBO-BIOSYNTHESIS|CMP-KDO-Biosynthesis|Carbohydrates-Biosynthesis|Cell-Structure-Biosynthesis|KDO-NAGLIPASYN-PWY|LPSSYN-PWY|Lipid-Biosynthesis|Lipopolysaccharide-Biosynthesis|Polysaccharides-Biosynthesis|SUGAR-NUCLEOTIDES
rxn00011_c0	<	Cytosol	((Annotated_genome.CDS.3102 and Annotated_genome.CDS.419 and Annotated_genome.CDS.3100) or Annotated_genome.CDS.1711 or Annotated_genome.CDS.1710)	pyruvate:thiamin diphosphate acetaldehydetransferase (decarboxylating) [c0]		-6.87		(1)  cpd00011[c0] + (1)  cpd03049[c0] <= (1)  cpd00020[c0] + (1)  cpd00056[c0] + (1)  cpd00067[c0]	(1)  CO2 [c0][c0] + (1)  2-Hydroxyethyl-ThPP [c0][c0] <= (1)  Pyruvate [c0][c0] + (1)  TPP [c0][c0] + (1)  H+ [c0][c0]	rxn00011		R00014	Glycolysis / Gluconeogenesis|Citrate cycle (TCA cycle)|Valine, leucine and isoleucine biosynthesis|Pyruvate metabolism|Butanoate metabolism	
rxn07430_c0	>	Cytosol	Annotated_genome.CDS.3606	R07599 [c0]		-6.87		(1)  cpd00056[c0] + (1)  cpd00067[c0] + (1)  cpd00123[c0] => (1)  cpd00011[c0] + (1)  cpd14700[c0]	(1)  TPP [c0][c0] + (1)  H+ [c0][c0] + (1)  3-Methyl-2-oxobutanoate [c0][c0] => (1)  CO2 [c0][c0] + (1)  2-Methyl-1-hydroxypropyl-TPP [c0][c0]	rxn07430		R07599	Valine, leucine and isoleucine degradation	
rxn02200_c0	=	Cytosol	(Annotated_genome.CDS.1852 or Annotated_genome.CDS.1851)	2-amino-4-hydroxy-6-hydroxymethyl-7,8-dihydropteridine:4-aminobenzoate 2-amino-4-hydroxydihydropteridine-6-methenyltransferase [c0]		-18.92		(1)  cpd00443[c0] + (1)  cpd00954[c0] <=> (1)  cpd00001[c0] + (1)  cpd00683[c0]	(1)  ABEE [c0][c0] + (1)  6-hydroxymethyl dihydropterin [c0][c0] <=> (1)  H2O [c0][c0] + (1)  Dihydropteroate [c0][c0]	rxn02200	DHPS	R03066	Folate biosynthesis	
rxn00602_c0	<	Cytosol	(Annotated_genome.CDS.3772 and Annotated_genome.CDS.3771)	(R)-Methylmalonyl-CoA CoA-carbonylmutase [c0]		1.81		(1)  cpd00891[c0] <= (1)  cpd00078[c0]	(1)  L-methylmalonyl-CoA [c0][c0] <= (1)  Succinyl-CoA [c0][c0]	rxn00602	MMM	R00833	Valine, leucine and isoleucine degradation|Glyoxylate and dicarboxylate metabolism|Propanoate metabolism|Carbon fixation pathways in prokaryotes	2-Oxobutanoate-Degradation|Amino-Acid-Degradation|Autotrophic-CO2-Fixation|C1-COMPOUNDS|CARBOXYLATES-DEG|CO2-Fixation|Degradation|Energy-Metabolism|Fermentation|GLUTAMATE-DEG|METHIONINE-DEG|P108-PWY|PROPIONMET-PWY|PWY0-43|Propionate-Degradation|Pyruvate-Degradation|SUCC-DEG
rxn01069_c0	>	Cytosol	Annotated_genome.CDS.2970	O-phospho-L-homoserine phosphate-lyase (adding water;L-threonine-forming) [c0]	4.2.99.2	5.4		(1)  cpd00001[c0] + (1)  cpd00809[c0] => (1)  cpd00009[c0] + (1)  cpd00161[c0]	(1)  H2O [c0][c0] + (1)  O-Phospho-L-homoserine [c0][c0] => (1)  Phosphate [c0][c0] + (1)  L-Threonine [c0][c0]	rxn01069	THR4_1	R01466	Glycine, serine and threonine metabolism	Amino-Acid-Biosynthesis|Biosynthesis|HOMOSER-THRESYN-PWY|IND-AMINO-ACID-SYN|ISOLEUCINE-SYN|P4-PWY|PWY0-781|THREONINE-BIOSYNTHESIS|THRESYN-PWY
rxn05528_c0	>	Cytosol	(Annotated_genome.CDS.2098 or Annotated_genome.CDS.172 or Annotated_genome.CDS.1348 or Annotated_genome.CDS.2083 or Annotated_genome.CDS.4343)	Copper-transporting ATPase [c0]		-6.82		(1)  cpd00001[c0] + (1)  cpd00002[c0] + (1)  cpd00058[c0] => (1)  cpd00008[c0] + (1)  cpd00009[c0] + (1)  cpd00058[e0] + (1)  cpd00067[c0]	(1)  H2O [c0][c0] + (1)  ATP [c0][c0] + (1)  Cu2+ [c0][c0] => (1)  ADP [c0][c0] + (1)  Phosphate [c0][c0] + (1)  Cu2+ [e0][e0] + (1)  H+ [c0][c0]	rxn05528	Cut1			
rxn00791_c0	<	Cytosol	Annotated_genome.CDS.3070	N-(5-Phospho-D-ribosyl)anthranilate:pyrophosphate phosphoribosyl-transferase [c0]		20		(1)  cpd00012[c0] + (1)  cpd00067[c0] + (1)  cpd02642[c0] <= (1)  cpd00093[c0] + (1)  cpd00103[c0]	(1)  PPi [c0][c0] + (1)  H+ [c0][c0] + (1)  N-5-phosphoribosyl-anthranilate [c0][c0] <= (1)  Anthranilate [c0][c0] + (1)  PRPP [c0][c0]	rxn00791	ANPRT	R01073	Phenylalanine, tyrosine and tryptophan biosynthesis	ALL-CHORISMATE-PWY|Amino-Acid-Biosynthesis|Biosynthesis|COMPLETE-ARO-PWY|IND-AMINO-ACID-SYN|TRPSYN-PWY|TRYPTOPHAN-BIOSYNTHESIS
rxn02883_c0	<	Cytosol	(Annotated_genome.CDS.3816 or Annotated_genome.CDS.1658)	R04132 [c0]		7.61		(1)  cpd00001[c0] + (1)  cpd01960[c0] <= (1)  cpd03708[c0]	(1)  H2O [c0][c0] + (1)  2-Oxohept-3-enedioate [c0][c0] <= (1)  2,4-Dihydroxyhept-2-enedioate [c0][c0]	rxn02883	OHEDH	R04132	Tyrosine metabolism	
rxn00065_c0	>	Cytosol	(Annotated_genome.CDS.699 or Annotated_genome.CDS.756)	ATP diphosphate-lyase (cyclizing; 3',5'-cyclic-AMP-forming) [c0]		-8.48		(1)  cpd00002[c0] => (1)  cpd00012[c0] + (1)  cpd00067[c0] + (1)  cpd00446[c0]	(1)  ATP [c0][c0] => (1)  PPi [c0][c0] + (1)  H+ [c0][c0] + (1)  cAMP [c0][c0]	rxn00065	ADNCYC	R00089	Purine metabolism	
rxn00358_c0	=	Cytosol	Annotated_genome.CDS.1688	UDP-D-galactopyranose furanomutase [c0]	5.4.99.9	0.24		(1)  cpd00043[c0] <=> (1)  cpd02338[c0]	(1)  UDP-galactose [c0][c0] <=> (1)  UDP-D-galacto-1,4-furanose [c0][c0]	rxn00358	UDPGALM	R00505		Biosynthesis|Cell-Structure-Biosynthesis|Cell-Wall-Biosynthesis|Lipopolysaccharide-Biosynthesis|O-Antigen-Biosynthesis|OANTIGEN-PWY
rxn01672_c0	>	Cytosol	Annotated_genome.CDS.4335	dCTP aminohydrolase [c0]		-5.14		(1)  cpd00001[c0] + (1)  cpd00067[c0] + (1)  cpd00356[c0] => (1)  cpd00013[c0] + (1)  cpd00358[c0]	(1)  H2O [c0][c0] + (1)  H+ [c0][c0] + (1)  dCTP [c0][c0] => (1)  NH3 [c0][c0] + (1)  dUTP [c0][c0]	rxn01672	DCD1_2	R02325	Pyrimidine metabolism	Biosynthesis|Nucleotide-Biosynthesis|PWY0-166|PYR-NUC-SYN|Pyrimid-Deoxyribonucleot-De-Novo-Biosyn
rxn01007_c0	>	Cytosol	Annotated_genome.CDS.1685	UDP-D-glucuronate carboxy-lyase (UDP-D-xylose-forming) [c0]		-1.29		(1)  cpd00067[c0] + (1)  cpd00144[c0] => (1)  cpd00011[c0] + (1)  cpd00163[c0]	(1)  H+ [c0][c0] + (1)  UDPglucuronate [c0][c0] => (1)  CO2 [c0][c0] + (1)  UDP-xylose [c0][c0]	rxn01007		R01384	Starch and sucrose metabolism|Amino sugar and nucleotide sugar metabolism	Activation-Inactivation-Interconversion|Biosynthesis|CARBO-BIOSYNTHESIS|Carbohydrates-Biosynthesis|Interconversion|SUGAR-NUCLEOTIDES
rxn08975_c0	>	Cytosol	(Annotated_genome.CDS.1392 or Annotated_genome.CDS.3118 or Annotated_genome.CDS.2382)	dihydronicotinamide adenine dinucleotide-coenzyme Q reductase [c0]		-17.44		(1)  cpd00004[c0] + (1)  cpd00067[c0] + (1)  cpd15560[c0] => (1)  cpd00003[c0] + (1)  cpd15561[c0]	(1)  NADH [c0][c0] + (1)  H+ [c0][c0] + (1)  Ubiquinone-8 [c0][c0] => (1)  NAD [c0][c0] + (1)  Ubiquinol-8 [c0][c0]	rxn08975	NADH12			AEROBIC-RESPIRATION|Biosynthesis|Cofactor-Biosynthesis|Degradation|Electron-Transfer|Energy-Metabolism|NAD-Metabolism|Noncarbon-Nutrients|PWY0-1334|PWY0-1335|Respiration
rxn00105_c0	>	Cytosol	Annotated_genome.CDS.266	ATP:nicotinamide-nucleotide adenylyltransferase [c0]		1.07		(1)  cpd00002[c0] + (1)  cpd00355[c0] => (1)  cpd00003[c0] + (1)  cpd00012[c0]	(1)  ATP [c0][c0] + (1)  Nicotinamide ribonucleotide [c0][c0] => (1)  NAD [c0][c0] + (1)  PPi [c0][c0]	rxn00105	NMNAT	R00137	Nicotinate and nicotinamide metabolism	Biosynthesis|Cofactor-Biosynthesis|NAD-BIOSYNTHESIS-II|NAD-BIOSYNTHESIS-III|NAD-Metabolism|NAD-SYN|PWY3O-4106
rxn08981_c0	>	Cytosol	Annotated_genome.CDS.4464	nicotinic acid mononucleotide pyrophosphorylase [c0]		-16.42		(1)  cpd00001[c0] + (1)  cpd00002[c0] + (1)  cpd00103[c0] + (1)  cpd00218[c0] => (1)  cpd00008[c0] + (1)  cpd00009[c0] + (1)  cpd00012[c0] + (1)  cpd00067[c0] + (1)  cpd00873[c0]	(1)  H2O [c0][c0] + (1)  ATP [c0][c0] + (1)  PRPP [c0][c0] + (1)  Niacin [c0][c0] => (1)  ADP [c0][c0] + (1)  Phosphate [c0][c0] + (1)  PPi [c0][c0] + (1)  H+ [c0][c0] + (1)  Nicotinate ribonucleotide [c0][c0]	rxn08981	NAMNPP			
rxn03243_c0	<	Cytosol	((Annotated_genome.CDS.1599 or Annotated_genome.CDS.3974 or Annotated_genome.CDS.2506 or Annotated_genome.CDS.2160 or Annotated_genome.CDS.955 or Annotated_genome.CDS.1446 or Annotated_genome.CDS.2496 or Annotated_genome.CDS.2192 or Annotated_genome.CDS.3917 or Annotated_genome.CDS.2437 or Annotated_genome.CDS.1650) or Annotated_genome.CDS.3491)	Decanoyl-CoA:acetyl-CoA C-acyltransferase [c0]		7.06		(1)  cpd00022[c0] + (1)  cpd03128[c0] <= (1)  cpd00010[c0] + (1)  cpd03117[c0]	(1)  Acetyl-CoA [c0][c0] + (1)  Decanoyl-CoA [c0][c0] <= (1)  CoA [c0][c0] + (1)  3-Oxododecanoyl-CoA [c0][c0]	rxn03243	ACACT5r	R04742	Fatty acid elongation|Fatty acid degradation	
rxn03446_c0	>	Cytosol	Annotated_genome.CDS.2970	O-Phospho-4-hydroxy-L-threonine phospho-lyase (adding water) [c0]		7.21		(1)  cpd00001[c0] + (1)  cpd03607[c0] => (1)  cpd00009[c0] + (1)  cpd03608[c0]	(1)  H2O [c0][c0] + (1)  4-(Phosphonooxy) -threonine [c0][c0] => (1)  Phosphate [c0][c0] + (1)  4-Hydroxy-L-threonine [c0][c0]	rxn03446	4HTHRS	R05086	Vitamin B6 metabolism	
rxn01302_c0	=	Cytosol	(Annotated_genome.CDS.2885 or Annotated_genome.CDS.1968)	L-homoserine:NADP+ oxidoreductase [c0]		5.22		(1)  cpd00006[c0] + (1)  cpd00227[c0] <=> (1)  cpd00005[c0] + (1)  cpd00067[c0] + (1)  cpd00346[c0]	(1)  NADP [c0][c0] + (1)  L-Homoserine [c0][c0] <=> (1)  NADPH [c0][c0] + (1)  H+ [c0][c0] + (1)  L-Aspartate4-semialdehyde [c0][c0]	rxn01302	HOM6_2	R01775	Glycine, serine and threonine metabolism|Cysteine and methionine metabolism|Lysine biosynthesis	Amino-Acid-Biosynthesis|Biosynthesis|HOMOSERSYN-PWY|IND-AMINO-ACID-SYN|ISOLEUCINE-SYN|MET-SAM-PWY|METHIONINE-SYN|METSYN-PWY|Other-Amino-Acid-Biosynthesis|P4-PWY|PWY0-781|THREONINE-BIOSYNTHESIS|THRESYN-PWY
rxn00101_c0	>	Cytosol	((Annotated_genome.CDS.3622 and Annotated_genome.CDS.3621 and Annotated_genome.CDS.3623) or (Annotated_genome.CDS.3616 or Annotated_genome.CDS.3508) or Annotated_genome.CDS.3615 or Annotated_genome.CDS.3617 or (Annotated_genome.CDS.3509 or Annotated_genome.CDS.3618))	Urea amidohydrolase [c0]		-5.75		(1)  cpd00001[c0] + (2)  cpd00067[c0] + (1)  cpd00073[c0] => (1)  cpd00011[c0] + (2)  cpd00013[c0]	(1)  H2O [c0][c0] + (2)  H+ [c0][c0] + (1)  Urea [c0][c0] => (1)  CO2 [c0][c0] + (2)  NH3 [c0][c0]	rxn00101	UREA2	R00131	Purine metabolism|Arginine and proline metabolism|Atrazine degradation	AMINE-DEG|Allantoin-degradation|Degradation|URDEGR-PWY|Urea-Degradation
rxn05215_c0	=	Cytosol	Annotated_genome.CDS.4423	Alanine-Sodium symporter [c0]		0		(1)  cpd00035[e0] + (1)  cpd00971[e0] <=> (1)  cpd00035[c0] + (1)  cpd00971[c0]	(1)  L-Alanine [e0][e0] + (1)  Na+ [e0][e0] <=> (1)  L-Alanine [c0][c0] + (1)  Na+ [c0][c0]	rxn05215	ALAt4			
rxn05029_c0	>	Cytosol	(Annotated_genome.CDS.2988 or Annotated_genome.CDS.876 or Annotated_genome.CDS.2988)	ATP:cobinamide Cobeta-adenosyltransferase [c0]				(1)  cpd00002[c0] + (1)  cpd00067[c0] + (1)  cpd03422[c0] => (1)  cpd00421[c0] + (1)  cpd03918[c0]	(1)  ATP [c0][c0] + (1)  H+ [c0][c0] + (1)  Cobinamide [c0][c0] => (1)  Triphosphate [c0][c0] + (1)  Adenosyl cobinamide [c0][c0]	rxn05029	CBIAT	R07268	Porphyrin and chlorophyll metabolism	Adenosylcobalamin-Biosynthesis|Biosynthesis|COBALSYN-PWY|Cobalamin-Biosynthesis|Cofactor-Biosynthesis|Vitamin-Biosynthesis
rxn05393_c0	=	Cytosol	Annotated_genome.CDS.2407	9-methyl-3-oxo-decanoyl-ACP:NADP+ oxidoreductase [c0]		-3.76		(1)  cpd00005[c0] + (1)  cpd00067[c0] + (1)  cpd11529[c0] <=> (1)  cpd00006[c0] + (1)  cpd11530[c0]	(1)  NADPH [c0][c0] + (1)  H+ [c0][c0] + (1)  9-methyl-3-oxo-decanoyl-ACP [c0][c0] <=> (1)  NADP [c0][c0] + (1)  9-methyl-3-hydroxy-decanoyl-ACP [c0][c0]	rxn05393				
rxn00328_c0	=	Cytosol	(Annotated_genome.CDS.2263 and Annotated_genome.CDS.2263)	4-hydroxy-2-oxoglutarate glyoxylate-lyase (pyruvate-forming) [c0]		3.21		(1)  cpd00830[c0] <=> (1)  cpd00020[c0] + (1)  cpd00040[c0]	(1)  4-Hydroxy-2-oxoglutarate [c0][c0] <=> (1)  Pyruvate [c0][c0] + (1)  Glyoxalate [c0][c0]	rxn00328	DDPGA	R00470	Glyoxylate and dicarboxylate metabolism	4-Hydroxyproline-Degradation|Amino-Acid-Degradation|Degradation|HYDROXYPRODEG-PWY
rxn02285_c0	=	Cytosol	Annotated_genome.CDS.4600	UDP-N-acetylmuramate:NADP+ oxidoreductase [c0]		15.33		(1)  cpd00006[c0] + (1)  cpd00773[c0] <=> (1)  cpd00005[c0] + (1)  cpd00067[c0] + (1)  cpd02820[c0]	(1)  NADP [c0][c0] + (1)  UDP-MurNAc [c0][c0] <=> (1)  NADPH [c0][c0] + (1)  H+ [c0][c0] + (1)  UDP-N-acetylglucosamine enolpyruvate [c0][c0]	rxn02285	UAPGR	R03192	Amino sugar and nucleotide sugar metabolism|Peptidoglycan biosynthesis	Acetylmuramoyl-Pentapeptide-Biosynthesis|Antibiotic-Resistance|Biosynthesis|Cell-Structure-Biosynthesis|Cell-Wall-Biosynthesis|Detoxification|PEPTIDOGLYCANSYN-PWY|Peptidoglycan-Biosynthesis
rxn02303_c0	>	Cytosol	Annotated_genome.CDS.1318	Coproporphyrinogen:oxygen oxidoreductase(decarboxylating) [c0]		-93.33		(1)  cpd00007[c0] + (2)  cpd00067[c0] + (1)  cpd02083[c0] => (2)  cpd00001[c0] + (2)  cpd00011[c0] + (1)  cpd00791[c0]	(1)  O2 [c0][c0] + (2)  H+ [c0][c0] + (1)  CoproporphyrinogenIII [c0][c0] => (2)  H2O [c0][c0] + (2)  CO2 [c0][c0] + (1)  ProtoporphyrinogenIX [c0][c0]	rxn02303	CPPPGO	R03220	Porphyrin and chlorophyll metabolism	Biosynthesis|CHLOROPHYLL-SYN|Chlorophyll-Biosynthesis|Chlorophyll-a-Biosynthesis|Chlorophyllide-a-Biosynthesis|Cofactor-Biosynthesis|HEME-BIOSYNTHESIS-II|HEME-SYN|PWY0-1415|Porphyrin-Compounds-Biosynthesis
rxn03087_c0	=	Cytosol	Annotated_genome.CDS.558	N-Succinyl-L-2,6-diaminoheptanedioate:2-oxoglutarate amino-transferase [c0]	2.6.1.17	0		(1)  cpd00024[c0] + (1)  cpd02698[c0] <=> (1)  cpd00023[c0] + (1)  cpd02724[c0]	(1)  2-Oxoglutarate [c0][c0] + (1)  N-Succinyl-L-2,6-diaminopimelate [c0][c0] <=> (1)  L-Glutamate [c0][c0] + (1)  N-Succinyl-L-2-amino-6-oxopimelate [c0][c0]	rxn03087	SDPTA	R04475	Lysine biosynthesis	Amino-Acid-Biosynthesis|Biosynthesis|DAPLYSINESYN-PWY|IND-AMINO-ACID-SYN|LYSINE-SYN|P4-PWY|PWY0-781
rxn05315_c0	=	Cytosol	(Annotated_genome.CDS.1389 or Annotated_genome.CDS.1037 or Annotated_genome.CDS.2233)	ZN2t4 [c0]		0		(1)  cpd00034[c0] + (1)  cpd00067[e0] + (1)  cpd00205[e0] <=> (1)  cpd00034[e0] + (1)  cpd00067[c0] + (1)  cpd00205[c0]	(1)  Zn2+ [c0][c0] + (1)  H+ [e0][e0] + (1)  K+ [e0][e0] <=> (1)  Zn2+ [e0][e0] + (1)  H+ [c0][c0] + (1)  K+ [c0][c0]	rxn05315				
rxn05394_c0	=	Cytosol	Annotated_genome.CDS.502	9-methyl-3-hydroxy-decanoyl-ACP hydro-lyase [c0]		2.163		(1)  cpd11530[c0] <=> (1)  cpd00001[c0] + (1)  cpd11531[c0]	(1)  9-methyl-3-hydroxy-decanoyl-ACP [c0][c0] <=> (1)  H2O [c0][c0] + (1)  9-methyl-trans-dec-2-enoyl-ACP [c0][c0]	rxn05394				
rxn00227_c0	>	Cytosol	(Annotated_genome.CDS.1174 or Annotated_genome.CDS.3273)	Acetyl phosphate phosphohydrolase [c0]		-1.46		(1)  cpd00001[c0] + (1)  cpd00196[c0] => (1)  cpd00009[c0] + (1)  cpd00029[c0] + (1)  cpd00067[c0]	(1)  H2O [c0][c0] + (1)  Acetylphosphate [c0][c0] => (1)  Phosphate [c0][c0] + (1)  Acetate [c0][c0] + (1)  H+ [c0][c0]	rxn00227	ACYP_2	R00317	Pyruvate metabolism	
rxn03047_c0	>	Cytosol	Annotated_genome.CDS.746	ATP:pantothenate 4'-phosphotransferase [c0]		-14.03		(1)  cpd00002[c0] + (1)  cpd02524[c0] => (1)  cpd00008[c0] + (1)  cpd00067[c0] + (1)  cpd02666[c0]	(1)  ATP [c0][c0] + (1)  N-Pantothenoylcysteine [c0][c0] => (1)  ADP [c0][c0] + (1)  H+ [c0][c0] + (1)  (R) -4'-Phosphopantothenoyl-L-cysteine [c0][c0]	rxn03047		R04391	Pantothenate and CoA biosynthesis	
rxn02889_c0	>	Cytosol	(Annotated_genome.CDS.586 or Annotated_genome.CDS.584)	3-Methylcrotonoyl-CoA:carbon-dioxide ligase (ADP-forming) [c0]		-1.07		(1)  cpd00002[c0] + (1)  cpd00242[c0] + (1)  cpd01966[c0] => (1)  cpd00008[c0] + (1)  cpd00009[c0] + (1)  cpd00067[c0] + (1)  cpd02068[c0]	(1)  ATP [c0][c0] + (1)  H2CO3 [c0][c0] + (1)  Dimethylacryloyl-CoA [c0][c0] => (1)  ADP [c0][c0] + (1)  Phosphate [c0][c0] + (1)  H+ [c0][c0] + (1)  3-Methylglutaconyl-CoA [c0][c0]	rxn02889	MCCC	R04138	Valine, leucine and isoleucine degradation	Amino-Acid-Degradation|Degradation|LEU-DEG2-PWY|LEUCINE-DEG
rxn00559_c0	=	Cytosol	(Annotated_genome.CDS.3378 or Annotated_genome.CDS.3379)	D-mannose-6-phosphate aldose-ketose-isomerase [c0]		-0.89		(1)  cpd00235[c0] <=> (1)  cpd00072[c0]	(1)  D-mannose-6-phosphate [c0][c0] <=> (1)  D-fructose-6-phosphate [c0][c0]	rxn00559	MAN6PI	R00772		
rxn08848_c0	=	Cytosol	Annotated_genome.CDS.1138	Lysophospholipase L2 (2-acylglycerophosphoglycerol, n-C16:0) [c0]		-400.27		(1)  cpd00001[c0] + (1)  cpd15346[c0] <=> (1)  cpd00067[c0] + (1)  cpd00214[c0] + (1)  cpd02090[c0]	(1)  H2O [c0][c0] + (1)  2-Acyl-sn-glycero-3-phosphoglycerol hexadecanoyl [c0][c0] <=> (1)  H+ [c0][c0] + (1)  Palmitate [c0][c0] + (1)  Glycerophosphoglycerol [c0][c0]	rxn08848	LPLIPAL2G160			
rxn05294_c0	>	Cytosol	(Annotated_genome.CDS.2672 and Annotated_genome.CDS.1274 and Annotated_genome.CDS.3207 and Annotated_genome.CDS.1047 and Annotated_genome.CDS.2955 and Annotated_genome.CDS.3208 and Annotated_genome.CDS.4418 and Annotated_genome.CDS.681 and Annotated_genome.CDS.272 and Annotated_genome.CDS.2 and Annotated_genome.CDS.3148 and Annotated_genome.CDS.1 and Annotated_genome.CDS.450 and Annotated_genome.CDS.4421 and Annotated_genome.CDS.3240 and Annotated_genome.CDS.717 and Annotated_genome.CDS.2957)	DNA synthesis				(0.516637656497864)  cpd00115[c0] + (0.516637656497864)  cpd00241[c0] + (0.516637656497864)  cpd00356[c0] + (0.516637656497864)  cpd00357[c0] => (2.06655062599146)  cpd00012[c0] + (1)  cpd11461[c0]	(0.516637656497864)  dATP [c0][c0] + (0.516637656497864)  dGTP [c0][c0] + (0.516637656497864)  dCTP [c0][c0] + (0.516637656497864)  TTP [c0][c0] => (2.06655062599146)  PPi [c0][c0] + (1)  DNA [c0][c0]	rxn05294				
rxn00691_c0	>	Cytosol	Annotated_genome.CDS.1735	10-Formyltetrahydrofolate amidohydrolase [c0]		-20.24		(1)  cpd00001[c0] + (1)  cpd00201[c0] => (1)  cpd00047[c0] + (1)  cpd00067[c0] + (1)  cpd00087[c0]	(1)  H2O [c0][c0] + (1)  10-Formyltetrahydrofolate [c0][c0] => (1)  Formate [c0][c0] + (1)  H+ [c0][c0] + (1)  Tetrahydrofolate [c0][c0]	rxn00691	FTHFD	R00944	Glyoxylate and dicarboxylate metabolism|One carbon pool by folate	1CMET2-PWY|Biosynthesis|Cofactor-Biosynthesis|Folate-Biosynthesis|Vitamin-Biosynthesis
rxn08840_c0	>	Cytosol	Annotated_genome.CDS.1138	Lysophospholipase L2 (2-acylglycerophosphoethanolamine, n-C14:1) [c0]		-264.53		(1)  cpd00001[c0] + (1)  cpd15338[c0] => (1)  cpd00067[c0] + (1)  cpd00908[c0] + (1)  cpd15298[c0]	(1)  H2O [c0][c0] + (1)  2-Acyl-sn-glycero-3-phosphoethanolamine tetradec-7-enoyl [c0][c0] => (1)  H+ [c0][c0] + (1)  Glycerophosphoethanolamine [c0][c0] + (1)  tetradecenoate [c0][c0]	rxn08840	LPLIPAL2E141			
rxn00290_c0	=	Cytosol	(Annotated_genome.CDS.766 and Annotated_genome.CDS.765)	succinyl-CoA:acetoacetate CoA-transferase [c0]		0		(1)  cpd00078[c0] + (1)  cpd00142[c0] <=> (1)  cpd00036[c0] + (1)  cpd00279[c0]	(1)  Succinyl-CoA [c0][c0] + (1)  Acetoacetate [c0][c0] <=> (1)  Succinate [c0][c0] + (1)  Acetoacetyl-CoA [c0][c0]	rxn00290	OCOAT1	R00410	Synthesis and degradation of ketone bodies|Valine, leucine and isoleucine degradation|Butanoate metabolism	Energy-Metabolism|OTHER-ENERGY|PWY66-368|REDCITCYC|TCA-VARIANTS
rxn03907_c0	>	Cytosol	Annotated_genome.CDS.3089	CTP: 2-C-Methyl-D-erythritol 4-phosphate cytidylyltransferase [c0]		1.07		(1)  cpd00052[c0] + (1)  cpd08286[c0] => (1)  cpd00012[c0] + (1)  cpd08287[c0]	(1)  CTP [c0][c0] + (1)  2-C-methyl-D-erythritol4-phosphate [c0][c0] => (1)  PPi [c0][c0] + (1)  4--cytidine5-diphospho-2-C-methyl-D-erythritol [c0][c0]	rxn03907	MEPCT	R05633	Terpenoid backbone biosynthesis	Biosynthesis|Cofactor-Biosynthesis|DITERPENOID-SYN|GGPP-Biosynthesis|NONMEVIPP-PWY|Other-biosynthesis|Polyprenyl-Biosynthesis|SECONDARY-METABOLITE-BIOSYNTHESIS|Terpenoid-Biosynthesis
rxn03538_c0	=	Cytosol	Annotated_genome.CDS.2944	R05223 [c0]		14.03		(1)  cpd03423[c0] + (1)  cpd03920[c0] <=> (1)  cpd00067[c0] + (1)  cpd00126[c0] + (1)  cpd00166[c0]	(1)  alpha-Ribazole [c0][c0] + (1)  Adenosylcobinamide-GDP [c0][c0] <=> (1)  H+ [c0][c0] + (1)  GMP [c0][c0] + (1)  Calomide [c0][c0]	rxn03538	ADOCBLS	R05223	Porphyrin and chlorophyll metabolism	Adenosylcobalamin-Biosynthesis|Biosynthesis|Cobalamin-Biosynthesis|Cofactor-Biosynthesis|P381-PWY|Vitamin-Biosynthesis
rxn02834_c0	>	Cytosol	Annotated_genome.CDS.747	Phosphoribosyl-ATP pyrophosphohydrolase [c0]		-27.3		(1)  cpd00001[c0] + (1)  cpd01775[c0] => (1)  cpd00012[c0] + (2)  cpd00067[c0] + (1)  cpd01777[c0]	(1)  H2O [c0][c0] + (1)  Phosphoribosyl-ATP [c0][c0] => (1)  PPi [c0][c0] + (2)  H+ [c0][c0] + (1)  Phosphoribosyl-AMP [c0][c0]	rxn02834	HIS4_1	R04035	Histidine metabolism	Amino-Acid-Biosynthesis|Biosynthesis|HISTIDINE-SYN|HISTSYN-PWY|IND-AMINO-ACID-SYN|PRPP-PWY
rxn01213_c0	>	Cytosol	Annotated_genome.CDS.3534	GPPSYN-RXN [c0]		195		(1)  cpd00113[c0] + (1)  cpd00202[c0] => (1)  cpd00012[c0] + (1)  cpd00067[c0] + (1)  cpd00283[c0]	(1)  Isopentenyldiphosphate [c0][c0] + (1)  DMAPP [c0][c0] => (1)  PPi [c0][c0] + (1)  H+ [c0][c0] + (1)  Geranyldiphosphate [c0][c0]	rxn01213	DMATT	R01658	Terpenoid backbone biosynthesis	All-Trans-Farnesyl-PP-Biosynthesis|Biosynthesis|Cell-Structure-Biosynthesis|Cell-Wall-Biosynthesis|Cofactor-Biosynthesis|DITERPENOID-SYN|ERGOSTEROL-SYN-PWY|Energy-Metabolism|GGPP-Biosynthesis|Lipid-Biosynthesis|POLYISOPRENSYN-PWY|PWY66-5|Polyprenyl-Biosynthesis|SECONDARY-METABOLITE-BIOSYNTHESIS|Sterol-Biosynthesis|Terpenoid-Biosynthesis
rxn07466_c0	=	Cytosol	Annotated_genome.CDS.2078	D-Ala-D-Ala dipeptidase [c0]	3.4.13.22	-0.46		(1)  cpd00001[c0] + (1)  cpd00731[c0] <=> (2)  cpd00117[c0]	(1)  H2O [c0][c0] + (1)  Ala-Ala [c0][c0] <=> (2)  D-Alanine [c0][c0]	rxn07466	ALAALAD	R07651		Antibiotic-Resistance|Biosynthesis|Cell-Structure-Biosynthesis|Cell-Wall-Biosynthesis|Detoxification|Vancomycin-Resistnace
rxn09953_c0	=	Cytosol	Annotated_genome.CDS.3605	acetyl-CoA:acetoin O-acetyltransferase [c0]		0.62		(1)  cpd00003[c0] + (1)  cpd00010[c0] + (1)  cpd00361[c0] <=> (1)  cpd00004[c0] + (1)  cpd00022[c0] + (1)  cpd00067[c0] + (1)  cpd00071[c0]	(1)  NAD [c0][c0] + (1)  CoA [c0][c0] + (1)  ACTN [c0][c0] <=> (1)  NADH [c0][c0] + (1)  Acetyl-CoA [c0][c0] + (1)  H+ [c0][c0] + (1)  Acetaldehyde [c0][c0]	rxn09953		R09524		Carbohydrates-Degradation|Degradation
rxn00459_c0	=	Cytosol	Annotated_genome.CDS.3187	2-phospho-D-glycerate hydro-lyase (phosphoenolpyruvate-forming) [c0]		-0.87		(1)  cpd00482[c0] <=> (1)  cpd00001[c0] + (1)  cpd00061[c0]	(1)  2-Phospho-D-glycerate [c0][c0] <=> (1)  H2O [c0][c0] + (1)  Phosphoenolpyruvate [c0][c0]	rxn00459	ENO	R00658	Glycolysis / Gluconeogenesis|Methane metabolism	ANAEROBIC-RESPIRATION|ANAEROFRUCAT-PWY|ANAGLYCOLYSIS-PWY|ANARESP1-PWY|Biosynthesis|C1-COMPOUNDS|CARBO-BIOSYNTHESIS|CARBOXYLATES-DEG|Carbohydrates-Biosynthesis|Carbohydrates-Degradation|Degradation|Energy-Metabolism|Fermentation|Formaldehyde-Assimilation|GLUCONEO-PWY|GLYCOLYSIS|GLYCOLYSIS-E-D|GLYCOLYSIS-TCA-GLYOX-BYPASS|GLYCOLYSIS-VARIANTS|Gluconeogenesis|NPGLUCAT-PWY|P122-PWY|P124-PWY|P341-PWY|P441-PWY|P461-PWY|Respiration|SECONDARY-METABOLITE-DEGRADATION|SUCROSE-DEG|SUGAR-ALCOHOLS-DEG|Sugar-Derivatives|Sugars-And-Polysaccharides|TCA-VARIANTS|Xylose-Degradation
rxn00770_c0	=	Cytosol	Annotated_genome.CDS.4570	ATP:D-ribose-5-phosphate diphosphotransferase [c0]		-14.03		(1)  cpd00002[c0] + (1)  cpd00101[c0] <=> (1)  cpd00018[c0] + (1)  cpd00067[c0] + (1)  cpd00103[c0]	(1)  ATP [c0][c0] + (1)  ribose-5-phosphate [c0][c0] <=> (1)  AMP [c0][c0] + (1)  H+ [c0][c0] + (1)  PRPP [c0][c0]	rxn00770		R01049	Pentose phosphate pathway|Purine metabolism	Biosynthesis|Cell-Structure-Biosynthesis|Cell-Wall-Biosynthesis|Other-biosynthesis|PRPP-Biosynthesis|PRPP-PWY|PWY0-662
rxn05153_c0	>	Cytosol	(Annotated_genome.CDS.3717 and Annotated_genome.CDS.3715 and Annotated_genome.CDS.3718 and Annotated_genome.CDS.3716)	sulfate-transporting ATPase [c0]		-6.82		(1)  cpd00001[c0] + (1)  cpd00002[c0] + (1)  cpd00048[e0] => (1)  cpd00008[c0] + (1)  cpd00009[c0] + (1)  cpd00048[c0] + (1)  cpd00067[c0]	(1)  H2O [c0][c0] + (1)  ATP [c0][c0] + (1)  Sulfate [e0][e0] => (1)  ADP [c0][c0] + (1)  Phosphate [c0][c0] + (1)  Sulfate [c0][c0] + (1)  H+ [c0][c0]	rxn05153	SULabc			
rxn08806_c0	=	Cytosol	Annotated_genome.CDS.1138	Lysophospholipase L1 (2-acylglycerophosphoethanolamine, n-C16:0) (periplasm) [c0]		-328.6		(1)  cpd00001[c0] + (1)  cpd15316[c0] <=> (1)  cpd00067[c0] + (1)  cpd00214[c0] + (1)  cpd00908[c0]	(1)  H2O [c0][c0] + (1)  1-Acyl-sn-glycero-3-phosphoethanolamine hexadecanoyl [c0][c0] <=> (1)  H+ [c0][c0] + (1)  Palmitate [c0][c0] + (1)  Glycerophosphoethanolamine [c0][c0]	rxn08806	LPLIPAL1E160pp			
rxn05436_c0	>	Cytosol	(Annotated_genome.CDS.500 or Annotated_genome.CDS.3522 or Annotated_genome.CDS.3653)	10-methyl-trans-dodec-2-enoyl-ACP:NAD+ oxidoreductase (A-specific) [c0]		-16.55		(1)  cpd00004[c0] + (1)  cpd00067[c0] + (1)  cpd11510[c0] => (1)  cpd00003[c0] + (1)  cpd11511[c0]	(1)  NADH [c0][c0] + (1)  H+ [c0][c0] + (1)  10-methyl-trans-dodec-2-enoyl-ACP [c0][c0] => (1)  NAD [c0][c0] + (1)  10-methyl-dodecanoyl-ACP [c0][c0]	rxn05436				
rxn00076_c0	>	Cytosol	Annotated_genome.CDS.738	NAD+ phosphohydrolase [c0]		-28.37		(1)  cpd00001[c0] + (1)  cpd00003[c0] => (1)  cpd00018[c0] + (2)  cpd00067[c0] + (1)  cpd00355[c0]	(1)  H2O [c0][c0] + (1)  NAD [c0][c0] => (1)  AMP [c0][c0] + (2)  H+ [c0][c0] + (1)  Nicotinamide ribonucleotide [c0][c0]	rxn00076	NADDP	R00103	Nicotinate and nicotinamide metabolism	Biosynthesis|Cofactor-Biosynthesis|NAD-BIOSYNTHESIS-II|NAD-Metabolism|NAD-SYN|PYRIDNUCSAL-PWY
rxn14040_c0	>	Cytosol	Annotated_genome.CDS.3234	ditrans,tetracis-heptaprenyl-diphosphate:isopentenyl-diphosphate heptaprenylcistransferase [c0]		-22.53		(1)  cpd00113[c0] + (1)  cpd17566[c0] => (1)  cpd00012[c0] + (1)  cpd00067[c0] + (1)  cpd17567[c0]	(1)  Isopentenyldiphosphate [c0][c0] + (1)  ditrans,tetracis-Heptaprenyl diphosphate [c0][c0] => (1)  PPi [c0][c0] + (1)  H+ [c0][c0] + (1)  ditrans,pentacis-Octaprenyl diphosphate [c0][c0]	rxn14040		R08751		
rxn05209_c0	=	Cytosol	Annotated_genome.CDS.4235	TRANS-RXNBWI-115525.ce.maizeexp.NA+_NA+ [c0]		0		(1)  cpd00067[c0] + (1)  cpd00971[e0] <=> (1)  cpd00067[e0] + (1)  cpd00971[c0]	(1)  H+ [c0][c0] + (1)  Na+ [e0][e0] <=> (1)  H+ [e0][e0] + (1)  Na+ [c0][c0]	rxn05209	NAt3			
rxn06377_c0	>	Cytosol	(Annotated_genome.CDS.511 or Annotated_genome.CDS.510)	glycine:lipoylprotein oxidoreductase (decarboxylating and acceptor-aminomethylating) [c0]		2.84		(1)  cpd00033[c0] + (1)  cpd00067[c0] + (1)  cpd12005[c0] => (1)  cpd00011[c0] + (1)  cpd11830[c0]	(1)  Glycine [c0][c0] + (1)  H+ [c0][c0] + (1)  Lipoylprotein [c0][c0] => (1)  CO2 [c0][c0] + (1)  S-Aminomethyldihydrolipoylprotein [c0][c0]	rxn06377	GCCa	R03425	Glycine, serine and threonine metabolism	
rxn12822_c0	=	Cytosol	Annotated_genome.CDS.302	L-glutamate:ferredoxin oxidoreductase (transaminating) [c0]		-1.39		(2)  cpd00023[c0] + (2)  cpd11621[c0] <=> (1)  cpd00024[c0] + (1)  cpd00053[c0] + (2)  cpd00067[c0] + (2)  cpd11620[c0]	(2)  L-Glutamate [c0][c0] + (2)  Oxidizedferredoxin [c0][c0] <=> (1)  2-Oxoglutarate [c0][c0] + (1)  L-Glutamine [c0][c0] + (2)  H+ [c0][c0] + (2)  Reducedferredoxin [c0][c0]	rxn12822		R00021	Glyoxylate and dicarboxylate metabolism|Nitrogen metabolism	
rxn10234_c0	>	Cytosol	Annotated_genome.CDS.3577	isotetradecanoyl-phosphatidylserine decarboxylase [c0]		7.45		(2)  cpd00067[c0] + (1)  cpd15691[c0] => (1)  cpd00011[c0] + (1)  cpd15697[c0]	(2)  H+ [c0][c0] + (1)  Diisotetradecanoylphosphatidylserine [c0][c0] => (1)  CO2 [c0][c0] + (1)  Diisotetradecanoylphosphatidylethanolamine [c0][c0]	rxn10234				
rxn08444_c0	>	Cytosol	Annotated_genome.CDS.186	Stearoyl-CoA hydrolase [c0]		-5.76		(1)  cpd00001[c0] + (1)  cpd00327[c0] => (1)  cpd00010[c0] + (1)  cpd00067[c0] + (1)  cpd01080[c0]	(1)  H2O [c0][c0] + (1)  strcoa [c0][c0] => (1)  CoA [c0][c0] + (1)  H+ [c0][c0] + (1)  ocdca [c0][c0]	rxn08444	FACOAE180	R08174	Biosynthesis of unsaturated fatty acids	Biosynthesis|Fatty-acid-biosynthesis|Lipid-Biosynthesis|Stearate-Biosynthesis
rxn00175_c0	>	Cytosol	(Annotated_genome.CDS.473 or Annotated_genome.CDS.3672 or Annotated_genome.CDS.1521 or Annotated_genome.CDS.3390 or Annotated_genome.CDS.1672 or Annotated_genome.CDS.1542)	Acetate:CoA ligase (AMP-forming) [c0]		-20.01		(1)  cpd00002[c0] + (1)  cpd00010[c0] + (1)  cpd00029[c0] => (1)  cpd00012[c0] + (1)  cpd00018[c0] + (1)  cpd00022[c0] + (1)  cpd00067[c0]	(1)  ATP [c0][c0] + (1)  CoA [c0][c0] + (1)  Acetate [c0][c0] => (1)  PPi [c0][c0] + (1)  AMP [c0][c0] + (1)  Acetyl-CoA [c0][c0] + (1)  H+ [c0][c0]	rxn00175	ACS	R00235	Glycolysis / Gluconeogenesis|Methane metabolism|Carbon fixation pathways in prokaryotes	ACETATEUTIL-PWY|Alcohol-Degradation|Amino-Acid-Degradation|CARBOXYLATES-DEG|Degradation|Ethanol-Degradation|GLUDEG-II-PWY|GLUTAMATE-DEG|PWY0-1313|PWY66-161|PWY66-162|PWY66-21|SECONDARY-METABOLITE-DEGRADATION|TERPENOID-DEG
rxn10163_c0	=	Cytosol	Annotated_genome.CDS.3489	Tetradecanoate transport via proton symport [c0]		0		(1)  cpd00067[e0] + (1)  cpd03847[e0] <=> (1)  cpd00067[c0] + (1)  cpd03847[c0]	(1)  H+ [e0][e0] + (1)  Myristic acid [e0][e0] <=> (1)  H+ [c0][c0] + (1)  Myristic acid [c0][c0]	rxn10163	TTDCAt2			
rxn13892_c0	>	Cytosol	Annotated_genome.CDS.2505	phosphonate-transporting ATPase [c0]		-6.82		(1)  cpd00001[c0] + (1)  cpd00002[c0] + (1)  cpd04099[e0] => (1)  cpd00008[c0] + (1)  cpd00009[c0] + (1)  cpd00067[c0] + (1)  cpd04099[c0]	(1)  H2O [c0][c0] + (1)  ATP [c0][c0] + (1)  Phosphonate [e0][e0] => (1)  ADP [c0][c0] + (1)  Phosphate [c0][c0] + (1)  H+ [c0][c0] + (1)  Phosphonate [c0][c0]	rxn13892				
rxn03513_c0	=	Cytosol	Annotated_genome.CDS.3948	S-adenosyl-L-methionine:precorrin-3B C17-methyltransferase [c0]				(1)  cpd00017[c0] + (1)  cpd03833[c0] <=> (1)  cpd00019[c0] + (2)  cpd00067[c0] + (1)  cpd03834[c0]	(1)  S-Adenosyl-L-methionine [c0][c0] + (1)  Precorrin 3B [c0][c0] <=> (1)  S-Adenosyl-homocysteine [c0][c0] + (2)  H+ [c0][c0] + (1)  Precorrin 4 [c0][c0]	rxn03513	PC17M	R05180	Porphyrin and chlorophyll metabolism	Adenosylcobalamin-Biosynthesis|Biosynthesis|Cobalamin-Biosynthesis|Cofactor-Biosynthesis|P381-PWY|Vitamin-Biosynthesis
rxn05618_c0	>	Cytosol	Annotated_genome.CDS.896	manganese transport in via proton symport [c0]	2.A.55|TC-2.A.55	0		(1)  cpd00030[e0] + (1)  cpd00067[e0] => (1)  cpd00030[c0] + (1)  cpd00067[c0]	(1)  Mn2+ [e0][e0] + (1)  H+ [e0][e0] => (1)  Mn2+ [c0][c0] + (1)  H+ [c0][c0]	rxn05618	MNt2			
rxn00260_c0	=	Cytosol	((Annotated_genome.CDS.2047 or Annotated_genome.CDS.2886 or Annotated_genome.CDS.484 or Annotated_genome.CDS.816 or Annotated_genome.CDS.427 or Annotated_genome.CDS.3442 or Annotated_genome.CDS.1639) or Annotated_genome.CDS.1055)	L-Aspartate:2-oxoglutarate aminotransferase [c0]		0		(1)  cpd00024[c0] + (1)  cpd00041[c0] <=> (1)  cpd00023[c0] + (1)  cpd00032[c0]	(1)  2-Oxoglutarate [c0][c0] + (1)  L-Aspartate [c0][c0] <=> (1)  L-Glutamate [c0][c0] + (1)  Oxaloacetate [c0][c0]	rxn00260	AAT2_1	R00355	Alanine, aspartate and glutamate metabolism|Carbon fixation in photosynthetic organisms	ASPARTATE-DEG|ASPARTATE-DEG1-PWY|ASPARTATE-SYN|ASPARTATESYN-PWY|ASPASN-PWY|Amino-Acid-Biosynthesis|Amino-Acid-Degradation|Biosynthesis|Degradation|Energy-Metabolism|GLUTAMATE-DEG|GLUTDEG-PWY|IND-AMINO-ACID-SYN|ISOLEUCINE-SYN|MALATE-ASPARTATE-SHUTTLE-PWY|METHIONINE-SYN|Metabolic-Clusters|P4-PWY|PWY0-781|TCA-VARIANTS|THREONINE-BIOSYNTHESIS|THRESYN-PWY
rxn05204_c0	=	Cytosol	Annotated_genome.CDS.3292	TRANS-RXNBWI-115572.ce.maizeexp.GUANOSINE_GUANOSINE [c0]		0		(1)  cpd00067[e0] + (1)  cpd00311[e0] <=> (1)  cpd00067[c0] + (1)  cpd00311[c0]	(1)  H+ [e0][e0] + (1)  Guanosine [e0][e0] <=> (1)  H+ [c0][c0] + (1)  Guanosine [c0][c0]	rxn05204	GSNt2			
rxn02803_c0	=	Cytosol	((Annotated_genome.CDS.401 or Annotated_genome.CDS.453 or Annotated_genome.CDS.4278) or (Annotated_genome.CDS.3431 or Annotated_genome.CDS.3582 or Annotated_genome.CDS.1461 or Annotated_genome.CDS.3609 or Annotated_genome.CDS.3675 or Annotated_genome.CDS.1466 or Annotated_genome.CDS.4279 or Annotated_genome.CDS.768 or Annotated_genome.CDS.2002 or Annotated_genome.CDS.1583 or Annotated_genome.CDS.4262 or Annotated_genome.CDS.3332))	Tetradecanoyl-CoA:(acceptor) 2,3-oxidoreductase [c0]		7.23		(1)  cpd00015[c0] + (1)  cpd00067[c0] + (1)  cpd01695[c0] <=> (1)  cpd00982[c0] + (1)  cpd03127[c0]	(1)  FAD [c0][c0] + (1)  H+ [c0][c0] + (1)  Myristoyl-CoA [c0][c0] <=> (1)  FADH2 [c0][c0] + (1)  (2E) -Tetradecenoyl-CoA [c0][c0]	rxn02803	ACOAD6f	R03990	Fatty acid degradation	
rxn00461_c0	>	Cytosol	Annotated_genome.CDS.1555	Phosphoenolpyruvate:UDP-N-acetyl-D-glucosamine 1-carboxyvinyl-transferase [c0]	2.5.1.7	10.33		(1)  cpd00037[c0] + (1)  cpd00061[c0] => (1)  cpd00009[c0] + (1)  cpd02820[c0]	(1)  UDP-N-acetylglucosamine [c0][c0] + (1)  Phosphoenolpyruvate [c0][c0] => (1)  Phosphate [c0][c0] + (1)  UDP-N-acetylglucosamine enolpyruvate [c0][c0]	rxn00461	UAGCVT	R00660	Amino sugar and nucleotide sugar metabolism|Peptidoglycan biosynthesis	Acetylmuramoyl-Pentapeptide-Biosynthesis|Antibiotic-Resistance|Biosynthesis|Cell-Structure-Biosynthesis|Cell-Wall-Biosynthesis|Detoxification|PEPTIDOGLYCANSYN-PWY|Peptidoglycan-Biosynthesis
rxn05247_c0	>	Cytosol	(Annotated_genome.CDS.1457 or Annotated_genome.CDS.4324 or Annotated_genome.CDS.2788 or Annotated_genome.CDS.4283 or Annotated_genome.CDS.3597 or Annotated_genome.CDS.4051 or Annotated_genome.CDS.3649 or Annotated_genome.CDS.3488 or Annotated_genome.CDS.4284 or Annotated_genome.CDS.962 or Annotated_genome.CDS.1662 or Annotated_genome.CDS.4316 or Annotated_genome.CDS.1459 or Annotated_genome.CDS.1598 or Annotated_genome.CDS.4258 or Annotated_genome.CDS.2390 or Annotated_genome.CDS.445 or Annotated_genome.CDS.2201 or Annotated_genome.CDS.1641)	FACOAL140(ISO) [c0]		-4.296		(1)  cpd00002[c0] + (1)  cpd00010[c0] + (1)  cpd11430[c0] => (1)  cpd00012[c0] + (1)  cpd00018[c0] + (1)  cpd11435[c0]	(1)  ATP [c0][c0] + (1)  CoA [c0][c0] + (1)  fa1 [c0][c0] => (1)  PPi [c0][c0] + (1)  AMP [c0][c0] + (1)  fa1coa [c0][c0]	rxn05247				
rxn00858_c0	>	Cytosol	Annotated_genome.CDS.2251	Agmatine amidinohydrolase [c0]		-3.9		(1)  cpd00001[c0] + (1)  cpd00152[c0] => (1)  cpd00073[c0] + (1)  cpd00118[c0]	(1)  H2O [c0][c0] + (1)  Agmatine [c0][c0] => (1)  Urea [c0][c0] + (1)  Putrescine [c0][c0]	rxn00858	AGMT	R01157	Arginine and proline metabolism	ARG+POLYAMINE-SYN|ARGDEG-PWY|ARGININE-DEG|Amino-Acid-Degradation|Biosynthesis|Degradation|ORNARGDEG-PWY|POLYAMSYN-PWY|PWY0-823|Polyamine-Biosynthesis|Putrescine-Biosynthesis
rxn03136_c0	=	Cytosol	Annotated_genome.CDS.2969	1-(5'-Phosphoribosyl)-5-amino-4-(N-succinocarboxamide)-imidazole AMP-lyase [c0]		7.34		(1)  cpd02921[c0] <=> (1)  cpd00067[c0] + (1)  cpd00106[c0] + (1)  cpd02851[c0]	(1)  SAICAR [c0][c0] <=> (1)  H+ [c0][c0] + (1)  Fumarate [c0][c0] + (1)  AICAR [c0][c0]	rxn03136	ADE13_1	R04559	Purine metabolism	
rxn10229_c0	>	Cytosol	Annotated_genome.CDS.3576	isopentadecanoyl-CDPdiacylglycerol-serine O-phosphatidyltransferase [c0]		-15.04		(1)  cpd00054[c0] + (1)  cpd15686[c0] => (1)  cpd00046[c0] + (2)  cpd00067[c0] + (1)  cpd15692[c0]	(1)  L-Serine [c0][c0] + (1)  CDP-1,2-diisopentadecanoylglycerol [c0][c0] => (1)  CMP [c0][c0] + (2)  H+ [c0][c0] + (1)  Diisopentadecanoylphosphatidylserine [c0][c0]	rxn10229				
rxn05287_c0	>	Cytosol	Annotated_genome.CDS.3534	geranylgeranyl-diphosphate:isopentenyl-diphosphate transtransferase [c0]		-22.53		(1)  cpd00113[c0] + (1)  cpd00289[c0] => (1)  cpd00012[c0] + (1)  cpd00067[c0] + (1)  cpd02591[c0]	(1)  Isopentenyldiphosphate [c0][c0] + (1)  Geranylgeranyl diphosphate [c0][c0] => (1)  PPi [c0][c0] + (1)  H+ [c0][c0] + (1)  pendp [c0][c0]	rxn05287	GGTT	R07475		
rxn01387_c0	=	Cytosol	Annotated_genome.CDS.3417	Isocitrate:NADP+ oxidoreductase [c0]		6.22		(1)  cpd00006[c0] + (1)  cpd00260[c0] <=> (1)  cpd00005[c0] + (1)  cpd00067[c0] + (1)  cpd03187[c0]	(1)  NADP [c0][c0] + (1)  Isocitrate [c0][c0] <=> (1)  NADPH [c0][c0] + (1)  H+ [c0][c0] + (1)  Oxalosuccinate [c0][c0]	rxn01387	IDP2_1	R01899	Citrate cycle (TCA cycle)	
rxn02937_c0	>	Cytosol	Annotated_genome.CDS.287	2-(Formamido)-N1-(5-phosphoribosyl)acetamidine cyclo-ligase (ADP-forming) [c0]		20.66		(1)  cpd00002[c0] + (1)  cpd02826[c0] => (1)  cpd00008[c0] + (1)  cpd00009[c0] + (1)  cpd00067[c0] + (1)  cpd02140[c0]	(1)  ATP [c0][c0] + (1)  5'-Phosphoribosylformylglycinamidine [c0][c0] => (1)  ADP [c0][c0] + (1)  Phosphate [c0][c0] + (1)  H+ [c0][c0] + (1)  AIR [c0][c0]	rxn02937	ADE5_7_2	R04208	Purine metabolism	AIR-Biosynthesis|Biosynthesis|DENOVOPURINE2-PWY|Nucleotide-Biosynthesis|PRPP-PWY|PUR-NUC-SYN|Purine-Nucleotide-De-Novo-Biosynthesis
rxn08810_c0	=	Cytosol	Annotated_genome.CDS.1138	Lysophospholipase L1 (2-acylglycerophosphoglycerol, n-C12:0) (periplasm) [c0]		-406.75		(1)  cpd00001[c0] + (1)  cpd15318[c0] <=> (1)  cpd00067[c0] + (1)  cpd01741[c0] + (1)  cpd02090[c0]	(1)  H2O [c0][c0] + (1)  1-Acyl-sn-glycero-3-phosphoglycerol dodecanoyl [c0][c0] <=> (1)  H+ [c0][c0] + (1)  ddca [c0][c0] + (1)  Glycerophosphoglycerol [c0][c0]	rxn08810	LPLIPAL1G120pp			
rxn01652_c0	=	Cytosol	Annotated_genome.CDS.3248	S-Aminomethyldihydrolipoylprotein:(6S)-tetrahydrofolate aminomethyltransferase (ammonia-forming) [c0]		-1.41		(1)  cpd00001[c0] + (1)  cpd00347[c0] <=> (1)  cpd00067[c0] + (1)  cpd02197[c0]	(1)  H2O [c0][c0] + (1)  5-10-Methenyltetrahydrofolate [c0][c0] <=> (1)  H+ [c0][c0] + (1)  5-Formyltetrahydrofolate [c0][c0]	rxn01652	FOMETR	R02300	One carbon pool by folate	Biosynthesis|Cofactor-Biosynthesis|Folate-Biosynthesis|Vitamin-Biosynthesis
rxn00350_c0	=	Cytosol	(Annotated_genome.CDS.41 or Annotated_genome.CDS.1201 or Annotated_genome.CDS.1794 or Annotated_genome.CDS.4260)	glutathione gamma-glutamylaminopeptidase [c0]		-0.46		(1)  cpd00001[c0] + (1)  cpd00042[c0] <=> (1)  cpd00023[c0] + (1)  cpd01017[c0]	(1)  H2O [c0][c0] + (1)  GSH [c0][c0] <=> (1)  L-Glutamate [c0][c0] + (1)  Cys-Gly [c0][c0]	rxn00350	GGTAe2	R00494	Glutathione metabolism	
rxn03137_c0	=	Cytosol	Annotated_genome.CDS.609	10-Formyltetrahydrofolate:5'-phosphoribosyl-5-amino-4-imidazolecarboxamide formyltransferase [c0]		-19.74		(1)  cpd00201[c0] + (1)  cpd02851[c0] <=> (1)  cpd00087[c0] + (1)  cpd02884[c0]	(1)  10-Formyltetrahydrofolate [c0][c0] + (1)  AICAR [c0][c0] <=> (1)  Tetrahydrofolate [c0][c0] + (1)  FAICAR [c0][c0]	rxn03137	ADE16_1	R04560	Purine metabolism|One carbon pool by folate	Biosynthesis|DENOVOPURINE2-PWY|IMP-Biosynthesis|Nucleotide-Biosynthesis|PRPP-PWY|PUR-NUC-SYN|Purine-Nucleotide-De-Novo-Biosynthesis
rxn05462_c0	=	Cytosol	(Annotated_genome.CDS.3228 or Annotated_genome.CDS.2000)	trans-Octodec-2-enoyl-ACP hydro-lyase [c0]		2.163		(1)  cpd11571[c0] <=> (1)  cpd00001[c0] + (1)  cpd11572[c0]	(1)  3-Hydroxyoctodecanoyl-ACP [c0][c0] <=> (1)  H2O [c0][c0] + (1)  trans-Octodec-2-enoyl-ACP [c0][c0]	rxn05462				
rxn08818_c0	=	Cytosol	Annotated_genome.CDS.1138	Lysophospholipase L2 (2-acylglycerophosphotidate, n-C14:0) [c0]		-358.36		(1)  cpd00001[c0] + (1)  cpd15363[c0] <=> (2)  cpd00067[c0] + (1)  cpd00080[c0] + (1)  cpd03847[c0]	(1)  H2O [c0][c0] + (1)  2-tetradecanoyl-sn-glycerol 3-phosphate [c0][c0] <=> (2)  H+ [c0][c0] + (1)  Glycerol-3-phosphate [c0][c0] + (1)  Myristic acid [c0][c0]	rxn08818	LPLIPAL2A140			
rxn00992_c0	=	Cytosol	(Annotated_genome.CDS.2796 or Annotated_genome.CDS.693)	(R)-3-Hydroxybutanoate:NAD+ oxidoreductase [c0]		3.76		(1)  cpd00003[c0] + (1)  cpd00797[c0] <=> (1)  cpd00004[c0] + (1)  cpd00067[c0] + (1)  cpd00142[c0]	(1)  NAD [c0][c0] + (1)  (R) -3-Hydroxybutanoate [c0][c0] <=> (1)  NADH [c0][c0] + (1)  H+ [c0][c0] + (1)  Acetoacetate [c0][c0]	rxn00992	3HBUTDH	R01361	Synthesis and degradation of ketone bodies|Butanoate metabolism	Energy-Metabolism|OTHER-ENERGY|PWY66-367|PWY66-368
rxn05239_c0	>	Cytosol	(Annotated_genome.CDS.1405 or Annotated_genome.CDS.2377)	adenosine 3',5'-bisphosphate,sulfite:oxidized-thioredoxin oxidoreductase (3'-phosphoadenosine-5'-phosphosulfate -forming) [c0]				(1)  cpd00044[c0] + (1)  cpd11421[c0] => (1)  cpd00045[c0] + (1)  cpd00067[c0] + (1)  cpd00081[c0] + (1)  cpd11420[c0]	(1)  3-phosphoadenylylsulfate [c0][c0] + (1)  trdrd [c0][c0] => (1)  Adenosine 3-5-bisphosphate [c0][c0] + (1)  H+ [c0][c0] + (1)  Sulfite [c0][c0] + (1)  trdox [c0][c0]	rxn05239	PAPR	R02021	Sulfur metabolism	
rxn08312_c0	>	Cytosol	Annotated_genome.CDS.3233	CDP-diacylglycerol synthetase (n-C18:1) [c0]		270.92		(1)  cpd00052[c0] + (1)  cpd15527[c0] => (1)  cpd00012[c0] + (1)  cpd00067[c0] + (1)  cpd15420[c0]	(1)  CTP [c0][c0] + (1)  1,2-dioctadec-11-enoyl-sn-glycerol 3-phosphate [c0][c0] => (1)  PPi [c0][c0] + (1)  H+ [c0][c0] + (1)  CDP-1,2-dioctadec-11-enoylglycerol [c0][c0]	rxn08312	DASYN181			
rxn00952_c0	>	Cytosol	(Annotated_genome.CDS.3141 or Annotated_genome.CDS.4337 or Annotated_genome.CDS.3140)	O-acetyl-L-homoserine:hydrogen sulfide S-(3-amino-3-carboxypropyl)transferase [c0]		-3.42		(1)  cpd00239[c0] + (1)  cpd00790[c0] => (1)  cpd00029[c0] + (1)  cpd00135[c0]	(1)  H2S [c0][c0] + (1)  O-Acetyl-L-homoserine [c0][c0] => (1)  Acetate [c0][c0] + (1)  Homocysteine [c0][c0]	rxn00952	AHSERL2	R01287	Cysteine and methionine metabolism	Amino-Acid-Biosynthesis|Biosynthesis|CYSTEINE-SYN|IND-AMINO-ACID-SYN|METHIONINE-SYN|Other-Amino-Acid-Biosynthesis
rxn01396_c0	>	Cytosol	Annotated_genome.CDS.1357	ATP:pyridoxine 5'-phosphotransferase [c0]		-14.03		(1)  cpd00002[c0] + (1)  cpd00263[c0] => (1)  cpd00008[c0] + (1)  cpd00067[c0] + (1)  cpd00478[c0]	(1)  ATP [c0][c0] + (1)  Pyridoxol [c0][c0] => (1)  ADP [c0][c0] + (1)  H+ [c0][c0] + (1)  Pyridoxine phosphate [c0][c0]	rxn01396	PYDXNK	R01909	Vitamin B6 metabolism	Biosynthesis|Cofactor-Biosynthesis|PLPSAL-PWY|PWY0-845|Vitamin-B6-Biosynthesis|Vitamin-Biosynthesis
rxn00161_c0	>	Cytosol	Annotated_genome.CDS.1907	(S)-Malate:NADP+ oxidoreductase(oxaloacetate-decarboxylating) [c0]		1.32		(1)  cpd00006[c0] + (1)  cpd00130[c0] => (1)  cpd00005[c0] + (1)  cpd00011[c0] + (1)  cpd00020[c0]	(1)  NADP [c0][c0] + (1)  L-Malate [c0][c0] => (1)  NADPH [c0][c0] + (1)  CO2 [c0][c0] + (1)  Pyruvate [c0][c0]	rxn00161	ME2	R00216	Pyruvate metabolism|Carbon fixation in photosynthetic organisms	Biosynthesis|CARBO-BIOSYNTHESIS|Carbohydrates-Biosynthesis|Energy-Metabolism|GLUCONEO-PWY|Gluconeogenesis|Photosynthesis
rxn01961_c0	>	Cytosol	(Annotated_genome.CDS.3133 or (Annotated_genome.CDS.1906 or Annotated_genome.CDS.1610))	Xanthosine 5'-phosphate phosphohydrolase [c0]		7.21		(1)  cpd00001[c0] + (1)  cpd00497[c0] => (1)  cpd00009[c0] + (1)  cpd01217[c0]	(1)  H2O [c0][c0] + (1)  XMP [c0][c0] => (1)  Phosphate [c0][c0] + (1)  Xanthosine [c0][c0]	rxn01961	NTD10	R02719	Purine metabolism	AROMATIC-COMPOUNDS-DEGRADATION|Adenosine-Nucleotides-Degradation|Biosynthesis|Degradation|NUCLEO-DEG|P165-PWY|Polyamine-Biosynthesis|Purine-Degradation|URSIN-PWY|Urate-Degradation
rxn01517_c0	=	Cytosol	Annotated_genome.CDS.3149	ATP:dUMP phosphotransferase [c0]		9.53		(1)  cpd00002[c0] + (1)  cpd00067[c0] + (1)  cpd00299[c0] <=> (1)  cpd00008[c0] + (1)  cpd00978[c0]	(1)  ATP [c0][c0] + (1)  H+ [c0][c0] + (1)  dUMP [c0][c0] <=> (1)  ADP [c0][c0] + (1)  dUDP [c0][c0]	rxn01517	URA6_3	R02098	Pyrimidine metabolism	
rxn00371_c0	>	Cytosol	(Annotated_genome.CDS.2234 and Annotated_genome.CDS.2238 and Annotated_genome.CDS.2236 and Annotated_genome.CDS.2237)	Formate:NAD+ oxidoreductase [c0]		-3.09		(1)  cpd00003[c0] + (1)  cpd00047[c0] => (1)  cpd00004[c0] + (1)  cpd00011[c0]	(1)  NAD [c0][c0] + (1)  Formate [c0][c0] => (1)  NADH [c0][c0] + (1)  CO2 [c0][c0]	rxn00371	FDH	R00519	Glyoxylate and dicarboxylate metabolism|Methane metabolism	C1-COMPOUNDS|CARBOXYLATES-DEG|CHEMOAUTOTROPHIC-ENERGY-METABOLISM|Degradation|Energy-Metabolism|NUCLEO-DEG|Oxalate-Degradation|P164-PWY|Purine-Degradation
rxn05044_c0	=	Cytosol	(Annotated_genome.CDS.1881 or Annotated_genome.CDS.4179 or Annotated_genome.CDS.4177)	formyl-CoA:oxalate CoA-transferase [c0]	2.8.3.16	-1.54		(1)  cpd00180[c0] + (1)  cpd00592[c0] <=> (1)  cpd00047[c0] + (1)  cpd00262[c0]	(1)  Oxalate [c0][c0] + (1)  Formyl-CoA [c0][c0] <=> (1)  Formate [c0][c0] + (1)  Oxalyl-CoA [c0][c0]	rxn05044		R07290		CARBOXYLATES-DEG|Degradation|Oxalate-Degradation
rxn10226_c0	>	Cytosol	Annotated_genome.CDS.3576	isoheptadecanoyl-CDPdiacylglycerol-serine O-phosphatidyltransferase [c0]		-15.04		(1)  cpd00054[c0] + (1)  cpd15683[c0] => (1)  cpd00046[c0] + (2)  cpd00067[c0] + (1)  cpd15689[c0]	(1)  L-Serine [c0][c0] + (1)  CDP-1,2-diisoheptadecanoylglycerol [c0][c0] => (1)  CMP [c0][c0] + (2)  H+ [c0][c0] + (1)  Diisoheptadecanoylphosphatidylserine [c0][c0]	rxn10226				
rxn09211_c0	>	Cytosol	Annotated_genome.CDS.3576	Phosphatidylserine syntase (n-C18:1) [c0]		-240.29		(1)  cpd00054[c0] + (1)  cpd15420[c0] => (1)  cpd00046[c0] + (2)  cpd00067[c0] + (1)  cpd15558[c0]	(1)  L-Serine [c0][c0] + (1)  CDP-1,2-dioctadec-11-enoylglycerol [c0][c0] => (1)  CMP [c0][c0] + (2)  H+ [c0][c0] + (1)  phosphatidylserine dioctadec-11-enoyl [c0][c0]	rxn09211	PSSA181			
rxn03141_c0	>	Cytosol	Annotated_genome.CDS.565	UDP-N-acetylmuramoyl-L-alanyl-D-glutamyl-L-lysine:alanyl-D-alanine [c0]		-6.354		(1)  cpd00002[c0] + (1)  cpd00731[c0] + (1)  cpd03490[c0] => (1)  cpd00008[c0] + (1)  cpd00009[c0] + (1)  cpd00067[c0] + (1)  cpd02862[c0]	(1)  ATP [c0][c0] + (1)  Ala-Ala [c0][c0] + (1)  UDP-N-acetylmuramoyl-L-alanyl-gamma-D-glutamyl-L-lysine [c0][c0] => (1)  ADP [c0][c0] + (1)  Phosphate [c0][c0] + (1)  H+ [c0][c0] + (1)  UDPMurAc(oyl-L-Ala-D-gamma-Glu-L-Lys-D-Ala-D-Ala)  [c0][c0]	rxn03141				
rxn01807_c0	>	Cytosol	Annotated_genome.CDS.1357	ATP:pyridoxal 5'-phosphotransferase [c0]		-14.03		(1)  cpd00002[c0] + (1)  cpd00419[c0] => (1)  cpd00008[c0] + (1)  cpd00067[c0] + (1)  cpd00493[c0]	(1)  ATP [c0][c0] + (1)  PM [c0][c0] => (1)  ADP [c0][c0] + (1)  H+ [c0][c0] + (1)  Pyridoxamine phosphate [c0][c0]	rxn01807	PYDAMK	R02493	Vitamin B6 metabolism	Biosynthesis|Cofactor-Biosynthesis|PLPSAL-PWY|PWY0-845|Vitamin-B6-Biosynthesis|Vitamin-Biosynthesis
rxn05006_c0	=	Cytosol	Annotated_genome.CDS.1894	S-adenosyl-L-methionine:precorrin-1 C-methyltransferase [c0]				(1)  cpd00017[c0] + (1)  cpd11206[c0] <=> (1)  cpd00019[c0] + (1)  cpd01620[c0]	(1)  S-Adenosyl-L-methionine [c0][c0] + (1)  Precorrin 1 [c0][c0] <=> (1)  S-Adenosyl-homocysteine [c0][c0] + (1)  Precorrin 2 [c0][c0]	rxn05006		R07238		Adenosylcobalamin-Biosynthesis|Biosynthesis|Cobalamin-Biosynthesis|Cofactor-Biosynthesis|P381-PWY|Porphyrin-Compounds-Biosynthesis|Vitamin-Biosynthesis
rxn06874_c0	>	Cytosol	(Annotated_genome.CDS.1083 and Annotated_genome.CDS.1082 and (Annotated_genome.CDS.1153 or Annotated_genome.CDS.1081))	reduced ferredoxin:dinitrogen oxidoreductase (ATP-hydrolysing) [c0]		-51.97		(16)  cpd00001[c0] + (16)  cpd00002[c0] + (1)  cpd00528[c0] + (8)  cpd11620[c0] => (16)  cpd00008[c0] + (16)  cpd00009[c0] + (2)  cpd00013[c0] + (6)  cpd00067[c0] + (8)  cpd11621[c0] + (1)  cpd11640[c0]	(16)  H2O [c0][c0] + (16)  ATP [c0][c0] + (1)  N2 [c0][c0] + (8)  Reducedferredoxin [c0][c0] => (16)  ADP [c0][c0] + (16)  Phosphate [c0][c0] + (2)  NH3 [c0][c0] + (6)  H+ [c0][c0] + (8)  Oxidizedferredoxin [c0][c0] + (1)  H2 [c0][c0]	rxn06874		R05185	Nitrogen metabolism	
rxn05331_c0	=	Cytosol	(Annotated_genome.CDS.502 or (Annotated_genome.CDS.3228 or Annotated_genome.CDS.2000))	(3R)-3-Hydroxybutanoyl-[acyl-carrier-protein] hydro-lyase [c0]		2.16		(1)  cpd11480[c0] <=> (1)  cpd00001[c0] + (1)  cpd11469[c0]	(1)  D-3-Hydroxydodecanoyl-[acp] [c0][c0] <=> (1)  H2O [c0][c0] + (1)  (2E) -Dodecenoyl-[acp] [c0][c0]	rxn05331	3HAD120	R04965	Fatty acid biosynthesis	Biosynthesis|Fatty-acid-biosynthesis|Lipid-Biosynthesis|Palmitate-Biosynthesis
rxn00533_c0	>	Cytosol	(Annotated_genome.CDS.3767 or Annotated_genome.CDS.3767 or (Annotated_genome.CDS.1939 or Annotated_genome.CDS.1632) or (Annotated_genome.CDS.4605 or Annotated_genome.CDS.1632))	Acetyl-CoA:carbon-dioxide ligase (ADP-forming) [c0]		-1.07		(1)  cpd00002[c0] + (1)  cpd00022[c0] + (1)  cpd00242[c0] => (1)  cpd00008[c0] + (1)  cpd00009[c0] + (1)  cpd00067[c0] + (1)  cpd00070[c0]	(1)  ATP [c0][c0] + (1)  Acetyl-CoA [c0][c0] + (1)  H2CO3 [c0][c0] => (1)  ADP [c0][c0] + (1)  Phosphate [c0][c0] + (1)  H+ [c0][c0] + (1)  Malonyl-CoA [c0][c0]	rxn00533	ACC1	R00742	Tetracycline biosynthesis|Pyruvate metabolism|Propanoate metabolism|Carbon fixation pathways in prokaryotes	Antibiotic-Biosynthesis|Autotrophic-CO2-Fixation|Biosynthesis|C1-COMPOUNDS|CO2-Fixation|Degradation|FASYN-INITIAL-PWY|Fatty-acid-biosynthesis|Lipid-Biosynthesis|Other-Degradation|PWY0-881|SECONDARY-METABOLITE-BIOSYNTHESIS
rxn08309_c0	>	Cytosol	Annotated_genome.CDS.3233	CDP-diacylglycerol synthetase (n-C16:0) [c0]		270.92		(1)  cpd00052[c0] + (1)  cpd15524[c0] => (1)  cpd00012[c0] + (1)  cpd00067[c0] + (1)  cpd15419[c0]	(1)  CTP [c0][c0] + (1)  1,2-dihexadecanoyl-sn-glycerol 3-phosphate [c0][c0] => (1)  PPi [c0][c0] + (1)  H+ [c0][c0] + (1)  CDP-1,2-dihexadecanoylglycerol [c0][c0]	rxn08309	DASYN160			
rxn02476_c0	=	Cytosol	(Annotated_genome.CDS.1056 or Annotated_genome.CDS.3940)	Phosphoenolpyruvate:3-phosphoshikimate 5-O-(1-carboxyvinyl)-transferase [c0]		10.33		(1)  cpd00061[c0] + (1)  cpd02030[c0] <=> (1)  cpd00009[c0] + (1)  cpd00932[c0]	(1)  Phosphoenolpyruvate [c0][c0] + (1)  3-phosphoshikimate [c0][c0] <=> (1)  Phosphate [c0][c0] + (1)  5-O--1-Carboxyvinyl-3-phosphoshikimate [c0][c0]	rxn02476	ARO1_5	R03460	Phenylalanine, tyrosine and tryptophan biosynthesis	ALL-CHORISMATE-PWY|ARO-PWY|AROMATIC-COMPOUNDS-BIOSYN|Amino-Acid-Biosynthesis|Biosynthesis|COMPLETE-ARO-PWY|Chorismate-Biosynthesis
rxn01512_c0	=	Cytosol	Annotated_genome.CDS.282	ATP:dTDP phosphotransferase [c0]		0		(1)  cpd00002[c0] + (1)  cpd00297[c0] <=> (1)  cpd00008[c0] + (1)  cpd00357[c0]	(1)  ATP [c0][c0] + (1)  dTDP [c0][c0] <=> (1)  ADP [c0][c0] + (1)  TTP [c0][c0]	rxn01512	NDPK4	R02093	Pyrimidine metabolism	Biosynthesis|Nucleotide-Biosynthesis|PWY0-166|PYR-NUC-SYN|Pyrimid-Deoxyribonucleot-De-Novo-Biosyn
rxn08655_c0	>	Cytosol	(Annotated_genome.CDS.842 and Annotated_genome.CDS.841 and Annotated_genome.CDS.840)	Glycolate oxidase [c0]		-9.76		(1)  cpd00139[c0] + (1)  cpd15560[c0] => (1)  cpd00040[c0] + (1)  cpd15561[c0]	(1)  Glycolate [c0][c0] + (1)  Ubiquinone-8 [c0][c0] => (1)  Glyoxalate [c0][c0] + (1)  Ubiquinol-8 [c0][c0]	rxn08655	GLYCTO2			
rxn03841_c0	>	Cytosol	Annotated_genome.CDS.3410	4-amino-4-deoxychorismate pyruvate-lyase [c0]		-36.97		(1)  cpd08210[c0] => (1)  cpd00020[c0] + (1)  cpd00067[c0] + (1)  cpd00443[c0]	(1)  ADC [c0][c0] => (1)  Pyruvate [c0][c0] + (1)  H+ [c0][c0] + (1)  ABEE [c0][c0]	rxn03841	ADCL	R05553	Folate biosynthesis	ALL-CHORISMATE-PWY|Antibiotic-Biosynthesis|Biosynthesis|Cofactor-Biosynthesis|FOLSYN-PWY|Folate-Biosynthesis|SECONDARY-METABOLITE-BIOSYNTHESIS|Vitamin-Biosynthesis
rxn04954_c0	=	Cytosol	Annotated_genome.CDS.1169	5-methyltetrahydrofolate:NAD+ oxidoreductase [c0]		3.79		(1)  cpd00003[c0] + (1)  cpd00345[c0] <=> (1)  cpd00004[c0] + (1)  cpd00067[c0] + (1)  cpd00125[c0]	(1)  NAD [c0][c0] + (1)  5-Methyltetrahydrofolate [c0][c0] <=> (1)  NADH [c0][c0] + (1)  H+ [c0][c0] + (1)  5-10-Methylenetetrahydrofolate [c0][c0]	rxn04954	MTHFR2	R07168	One carbon pool by folate|Methane metabolism|Carbon fixation pathways in prokaryotes	1CMET2-PWY|Biosynthesis|Cofactor-Biosynthesis|Folate-Biosynthesis|Vitamin-Biosynthesis
rxn06865_c0	<	Cytosol	Annotated_genome.CDS.1995	R05146 [c0]		3.61		(1)  cpd03736[c0] + (1)  cpd11493[c0] <= (1)  cpd03586[c0] + (1)  cpd11468[c0]	(1)  Lauroyl-KDO2-lipid IV(A)  [c0][c0] + (1)  ACP [c0][c0] <= (1)  kdo2-lipid iva [c0][c0] + (1)  Dodecanoyl-ACP [c0][c0]	rxn06865		R05146	Lipopolysaccharide biosynthesis	Biosynthesis|Cell-Structure-Biosynthesis|KDO-LIPASYN-PWY|KDO-NAGLIPASYN-PWY|LPSSYN-PWY|Lipid-Biosynthesis|Lipopolysaccharide-Biosynthesis
rxn05517_c0	=	Cytosol	(Annotated_genome.CDS.1389 or Annotated_genome.CDS.1037 or Annotated_genome.CDS.2233)	cadminum transport out via antiport [c0]		0		(1)  cpd00067[e0] + (1)  cpd00205[e0] + (1)  cpd01012[c0] <=> (1)  cpd00067[c0] + (1)  cpd00205[c0] + (1)  cpd01012[e0]	(1)  H+ [e0][e0] + (1)  K+ [e0][e0] + (1)  Cd2+ [c0][c0] <=> (1)  H+ [c0][c0] + (1)  K+ [c0][c0] + (1)  Cd2+ [e0][e0]	rxn05517				
rxn03249_c0	=	Cytosol	((Annotated_genome.CDS.3186 or Annotated_genome.CDS.1597 or Annotated_genome.CDS.2196 or Annotated_genome.CDS.1245 or Annotated_genome.CDS.403 or Annotated_genome.CDS.167 or Annotated_genome.CDS.2162 or Annotated_genome.CDS.2197) or Annotated_genome.CDS.3492)	(S)-hydroxyhexanoyl-CoA:NAD+ oxidoreductase [c0]		3.76		(1)  cpd00003[c0] + (1)  cpd03122[c0] <=> (1)  cpd00004[c0] + (1)  cpd00067[c0] + (1)  cpd03123[c0]	(1)  NAD [c0][c0] + (1)  (S) -Hydroxyhexanoyl-CoA [c0][c0] <=> (1)  NADH [c0][c0] + (1)  H+ [c0][c0] + (1)  3-Oxohexanoyl-CoA [c0][c0]	rxn03249	HACD2	R04748	Fatty acid elongation|Fatty acid degradation	Energy-Metabolism|Fermentation
rxn04113_c0	>	Cytosol	Annotated_genome.CDS.1306	isopentenyl-diphosphate:NAD(P)+ oxidoreductase [c0]		-16.86		(1)  cpd00005[c0] + (1)  cpd00067[c0] + (1)  cpd08615[c0] => (1)  cpd00001[c0] + (1)  cpd00006[c0] + (1)  cpd00113[c0]	(1)  NADPH [c0][c0] + (1)  H+ [c0][c0] + (1)  1-Hydroxy-2-methyl-2-butenyl 4-diphosphate [c0][c0] => (1)  H2O [c0][c0] + (1)  NADP [c0][c0] + (1)  Isopentenyldiphosphate [c0][c0]	rxn04113		R05884	Terpenoid backbone biosynthesis	Biosynthesis|Cofactor-Biosynthesis|DITERPENOID-SYN|GGPP-Biosynthesis|NONMEVIPP-PWY|Other-biosynthesis|Polyprenyl-Biosynthesis|SECONDARY-METABOLITE-BIOSYNTHESIS|Terpenoid-Biosynthesis
rxn00676_c0	=	Cytosol	((Annotated_genome.CDS.1599 or Annotated_genome.CDS.3974 or Annotated_genome.CDS.2506 or Annotated_genome.CDS.2160 or Annotated_genome.CDS.955 or Annotated_genome.CDS.1446 or Annotated_genome.CDS.2496 or Annotated_genome.CDS.2192 or Annotated_genome.CDS.3917 or Annotated_genome.CDS.2437 or Annotated_genome.CDS.1650) or Annotated_genome.CDS.3491)	acetyl-CoA:propanoyl-CoA 2-C-acetyltransferase [c0]		5.25		(1)  cpd00022[c0] + (1)  cpd00086[c0] <=> (1)  cpd00010[c0] + (1)  cpd02124[c0]	(1)  Acetyl-CoA [c0][c0] + (1)  Propionyl-CoA [c0][c0] <=> (1)  CoA [c0][c0] + (1)  2-Methylacetoacetyl-CoA [c0][c0]	rxn00676	ACACT10rr	R00927	Valine, leucine and isoleucine degradation	Amino-Acid-Degradation|Biosynthesis|Degradation|ILEUDEG-PWY|ISOLEUCINE-DEG|Other-biosynthesis
rxn05599_c0	>	Cytosol	(Annotated_genome.CDS.4071 and Annotated_genome.CDS.633)	cysteate transport via ABC system [c0]		-6.817		(1)  cpd00001[c0] + (1)  cpd00002[c0] + (1)  cpd00395[e0] => (1)  cpd00008[c0] + (1)  cpd00009[c0] + (1)  cpd00067[c0] + (1)  cpd00395[c0]	(1)  H2O [c0][c0] + (1)  ATP [c0][c0] + (1)  L-Cysteate [e0][e0] => (1)  ADP [c0][c0] + (1)  Phosphate [c0][c0] + (1)  H+ [c0][c0] + (1)  L-Cysteate [c0][c0]	rxn05599				
rxn01257_c0	=	Cytosol	(Annotated_genome.CDS.3069 and Annotated_genome.CDS.3409)	chorismate:L-glutamine aminotransferase [c0]		-7.19		(1)  cpd00053[c0] + (1)  cpd00216[c0] <=> (1)  cpd00023[c0] + (1)  cpd08210[c0]	(1)  L-Glutamine [c0][c0] + (1)  Chorismate [c0][c0] <=> (1)  L-Glutamate [c0][c0] + (1)  ADC [c0][c0]	rxn01257	ABZ1	R01716	Folate biosynthesis	ALL-CHORISMATE-PWY|Antibiotic-Biosynthesis|Biosynthesis|Cofactor-Biosynthesis|FOLSYN-PWY|Folate-Biosynthesis|SECONDARY-METABOLITE-BIOSYNTHESIS|Vitamin-Biosynthesis
rxn09272_c0	>	Cytosol	((Annotated_genome.CDS.1031 and Annotated_genome.CDS.1029 and Annotated_genome.CDS.1030 and Annotated_genome.CDS.1032) or Annotated_genome.CDS.2318)	fumarate reductase complex (i.e. FRD, involved in anaerobic respiration, repressed in aerobic respiration) [c0]		-2.44		(1)  cpd00036[c0] + (1)  cpd15560[c0] => (1)  cpd00106[c0] + (1)  cpd15561[c0]	(1)  Succinate [c0][c0] + (1)  Ubiquinone-8 [c0][c0] => (1)  Fumarate [c0][c0] + (1)  Ubiquinol-8 [c0][c0]	rxn09272	SUCD7			AEROBIC-RESPIRATION|Electron-Transfer|Energy-Metabolism|GLYCOLYSIS-TCA-GLYOX-BYPASS|GLYCOLYSIS-VARIANTS|PWY0-1329|PWY0-1353|Respiration|TCA|TCA-GLYOX-BYPASS|TCA-VARIANTS
rxn00943_c0	>	Cytosol	Annotated_genome.CDS.186	Palmitoyl-CoA hydrolase [c0]		-5.76		(1)  cpd00001[c0] + (1)  cpd00134[c0] => (1)  cpd00010[c0] + (1)  cpd00067[c0] + (1)  cpd00214[c0]	(1)  H2O [c0][c0] + (1)  Palmitoyl-CoA [c0][c0] => (1)  CoA [c0][c0] + (1)  H+ [c0][c0] + (1)  Palmitate [c0][c0]	rxn00943	FACOAE160	R01274	Fatty acid elongation|Biosynthesis of unsaturated fatty acids	
rxn00903_c0	=	Cytosol	Annotated_genome.CDS.4545	L-Valine:2-oxoglutarate aminotransferase [c0]		0		(1)  cpd00024[c0] + (1)  cpd00156[c0] <=> (1)  cpd00023[c0] + (1)  cpd00123[c0]	(1)  2-Oxoglutarate [c0][c0] + (1)  L-Valine [c0][c0] <=> (1)  L-Glutamate [c0][c0] + (1)  3-Methyl-2-oxobutanoate [c0][c0]	rxn00903	BAT2_2	R01214	Valine, leucine and isoleucine degradation|Valine, leucine and isoleucine biosynthesis|Pantothenate and CoA biosynthesis|Glucosinolate biosynthesis	ALANINE-SYN|ALANINE-VALINESYN-PWY|Amino-Acid-Biosynthesis|Amino-Acid-Degradation|BRANCHED-CHAIN-AA-SYN-PWY|Biosynthesis|Degradation|IND-AMINO-ACID-SYN|PWY0-1061|VALDEG-PWY|VALINE-BIOSYNTHESIS|VALINE-DEG|VALSYN-PWY
rxn00980_c0	>	Cytosol	((Annotated_genome.CDS.2018 or Annotated_genome.CDS.1525) or Annotated_genome.CDS.2871)	2-Phosphoglycolate phosphohydrolase [c0]		7.21		(1)  cpd00001[c0] + (1)  cpd00727[c0] => (1)  cpd00009[c0] + (1)  cpd00139[c0]	(1)  H2O [c0][c0] + (1)  2-Phosphoglycolate [c0][c0] => (1)  Phosphate [c0][c0] + (1)  Glycolate [c0][c0]	rxn00980	PGLYCP	R01334	Glyoxylate and dicarboxylate metabolism	Energy-Metabolism|Photosynthesis
rxn00056_c0	>	Cytosol	Annotated_genome.CDS.2977	Fe(II):oxygen oxidoreductase [c0]		-8.17		(1)  cpd00007[c0] + (4)  cpd00067[c0] + (4)  cpd10515[c0] => (2)  cpd00001[c0] + (4)  cpd10516[c0]	(1)  O2 [c0][c0] + (4)  H+ [c0][c0] + (4)  Fe2+ [c0][c0] => (2)  H2O [c0][c0] + (4)  fe3 [c0][c0]	rxn00056		R00078	Porphyrin and chlorophyll metabolism	
rxn00016_c0	>	Cytosol	(Annotated_genome.CDS.413 or Annotated_genome.CDS.3209)	chitobiose N-acetylglucosaminohydrolase [c0]		-3.11		(1)  cpd00001[c0] + (1)  cpd01157[c0] => (2)  cpd00122[c0]	(1)  H2O [c0][c0] + (1)  Chitobiose [c0][c0] => (2)  N-Acetyl-D-glucosamine [c0][c0]	rxn00016	HXAD	R00022	Amino sugar and nucleotide sugar metabolism	
rxn02213_c0	>	Cytosol	Annotated_genome.CDS.1732	3-Dehydroquinate hydro-lyase [c0]		-8.48		(1)  cpd00699[c0] => (1)  cpd00001[c0] + (1)  cpd01716[c0]	(1)  5-Dehydroquinate [c0][c0] => (1)  H2O [c0][c0] + (1)  3-Dehydroshikimate [c0][c0]	rxn02213	ARO1_2	R03084	Phenylalanine, tyrosine and tryptophan biosynthesis	ALL-CHORISMATE-PWY|ARO-PWY|AROMATIC-COMPOUNDS-BIOSYN|AROMATIC-COMPOUNDS-DEGRADATION|Amino-Acid-Biosynthesis|Biosynthesis|COMPLETE-ARO-PWY|Chorismate-Biosynthesis|Degradation|QUINATEDEG-PWY|Quinate-Degradation
rxn05441_c0	>	Cytosol	(Annotated_genome.CDS.500 or Annotated_genome.CDS.3522 or Annotated_genome.CDS.3653)	9-methyl-trans-dec-2-enoyl-ACP:NAD+ oxidoreductase (A-specific) [c0]		-16.55		(1)  cpd00004[c0] + (1)  cpd00067[c0] + (1)  cpd11531[c0] => (1)  cpd00003[c0] + (1)  cpd11532[c0]	(1)  NADH [c0][c0] + (1)  H+ [c0][c0] + (1)  9-methyl-trans-dec-2-enoyl-ACP [c0][c0] => (1)  NAD [c0][c0] + (1)  9-methyl-decanoyl-ACP [c0][c0]	rxn05441				
rxn03892_c0	>	Cytosol	Annotated_genome.CDS.3534	R05613 [c0]		-22.53		(1)  cpd00113[c0] + (1)  cpd02591[c0] => (1)  cpd00012[c0] + (1)  cpd00067[c0] + (1)  cpd00906[c0]	(1)  Isopentenyldiphosphate [c0][c0] + (1)  pendp [c0][c0] => (1)  PPi [c0][c0] + (1)  H+ [c0][c0] + (1)  all-trans-Hexaprenyl diphosphate [c0][c0]	rxn03892	PPTT	R05613		
rxn00086_c0	=	Cytosol	Annotated_genome.CDS.2024	glutathione:NADP+ oxidoreductase [c0]	1.6.4.2	2.92		(1)  cpd00006[c0] + (2)  cpd00042[c0] <=> (1)  cpd00005[c0] + (1)  cpd00067[c0] + (1)  cpd00111[c0]	(1)  NADP [c0][c0] + (2)  GSH [c0][c0] <=> (1)  NADPH [c0][c0] + (1)  H+ [c0][c0] + (1)  Oxidized glutathione [c0][c0]	rxn00086	GLR1	R00115	Glutathione metabolism	Biosynthesis|Cofactor-Biosynthesis|GLUT-REDOX-PWY|Reductants
rxn08668_c0	=	Cytosol	Annotated_genome.CDS.3276	Glycerophosphodiester phosphodiesterase (Glycerophosphoserine) [c0]		-14.34		(1)  cpd00001[c0] + (1)  cpd15468[c0] <=> (1)  cpd00054[c0] + (1)  cpd00067[c0] + (1)  cpd00080[c0]	(1)  H2O [c0][c0] + (1)  Glycerophosphoserine [c0][c0] <=> (1)  L-Serine [c0][c0] + (1)  H+ [c0][c0] + (1)  Glycerol-3-phosphate [c0][c0]	rxn08668	GPDDA3pp			
rxn01127_c0	=	Cytosol	Annotated_genome.CDS.2856	ATP:dAMP phosphotransferase [c0]	2.7.4.11	9.53		(1)  cpd00002[c0] + (1)  cpd00067[c0] + (1)  cpd00294[c0] <=> (1)  cpd00008[c0] + (1)  cpd00177[c0]	(1)  ATP [c0][c0] + (1)  H+ [c0][c0] + (1)  dAMP [c0][c0] <=> (1)  ADP [c0][c0] + (1)  dADP [c0][c0]	rxn01127	DADK	R01547	Purine metabolism	
rxn08548_c0	>	Cytosol	(Annotated_genome.CDS.1015 or Annotated_genome.CDS.2001)	glycerol-3-phosphate acyltransferase (C14:1) [c0]				(2)  cpd00067[c0] + (1)  cpd00080[c0] + (1)  cpd15294[c0] => (1)  cpd11493[c0] + (1)  cpd15330[c0]	(2)  H+ [c0][c0] + (1)  Glycerol-3-phosphate [c0][c0] + (1)  Tetradecenoyl-ACP [c0][c0] => (1)  ACP [c0][c0] + (1)  1-tetradec-7-enoyl-sn-glycerol 3-phosphate [c0][c0]	rxn08548	G3PAT141			
rxn00615_c0	>	Cytosol	Annotated_genome.CDS.1665	ATP:glycerol 3-phosphotransferase [c0]	2.7.1.30	-14.03		(1)  cpd00002[c0] + (1)  cpd00100[c0] => (1)  cpd00008[c0] + (1)  cpd00067[c0] + (1)  cpd00080[c0]	(1)  ATP [c0][c0] + (1)  Glycerol [c0][c0] => (1)  ADP [c0][c0] + (1)  H+ [c0][c0] + (1)  Glycerol-3-phosphate [c0][c0]	rxn00615	GLYK	R00847	Glycerolipid metabolism	Alcohol-Degradation|Degradation|Fatty-Acid-and-Lipid-Degradation|GLYCEROL-DEG|PWY0-381
rxn05445_c0	>	Cytosol	(Annotated_genome.CDS.500 or Annotated_genome.CDS.3522 or Annotated_genome.CDS.3653)	4-methyl-trans-pent-2-enoyl-ACP:NAD+ oxidoreductase (A-specific) [c0]		-16.55		(1)  cpd00004[c0] + (1)  cpd00067[c0] + (1)  cpd11548[c0] => (1)  cpd00003[c0] + (1)  cpd11549[c0]	(1)  NADH [c0][c0] + (1)  H+ [c0][c0] + (1)  4-methyl-trans-pent-2-enoyl-ACP [c0][c0] => (1)  NAD [c0][c0] + (1)  4-methyl-pentanoyl-ACP [c0][c0]	rxn05445				
rxn00569_c0	<	Cytosol	(Annotated_genome.CDS.2307 and Annotated_genome.CDS.2306)	Nitrite reductase (NAD(P)H) [c0]		-91.6		(2)  cpd00001[c0] + (3)  cpd00006[c0] + (1)  cpd00013[c0] <= (3)  cpd00005[c0] + (5)  cpd00067[c0] + (1)  cpd00075[c0]	(2)  H2O [c0][c0] + (3)  NADP [c0][c0] + (1)  NH3 [c0][c0] <= (3)  NADPH [c0][c0] + (5)  H+ [c0][c0] + (1)  Nitrite [c0][c0]	rxn00569	NTRIR2y			Degradation|NITROGEN-DEG|Nitrate-Reduction|Noncarbon-Nutrients|Other-Degradation
rxn05341_c0	=	Cytosol	(Annotated_genome.CDS.2407 or Annotated_genome.CDS.1016)	(3R)-3-Hydroxyoctanoyl-[acyl-carrier-protein]:NADP+ oxidoreductase [c0]		3.76		(1)  cpd00006[c0] + (1)  cpd11483[c0] <=> (1)  cpd00005[c0] + (1)  cpd00067[c0] + (1)  cpd11490[c0]	(1)  NADP [c0][c0] + (1)  (R) -3-Hydroxyoctanoyl-[acyl-carrier protein] [c0][c0] <=> (1)  NADPH [c0][c0] + (1)  H+ [c0][c0] + (1)  3-oxooctanoyl-acp [c0][c0]	rxn05341	3OAR80	R04536	Fatty acid biosynthesis	
rxn03393_c0	>	Cytosol	(Annotated_genome.CDS.3454 or Annotated_genome.CDS.3456)	3-octaprenyl-4-hydroxybenzoate carboxy-lyase [c0]		-0.1		(1)  cpd00067[c0] + (1)  cpd03443[c0] => (1)  cpd00011[c0] + (1)  cpd03444[c0]	(1)  H+ [c0][c0] + (1)  3-Octaprenyl-4-hydroxybenzoate [c0][c0] => (1)  CO2 [c0][c0] + (1)  2-Octaprenylphenol [c0][c0]	rxn03393	OPHBDC	R04986	Ubiquinone and other terpenoid-quinone biosynthesis	ALL-CHORISMATE-PWY|Biosynthesis|Cofactor-Biosynthesis|Quinone-Biosynthesis|UBISYN-PWY|Ubiquinone-Biosynthesis
rxn08124_c0	=	Cytosol	Annotated_genome.CDS.3556	anhydrous-N-Acetylmuramyl-tetrapeptide amidase [c0]		216.64		(1)  cpd00001[c0] + (1)  cpd15401[c0] <=> (1)  cpd15387[c0] + (1)  cpd15399[c0]	(1)  H2O [c0][c0] + (1)  1,6-anhydrous-N-Acetylmuramyl-tetrapeptide [c0][c0] <=> (1)  L-alanine-D-glutamate-meso-2,6-diaminoheptanedioate-D-alanine [c0][c0] + (1)  1,6-anhydrous-N-Acetylmuramate [c0][c0]	rxn08124	AM4PA			
rxn05449_c0	>	Cytosol	(Annotated_genome.CDS.500 or Annotated_genome.CDS.3522 or Annotated_genome.CDS.3653)	12-methyl-trans-tridec-2-enoyl-ACP:NAD+ oxidoreductase (A-specific) [c0]		-16.55		(1)  cpd00004[c0] + (1)  cpd00067[c0] + (1)  cpd11564[c0] => (1)  cpd00003[c0] + (1)  cpd11565[c0]	(1)  NADH [c0][c0] + (1)  H+ [c0][c0] + (1)  12-methyl-trans-tridec-2-enoyl-ACP [c0][c0] => (1)  NAD [c0][c0] + (1)  12-methyl-tridecanoyl-ACP [c0][c0]	rxn05449				
rxn00083_c0	>	Cytosol	(Annotated_genome.CDS.79 and Annotated_genome.CDS.80 and Annotated_genome.CDS.81)	NADPH:NAD+ oxidoreductase [c0]		0		(1)  cpd00003[c0] + (1)  cpd00005[c0] => (1)  cpd00004[c0] + (1)  cpd00006[c0]	(1)  NAD [c0][c0] + (1)  NADPH [c0][c0] => (1)  NADH [c0][c0] + (1)  NADP [c0][c0]	rxn00083	NADTRHD	R00112	Nicotinate and nicotinamide metabolism	Biosynthesis|Cofactor-Biosynthesis|NAD-Metabolism
rxn07438_c0	=	Cytosol	Annotated_genome.CDS.4390	peptide-methionine:thioredoxin-disulfide S-oxidoreductase [c0]				(1)  cpd00001[c0] + (1)  cpd11420[c0] + (1)  cpd12237[c0] <=> (1)  cpd11421[c0] + (1)  cpd14507[c0]	(1)  H2O [c0][c0] + (1)  trdox [c0][c0] + (1)  Peptide-L-methionine [c0][c0] <=> (1)  trdrd [c0][c0] + (1)  Peptide-L-methionine (R) -S-oxide [c0][c0]	rxn07438		R07607		
rxn00743_c0	>	Cytosol	(Annotated_genome.CDS.1470 or Annotated_genome.CDS.1853)	Glycerone phosphate phosphohydrolase [c0]		7.21		(1)  cpd00001[c0] + (1)  cpd00095[c0] => (1)  cpd00009[c0] + (1)  cpd00157[c0]	(1)  H2O [c0][c0] + (1)  Glycerone-phosphate [c0][c0] => (1)  Phosphate [c0][c0] + (1)  Glycerone [c0][c0]	rxn00743	ALKP	R01010		
rxn02483_c0	>	Cytosol	(Annotated_genome.CDS.3466 or Annotated_genome.CDS.3116)	4-Carboxymuconolactone carboxy-lyase [c0]	4.1.1.44	1.17		(1)  cpd00067[c0] + (1)  cpd00938[c0] => (1)  cpd00011[c0] + (1)  cpd02255[c0]	(1)  H+ [c0][c0] + (1)  4-Carboxymuconolactone [c0][c0] => (1)  CO2 [c0][c0] + (1)  3-oxoadipate-enol-lactone [c0][c0]	rxn02483	4CMLCL-kt	R03470	Benzoate degradation	AROMATIC-COMPOUNDS-DEGRADATION|Catechol-Degradation|Degradation|PROTOCATECHUATE-ORTHO-CLEAVAGE-PWY|Protocatechuate-Degradation|TOLUENE-DEG
rxn03236_c0	=	Cytosol	Annotated_genome.CDS.3307	4a-hydroxytetrahydrobiopterin hydro-lyase [c0]		0.37		(1)  cpd03897[c0] <=> (1)  cpd00001[c0] + (1)  cpd00231[c0]	(1)  4a-Hydroxytetrahydrobiopterin [c0][c0] <=> (1)  H2O [c0][c0] + (1)  Dihydrobiopterin [c0][c0]	rxn03236	4AHD2	R04734		
rxn01265_c0	=	Cytosol	Annotated_genome.CDS.4464	Nicotinate D-ribonucleotide:diphosphate phosphoribosyltransferase [c0]		9.6		(1)  cpd00012[c0] + (1)  cpd00873[c0] <=> (1)  cpd00103[c0] + (1)  cpd00218[c0]	(1)  PPi [c0][c0] + (1)  Nicotinate ribonucleotide [c0][c0] <=> (1)  PRPP [c0][c0] + (1)  Niacin [c0][c0]	rxn01265	NAPRT	R01724	Nicotinate and nicotinamide metabolism	Biosynthesis|Cofactor-Biosynthesis|NAD-Metabolism|NAD-SYN|PYRIDNUCSAL-PWY
rxn00874_c0	=	Cytosol	((Annotated_genome.CDS.1599 or Annotated_genome.CDS.3974 or Annotated_genome.CDS.2506 or Annotated_genome.CDS.2160 or Annotated_genome.CDS.955 or Annotated_genome.CDS.1446 or Annotated_genome.CDS.2496 or Annotated_genome.CDS.2192 or Annotated_genome.CDS.3917 or Annotated_genome.CDS.2437 or Annotated_genome.CDS.1650) or (Annotated_genome.CDS.1599 or Annotated_genome.CDS.2506 or Annotated_genome.CDS.2160 or Annotated_genome.CDS.1446 or Annotated_genome.CDS.2192 or Annotated_genome.CDS.4142 or Annotated_genome.CDS.1650) or Annotated_genome.CDS.3491)	butanoyl-CoA:acetyl-CoA C-butanoyltransferase [c0]		7.06		(1)  cpd00022[c0] + (1)  cpd00120[c0] <=> (1)  cpd00010[c0] + (1)  cpd03123[c0]	(1)  Acetyl-CoA [c0][c0] + (1)  Butyryl-CoA [c0][c0] <=> (1)  CoA [c0][c0] + (1)  3-Oxohexanoyl-CoA [c0][c0]	rxn00874	ACACT2r	R01177	Fatty acid elongation|Fatty acid degradation	Energy-Metabolism|Fermentation
rxn00834_c0	=	Cytosol	(Annotated_genome.CDS.1005 or Annotated_genome.CDS.4481)	IMP:NAD+ oxidoreductase [c0]		1.58		(1)  cpd00001[c0] + (1)  cpd00003[c0] + (1)  cpd00114[c0] <=> (1)  cpd00004[c0] + (1)  cpd00067[c0] + (1)  cpd00497[c0]	(1)  H2O [c0][c0] + (1)  NAD [c0][c0] + (1)  IMP [c0][c0] <=> (1)  NADH [c0][c0] + (1)  H+ [c0][c0] + (1)  XMP [c0][c0]	rxn00834	FUN63	R01130	Purine metabolism	AROMATIC-COMPOUNDS-DEGRADATION|Adenosine-Nucleotides-Degradation|Biosynthesis|DENOVOPURINE2-PWY|Degradation|NUCLEO-DEG|Nucleotide-Biosynthesis|P165-PWY|PRPP-PWY|PUR-NUC-SYN|Polyamine-Biosynthesis|Purine-Degradation|Purine-Nucleotide-De-Novo-Biosynthesis|URSIN-PWY|Urate-Degradation
rxn00782_c0	<	Cytosol	Annotated_genome.CDS.1949	D-glyceraldehyde-3-phosphate:NADP+ oxidoreductase (phosphorylating) [c0]		-9.89		(1)  cpd00006[c0] + (1)  cpd00009[c0] + (1)  cpd00102[c0] <= (1)  cpd00005[c0] + (1)  cpd00067[c0] + (1)  cpd00203[c0]	(1)  NADP [c0][c0] + (1)  Phosphate [c0][c0] + (1)  Glyceraldehyde3-phosphate [c0][c0] <= (1)  NADPH [c0][c0] + (1)  H+ [c0][c0] + (1)  1,3-Bisphospho-D-glycerate [c0][c0]	rxn00782	GAPD(nadp)	R01063	Glycolysis / Gluconeogenesis|Carbon fixation in photosynthetic organisms	Autotrophic-CO2-Fixation|Biosynthesis|C1-COMPOUNDS|CALVIN-PWY|CARBO-BIOSYNTHESIS|CO2-Fixation|Carbohydrates-Biosynthesis|Degradation|Energy-Metabolism|PHOTOALL-PWY|Photosynthesis
rxn00599_c0	>	Cytosol	Annotated_genome.CDS.199	succinyl-CoA:glycine C-succinyltransferase (decarboxylating) [c0]		2.16		(1)  cpd00033[c0] + (1)  cpd00067[c0] + (1)  cpd00078[c0] => (1)  cpd00010[c0] + (1)  cpd00011[c0] + (1)  cpd00338[c0]	(1)  Glycine [c0][c0] + (1)  H+ [c0][c0] + (1)  Succinyl-CoA [c0][c0] => (1)  CoA [c0][c0] + (1)  CO2 [c0][c0] + (1)  5-Aminolevulinate [c0][c0]	rxn00599		R00830	Glycine, serine and threonine metabolism|Porphyrin and chlorophyll metabolism	Biosynthesis|Chlorophyll-Biosynthesis|Chlorophyll-a-Biosynthesis|Cofactor-Biosynthesis|HEME-SYN|Porphyrin-Compounds-Biosynthesis|Tetrapyrrole-Biosynthesis
rxn01459_c0	>	Cytosol	(Annotated_genome.CDS.2035 or Annotated_genome.CDS.3441 or Annotated_genome.CDS.471 or Annotated_genome.CDS.2113 or Annotated_genome.CDS.3579 or Annotated_genome.CDS.1799 or Annotated_genome.CDS.3426 or Annotated_genome.CDS.4291)	4-Aminobutyraldehyde:NAD+ oxidoreductase [c0]		-9.8		(1)  cpd00001[c0] + (1)  cpd00006[c0] + (1)  cpd00434[c0] => (1)  cpd00005[c0] + (2)  cpd00067[c0] + (1)  cpd00281[c0]	(1)  H2O [c0][c0] + (1)  NADP [c0][c0] + (1)  4-Aminobutanal [c0][c0] => (1)  NADPH [c0][c0] + (2)  H+ [c0][c0] + (1)  GABA [c0][c0]	rxn01459		R01986	Arginine and proline metabolism	
rxn05252_c0	>	Cytosol	(Annotated_genome.CDS.1457 or Annotated_genome.CDS.4324 or Annotated_genome.CDS.2788 or Annotated_genome.CDS.4283 or Annotated_genome.CDS.3597 or Annotated_genome.CDS.4051 or Annotated_genome.CDS.3649 or Annotated_genome.CDS.3488 or Annotated_genome.CDS.4284 or Annotated_genome.CDS.962 or Annotated_genome.CDS.1662 or Annotated_genome.CDS.4316 or Annotated_genome.CDS.1459 or Annotated_genome.CDS.1598 or Annotated_genome.CDS.4258 or Annotated_genome.CDS.2390 or Annotated_genome.CDS.445 or Annotated_genome.CDS.2201 or Annotated_genome.CDS.1641)	FACOAL170(ISO) [c0]		-4.296		(1)  cpd00002[c0] + (1)  cpd00010[c0] + (1)  cpd11431[c0] => (1)  cpd00012[c0] + (1)  cpd00018[c0] + (1)  cpd11432[c0]	(1)  ATP [c0][c0] + (1)  CoA [c0][c0] + (1)  fa11 [c0][c0] => (1)  PPi [c0][c0] + (1)  AMP [c0][c0] + (1)  fa11coa [c0][c0]	rxn05252				
rxn12642_c0	=	Cytosol	(Annotated_genome.CDS.4159 or Annotated_genome.CDS.1275 or Annotated_genome.CDS.3788 or Annotated_genome.CDS.9)	RXN0-6978.c [c0]		-0.46		(1)  cpd00001[c0] + (1)  cpd11584[c0] <=> (1)  cpd00035[c0] + (1)  cpd00119[c0]	(1)  H2O [c0][c0] + (1)  Ala-His [c0][c0] <=> (1)  L-Alanine [c0][c0] + (1)  L-Histidine [c0][c0]	rxn12642	MEAMP1(ala-his)			
rxn05620_c0	>	Cytosol	(Annotated_genome.CDS.4071 and Annotated_genome.CDS.633)	MOPS transport via ABC system [c0]		-6.817		(1)  cpd00001[c0] + (1)  cpd00002[c0] + (1)  cpd11575[e0] => (1)  cpd00008[c0] + (1)  cpd00009[c0] + (1)  cpd00067[c0] + (1)  cpd11575[c0]	(1)  H2O [c0][c0] + (1)  ATP [c0][c0] + (1)  MOPS [e0][e0] => (1)  ADP [c0][c0] + (1)  Phosphate [c0][c0] + (1)  H+ [c0][c0] + (1)  MOPS [c0][c0]	rxn05620				
rxn10010_c0	>	Cytosol	Annotated_genome.CDS.1576	trans-2-hexenoyl-CoA  reductase (NAD+) [c0]		16.55		(1)  cpd00004[c0] + (1)  cpd00067[c0] + (1)  cpd03125[c0] => (1)  cpd00003[c0] + (1)  cpd03124[c0]	(1)  NADH [c0][c0] + (1)  H+ [c0][c0] + (1)  (2E) -Hexenoyl-CoA [c0][c0] => (1)  NAD [c0][c0] + (1)  Hexanoyl-CoA [c0][c0]	rxn10010	ACOAD2			Energy-Metabolism|Fermentation
rxn01332_c0	>	Cytosol	Annotated_genome.CDS.2026	Phosphoenolpyruvate:D-erythrose-4-phosphate C-(1-carboxyvinyl)transferase (phosphate hydrolysing, 2-carboxy-2-oxoethyl-forming) [c0]		-2.65		(1)  cpd00001[c0] + (1)  cpd00061[c0] + (1)  cpd00236[c0] => (1)  cpd00009[c0] + (1)  cpd02857[c0]	(1)  H2O [c0][c0] + (1)  Phosphoenolpyruvate [c0][c0] + (1)  D-Erythrose4-phosphate [c0][c0] => (1)  Phosphate [c0][c0] + (1)  DAHP [c0][c0]	rxn01332	ARO3	R01826	Phenylalanine, tyrosine and tryptophan biosynthesis	3-Dehydroquinate-Biosynthesis|ALL-CHORISMATE-PWY|ARO-PWY|AROMATIC-COMPOUNDS-BIOSYN|Amino-Acid-Biosynthesis|Biosynthesis|COMPLETE-ARO-PWY|Chorismate-Biosynthesis
rxn03532_c0	>	Cytosol	Annotated_genome.CDS.3945	precorrin-3A,NADH:oxygen oxidoreductase (20-hydroxylating) [c0]	1.14.13.83	-80.9		(1)  cpd00004[c0] + (1)  cpd00007[c0] + (2)  cpd00067[c0] + (1)  cpd03420[c0] => (1)  cpd00001[c0] + (1)  cpd00003[c0] + (1)  cpd03833[c0]	(1)  NADH [c0][c0] + (1)  O2 [c0][c0] + (2)  H+ [c0][c0] + (1)  Precorrin 3A [c0][c0] => (1)  H2O [c0][c0] + (1)  NAD [c0][c0] + (1)  Precorrin 3B [c0][c0]	rxn03532	P3Bs	R05217	Porphyrin and chlorophyll metabolism	Adenosylcobalamin-Biosynthesis|Biosynthesis|Cobalamin-Biosynthesis|Cofactor-Biosynthesis|P381-PWY|Vitamin-Biosynthesis
rxn00785_c0	=	Cytosol	(Annotated_genome.CDS.1948 or Annotated_genome.CDS.848)	D-Fructose 6-phosphate:D-glyceraldehyde-3-phosphate glycolaldehyde transferase [c0]		1.75		(1)  cpd00072[c0] + (1)  cpd00102[c0] <=> (1)  cpd00198[c0] + (1)  cpd00236[c0]	(1)  D-fructose-6-phosphate [c0][c0] + (1)  Glyceraldehyde3-phosphate [c0][c0] <=> (1)  D-Xylulose5-phosphate [c0][c0] + (1)  D-Erythrose4-phosphate [c0][c0]	rxn00785	TKT2	R01067	Carbon fixation in photosynthetic organisms	
rxn00693_c0	=	Cytosol	Annotated_genome.CDS.1170	5-Methyltetrahydrofolate:L-homocysteine S-methyltransferase [c0]		-6.41		(1)  cpd00135[c0] + (1)  cpd00345[c0] <=> (1)  cpd00060[c0] + (1)  cpd00087[c0]	(1)  Homocysteine [c0][c0] + (1)  5-Methyltetrahydrofolate [c0][c0] <=> (1)  L-Methionine [c0][c0] + (1)  Tetrahydrofolate [c0][c0]	rxn00693	METS	R00946	Cysteine and methionine metabolism|One carbon pool by folate	1CMET2-PWY|ADENOSYLHOMOCYSCAT-PWY|Amino-Acid-Biosynthesis|Amino-Acid-Degradation|Biosynthesis|Cofactor-Biosynthesis|Degradation|Folate-Biosynthesis|HOMOSER-METSYN-PWY|HSERMETANA-PWY|IND-AMINO-ACID-SYN|MET-SAM-PWY|METHIONINE-DEG|METHIONINE-SYN|METSYN-PWY|P4-PWY|PWY0-781|Vitamin-Biosynthesis
rxn01351_c0	>	Cytosol	Annotated_genome.CDS.3053	2'-Deoxyguanosine 5'-triphosphate diphosphohydrolase [c0]		-27.3		(1)  cpd00001[c0] + (1)  cpd00241[c0] => (1)  cpd00012[c0] + (2)  cpd00067[c0] + (1)  cpd00296[c0]	(1)  H2O [c0][c0] + (1)  dGTP [c0][c0] => (1)  PPi [c0][c0] + (2)  H+ [c0][c0] + (1)  dGMP [c0][c0]	rxn01351	NTPP1	R01855	Purine metabolism	
rxn03909_c0	>	Cytosol	Annotated_genome.CDS.3776	1-Deoxy-D-xylulose-5-phosphate pyruvate-lyase (carboxylating) [c0]		-8.11		(1)  cpd00020[c0] + (1)  cpd00067[c0] + (1)  cpd00102[c0] => (1)  cpd00011[c0] + (1)  cpd08289[c0]	(1)  Pyruvate [c0][c0] + (1)  H+ [c0][c0] + (1)  Glyceraldehyde3-phosphate [c0][c0] => (1)  CO2 [c0][c0] + (1)  1-deoxy-D-xylulose5-phosphate [c0][c0]	rxn03909	DXPS	R05636	Terpenoid backbone biosynthesis	Biosynthesis|Cofactor-Biosynthesis|DITERPENOID-SYN|GGPP-Biosynthesis|NONMEVIPP-PWY|Other-biosynthesis|PWY0-845|PYRIDOXSYN-PWY|Polyprenyl-Biosynthesis|SECONDARY-METABOLITE-BIOSYNTHESIS|THISYN-PWY|Terpenoid-Biosynthesis|Thiamine-Biosynthesis|Vitamin-B6-Biosynthesis|Vitamin-Biosynthesis
rxn01101_c0	=	Cytosol	(Annotated_genome.CDS.787 or Annotated_genome.CDS.1143 or Annotated_genome.CDS.1429 or Annotated_genome.CDS.140 or Annotated_genome.CDS.4163 or Annotated_genome.CDS.3635 or Annotated_genome.CDS.1755 or Annotated_genome.CDS.2344)	3-Phospho-D-glycerate:NAD+ 2-oxidoreductase [c0]		6.22		(1)  cpd00003[c0] + (1)  cpd00169[c0] <=> (1)  cpd00004[c0] + (1)  cpd00067[c0] + (1)  cpd02069[c0]	(1)  NAD [c0][c0] + (1)  3-Phosphoglycerate [c0][c0] <=> (1)  NADH [c0][c0] + (1)  H+ [c0][c0] + (1)  3-Phosphonooxypyruvate [c0][c0]	rxn01101	PGCD	R01513	Glycine, serine and threonine metabolism|Methane metabolism	Amino-Acid-Biosynthesis|Biosynthesis|IND-AMINO-ACID-SYN|SER-GLYSYN-PWY|SERINE-BIOSYNTHESIS|SERSYN-PWY|SULFATE-CYS-PWY
rxn03084_c0	>	Cytosol	(Annotated_genome.CDS.2962 and Annotated_genome.CDS.2964 and Annotated_genome.CDS.2965)	5'-Phosphoribosylformylglycinamide:L-glutamine amido-ligase (ADP-forming) [c0]		-13.46		(1)  cpd00001[c0] + (1)  cpd00002[c0] + (1)  cpd00053[c0] + (1)  cpd02678[c0] => (1)  cpd00008[c0] + (1)  cpd00009[c0] + (1)  cpd00023[c0] + (1)  cpd00067[c0] + (1)  cpd02826[c0]	(1)  H2O [c0][c0] + (1)  ATP [c0][c0] + (1)  L-Glutamine [c0][c0] + (1)  N-Formyl-GAR [c0][c0] => (1)  ADP [c0][c0] + (1)  Phosphate [c0][c0] + (1)  L-Glutamate [c0][c0] + (1)  H+ [c0][c0] + (1)  5'-Phosphoribosylformylglycinamidine [c0][c0]	rxn03084	ADE6	R04463	Purine metabolism	AIR-Biosynthesis|Biosynthesis|DENOVOPURINE2-PWY|Nucleotide-Biosynthesis|PRPP-PWY|PUR-NUC-SYN|Purine-Nucleotide-De-Novo-Biosynthesis
rxn10233_c0	>	Cytosol	Annotated_genome.CDS.3577	anteisoheptadecanoyl-phosphatidylserine decarboxylase [c0]		7.45		(2)  cpd00067[c0] + (1)  cpd15690[c0] => (1)  cpd00011[c0] + (1)  cpd15696[c0]	(2)  H+ [c0][c0] + (1)  Dianteisoheptadecanoylphosphatidylserine [c0][c0] => (1)  CO2 [c0][c0] + (1)  Dianteisoheptadecanoylphosphatidylethanolamine [c0][c0]	rxn10233				
rxn06600_c0	>	Cytosol	(Annotated_genome.CDS.508 and Annotated_genome.CDS.507)	S-aminomethyldihydrolipoylprotein:(6S)-tetrahydrofolate aminomethyltransferase (ammonia-forming) [c0]		-2.29		(1)  cpd00087[c0] + (1)  cpd11830[c0] => (1)  cpd00013[c0] + (1)  cpd00125[c0] + (1)  cpd12225[c0]	(1)  Tetrahydrofolate [c0][c0] + (1)  S-Aminomethyldihydrolipoylprotein [c0][c0] => (1)  NH3 [c0][c0] + (1)  5-10-Methylenetetrahydrofolate [c0][c0] + (1)  Dihydrolipolprotein [c0][c0]	rxn06600		R04125	Glycine, serine and threonine metabolism|One carbon pool by folate	
rxn03439_c0	=	Cytosol	Annotated_genome.CDS.1704	CMP-3-deoxy-D-manno-oct-2-ulosonate:(KDO)-lipid IVA 3-deoxy-D-manno-oct-2-ulosonate transferase [c0]	2.4.99.13	-11.23		(1)  cpd02546[c0] + (1)  cpd03585[c0] <=> (1)  cpd00046[c0] + (1)  cpd00067[c0] + (1)  cpd03586[c0]	(1)  CMP-KDO [c0][c0] + (1)  KDO-lipid IV(A)  [c0][c0] <=> (1)  CMP [c0][c0] + (1)  H+ [c0][c0] + (1)  kdo2-lipid iva [c0][c0]	rxn03439	MOAT2	R05074	Lipopolysaccharide biosynthesis	Biosynthesis|Cell-Structure-Biosynthesis|KDO-Lipid-IV-Transfer|KDO-NAGLIPASYN-PWY|KDOSYN-PWY|LPSSYN-PWY|Lipid-Biosynthesis|Lipopolysaccharide-Biosynthesis
rxn00216_c0	=	Cytosol	Annotated_genome.CDS.885	ATP:D-glucose 6-phosphotransferase [c0]	2.7.1.2	-14.03		(1)  cpd00002[c0] + (1)  cpd00027[c0] <=> (1)  cpd00008[c0] + (1)  cpd00067[c0] + (1)  cpd00079[c0]	(1)  ATP [c0][c0] + (1)  D-Glucose [c0][c0] <=> (1)  ADP [c0][c0] + (1)  H+ [c0][c0] + (1)  D-glucose-6-phosphate [c0][c0]	rxn00216	GLK1_1	R00299	Streptomycin biosynthesis|Butirosin and neomycin biosynthesis	
rxn08808_c0	>	Cytosol	Annotated_genome.CDS.1138	Lysophospholipase L1 (2-acylglycerophosphoethanolamine, n-C18:0) (periplasm) [c0]				(1)  cpd00001[c0] + (1)  cpd00067[c0] + (1)  cpd12547[c0] => (1)  cpd00908[c0] + (1)  cpd01080[c0]	(1)  H2O [c0][c0] + (1)  H+ [c0][c0] + (1)  L-2-Lysophosphatidylethanolamine [c0][c0] => (1)  Glycerophosphoethanolamine [c0][c0] + (1)  ocdca [c0][c0]	rxn08808	LPLIPAL1E180pp			
rxn00558_c0	=	Cytosol	Annotated_genome.CDS.1885	D-glucose-6-phosphate aldose-ketose-isomerase [c0]		-0.89		(1)  cpd00079[c0] <=> (1)  cpd00072[c0]	(1)  D-glucose-6-phosphate [c0][c0] <=> (1)  D-fructose-6-phosphate [c0][c0]	rxn00558	PGI	R00771		
rxn12635_c0	=	Cytosol	(Annotated_genome.CDS.4159 or Annotated_genome.CDS.1275 or Annotated_genome.CDS.3788 or Annotated_genome.CDS.9)	RXN0-6974.c [c0]		-0.46		(1)  cpd00001[c0] + (1)  cpd11591[c0] <=> (1)  cpd00033[c0] + (1)  cpd00060[c0]	(1)  H2O [c0][c0] + (1)  Gly-Met [c0][c0] <=> (1)  Glycine [c0][c0] + (1)  L-Methionine [c0][c0]	rxn12635	MEAMP1(gly-met)			
rxn00806_c0	=	Cytosol	Annotated_genome.CDS.4545	L-Leucine:2-oxoglutarate aminotransferase [c0]		0		(1)  cpd00024[c0] + (1)  cpd00107[c0] <=> (1)  cpd00023[c0] + (1)  cpd00200[c0]	(1)  2-Oxoglutarate [c0][c0] + (1)  L-Leucine [c0][c0] <=> (1)  L-Glutamate [c0][c0] + (1)  4MOP [c0][c0]	rxn00806	BAT2_3	R01090	Valine, leucine and isoleucine degradation|Valine, leucine and isoleucine biosynthesis|Glucosinolate biosynthesis	Amino-Acid-Biosynthesis|Amino-Acid-Degradation|BRANCHED-CHAIN-AA-SYN-PWY|Biosynthesis|Degradation|IND-AMINO-ACID-SYN|LEU-DEG2-PWY|LEUCINE-DEG|LEUCINE-SYN|LEUSYN-PWY
rxn00177_c0	=	Cytosol	Annotated_genome.CDS.3123	(3S)-citramalyl-CoA pyruvate-lyase (acetyl-CoA-forming) [c0]	4.1.3.25	3.17		(1)  cpd00743[c0] <=> (1)  cpd00020[c0] + (1)  cpd00022[c0] + (1)  cpd00067[c0]	(1)  L-Citramalyl-CoA [c0][c0] <=> (1)  Pyruvate [c0][c0] + (1)  Acetyl-CoA [c0][c0] + (1)  H+ [c0][c0]	rxn00177		R00237	C5-Branched dibasic acid metabolism|Carbon fixation pathways in prokaryotes	Autotrophic-CO2-Fixation|C1-COMPOUNDS|CARBOXYLATES-DEG|CO2-Fixation|Degradation|Other-Degradation
rxn05328_c0	<	Cytosol	(Annotated_genome.CDS.500 or Annotated_genome.CDS.3522 or Annotated_genome.CDS.3653)	Hexadecanoyl-[acyl-carrier protein]:malonyl-CoA C-acyltransferase(decarboxylating, oxoacyl- and enoyl-reducing) [c0]		16.55		(1)  cpd00003[c0] + (1)  cpd11476[c0] <= (1)  cpd00004[c0] + (1)  cpd00067[c0] + (1)  cpd11477[c0]	(1)  NAD [c0][c0] + (1)  hexadecanoyl-acp [c0][c0] <= (1)  NADH [c0][c0] + (1)  H+ [c0][c0] + (1)  (2E) -Hexadecenoyl-[acp] [c0][c0]	rxn05328		R04969	Fatty acid biosynthesis	
rxn05361_c0	=	Cytosol	(Annotated_genome.CDS.502 or (Annotated_genome.CDS.3228 or Annotated_genome.CDS.2000))	4-methyl-3-hydroxy-hexanoyl-ACP hydro-lyase [c0]		2.163		(1)  cpd11497[c0] <=> (1)  cpd00001[c0] + (1)  cpd11498[c0]	(1)  4-methyl-3-hydroxy-hexanoyl-ACP [c0][c0] <=> (1)  H2O [c0][c0] + (1)  4-methyl-trans-hex-2-enoyl-ACP [c0][c0]	rxn05361				
rxn01851_c0	>	Cytosol	(Annotated_genome.CDS.2035 or Annotated_genome.CDS.3441 or Annotated_genome.CDS.471 or Annotated_genome.CDS.2113 or Annotated_genome.CDS.3579 or Annotated_genome.CDS.1799 or Annotated_genome.CDS.3426 or Annotated_genome.CDS.4291)	4-aminobutanal:NAD+ 1-oxidoreductase [c0]		-9.8		(1)  cpd00001[c0] + (1)  cpd00003[c0] + (1)  cpd00434[c0] => (1)  cpd00004[c0] + (2)  cpd00067[c0] + (1)  cpd00281[c0]	(1)  H2O [c0][c0] + (1)  NAD [c0][c0] + (1)  4-Aminobutanal [c0][c0] => (1)  NADH [c0][c0] + (2)  H+ [c0][c0] + (1)  GABA [c0][c0]	rxn01851	ABUTD	R02549	Arginine and proline metabolism|beta-Alanine metabolism	AMINE-DEG|ARGDEG-PWY|ARGININE-DEG|Amino-Acid-Degradation|Degradation|ORNARGDEG-PWY|ORNDEG-PWY|PUTDEG-PWY|Putrescine-Degradation
rxn08178_c0	>	Cytosol	(Annotated_genome.CDS.3929 or Annotated_genome.CDS.3929)	Biotin sulfoxide reductase [c0]				(1)  cpd00004[c0] + (1)  cpd00067[c0] + (1)  cpd15414[c0] => (1)  cpd00001[c0] + (1)  cpd00003[c0] + (1)  cpd00104[c0]	(1)  NADH [c0][c0] + (1)  H+ [c0][c0] + (1)  d-biotin d-sulfoxide [c0][c0] => (1)  H2O [c0][c0] + (1)  NAD [c0][c0] + (1)  BIOT [c0][c0]	rxn08178	BSORx			
rxn00507_c0	>	Cytosol	Annotated_genome.CDS.3338	Acetaldehyde:NADP+ oxidoreductase [c0]		-11.99		(1)  cpd00001[c0] + (1)  cpd00006[c0] + (1)  cpd00071[c0] => (1)  cpd00005[c0] + (1)  cpd00029[c0] + (2)  cpd00067[c0]	(1)  H2O [c0][c0] + (1)  NADP [c0][c0] + (1)  Acetaldehyde [c0][c0] => (1)  NADPH [c0][c0] + (1)  Acetate [c0][c0] + (2)  H+ [c0][c0]	rxn00507	ALD6	R00711	Glycolysis / Gluconeogenesis|Pyruvate metabolism	Energy-Metabolism|Fermentation|Pyruvate-Degradation
rxn09449_c0	>	Cytosol	(Annotated_genome.CDS.1457 or Annotated_genome.CDS.4324 or Annotated_genome.CDS.2788 or Annotated_genome.CDS.4283 or Annotated_genome.CDS.3597 or Annotated_genome.CDS.4051 or Annotated_genome.CDS.3649 or Annotated_genome.CDS.3488 or Annotated_genome.CDS.4284 or Annotated_genome.CDS.962 or Annotated_genome.CDS.1662 or Annotated_genome.CDS.4316 or Annotated_genome.CDS.1459 or Annotated_genome.CDS.1598 or Annotated_genome.CDS.4258 or Annotated_genome.CDS.2390 or Annotated_genome.CDS.445 or Annotated_genome.CDS.2201 or Annotated_genome.CDS.1641)	acyl-coenzyme A ligase [c0]		-21.55		(1)  cpd00002[c0] + (1)  cpd00010[c0] + (1)  cpd01080[c0] => (1)  cpd00012[c0] + (1)  cpd00018[c0] + (1)  cpd00067[c0] + (1)  cpd00327[c0]	(1)  ATP [c0][c0] + (1)  CoA [c0][c0] + (1)  ocdca [c0][c0] => (1)  PPi [c0][c0] + (1)  AMP [c0][c0] + (1)  H+ [c0][c0] + (1)  strcoa [c0][c0]	rxn09449	FACOAL180			Activation|Activation-Inactivation-Interconversion|Alkanes-Biosynthesis|Biosynthesis|Carbohydrates-Biosynthesis|Energy-Metabolism|Lipid-Biosynthesis
rxn05323_c0	<	Cytosol	(Annotated_genome.CDS.500 or Annotated_genome.CDS.3522 or Annotated_genome.CDS.3653)	Tetradecanoyl-[acyl-carrier protein]:malonyl-CoA C-acyltransferase(decarboxylating, oxoacyl- and enoyl-reducing) [c0]		16.55		(1)  cpd00003[c0] + (1)  cpd11466[c0] <= (1)  cpd00004[c0] + (2)  cpd00067[c0] + (1)  cpd11467[c0]	(1)  NAD [c0][c0] + (1)  Myristoyl-ACP [c0][c0] <= (1)  NADH [c0][c0] + (2)  H+ [c0][c0] + (1)  (2E) -Tetradecenoyl-[acp] [c0][c0]	rxn05323		R04966	Fatty acid biosynthesis	
rxn05656_c0	>	Cytosol	(Annotated_genome.CDS.4071 and Annotated_genome.CDS.633)	sulfoacetate transport via ABC system [c0]		-6.817		(1)  cpd00001[c0] + (1)  cpd00002[c0] + (1)  cpd09878[e0] => (1)  cpd00008[c0] + (1)  cpd00009[c0] + (1)  cpd00067[c0] + (1)  cpd09878[c0]	(1)  H2O [c0][c0] + (1)  ATP [c0][c0] + (1)  Sulfoacetate [e0][e0] => (1)  ADP [c0][c0] + (1)  Phosphate [c0][c0] + (1)  H+ [c0][c0] + (1)  Sulfoacetate [c0][c0]	rxn05656				
rxn05616_c0	=	Cytosol	(Annotated_genome.CDS.1961 or Annotated_genome.CDS.3808)	TRANS-RXN-141.ce [c0]	1.A.35|TC-1.A.35	0		(1)  cpd00254[c0] <=> (1)  cpd00254[e0]	(1)  Mg [c0][c0] <=> (1)  Mg [e0][e0]	rxn05616	MGt5			
rxn08805_c0	=	Cytosol	Annotated_genome.CDS.1138	Lysophospholipase L1 (2-acylglycerophosphoethanolamine, n-C14:1) (periplasm) [c0]		-264.53		(1)  cpd00001[c0] + (1)  cpd15315[c0] <=> (1)  cpd00067[c0] + (1)  cpd00908[c0] + (1)  cpd15298[c0]	(1)  H2O [c0][c0] + (1)  1-Acyl-sn-glycero-3-phosphoethanolamine tetradec-7-enoyl [c0][c0] <=> (1)  H+ [c0][c0] + (1)  Glycerophosphoethanolamine [c0][c0] + (1)  tetradecenoate [c0][c0]	rxn08805	LPLIPAL1E141pp			
rxn01507_c0	>	Cytosol	(Annotated_genome.CDS.3133 or (Annotated_genome.CDS.1906 or Annotated_genome.CDS.1610))	2'-Deoxyadenosine 5'-monophosphate phosphohydrolase [c0]		7.21		(1)  cpd00001[c0] + (1)  cpd00294[c0] => (1)  cpd00009[c0] + (1)  cpd00438[c0]	(1)  H2O [c0][c0] + (1)  dAMP [c0][c0] => (1)  Phosphate [c0][c0] + (1)  Deoxyadenosine [c0][c0]	rxn01507	NTD6	R02088	Purine metabolism	
rxn01790_c0	=	Cytosol	Annotated_genome.CDS.4186	(R)-Pantoate:NADP+ 2-oxidoreductase [c0]	1.1.1.169	6.22		(1)  cpd00006[c0] + (1)  cpd00408[c0] <=> (1)  cpd00005[c0] + (1)  cpd00067[c0] + (1)  cpd00712[c0]	(1)  NADP [c0][c0] + (1)  Pantoate [c0][c0] <=> (1)  NADPH [c0][c0] + (1)  H+ [c0][c0] + (1)  2-Dehydropantoate [c0][c0]	rxn01790	DPR	R02472	Pantothenate and CoA biosynthesis	Biosynthesis|CoA-Biosynthesis|Cofactor-Biosynthesis|PANTO-PWY|PANTOSYN-PWY|Pantothenate-Biosynthesis|Vitamin-Biosynthesis
rxn05651_c0	=	Cytosol	(Annotated_genome.CDS.3484 or Annotated_genome.CDS.990)	sulfate transport in via proton symport [c0]	2.A.53|TC-2.A.53	0		(1)  cpd00048[e0] + (1)  cpd00067[e0] <=> (1)  cpd00048[c0] + (1)  cpd00067[c0]	(1)  Sulfate [e0][e0] + (1)  H+ [e0][e0] <=> (1)  Sulfate [c0][c0] + (1)  H+ [c0][c0]	rxn05651	SO4t2			
rxn00077_c0	=	Cytosol	Annotated_genome.CDS.1956	ATP:NAD+ 2'-phosphotransferase [c0]		-14.03		(1)  cpd00002[c0] + (1)  cpd00003[c0] <=> (1)  cpd00006[c0] + (1)  cpd00008[c0] + (1)  cpd00067[c0]	(1)  ATP [c0][c0] + (1)  NAD [c0][c0] <=> (1)  NADP [c0][c0] + (1)  ADP [c0][c0] + (1)  H+ [c0][c0]	rxn00077	NADK	R00104	Nicotinate and nicotinamide metabolism	Biosynthesis|Cofactor-Biosynthesis|NAD-Metabolism|NADPHOS-DEPHOS-PWY
rxn01388_c0	=	Cytosol	Annotated_genome.CDS.1986	isocitrate hydro-lyase (cis-aconitate-forming) [c0]		0.05		(1)  cpd00260[c0] <=> (1)  cpd00001[c0] + (1)  cpd00331[c0]	(1)  Isocitrate [c0][c0] <=> (1)  H2O [c0][c0] + (1)  cis-Aconitate [c0][c0]	rxn01388	ACONTb	R01900	Citrate cycle (TCA cycle)|Glyoxylate and dicarboxylate metabolism|Carbon fixation pathways in prokaryotes	
rxn03638_c0	>	Cytosol	(Annotated_genome.CDS.3217 and Annotated_genome.CDS.3217)	Acetyl-CoA:D-glucosamine-1-phosphate N-acetyltransferase [c0]		-5.29		(1)  cpd00022[c0] + (1)  cpd03671[c0] => (1)  cpd00010[c0] + (1)  cpd00067[c0] + (1)  cpd02611[c0]	(1)  Acetyl-CoA [c0][c0] + (1)  D-Glucosamine1-phosphate [c0][c0] => (1)  CoA [c0][c0] + (1)  H+ [c0][c0] + (1)  N-Acetyl-D-glucosamine1-phosphate [c0][c0]	rxn03638	G1PACTr	R05332	Amino sugar and nucleotide sugar metabolism	Biosynthesis|Cell-Structure-Biosynthesis|Cell-Wall-Biosynthesis|Lipopolysaccharide-Biosynthesis|O-Antigen-Biosynthesis|OANTIGEN-PWY|Polyamine-Biosynthesis|UDP-NAc-Glucosamine-Biosynthesis|UDPNAGSYN-PWY
rxn05438_c0	>	Cytosol	(Annotated_genome.CDS.500 or Annotated_genome.CDS.3522 or Annotated_genome.CDS.3653)	14-methyl-trans-hexa-dec-2-enoyl-ACP:NAD+ oxidoreductase (A-specific) [c0]		-16.55		(1)  cpd00004[c0] + (1)  cpd00067[c0] + (1)  cpd11518[c0] => (1)  cpd00003[c0] + (1)  cpd11519[c0]	(1)  NADH [c0][c0] + (1)  H+ [c0][c0] + (1)  14-methyl-trans-hexa-dec-2-enoyl-ACP [c0][c0] => (1)  NAD [c0][c0] + (1)  14-methyl-hexa-decanoyl-ACP [c0][c0]	rxn05438				
rxn02897_c0	=	Cytosol	Annotated_genome.CDS.1328	Nicotinate-nucleotide:dimethylbenzimidazole phospho-D-ribosyltransferase [c0]	2.4.2.21	-2.94		(1)  cpd00873[c0] + (1)  cpd01997[c0] <=> (1)  cpd00067[c0] + (1)  cpd00218[c0] + (1)  cpd02904[c0]	(1)  Nicotinate ribonucleotide [c0][c0] + (1)  Dimethylbenzimidazole [c0][c0] <=> (1)  H+ [c0][c0] + (1)  Niacin [c0][c0] + (1)  alpha-Ribazole 5'-phosphate [c0][c0]	rxn02897	NNDMBRT	R04148	Porphyrin and chlorophyll metabolism	Adenosylcobalamin-Biosynthesis|Biosynthesis|COBALSYN-PWY|Cobalamin-Biosynthesis|Cofactor-Biosynthesis|P381-PWY|Vitamin-Biosynthesis
rxn01406_c0	>	Cytosol	Annotated_genome.CDS.2513	S-adenosylmethioninamine:putrescine 3-aminopropyltransferase [c0]		-10.46		(1)  cpd00118[c0] + (1)  cpd00837[c0] => (1)  cpd00067[c0] + (1)  cpd00147[c0] + (1)  cpd00264[c0]	(1)  Putrescine [c0][c0] + (1)  S-Adenosylmethioninamine [c0][c0] => (1)  H+ [c0][c0] + (1)  5-Methylthioadenosine [c0][c0] + (1)  Spermidine [c0][c0]	rxn01406	SPMS	R01920	Cysteine and methionine metabolism|Arginine and proline metabolism|Glutathione metabolism	ARG+POLYAMINE-SYN|BSUBPOLYAMSYN-PWY|Biosynthesis|POLYAMINSYN3-PWY|POLYAMSYN-PWY|Polyamine-Biosynthesis|Spermidine-Biosynthesis
rxn05249_c0	>	Cytosol	(Annotated_genome.CDS.1457 or Annotated_genome.CDS.4324 or Annotated_genome.CDS.2788 or Annotated_genome.CDS.4283 or Annotated_genome.CDS.3597 or Annotated_genome.CDS.4051 or Annotated_genome.CDS.3649 or Annotated_genome.CDS.3488 or Annotated_genome.CDS.4284 or Annotated_genome.CDS.962 or Annotated_genome.CDS.1662 or Annotated_genome.CDS.4316 or Annotated_genome.CDS.1459 or Annotated_genome.CDS.1598 or Annotated_genome.CDS.4258 or Annotated_genome.CDS.2390 or Annotated_genome.CDS.445 or Annotated_genome.CDS.2201 or Annotated_genome.CDS.1641)	FACOAL150(ISO) [c0]		-4.296		(1)  cpd00002[c0] + (1)  cpd00010[c0] + (1)  cpd11436[c0] => (1)  cpd00012[c0] + (1)  cpd00018[c0] + (1)  cpd11437[c0]	(1)  ATP [c0][c0] + (1)  CoA [c0][c0] + (1)  fa3 [c0][c0] => (1)  PPi [c0][c0] + (1)  AMP [c0][c0] + (1)  fa3coa [c0][c0]	rxn05249				
rxn02056_c0	=	Cytosol	Annotated_genome.CDS.1894	S-Adenosyl-L-methionine:uroporphyrin-III C-methyltransferase [c0]				(2)  cpd00067[c0] + (1)  cpd00557[c0] <=> (1)  cpd03426[c0] + (1)  cpd10515[c0]	(2)  H+ [c0][c0] + (1)  Siroheme [c0][c0] <=> (1)  Sirohydrochlorin [c0][c0] + (1)  Fe2+ [c0][c0]	rxn02056	SHCHF	R02864	Porphyrin and chlorophyll metabolism	Biosynthesis|Cofactor-Biosynthesis|Porphyrin-Compounds-Biosynthesis
rxn02277_c0	>	Cytosol	Annotated_genome.CDS.2212	7,8-Diaminononanoate:carbon-dioxide cyclo-ligase [c0]	6.3.3.3	-24.62		(1)  cpd00002[c0] + (1)  cpd00011[c0] + (1)  cpd00764[c0] => (1)  cpd00008[c0] + (1)  cpd00009[c0] + (3)  cpd00067[c0] + (1)  cpd01311[c0]	(1)  ATP [c0][c0] + (1)  CO2 [c0][c0] + (1)  7-8-Diaminononanoate [c0][c0] => (1)  ADP [c0][c0] + (1)  Phosphate [c0][c0] + (3)  H+ [c0][c0] + (1)  Dethiobiotin [c0][c0]	rxn02277	BIO4	R03182	Biotin metabolism	BIOTIN-BIOSYNTHESIS-PWY|BIOTIN-SYN|Biosynthesis|Cofactor-Biosynthesis|PWY0-1507|Vitamin-Biosynthesis
rxn10223_c0	>	Cytosol	Annotated_genome.CDS.3233	isopentadecanoyl-phosphatidate cytidylyltransferase [c0]		1.07		(1)  cpd00052[c0] + (1)  cpd15680[c0] => (1)  cpd00012[c0] + (1)  cpd00067[c0] + (1)  cpd15686[c0]	(1)  CTP [c0][c0] + (1)  1,2-diisopentadecanoyl-sn-glycerol 3-phosphate [c0][c0] => (1)  PPi [c0][c0] + (1)  H+ [c0][c0] + (1)  CDP-1,2-diisopentadecanoylglycerol [c0][c0]	rxn10223				
rxn00991_c0	=	Cytosol	(Annotated_genome.CDS.3475 or Annotated_genome.CDS.587)	(S)-3-hydroxy-3-methylglutaryl-CoA acetoacetate-lyase (acetyl-CoA-forming) [c0]		0.71		(1)  cpd00292[c0] <=> (1)  cpd00022[c0] + (1)  cpd00142[c0]	(1)  HMG-CoA [c0][c0] <=> (1)  Acetyl-CoA [c0][c0] + (1)  Acetoacetate [c0][c0]	rxn00991	HMGL	R01360	Synthesis and degradation of ketone bodies|Valine, leucine and isoleucine degradation|Butanoate metabolism	Amino-Acid-Degradation|CARBOXYLATES-DEG|Degradation|Energy-Metabolism|LEU-DEG2-PWY|LEUCINE-DEG|OTHER-ENERGY|PWY66-367
rxn10260_c0	=	Cytosol	Annotated_genome.CDS.4478	anteisoheptadecanoyl-CDPdiacylglycerol:sn-glycerol-3-phosphate 3-phosphatidyltransferase [c0]		-4.5		(1)  cpd00080[c0] + (1)  cpd15684[c0] <=> (1)  cpd00046[c0] + (1)  cpd15717[c0]	(1)  Glycerol-3-phosphate [c0][c0] + (1)  CDP-1,2-dianteisoheptadecanoylglycerol [c0][c0] <=> (1)  CMP [c0][c0] + (1)  Dianteisoheptadecanoylphosphatidylglycerophosphate [c0][c0]	rxn10260				
rxn03242_c0	=	Cytosol	((Annotated_genome.CDS.3186 or Annotated_genome.CDS.1597 or Annotated_genome.CDS.2196 or Annotated_genome.CDS.1245 or Annotated_genome.CDS.403 or Annotated_genome.CDS.167 or Annotated_genome.CDS.2162 or Annotated_genome.CDS.2197) or Annotated_genome.CDS.3492)	(S)-3-hydroxydodecanoyl-CoA:NAD+ oxidoreductase [c0]		3.76		(1)  cpd00003[c0] + (1)  cpd03116[c0] <=> (1)  cpd00004[c0] + (1)  cpd00067[c0] + (1)  cpd03117[c0]	(1)  NAD [c0][c0] + (1)  (S) -3-Hydroxydodecanoyl-CoA [c0][c0] <=> (1)  NADH [c0][c0] + (1)  H+ [c0][c0] + (1)  3-Oxododecanoyl-CoA [c0][c0]	rxn03242	HACD5	R04741	Fatty acid elongation|Fatty acid degradation	
rxn01924_c0	<	Cytosol	Annotated_genome.CDS.482	isobutyryl-CoA dehydrogenase [c0]		6.01		(1)  cpd00015[c0] + (1)  cpd00067[c0] + (1)  cpd00481[c0] <= (1)  cpd00982[c0] + (1)  cpd02187[c0]	(1)  FAD [c0][c0] + (1)  H+ [c0][c0] + (1)  Isobutyryl-CoA [c0][c0] <= (1)  FADH2 [c0][c0] + (1)  Methacrylyl-CoA [c0][c0]	rxn01924	2MACOAD			Amino-Acid-Degradation|Degradation|VALDEG-PWY|VALINE-DEG
rxn00851_c0	>	Cytosol	Annotated_genome.CDS.4599	D-alanine:D-alanine ligase (ADP-forming) [c0]		-6.35		(1)  cpd00002[c0] + (2)  cpd00117[c0] => (1)  cpd00008[c0] + (1)  cpd00009[c0] + (1)  cpd00067[c0] + (1)  cpd00731[c0]	(1)  ATP [c0][c0] + (2)  D-Alanine [c0][c0] => (1)  ADP [c0][c0] + (1)  Phosphate [c0][c0] + (1)  H+ [c0][c0] + (1)  Ala-Ala [c0][c0]	rxn00851	ALAALA	R01150	D-Alanine metabolism|Peptidoglycan biosynthesis	Acetylmuramoyl-Pentapeptide-Biosynthesis|Antibiotic-Resistance|Biosynthesis|Cell-Structure-Biosynthesis|Cell-Wall-Biosynthesis|Detoxification|PEPTIDOGLYCANSYN-PWY|Peptidoglycan-Biosynthesis
rxn01480_c0	=	Cytosol	Annotated_genome.CDS.483	3-Hydroxy-2-methylpropanoate:NAD+ oxidoreductase [c0]		5.22		(1)  cpd00003[c0] + (1)  cpd00876[c0] <=> (1)  cpd00004[c0] + (1)  cpd00067[c0] + (1)  cpd00287[c0]	(1)  NAD [c0][c0] + (1)  3-Hydroxyisobutyrate [c0][c0] <=> (1)  NADH [c0][c0] + (1)  H+ [c0][c0] + (1)  3-Oxo-2-methylpropanoate [c0][c0]	rxn01480	HIBD	R02047		
rxn00301_c0	>	Cytosol	Annotated_genome.CDS.3053	GTP diphosphohydrolase (diphosphate-forming) [c0]		-27.3		(1)  cpd00001[c0] + (1)  cpd00038[c0] => (1)  cpd00012[c0] + (2)  cpd00067[c0] + (1)  cpd00126[c0]	(1)  H2O [c0][c0] + (1)  GTP [c0][c0] => (1)  PPi [c0][c0] + (2)  H+ [c0][c0] + (1)  GMP [c0][c0]	rxn00301	NTPP2	R00426	Purine metabolism	
rxn09199_c0	>	Cytosol	Annotated_genome.CDS.3577	Phosphatidylserine decarboxylase (n-C14:1) [c0]		-73.2		(2)  cpd00067[c0] + (1)  cpd15554[c0] => (1)  cpd00011[c0] + (1)  cpd15530[c0]	(2)  H+ [c0][c0] + (1)  phosphatidylserine ditetradec-7-enoyl [c0][c0] => (1)  CO2 [c0][c0] + (1)  phosphatidylethanolamine ditetradec-7-enoyl [c0][c0]	rxn09199	PSD141			
rxn05233_c0	>	Cytosol	Annotated_genome.CDS.1405	2'-Deoxyguanosine 5'-diphosphate:oxidized-thioredoxin 2'-oxidoreductase [c0]				(1)  cpd00031[c0] + (1)  cpd11421[c0] => (1)  cpd00001[c0] + (1)  cpd00295[c0] + (1)  cpd11420[c0]	(1)  GDP [c0][c0] + (1)  trdrd [c0][c0] => (1)  H2O [c0][c0] + (1)  dGDP [c0][c0] + (1)  trdox [c0][c0]	rxn05233	RNDR2	R02019	Purine metabolism	
rxn09109_c0	=	Cytosol	Annotated_genome.CDS.4478	Phosphatidylglycerol synthase (n-C14:0) [c0]		-16.7		(1)  cpd00080[c0] + (1)  cpd15423[c0] <=> (1)  cpd00046[c0] + (1)  cpd15543[c0]	(1)  Glycerol-3-phosphate [c0][c0] + (1)  CDP-1,2-ditetradecanoylglycerol [c0][c0] <=> (1)  CMP [c0][c0] + (1)  Phosphatidylglycerophosphate ditetradecanoyl [c0][c0]	rxn09109	PGSA140			
rxn00141_c0	>	Cytosol	Annotated_genome.CDS.1204	S-Adenosyl-L-homocysteine hydrolase [c0]		5.67		(1)  cpd00001[c0] + (1)  cpd00019[c0] => (1)  cpd00135[c0] + (1)  cpd00182[c0]	(1)  H2O [c0][c0] + (1)  S-Adenosyl-homocysteine [c0][c0] => (1)  Homocysteine [c0][c0] + (1)  Adenosine [c0][c0]	rxn00141	AHC	R00192	Cysteine and methionine metabolism	Amino-Acid-Biosynthesis|Amino-Acid-Degradation|Biosynthesis|CYSTEINE-SYN|Degradation|IND-AMINO-ACID-SYN|METHIONINE-DEG|METHIONINE-DEG1-PWY|METHIONINE-SYN|S-adenosyl-L-methionine-cycle
rxn02003_c0	=	Cytosol	Annotated_genome.CDS.2685	dTDP-6-deoxy-L-mannose:NADP+ 4-oxidoreductase [c0]		2.3		(1)  cpd00006[c0] + (1)  cpd02113[c0] <=> (1)  cpd00005[c0] + (1)  cpd00067[c0] + (1)  cpd00522[c0]	(1)  NADP [c0][c0] + (1)  dTDP-rhamnose [c0][c0] <=> (1)  NADPH [c0][c0] + (1)  H+ [c0][c0] + (1)  dTDP-4-oxo-L-rhamnose [c0][c0]	rxn02003	TDPDRR	R02777	Streptomycin biosynthesis|Polyketide sugar unit biosynthesis	
rxn01200_c0	=	Cytosol	(Annotated_genome.CDS.1948 or Annotated_genome.CDS.848)	Sedoheptulose-7-phosphate:D-glyceraldehyde-3-phosphate glycolaldehyde transferase [c0]		-2.08		(1)  cpd00102[c0] + (1)  cpd00238[c0] <=> (1)  cpd00101[c0] + (1)  cpd00198[c0]	(1)  Glyceraldehyde3-phosphate [c0][c0] + (1)  Sedoheptulose7-phosphate [c0][c0] <=> (1)  ribose-5-phosphate [c0][c0] + (1)  D-Xylulose5-phosphate [c0][c0]	rxn01200		R01641	Pentose phosphate pathway|Carbon fixation in photosynthetic organisms	Autotrophic-CO2-Fixation|Biosynthesis|C1-COMPOUNDS|CALVIN-PWY|CARBO-BIOSYNTHESIS|CO2-Fixation|Carbohydrates-Biosynthesis|Carbohydrates-Degradation|Degradation|Energy-Metabolism|Fermentation|Formaldehyde-Assimilation|NONOXIPENT-PWY|P124-PWY|P185-PWY|P21-PWY|PENTOSE-P-PWY|PHOTOALL-PWY|Pentose-Phosphate-Cycle|Photosynthesis|Sugars-And-Polysaccharides|Xylose-Degradation
rxn00186_c0	>	Cytosol	(Annotated_genome.CDS.780 or Annotated_genome.CDS.780)	5-oxo-L-proline amidohydrolase (ATP-hydrolysing) [c0]	3.5.2.9	-4.14		(2)  cpd00001[c0] + (1)  cpd00002[c0] + (1)  cpd01293[c0] => (1)  cpd00008[c0] + (1)  cpd00009[c0] + (1)  cpd00023[c0] + (1)  cpd00067[c0]	(2)  H2O [c0][c0] + (1)  ATP [c0][c0] + (1)  5-Oxoproline [c0][c0] => (1)  ADP [c0][c0] + (1)  Phosphate [c0][c0] + (1)  L-Glutamate [c0][c0] + (1)  H+ [c0][c0]	rxn00186	OPAH	R00251	Glutathione metabolism	Biosynthesis|Cofactor-Biosynthesis|Reductants
rxn08558_c0	>	Cytosol	Annotated_genome.CDS.1664	anaerobic glycerol-3-phosphate dehydrogenase [c0]		-16.55		(1)  cpd00080[c0] + (1)  cpd15352[c0] => (1)  cpd00095[c0] + (1)  cpd15353[c0]	(1)  Glycerol-3-phosphate [c0][c0] + (1)  2-Demethylmenaquinone 8 [c0][c0] => (1)  Glycerone-phosphate [c0][c0] + (1)  2-Demethylmenaquinol 8 [c0][c0]	rxn08558	G3PD7			Energy-Metabolism|OTHER-ENERGY
rxn01241_c0	=	Cytosol	(Annotated_genome.CDS.1378 or (Annotated_genome.CDS.3096 or Annotated_genome.CDS.417))	Dihydrolipoamide:NAD+ oxidoreductase [c0]		1.55		(1)  cpd00003[c0] + (1)  cpd00449[c0] <=> (1)  cpd00004[c0] + (1)  cpd00067[c0] + (1)  cpd00213[c0]	(1)  NAD [c0][c0] + (1)  Dihydrolipoamide [c0][c0] <=> (1)  NADH [c0][c0] + (1)  H+ [c0][c0] + (1)  Lipoamide [c0][c0]	rxn01241	PDHc	R01698		
rxn05332_c0	=	Cytosol	(Annotated_genome.CDS.502 or (Annotated_genome.CDS.3228 or Annotated_genome.CDS.2000))	(3R)-3-Hydroxypalmitoyl-[acyl-carrier-protein] hydro-lyase [c0]		2.16		(1)  cpd11481[c0] <=> (1)  cpd00001[c0] + (1)  cpd11477[c0]	(1)  R-3-hydroxypalmitoyl-acyl-carrierprotein- [c0][c0] <=> (1)  H2O [c0][c0] + (1)  (2E) -Hexadecenoyl-[acp] [c0][c0]	rxn05332	3HAD160	R04544	Fatty acid biosynthesis	
rxn00438_c0	>	Cytosol	Annotated_genome.CDS.3242	ATP:thiamin-phosphate phosphotransferase [c0]	2.7.4.16	9.53		(1)  cpd00002[c0] + (1)  cpd00067[c0] + (1)  cpd00793[c0] => (1)  cpd00008[c0] + (1)  cpd00056[c0]	(1)  ATP [c0][c0] + (1)  H+ [c0][c0] + (1)  Thiamine phosphate [c0][c0] => (1)  ADP [c0][c0] + (1)  TPP [c0][c0]	rxn00438	TMPK	R00617	Thiamine metabolism	Biosynthesis|Cofactor-Biosynthesis|THISYN-PWY|Thiamin-Salvage|Thiamine-Biosynthesis|Vitamin-Biosynthesis
rxn00288_c0	>	Cytosol	((Annotated_genome.CDS.1031 and Annotated_genome.CDS.1032) or Annotated_genome.CDS.2318)	Succinate:(acceptor) oxidoreductase [c0]		5.68		(1)  cpd00015[c0] + (1)  cpd00036[c0] + (1)  cpd00067[c0] => (1)  cpd00106[c0] + (1)  cpd00982[c0]	(1)  FAD [c0][c0] + (1)  Succinate [c0][c0] + (1)  H+ [c0][c0] => (1)  Fumarate [c0][c0] + (1)  FADH2 [c0][c0]	rxn00288	FRD	R00408	Butanoate metabolism|Carbon fixation pathways in prokaryotes	
rxn00763_c0	=	Cytosol	(Annotated_genome.CDS.3330 or Annotated_genome.CDS.383 or Annotated_genome.CDS.71 or Annotated_genome.CDS.1996 or Annotated_genome.CDS.169 or Annotated_genome.CDS.2194 or Annotated_genome.CDS.2122 or Annotated_genome.CDS.4294 or Annotated_genome.CDS.4047 or Annotated_genome.CDS.4086)	Glycerol:NAD+ oxidoreductase [c0]		5.22		(1)  cpd00003[c0] + (1)  cpd00100[c0] <=> (1)  cpd00004[c0] + (1)  cpd00067[c0] + (1)  cpd00448[c0]	(1)  NAD [c0][c0] + (1)  Glycerol [c0][c0] <=> (1)  NADH [c0][c0] + (1)  H+ [c0][c0] + (1)  D-Glyceraldehyde [c0][c0]	rxn00763	ALCD19	R01036	Glycerolipid metabolism	Biosynthesis|Cell-Structure-Biosynthesis
rxn05176_c0	>	Cytosol	(Annotated_genome.CDS.3715 and Annotated_genome.CDS.3718)	thiosulfate transport via ABC system [c0]		-6.82		(1)  cpd00001[c0] + (1)  cpd00002[c0] + (1)  cpd00268[e0] => (1)  cpd00008[c0] + (1)  cpd00009[c0] + (1)  cpd00067[c0] + (1)  cpd00268[c0]	(1)  H2O [c0][c0] + (1)  ATP [c0][c0] + (1)  H2S2O3 [e0][e0] => (1)  ADP [c0][c0] + (1)  Phosphate [c0][c0] + (1)  H+ [c0][c0] + (1)  H2S2O3 [c0][c0]	rxn05176	TSULabc			
rxn08811_c0	=	Cytosol	Annotated_genome.CDS.1138	Lysophospholipase L1 (2-acylglycerophosphoglycerol, n-C14:0) (periplasm) [c0]		-403.51		(1)  cpd00001[c0] + (1)  cpd15319[c0] <=> (1)  cpd00067[c0] + (1)  cpd02090[c0] + (1)  cpd03847[c0]	(1)  H2O [c0][c0] + (1)  1-Acyl-sn-glycero-3-phosphoglycerol tetradecanoyl [c0][c0] <=> (1)  H+ [c0][c0] + (1)  Glycerophosphoglycerol [c0][c0] + (1)  Myristic acid [c0][c0]	rxn08811	LPLIPAL1G140pp			
rxn02473_c0	>	Cytosol	Annotated_genome.CDS.752	D-erythro-1-(Imidazol-4-yl)glycerol 3-phosphate hydro-lyase [c0]		-10.63		(1)  cpd02843[c0] => (1)  cpd00001[c0] + (1)  cpd00930[c0]	(1)  D-erythro-imidazol-glycerol-phosphate [c0][c0] => (1)  H2O [c0][c0] + (1)  imidazole acetol-phosphate [c0][c0]	rxn02473	IGPDH	R03457	Histidine metabolism	Amino-Acid-Biosynthesis|Biosynthesis|HISTIDINE-SYN|HISTSYN-PWY|IND-AMINO-ACID-SYN|PRPP-PWY
rxn08656_c0	>	Cytosol	(Annotated_genome.CDS.842 and Annotated_genome.CDS.841 and Annotated_genome.CDS.840)	Glycolate oxidase [c0]		154.69		(1)  cpd00139[c0] + (1)  cpd15500[c0] => (1)  cpd00040[c0] + (1)  cpd15499[c0]	(1)  Glycolate [c0][c0] + (1)  Menaquinone 8 [c0][c0] => (1)  Glyoxalate [c0][c0] + (1)  Menaquinol 8 [c0][c0]	rxn08656	GLYCTO3			
rxn01434_c0	>	Cytosol	Annotated_genome.CDS.174	L-Citrulline:L-aspartate ligase (AMP-forming) [c0]		-19.18		(1)  cpd00002[c0] + (1)  cpd00041[c0] + (1)  cpd00274[c0] => (1)  cpd00012[c0] + (1)  cpd00018[c0] + (2)  cpd00067[c0] + (1)  cpd02152[c0]	(1)  ATP [c0][c0] + (1)  L-Aspartate [c0][c0] + (1)  Citrulline [c0][c0] => (1)  PPi [c0][c0] + (1)  AMP [c0][c0] + (2)  H+ [c0][c0] + (1)  L-Argininosuccinate [c0][c0]	rxn01434		R01954	Alanine, aspartate and glutamate metabolism|Arginine and proline metabolism	ARG+POLYAMINE-SYN|ARGININE-DEG|ARGININE-SYN|ARGININE-SYN4-PWY|ARGSYN-PWY|ARGSYNBSUB-PWY|Amino-Acid-Biosynthesis|Amino-Acid-Degradation|Biosynthesis|Citrulline-Biosynthesis|Degradation|IND-AMINO-ACID-SYN|Metabolic-Regulators|NITROGEN-DEG|Nitric-Oxide-Biosynthesis|Noncarbon-Nutrients|Other-Amino-Acid-Biosynthesis|Polyamine-Biosynthesis
rxn00912_c0	=	Cytosol	Annotated_genome.CDS.1002	5,10-Methylenetetrahydrofolate:3-methyl-2-oxobutanoate hydroxymethyltransferase [c0]		-1.47		(1)  cpd00001[c0] + (1)  cpd00123[c0] + (1)  cpd00125[c0] <=> (1)  cpd00087[c0] + (1)  cpd00712[c0]	(1)  H2O [c0][c0] + (1)  3-Methyl-2-oxobutanoate [c0][c0] + (1)  5-10-Methylenetetrahydrofolate [c0][c0] <=> (1)  Tetrahydrofolate [c0][c0] + (1)  2-Dehydropantoate [c0][c0]	rxn00912	ECM31	R01226	Pantothenate and CoA biosynthesis	Biosynthesis|CoA-Biosynthesis|Cofactor-Biosynthesis|PANTO-PWY|PANTOSYN-PWY|Pantothenate-Biosynthesis|Vitamin-Biosynthesis
rxn08819_c0	>	Cytosol	Annotated_genome.CDS.1138	Lysophospholipase L2 (2-acylglycerophosphotidate, n-C14:1) [c0]		-291.05		(1)  cpd00001[c0] + (1)  cpd15362[c0] => (2)  cpd00067[c0] + (1)  cpd00080[c0] + (1)  cpd15298[c0]	(1)  H2O [c0][c0] + (1)  2-tetradec-7-enoyl-sn-glycerol 3-phosphate [c0][c0] => (2)  H+ [c0][c0] + (1)  Glycerol-3-phosphate [c0][c0] + (1)  tetradecenoate [c0][c0]	rxn08819	LPLIPAL2A141			
rxn02345_c0	=	Cytosol	(Annotated_genome.CDS.403 or Annotated_genome.CDS.1597 or Annotated_genome.CDS.2162)	(S)-3-Hydroxybutanoyl-CoA 3-epimerase [c0]		0		(1)  cpd00842[c0] <=> (1)  cpd02234[c0]	(1)  (S) -3-Hydroxybutyryl-CoA [c0][c0] <=> (1)  (R) -3-Hydroxybutanoyl-CoA [c0][c0]	rxn02345		R03276	Fatty acid degradation|Butanoate metabolism	
rxn03512_c0	=	Cytosol	Annotated_genome.CDS.3946	Precorrin 8X 11,12-methylmutase [c0]				(3)  cpd00067[c0] + (1)  cpd03835[c0] <=> (1)  cpd03832[c0]	(3)  H+ [c0][c0] + (1)  Precorrin 8 [c0][c0] <=> (1)  Hydrogenobyrinate [c0][c0]	rxn03512	PC8XM	R05177	Porphyrin and chlorophyll metabolism	Adenosylcobalamin-Biosynthesis|Biosynthesis|Cobalamin-Biosynthesis|Cofactor-Biosynthesis|P381-PWY|Vitamin-Biosynthesis
rxn08898_c0	=	Cytosol	(Annotated_genome.CDS.192 or Annotated_genome.CDS.2730 or Annotated_genome.CDS.3150)	murein D,D-endopeptidase (murein4px4px4p) (periplasm) [c0]		-1826.22		(1)  cpd00001[c0] + (1)  cpd15508[c0] <=> (1)  cpd15507[c0]	(1)  H2O [c0][c0] + (1)  three disacharide linked murein units (tetrapeptide crosslinked tetrapeptide (A2pm->D-ala)  & tetrapeptide corsslinked tetrapeptide (A2pm->D-ala) )  (middle of chain)  [c0][c0] <=> (1)  three disacharide linked murein units (tetrapeptide crosslinked tetrapeptide (A2pm->D-ala) , one uncrosslinked tetrapaptide)  (middle of chain)  [c0][c0]	rxn08898	MDDEP4pp			
rxn00122_c0	>	Cytosol	Annotated_genome.CDS.559	ATP:FMN adenylyltransferase [c0]	2.7.7.2	1.07		(1)  cpd00002[c0] + (1)  cpd00050[c0] => (1)  cpd00012[c0] + (1)  cpd00015[c0]	(1)  ATP [c0][c0] + (1)  FMN [c0][c0] => (1)  PPi [c0][c0] + (1)  FAD [c0][c0]	rxn00122	FAD1	R00161	Riboflavin metabolism	Biosynthesis|Cofactor-Biosynthesis|Flavin-Biosynthesis|PWY66-366|RIBOSYN2-PWY|Vitamin-Biosynthesis
rxn07193_c0	=	Cytosol	Annotated_genome.CDS.217	3-(indol-3-yl)pyruvate:ferredoxin oxidoreductase (decarboxylating,CoA-indole-acetylating) [c0]		-22.94		(1)  cpd00010[c0] + (1)  cpd00278[c0] + (1)  cpd11621[c0] <=> (1)  cpd00011[c0] + (1)  cpd11175[c0] + (1)  cpd11620[c0]	(1)  CoA [c0][c0] + (1)  Indolepyruvate [c0][c0] + (1)  Oxidizedferredoxin [c0][c0] <=> (1)  CO2 [c0][c0] + (1)  S-2-(Indol-3-yl) acetyl-CoA [c0][c0] + (1)  Reducedferredoxin [c0][c0]	rxn07193		R07161		
rxn11938_c0	>	Cytosol	((Annotated_genome.CDS.646 and Annotated_genome.CDS.645) or Annotated_genome.CDS.643)	Formylmethanofuran:(NAD) oxidoreductase [c0]		-2.353		(1)  cpd00001[c0] + (1)  cpd00003[c0] + (1)  cpd00735[c0] => (1)  cpd00004[c0] + (1)  cpd00011[c0] + (1)  cpd00643[c0]	(1)  H2O [c0][c0] + (1)  NAD [c0][c0] + (1)  Formylmethanofuran [c0][c0] => (1)  NADH [c0][c0] + (1)  CO2 [c0][c0] + (1)  Methanofuran [c0][c0]	rxn11938				
rxn01011_c0	=	Cytosol	Annotated_genome.CDS.1993	D-Glycerate:NAD+ 2-oxidoreductase [c0]		6.22		(1)  cpd00003[c0] + (1)  cpd00223[c0] <=> (1)  cpd00004[c0] + (1)  cpd00067[c0] + (1)  cpd00145[c0]	(1)  NAD [c0][c0] + (1)  Glycerate [c0][c0] <=> (1)  NADH [c0][c0] + (1)  H+ [c0][c0] + (1)  Hydroxypyruvate [c0][c0]	rxn01011	HPYRRx	R01388	Glycine, serine and threonine metabolism|Glyoxylate and dicarboxylate metabolism|Methane metabolism	C1-COMPOUNDS|Degradation|Energy-Metabolism|Formaldehyde-Assimilation|Photosynthesis
rxn08890_c0	=	Cytosol	(Annotated_genome.CDS.192 or Annotated_genome.CDS.2730 or Annotated_genome.CDS.3150)	murein D,D-carboxypeptidase (murein5px4p) (periplasm) [c0]		1238.37		(1)  cpd00001[c0] + (1)  cpd15514[c0] <=> (1)  cpd00117[c0] + (1)  cpd15506[c0]	(1)  H2O [c0][c0] + (1)  two disacharide linked murein units, pentapeptide crosslinked tetrapeptide (A2pm->D-ala)  (middle of chain)  [c0][c0] <=> (1)  D-Alanine [c0][c0] + (1)  two disacharide linked murein units, tetrapeptide corsslinked tetrapeptide (A2pm->D-ala)  (middle of chain)  [c0][c0]	rxn08890	MDDCP1pp			
rxn05179_c0	>	Cytosol	((Annotated_genome.CDS.1209 or Annotated_genome.CDS.4271 or Annotated_genome.CDS.4061) and (Annotated_genome.CDS.4558 or Annotated_genome.CDS.1210 or Annotated_genome.CDS.1802 or Annotated_genome.CDS.3591) and (Annotated_genome.CDS.4556 or Annotated_genome.CDS.1208 or Annotated_genome.CDS.4269 or Annotated_genome.CDS.3589 or Annotated_genome.CDS.436 or Annotated_genome.CDS.3468 or Annotated_genome.CDS.3679) and (Annotated_genome.CDS.2280 or Annotated_genome.CDS.4089 or Annotated_genome.CDS.2151 or Annotated_genome.CDS.3317 or Annotated_genome.CDS.1211) and (Annotated_genome.CDS.4555 or Annotated_genome.CDS.3590 or Annotated_genome.CDS.1805 or Annotated_genome.CDS.3467 or Annotated_genome.CDS.2149) and Annotated_genome.CDS.4091 and Annotated_genome.CDS.3316 and Annotated_genome.CDS.2153 and (Annotated_genome.CDS.4063 or Annotated_genome.CDS.1803 or Annotated_genome.CDS.3592))	nonpolar-amino-acid-transporting ATPase [c0]		-6.82		(1)  cpd00001[c0] + (1)  cpd00002[c0] + (1)  cpd00322[e0] => (1)  cpd00008[c0] + (1)  cpd00009[c0] + (1)  cpd00067[c0] + (1)  cpd00322[c0]	(1)  H2O [c0][c0] + (1)  ATP [c0][c0] + (1)  L-Isoleucine [e0][e0] => (1)  ADP [c0][c0] + (1)  Phosphate [c0][c0] + (1)  H+ [c0][c0] + (1)  L-Isoleucine [c0][c0]	rxn05179	ILEabc			
rxn03492_c0	=	Cytosol	Annotated_genome.CDS.3949	precorrin-6Y:NADP+ oxidoreductase [c0]				(1)  cpd00006[c0] + (1)  cpd03760[c0] <=> (1)  cpd00005[c0] + (1)  cpd00067[c0] + (1)  cpd03761[c0]	(1)  NADP [c0][c0] + (1)  Precorrin 6B [c0][c0] <=> (1)  NADPH [c0][c0] + (1)  H+ [c0][c0] + (1)  Precorrin 6A [c0][c0]	rxn03492	PC6AR	R05150	Porphyrin and chlorophyll metabolism	Adenosylcobalamin-Biosynthesis|Biosynthesis|Cobalamin-Biosynthesis|Cofactor-Biosynthesis|P381-PWY|Vitamin-Biosynthesis
rxn10259_c0	=	Cytosol	Annotated_genome.CDS.4478	isoheptadecanoyl-CDPdiacylglycerol:sn-glycerol-3-phosphate 3-phosphatidyltransferase [c0]		-4.5		(1)  cpd00080[c0] + (1)  cpd15683[c0] <=> (1)  cpd00046[c0] + (1)  cpd15716[c0]	(1)  Glycerol-3-phosphate [c0][c0] + (1)  CDP-1,2-diisoheptadecanoylglycerol [c0][c0] <=> (1)  CMP [c0][c0] + (1)  Diisoheptadecanoylphosphatidylglycerophosphate [c0][c0]	rxn10259				
rxn01602_c0	=	Cytosol	(Annotated_genome.CDS.2030 or Annotated_genome.CDS.1236)	dihydrofolate:NADP+ oxidoreductase [c0]		-2.94		(1)  cpd00006[c0] + (1)  cpd00330[c0] <=> (1)  cpd00005[c0] + (1)  cpd00067[c0] + (1)  cpd00393[c0]	(1)  NADP [c0][c0] + (1)  Dihydrofolate [c0][c0] <=> (1)  NADPH [c0][c0] + (1)  H+ [c0][c0] + (1)  Folate [c0][c0]	rxn01602	DHFOR2	R02236	One carbon pool by folate|Folate biosynthesis	
rxn03068_c0	=	Cytosol	Annotated_genome.CDS.1712	(R)-2,3-Dihydroxy-3-methylbutanoate:NADP+ oxidoreductase (isomerizing) [c0]		6.22		(1)  cpd00006[c0] + (1)  cpd02498[c0] <=> (1)  cpd00005[c0] + (1)  cpd00067[c0] + (1)  cpd02569[c0]	(1)  NADP [c0][c0] + (1)  2,3-Dihydroxy-isovalerate [c0][c0] <=> (1)  NADPH [c0][c0] + (1)  H+ [c0][c0] + (1)  2-Oxo-3-hydroxyisovalerate [c0][c0]	rxn03068		R04440	Valine, leucine and isoleucine biosynthesis	
rxn05223_c0	>	Cytosol	(Annotated_genome.CDS.163 and (Annotated_genome.CDS.3143 or Annotated_genome.CDS.164) and Annotated_genome.CDS.162)	Biotin ABC transporter [c0]		-6.817		(1)  cpd00001[c0] + (1)  cpd00002[c0] + (1)  cpd00104[e0] => (1)  cpd00008[c0] + (1)  cpd00009[c0] + (1)  cpd00067[c0] + (1)  cpd00104[c0]	(1)  H2O [c0][c0] + (1)  ATP [c0][c0] + (1)  BIOT [e0][e0] => (1)  ADP [c0][c0] + (1)  Phosphate [c0][c0] + (1)  H+ [c0][c0] + (1)  BIOT [c0][c0]	rxn05223				
rxn05433_c0	>	Cytosol	(Annotated_genome.CDS.500 or Annotated_genome.CDS.3522 or Annotated_genome.CDS.3653)	4-methyl-trans-hex-2-enoyl-ACP:NAD+ oxidoreductase (A-specific) [c0]		-16.55		(1)  cpd00004[c0] + (1)  cpd00067[c0] + (1)  cpd11498[c0] => (1)  cpd00003[c0] + (1)  cpd11499[c0]	(1)  NADH [c0][c0] + (1)  H+ [c0][c0] + (1)  4-methyl-trans-hex-2-enoyl-ACP [c0][c0] => (1)  NAD [c0][c0] + (1)  4-methyl-hexanoyl-ACP [c0][c0]	rxn05433				
rxn05344_c0	>	Cytosol	(Annotated_genome.CDS.501 or Annotated_genome.CDS.1999 or (Annotated_genome.CDS.1013 or Annotated_genome.CDS.1998))	Tetradecanoyl-[acyl-carrier protein]:malonyl-[acyl-carrier-protein] C-acyltransferase (decarboxylating) [c0]		-7.37		(1)  cpd11466[c0] + (1)  cpd11492[c0] => (1)  cpd00011[c0] + (1)  cpd11485[c0] + (1)  cpd11493[c0]	(1)  Myristoyl-ACP [c0][c0] + (1)  Malonyl-acyl-carrierprotein- [c0][c0] => (1)  CO2 [c0][c0] + (1)  3-oxohexadecanoyl-acp [c0][c0] + (1)  ACP [c0][c0]	rxn05344	FAS2_7_1	R04968	Fatty acid biosynthesis	
rxn03241_c0	=	Cytosol	((Annotated_genome.CDS.3831 or Annotated_genome.CDS.4483 or Annotated_genome.CDS.3915 or Annotated_genome.CDS.1597 or Annotated_genome.CDS.2162 or Annotated_genome.CDS.3028 or Annotated_genome.CDS.4286 or Annotated_genome.CDS.4034 or Annotated_genome.CDS.1762 or Annotated_genome.CDS.3331 or Annotated_genome.CDS.2200 or Annotated_genome.CDS.3898 or Annotated_genome.CDS.4130 or Annotated_genome.CDS.1589 or Annotated_genome.CDS.4054 or Annotated_genome.CDS.3594 or Annotated_genome.CDS.2383 or Annotated_genome.CDS.403 or Annotated_genome.CDS.3583 or Annotated_genome.CDS.3648 or Annotated_genome.CDS.4317 or Annotated_genome.CDS.1649) or (Annotated_genome.CDS.3682 or Annotated_genome.CDS.4491))	(S)-3-Hydroxytetradecanoyl-CoA hydro-lyase [c0]		2.16		(1)  cpd03115[c0] <=> (1)  cpd00001[c0] + (1)  cpd03127[c0]	(1)  (S) -3-Hydroxytetradecanoyl-CoA [c0][c0] <=> (1)  H2O [c0][c0] + (1)  (2E) -Tetradecenoyl-CoA [c0][c0]	rxn03241	ECOAH6	R04740	Fatty acid elongation|Fatty acid degradation	
rxn01521_c0	>	Cytosol	(Annotated_genome.CDS.3133 or (Annotated_genome.CDS.1906 or Annotated_genome.CDS.1610))	2'-Deoxyuridine 5'-monophosphate phosphohydrolase [c0]		7.21		(1)  cpd00001[c0] + (1)  cpd00299[c0] => (1)  cpd00009[c0] + (1)  cpd00412[c0]	(1)  H2O [c0][c0] + (1)  dUMP [c0][c0] => (1)  Phosphate [c0][c0] + (1)  Deoxyuridine [c0][c0]	rxn01521	NTD1	R02102	Pyrimidine metabolism	
rxn00331_c0	=	Cytosol	(Annotated_genome.CDS.3434 or Annotated_genome.CDS.3123)	(3S)-3-carboxy-3-hydroxypropanoyl-CoA glyoxylate-lyase (acetyl-CoA-forming) [c0]		3.21		(1)  cpd02662[c0] <=> (1)  cpd00022[c0] + (1)  cpd00040[c0]	(1)  Malyl-CoA [c0][c0] <=> (1)  Acetyl-CoA [c0][c0] + (1)  Glyoxalate [c0][c0]	rxn00331	MCAL	R00473	Glyoxylate and dicarboxylate metabolism|Methane metabolism|Carbon fixation pathways in prokaryotes	Autotrophic-CO2-Fixation|C1-COMPOUNDS|CO2-Fixation|Degradation|Energy-Metabolism|Formaldehyde-Assimilation
rxn12636_c0	=	Cytosol	(Annotated_genome.CDS.4159 or Annotated_genome.CDS.1275 or Annotated_genome.CDS.3788 or Annotated_genome.CDS.9)	methionyl aminopeptidase [c0]		-107.14		(1)  cpd00001[c0] + (1)  cpd00067[c0] + (1)  cpd11590[c0] <=> (1)  cpd00035[c0] + (1)  cpd00060[c0]	(1)  H2O [c0][c0] + (1)  H+ [c0][c0] + (1)  met-L-ala-L [c0][c0] <=> (1)  L-Alanine [c0][c0] + (1)  L-Methionine [c0][c0]	rxn12636	MEAMP1(met-ala)			
rxn02663_c0	=	Cytosol	Annotated_genome.CDS.959	epsilon-Caprolactone lactonohydrolase [c0]		-14.24		(1)  cpd00001[c0] + (1)  cpd01294[c0] <=> (1)  cpd00067[c0] + (1)  cpd03641[c0]	(1)  H2O [c0][c0] + (1)  2-Oxepanone [c0][c0] <=> (1)  H+ [c0][c0] + (1)  6-Hydroxyhexanoate [c0][c0]	rxn02663		R03751	Caprolactam degradation	Alcohol-Degradation|CYCLOHEXANOL-OXIDATION-PWY|Degradation
rxn05414_c0	=	Cytosol	Annotated_genome.CDS.2407	6-methyl-3-oxo-heptanoyl-ACP:NADP+ oxidoreductase [c0]		-3.76		(1)  cpd00005[c0] + (1)  cpd00067[c0] + (1)  cpd11550[c0] <=> (1)  cpd00006[c0] + (1)  cpd11551[c0]	(1)  NADPH [c0][c0] + (1)  H+ [c0][c0] + (1)  6-methyl-3-oxo-heptanoyl-ACP [c0][c0] <=> (1)  NADP [c0][c0] + (1)  6-methyl-3-hydroxy-heptanoyl-ACP [c0][c0]	rxn05414				
rxn00338_c0	>	Cytosol	Annotated_genome.CDS.74	L-aspartate:oxygen oxidoreductase [c0]		-53.35		(1)  cpd00007[c0] + (1)  cpd00041[c0] => (1)  cpd00025[c0] + (1)  cpd00067[c0] + (1)  cpd03470[c0]	(1)  O2 [c0][c0] + (1)  L-Aspartate [c0][c0] => (1)  H2O2 [c0][c0] + (1)  H+ [c0][c0] + (1)  Iminoaspartate [c0][c0]	rxn00338	ASPO6	R00481	Nicotinate and nicotinamide metabolism	ALKALOIDS-SYN|Biosynthesis|Cofactor-Biosynthesis|N-CONTAINING-SECONDARY-CMPD-SYN|NAD-Metabolism|NAD-SYN|PWY0-781|PYRIDNUCSYN-PWY|PYRROLIDINE-ALKALOIDS|SECONDARY-METABOLITE-BIOSYNTHESIS
rxn02373_c0	<	Cytosol	Annotated_genome.CDS.267	L-glutamate-5-semialdehyde:NADP+ 5-oxidoreductase (phosphorylating) [c0]		-9.89		(1)  cpd00006[c0] + (1)  cpd00009[c0] + (1)  cpd00858[c0] <= (1)  cpd00005[c0] + (1)  cpd00067[c0] + (1)  cpd02097[c0]	(1)  NADP [c0][c0] + (1)  Phosphate [c0][c0] + (1)  L-Glutamate5-semialdehyde [c0][c0] <= (1)  NADPH [c0][c0] + (1)  H+ [c0][c0] + (1)  L-Glutamyl 5-phosphate [c0][c0]	rxn02373	G5SD	R03313	Arginine and proline metabolism	Amino-Acid-Biosynthesis|Biosynthesis|CITRULBIO-PWY|Citrulline-Biosynthesis|IND-AMINO-ACID-SYN|Other-Amino-Acid-Biosynthesis|PROLINE-SYN|PROSYN-PWY
rxn00085_c0	=	Cytosol	((Annotated_genome.CDS.3036 or Annotated_genome.CDS.1746 or Annotated_genome.CDS.4329) and Annotated_genome.CDS.4331)	L-Glutamate:NADP+ oxidoreductase (transaminating) [c0]		13.41		(1)  cpd00006[c0] + (2)  cpd00023[c0] <=> (1)  cpd00005[c0] + (1)  cpd00024[c0] + (1)  cpd00053[c0] + (1)  cpd00067[c0]	(1)  NADP [c0][c0] + (2)  L-Glutamate [c0][c0] <=> (1)  NADPH [c0][c0] + (1)  2-Oxoglutarate [c0][c0] + (1)  L-Glutamine [c0][c0] + (1)  H+ [c0][c0]	rxn00085	GLUSy	R00114	Alanine, aspartate and glutamate metabolism|Nitrogen metabolism	AMMASSIM-PWY|Amino-Acid-Biosynthesis|Amino-Acid-Degradation|Ammonia-Assimilation|Biosynthesis|Degradation|GLUTAMATE-SYN|GLUTAMINE-DEG|GLUTAMINE-SYN|GLUTAMINEFUM-PWY|GLUTSYN-PWY|IND-AMINO-ACID-SYN|Metabolic-Clusters|NITROGEN-DEG|Noncarbon-Nutrients
rxn00119_c0	=	Cytosol	Annotated_genome.CDS.3236	ATP:UMP phosphotransferase [c0]		9.53		(1)  cpd00002[c0] + (1)  cpd00067[c0] + (1)  cpd00091[c0] <=> (1)  cpd00008[c0] + (1)  cpd00014[c0]	(1)  ATP [c0][c0] + (1)  H+ [c0][c0] + (1)  UMP [c0][c0] <=> (1)  ADP [c0][c0] + (1)  UDP [c0][c0]	rxn00119	UMPK	R00158	Pyrimidine metabolism	Biosynthesis|Metabolic-Clusters|Nucleotide-Biosynthesis|P1-PWY|PRPP-PWY|PUR-NUC-SYN|PWY0-162|PYR-NUC-SYN|Purine-Nucleotides-Salvage|Pyrimidine-De-Novo-Biosyn
rxn02529_c0	=	Cytosol	Annotated_genome.CDS.61	Cyanate C-N-lyase [c0]		-14.87		(1)  cpd00067[c0] + (1)  cpd00242[c0] + (1)  cpd01015[c0] <=> (1)  cpd00011[c0] + (1)  cpd01101[c0]	(1)  H+ [c0][c0] + (1)  H2CO3 [c0][c0] + (1)  Cyanate [c0][c0] <=> (1)  CO2 [c0][c0] + (1)  Carbamate [c0][c0]	rxn02529		R03546	Nitrogen metabolism	CYANCAT-PWY|Degradation|Detoxification|NITROGEN-DEG|Noncarbon-Nutrients
rxn07432_c0	>	Cytosol	Annotated_genome.CDS.3606	R07601 [c0]		-6.87		(1)  cpd00056[c0] + (1)  cpd00067[c0] + (1)  cpd00200[c0] => (1)  cpd00011[c0] + (1)  cpd14698[c0]	(1)  TPP [c0][c0] + (1)  H+ [c0][c0] + (1)  4MOP [c0][c0] => (1)  CO2 [c0][c0] + (1)  3-Methyl-1-hydroxybutyl-TPP [c0][c0]	rxn07432		R07601	Valine, leucine and isoleucine degradation	
rxn00063_c0	>	Cytosol	Annotated_genome.CDS.3053	ATP diphosphohydrolase (diphosphate-forming) [c0]		-27.3		(1)  cpd00001[c0] + (1)  cpd00002[c0] => (1)  cpd00012[c0] + (1)  cpd00018[c0] + (2)  cpd00067[c0]	(1)  H2O [c0][c0] + (1)  ATP [c0][c0] => (1)  PPi [c0][c0] + (1)  AMP [c0][c0] + (2)  H+ [c0][c0]	rxn00063	NTPP6	R00087	Purine metabolism	
rxn04453_c0	>	Cytosol	Annotated_genome.CDS.3710	5-hydroxyisourate amidohydrolase [c0]		-24.79		(1)  cpd00001[c0] + (1)  cpd08625[c0] => (1)  cpd00067[c0] + (1)  cpd09027[c0]	(1)  H2O [c0][c0] + (1)  5-Hydroxyisourate [c0][c0] => (1)  H+ [c0][c0] + (1)  5-Hydroxy-2-oxo-4-ureido-2,5-dihydro-1H-imidazole-5-carboxylate [c0][c0]	rxn04453		R06601	Purine metabolism	AROMATIC-COMPOUNDS-DEGRADATION|Biosynthesis|Degradation|P165-PWY|Polyamine-Biosynthesis|URSIN-PWY|Urate-Degradation
rxn05149_c0	>	Cytosol	(Annotated_genome.CDS.431 and Annotated_genome.CDS.434 and Annotated_genome.CDS.432 and Annotated_genome.CDS.433)	ABC-type manganese permease complex [c0]		-6.82		(1)  cpd00001[c0] + (1)  cpd00002[c0] + (1)  cpd00030[e0] => (1)  cpd00008[c0] + (1)  cpd00009[c0] + (1)  cpd00030[c0] + (1)  cpd00067[c0]	(1)  H2O [c0][c0] + (1)  ATP [c0][c0] + (1)  Mn2+ [e0][e0] => (1)  ADP [c0][c0] + (1)  Phosphate [c0][c0] + (1)  Mn2+ [c0][c0] + (1)  H+ [c0][c0]	rxn05149	MNabc			
rxn08549_c0	>	Cytosol	(Annotated_genome.CDS.1015 or Annotated_genome.CDS.2001)	glycerol-3-phosphate acyltransferase (C16:0) [c0]				(2)  cpd00067[c0] + (1)  cpd00080[c0] + (1)  cpd15277[c0] => (1)  cpd11493[c0] + (1)  cpd15327[c0]	(2)  H+ [c0][c0] + (1)  Glycerol-3-phosphate [c0][c0] + (1)  Palmitoyl-ACP [c0][c0] => (1)  ACP [c0][c0] + (1)  1-hexadecanoyl-sn-glycerol 3-phosphate [c0][c0]	rxn08549	G3PAT160			
rxn08179_c0	>	Cytosol	(Annotated_genome.CDS.3929 or Annotated_genome.CDS.3929)	Biotin sulfoxide reductase [c0]				(1)  cpd00005[c0] + (1)  cpd00067[c0] + (1)  cpd15414[c0] => (1)  cpd00001[c0] + (1)  cpd00006[c0] + (1)  cpd00104[c0]	(1)  NADPH [c0][c0] + (1)  H+ [c0][c0] + (1)  d-biotin d-sulfoxide [c0][c0] => (1)  H2O [c0][c0] + (1)  NADP [c0][c0] + (1)  BIOT [c0][c0]	rxn08179	BSORy			
rxn05447_c0	>	Cytosol	(Annotated_genome.CDS.500 or Annotated_genome.CDS.3522 or Annotated_genome.CDS.3653)	8-methyl-trans-non-2-enoyl-ACP:NAD+ oxidoreductase (A-specific) [c0]		-16.55		(1)  cpd00004[c0] + (1)  cpd00067[c0] + (1)  cpd11556[c0] => (1)  cpd00003[c0] + (1)  cpd11557[c0]	(1)  NADH [c0][c0] + (1)  H+ [c0][c0] + (1)  8-methyl-trans-non-2-enoyl-ACP [c0][c0] => (1)  NAD [c0][c0] + (1)  8-methyl-nonanoyl-ACP [c0][c0]	rxn05447				
rxn01466_c0	>	Cytosol	(Annotated_genome.CDS.3534 or Annotated_genome.CDS.2368)	Geranyl-diphosphate:isopentenyl-diphosphate geranyltrans-transferase [c0]		-22.53		(1)  cpd00113[c0] + (1)  cpd00283[c0] => (1)  cpd00012[c0] + (1)  cpd00067[c0] + (1)  cpd00350[c0]	(1)  Isopentenyldiphosphate [c0][c0] + (1)  Geranyldiphosphate [c0][c0] => (1)  PPi [c0][c0] + (1)  H+ [c0][c0] + (1)  Farnesyldiphosphate [c0][c0]	rxn01466	GRTT	R02003	Terpenoid backbone biosynthesis	All-Trans-Farnesyl-PP-Biosynthesis|Biosynthesis|Cofactor-Biosynthesis|DITERPENOID-SYN|ERGOSTEROL-SYN-PWY|Energy-Metabolism|GGPP-Biosynthesis|Lipid-Biosynthesis|MONOTERPENOID-SYN|POLYISOPRENSYN-PWY|PWY2OL-4|PWY66-5|Polyprenyl-Biosynthesis|SECONDARY-METABOLITE-BIOSYNTHESIS|Sterol-Biosynthesis|Terpenoid-Biosynthesis
rxn05187_c0	>	Cytosol	(Annotated_genome.CDS.1722 and Annotated_genome.CDS.1721)	Vitamin ABC transport [c0]		-6.817		(1)  cpd00001[c0] + (1)  cpd00002[c0] + (1)  cpd03424[e0] => (1)  cpd00008[c0] + (1)  cpd00009[c0] + (1)  cpd00067[c0] + (1)  cpd03424[c0]	(1)  H2O [c0][c0] + (1)  ATP [c0][c0] + (1)  Vitamin B12 [e0][e0] => (1)  ADP [c0][c0] + (1)  Phosphate [c0][c0] + (1)  H+ [c0][c0] + (1)  Vitamin B12 [c0][c0]	rxn05187				
rxn03409_c0	>	Cytosol	Annotated_genome.CDS.3405	Undecaprenyl-diphospho-N-acetylmuramoyl-(N-acetylglucosamine)- [c0]		786.9		(1)  cpd00002[c0] + (1)  cpd00013[c0] + (1)  cpd03495[c0] => (1)  cpd00008[c0] + (1)  cpd00009[c0] + (1)  cpd00067[c0] + (1)  cpd03496[c0]	(1)  ATP [c0][c0] + (1)  NH3 [c0][c0] + (1)  Undecaprenyl-diphospho-N-acetylmuramoyl--N-acetylglucosamine-L-ala-D-glu-meso-2-6-diaminopimeloyl-D-ala-D-ala [c0][c0] => (1)  ADP [c0][c0] + (1)  Phosphate [c0][c0] + (1)  H+ [c0][c0] + (1)  Undecaprenyl-diphospho-N-acetylmuramoyl-(N-acetylglucosamine) -L-alanyl-D-glutaminyl-meso-2,6-diaminopimeloyl-D-alanyl-D-alanine [c0][c0]	rxn03409	GLNSP3			
rxn05109_c0	>	Cytosol	Annotated_genome.CDS.3751	R07399 [c0]		-8.93		(1)  cpd00001[c0] + (1)  cpd00020[c0] + (1)  cpd00022[c0] => (1)  cpd00010[c0] + (1)  cpd00067[c0] + (1)  cpd01700[c0]	(1)  H2O [c0][c0] + (1)  Pyruvate [c0][c0] + (1)  Acetyl-CoA [c0][c0] => (1)  CoA [c0][c0] + (1)  H+ [c0][c0] + (1)  D-Citramalate [c0][c0]	rxn05109		R07399	Valine, leucine and isoleucine biosynthesis	Amino-Acid-Biosynthesis|Biosynthesis|IND-AMINO-ACID-SYN|ISOLEUCINE-SYN
rxn00974_c0	=	Cytosol	Annotated_genome.CDS.1986	citrate hydro-lyase (cis-aconitate-forming) [c0]		1.47		(1)  cpd00137[c0] <=> (1)  cpd00001[c0] + (1)  cpd00331[c0]	(1)  Citrate [c0][c0] <=> (1)  H2O [c0][c0] + (1)  cis-Aconitate [c0][c0]	rxn00974	ACONTa	R01325	Citrate cycle (TCA cycle)|Glyoxylate and dicarboxylate metabolism|Carbon fixation pathways in prokaryotes	ANAEROBIC-RESPIRATION|ANARESP1-PWY|Amino-Acid-Biosynthesis|Autotrophic-CO2-Fixation|Biosynthesis|C1-COMPOUNDS|CO2-Fixation|Carbohydrates-Biosynthesis|Degradation|Energy-Metabolism|FERMENTATION-PWY|Fermentation|GLUTAMINE-SYN|GLYCOLYSIS-TCA-GLYOX-BYPASS|GLYCOLYSIS-VARIANTS|GLYOXYLATE-BYPASS|IND-AMINO-ACID-SYN|P105-PWY|P23-PWY|REDCITCYC|Reductive-TCA-Cycles|Respiration|TCA|TCA-GLYOX-BYPASS|TCA-VARIANTS
rxn00605_c0	=	Cytosol	(Annotated_genome.CDS.4571 or Annotated_genome.CDS.52)	UDP-glucose:D-glucose-6-phosphate 1-alpha-D-glucosyltransferase [c0]	2.4.1.15	-1.7		(1)  cpd00026[c0] + (1)  cpd00079[c0] <=> (1)  cpd00014[c0] + (1)  cpd00523[c0]	(1)  UDP-glucose [c0][c0] + (1)  D-glucose-6-phosphate [c0][c0] <=> (1)  UDP [c0][c0] + (1)  Trehalose 6-phosphate [c0][c0]	rxn00605	TPS1	R00836		
rxn02008_c0	>	Cytosol	Annotated_genome.CDS.561	UDP-N-acetylmuramoyl-L-alanine:D-glutamate ligase(ADP-forming) [c0]	6.3.2.9	-6.35		(1)  cpd00002[c0] + (1)  cpd00186[c0] + (1)  cpd00890[c0] => (1)  cpd00008[c0] + (1)  cpd00009[c0] + (1)  cpd00067[c0] + (1)  cpd00525[c0]	(1)  ATP [c0][c0] + (1)  D-Glutamate [c0][c0] + (1)  UDP-N-acetylmuramoyl-L-alanine [c0][c0] => (1)  ADP [c0][c0] + (1)  Phosphate [c0][c0] + (1)  H+ [c0][c0] + (1)  UDP-N-acetylmuramoyl-L-alanyl-D-glutamate [c0][c0]	rxn02008	UAMAGS	R02783	D-Glutamine and D-glutamate metabolism|Peptidoglycan biosynthesis	Acetylmuramoyl-Pentapeptide-Biosynthesis|Antibiotic-Resistance|Biosynthesis|Cell-Structure-Biosynthesis|Cell-Wall-Biosynthesis|Detoxification|PEPTIDOGLYCANSYN-PWY|Peptidoglycan-Biosynthesis
rxn09203_c0	>	Cytosol	Annotated_genome.CDS.3577	Phosphatidylserine decarboxylase (n-C18:1) [c0]		-73.2		(2)  cpd00067[c0] + (1)  cpd15558[c0] => (1)  cpd00011[c0] + (1)  cpd15534[c0]	(2)  H+ [c0][c0] + (1)  phosphatidylserine dioctadec-11-enoyl [c0][c0] => (1)  CO2 [c0][c0] + (1)  phosphatidylethanolamine dioctadec-11-enoyl [c0][c0]	rxn09203	PSD181			
rxn03904_c0	=	Cytosol	Annotated_genome.CDS.564	UDP-N-acetylmuramoyl-L-alanyl-gamma-D-glutamyl-meso-2,6-diaminopimeloyl-D-alanyl-D-alanine:undecaprenyl-phosphate phospho-N-acetylmuramoyl-pentapeptide-transferase [c0]		0		(1)  cpd00286[c0] + (1)  cpd02968[c0] <=> (1)  cpd00091[c0] + (1)  cpd03494[c0]	(1)  Undecaprenylphosphate [c0][c0] + (1)  UDP-N-acetylmuramoyl-L-alanyl-D-glutamyl-6-carboxy-L-lysyl-D-alanyl- D-alanine [c0][c0] <=> (1)  UMP [c0][c0] + (1)  Undecaprenyl-diphospho-N-acetylmuramoyl-L-alanyl-D-glutamyl-meso-2-6-diaminopimeloyl-D-alanyl-D-alanine [c0][c0]	rxn03904	PAPPT3	R05630	Peptidoglycan biosynthesis	Biosynthesis|Cell-Structure-Biosynthesis|Cell-Wall-Biosynthesis|PEPTIDOGLYCANSYN-PWY|Peptidoglycan-Biosynthesis
rxn02288_c0	>	Cytosol	Annotated_genome.CDS.676	Uroporphyrinogen-III carboxy-lyase [c0]		-19.6		(4)  cpd00067[c0] + (1)  cpd00774[c0] => (4)  cpd00011[c0] + (1)  cpd02083[c0]	(4)  H+ [c0][c0] + (1)  UroporphyrinogenIII [c0][c0] => (4)  CO2 [c0][c0] + (1)  CoproporphyrinogenIII [c0][c0]	rxn02288	UPPDC1	R03197	Porphyrin and chlorophyll metabolism	Biosynthesis|CHLOROPHYLL-SYN|Chlorophyll-Biosynthesis|Chlorophyll-a-Biosynthesis|Chlorophyllide-a-Biosynthesis|Cofactor-Biosynthesis|HEME-BIOSYNTHESIS-II|HEME-SYN|HEMESYN2-PWY|PWY0-1415|Porphyrin-Compounds-Biosynthesis
rxn10199_c0	=	Cytosol	(Annotated_genome.CDS.4100 or Annotated_genome.CDS.986 or Annotated_genome.CDS.3805 or Annotated_genome.CDS.3555)	Peptidoglycan subunit synthesis [c0]		-1.7		(1)  cpd03495[c0] + (1)  cpd15666[c0] <=> (1)  cpd02229[c0] + (1)  cpd15665[c0]	(1)  Undecaprenyl-diphospho-N-acetylmuramoyl--N-acetylglucosamine-L-ala-D-glu-meso-2-6-diaminopimeloyl-D-ala-D-ala [c0][c0] + (1)  Peptidoglycan polymer (n-1 subunits)  [c0][c0] <=> (1)  Bactoprenyl diphosphate [c0][c0] + (1)  Peptidoglycan polymer (n subunits)  [c0][c0]	rxn10199				
rxn00409_c0	=	Cytosol	Annotated_genome.CDS.282	ATP:CDP phosphotransferase [c0]		0		(1)  cpd00002[c0] + (1)  cpd00096[c0] <=> (1)  cpd00008[c0] + (1)  cpd00052[c0]	(1)  ATP [c0][c0] + (1)  CDP [c0][c0] <=> (1)  ADP [c0][c0] + (1)  CTP [c0][c0]	rxn00409	NDPK3	R00570	Pyrimidine metabolism	Biosynthesis|Nucleotide-Biosynthesis|PRPP-PWY|PWY0-162|PWY0-163|PYR-NUC-SYN|Pyrimidine-De-Novo-Biosyn|Pyrimidine-Nucleotide-Salvage
rxn01107_c0	>	Cytosol	Annotated_genome.CDS.959	D-Glucono-1,5-lactone lactonohydrolase [c0]		-5.48		(1)  cpd00001[c0] + (1)  cpd00170[c0] => (1)  cpd00067[c0] + (1)  cpd00222[c0]	(1)  H2O [c0][c0] + (1)  Gluconolactone [c0][c0] => (1)  H+ [c0][c0] + (1)  GLCN [c0][c0]	rxn01107		R01519	Pentose phosphate pathway	Biosynthesis|CARBO-BIOSYNTHESIS|Carbohydrates-Biosynthesis|Carbohydrates-Degradation|DHGLUCONATE-PYR-CAT-PWY|Degradation|GLUCOSE1PMETAB-PWY|NPGLUCAT-PWY|SECONDARY-METABOLITE-DEGRADATION|SUGAR-ACIDS-DEG|Sorbitol-Biosynthesis|Sugar-Alcohols-Biosynthesis|Sugar-Derivatives|Sugars-And-Polysaccharides
rxn08015_c0	>	Cytosol	(Annotated_genome.CDS.1015 or Annotated_genome.CDS.2001)	acyl-[acyl-carrier-protein] synthetase  (n-C14:1) [c0]				(1)  cpd00002[c0] + (1)  cpd11493[c0] + (1)  cpd15298[c0] => (1)  cpd00012[c0] + (1)  cpd00018[c0] + (2)  cpd00067[c0] + (1)  cpd15294[c0]	(1)  ATP [c0][c0] + (1)  ACP [c0][c0] + (1)  tetradecenoate [c0][c0] => (1)  PPi [c0][c0] + (1)  AMP [c0][c0] + (2)  H+ [c0][c0] + (1)  Tetradecenoyl-ACP [c0][c0]	rxn08015	AACPS2			
rxn08842_c0	=	Cytosol	Annotated_genome.CDS.1138	Lysophospholipase L2 (2-acylglycerophosphoethanolamine, n-C16:1) [c0]		-264.53		(1)  cpd00001[c0] + (1)  cpd15340[c0] <=> (1)  cpd00067[c0] + (1)  cpd00908[c0] + (1)  cpd15237[c0]	(1)  H2O [c0][c0] + (1)  2-Acyl-sn-glycero-3-phosphoethanolamine hexadec-9-enoyl [c0][c0] <=> (1)  H+ [c0][c0] + (1)  Glycerophosphoethanolamine [c0][c0] + (1)  hexadecenoate [c0][c0]	rxn08842	LPLIPAL2E161			
rxn05295_c0	>	Cytosol	(Annotated_genome.CDS.4420 and Annotated_genome.CDS.3109 and Annotated_genome.CDS.195 and (Annotated_genome.CDS.4299 or Annotated_genome.CDS.4300) and Annotated_genome.CDS.822 and Annotated_genome.CDS.2860)	mRNA synthesis				(0.524495708488791)  cpd00002[c0] + (0.644609229516758)  cpd00038[c0] + (0.400378403426558)  cpd00052[c0] + (0.432408675700682)  cpd00062[c0] => (2.00189201713279)  cpd00012[c0] + (1)  cpd11462[c0]	(0.524495708488791)  ATP [c0][c0] + (0.644609229516758)  GTP [c0][c0] + (0.400378403426558)  CTP [c0][c0] + (0.432408675700682)  UTP [c0][c0] => (2.00189201713279)  PPi [c0][c0] + (1)  mRNA [c0][c0]	rxn05295				
rxn00840_c0	=	Cytosol	Annotated_genome.CDS.4469	dATP:pyruvate 2-O-phosphotransferase [c0]		-4.92		(1)  cpd00020[c0] + (1)  cpd00115[c0] <=> (1)  cpd00061[c0] + (1)  cpd00067[c0] + (1)  cpd00177[c0]	(1)  Pyruvate [c0][c0] + (1)  dATP [c0][c0] <=> (1)  Phosphoenolpyruvate [c0][c0] + (1)  H+ [c0][c0] + (1)  dADP [c0][c0]	rxn00840		R01138	Purine metabolism	
rxn02128_c0	>	Cytosol	Annotated_genome.CDS.746	ATP:pantothenate 4'-phosphotransferase [c0]	2.7.1.34	-14.03		(1)  cpd00002[c0] + (1)  cpd00620[c0] => (1)  cpd00008[c0] + (1)  cpd00067[c0] + (1)  cpd00834[c0]	(1)  ATP [c0][c0] + (1)  Pantetheine [c0][c0] => (1)  ADP [c0][c0] + (1)  H+ [c0][c0] + (1)  Phosphopantetheine [c0][c0]	rxn02128	PTHKr	R02971	Pantothenate and CoA biosynthesis	
rxn03041_c0	>	Cytosol	(Annotated_genome.CDS.3817 or Annotated_genome.CDS.3817)	5-oxopent-3-ene-1,2,5-tricarboxylate carboxy-lyase [c0]		3.41		(1)  cpd00067[c0] + (1)  cpd02507[c0] => (1)  cpd00011[c0] + (1)  cpd03326[c0]	(1)  H+ [c0][c0] + (1)  5-Carboxy-2-oxohept-3-enedioate [c0][c0] => (1)  CO2 [c0][c0] + (1)  2-Hydroxyhepta-2,4-dienedioate [c0][c0]	rxn03041	OPTCCL	R04380	Tyrosine metabolism	3-HYDROXYPHENYLACETATE-DEGRADATION-PWY|AROMATIC-COMPOUNDS-DEGRADATION|Degradation
rxn02518_c0	>	Cytosol	Annotated_genome.CDS.3979	2'-Deoxyinosine-5'-triphosphate pyrophosphohydrolase [c0]		-27.3		(1)  cpd00001[c0] + (1)  cpd00977[c0] => (1)  cpd00012[c0] + (2)  cpd00067[c0] + (1)  cpd03704[c0]	(1)  H2O [c0][c0] + (1)  dITP [c0][c0] => (1)  PPi [c0][c0] + (2)  H+ [c0][c0] + (1)  dIMP [c0][c0]	rxn02518	NTPP10	R03531	Purine metabolism	
rxn03901_c0	>	Cytosol	Annotated_genome.CDS.657	undecaprenyl-diphosphate phosphohydrolase [c0]		-16.35		(1)  cpd00001[c0] + (1)  cpd02229[c0] => (1)  cpd00009[c0] + (2)  cpd00067[c0] + (1)  cpd00286[c0]	(1)  H2O [c0][c0] + (1)  Bactoprenyl diphosphate [c0][c0] => (1)  Phosphate [c0][c0] + (2)  H+ [c0][c0] + (1)  Undecaprenylphosphate [c0][c0]	rxn03901	UDCPDP	R05627	Peptidoglycan biosynthesis	
rxn10013_c0	<	Cytosol	Annotated_genome.CDS.1576	acyl-CoA dehydrogenase (dodecanoyl-CoA) [c0]		16.55		(1)  cpd00003[c0] + (1)  cpd01260[c0] <= (1)  cpd00004[c0] + (1)  cpd00067[c0] + (1)  cpd02060[c0]	(1)  NAD [c0][c0] + (1)  Lauroyl-CoA [c0][c0] <= (1)  NADH [c0][c0] + (1)  H+ [c0][c0] + (1)  (2E) -Dodecenoyl-CoA [c0][c0]	rxn10013	ACOAD5			
rxn05621_c0	>	Cytosol	(Annotated_genome.CDS.4071 and Annotated_genome.CDS.633)	methanesulfonate transport via ABC system [c0]		-6.817		(1)  cpd00001[c0] + (1)  cpd00002[c0] + (1)  cpd08023[e0] => (1)  cpd00008[c0] + (1)  cpd00009[c0] + (1)  cpd00067[c0] + (1)  cpd08023[c0]	(1)  H2O [c0][c0] + (1)  ATP [c0][c0] + (1)  methanesulfonate [e0][e0] => (1)  ADP [c0][c0] + (1)  Phosphate [c0][c0] + (1)  H+ [c0][c0] + (1)  methanesulfonate [c0][c0]	rxn05621				
rxn10052_c0	=	Cytosol	Annotated_genome.CDS.2856	adenylate kinase (Inorganic triphosphate) [c0]				(1)  cpd00018[c0] + (1)  cpd00421[c0] <=> (1)  cpd00008[c0] + (1)  cpd00012[c0]	(1)  AMP [c0][c0] + (1)  Triphosphate [c0][c0] <=> (1)  ADP [c0][c0] + (1)  PPi [c0][c0]	rxn10052	ADK2			
rxn00946_c0	=	Cytosol	((Annotated_genome.CDS.2198 or Annotated_genome.CDS.166) or (Annotated_genome.CDS.401 or Annotated_genome.CDS.453 or Annotated_genome.CDS.4278) or (Annotated_genome.CDS.3431 or Annotated_genome.CDS.3582 or Annotated_genome.CDS.1461 or Annotated_genome.CDS.3609 or Annotated_genome.CDS.3675 or Annotated_genome.CDS.1466 or Annotated_genome.CDS.4279 or Annotated_genome.CDS.768 or Annotated_genome.CDS.2002 or Annotated_genome.CDS.1583 or Annotated_genome.CDS.4262 or Annotated_genome.CDS.3332))	Palmitoyl-CoA:oxygen 2-oxidoreductase [c0]		7.23		(1)  cpd00015[c0] + (1)  cpd00067[c0] + (1)  cpd00134[c0] <=> (1)  cpd00982[c0] + (1)  cpd03126[c0]	(1)  FAD [c0][c0] + (1)  H+ [c0][c0] + (1)  Palmitoyl-CoA [c0][c0] <=> (1)  FADH2 [c0][c0] + (1)  (2E) -Hexadecenoyl-CoA [c0][c0]	rxn00946	ACOAD7f	R01279	Fatty acid degradation	
rxn00193_c0	=	Cytosol	Annotated_genome.CDS.3284	glutamate racemase [c0]	5.1.1.3	0		(1)  cpd00023[c0] <=> (1)  cpd00186[c0]	(1)  L-Glutamate [c0][c0] <=> (1)  D-Glutamate [c0][c0]	rxn00193	GLUR	R00260	D-Glutamine and D-glutamate metabolism	Acetylmuramoyl-Pentapeptide-Biosynthesis|Antibiotic-Resistance|Biosynthesis|Cell-Structure-Biosynthesis|Cell-Wall-Biosynthesis|Detoxification|PEPTIDOGLYCANSYN-PWY|Peptidoglycan-Biosynthesis
rxn02517_c0	=	Cytosol	Annotated_genome.CDS.282	ATP:dIDP phosphotransferase [c0]		0		(1)  cpd00002[c0] + (1)  cpd00976[c0] <=> (1)  cpd00008[c0] + (1)  cpd00977[c0]	(1)  ATP [c0][c0] + (1)  dIDP [c0][c0] <=> (1)  ADP [c0][c0] + (1)  dITP [c0][c0]	rxn02517		R03530	Purine metabolism	
rxn05326_c0	<	Cytosol	(Annotated_genome.CDS.500 or Annotated_genome.CDS.3522 or Annotated_genome.CDS.3653)	Hexanoyl-[acyl-carrier protein]:malonyl-CoA C-acyltransferase(decarboxylating, oxoacyl- and enoyl-reducing) [c0]		16.55		(1)  cpd00003[c0] + (1)  cpd11472[c0] <= (1)  cpd00004[c0] + (1)  cpd00067[c0] + (1)  cpd11473[c0]	(1)  NAD [c0][c0] + (1)  Hexanoyl-ACP [c0][c0] <= (1)  NADH [c0][c0] + (1)  H+ [c0][c0] + (1)  (2E) -Hexenoyl-[acp] [c0][c0]	rxn05326	EAR60x	R04955	Fatty acid biosynthesis	Biosynthesis|Fatty-acid-biosynthesis|Lipid-Biosynthesis|Palmitate-Biosynthesis
rxn05114_c0	>	Cytosol	Annotated_genome.CDS.1891	5-amino-1-(5-phospho-D-ribosyl)imidazole:carbon-dioxide ligase (ADP-forming) [c0]	6.3.4.18	-21.91		(1)  cpd00002[c0] + (1)  cpd00242[c0] + (1)  cpd02140[c0] => (1)  cpd00008[c0] + (1)  cpd00009[c0] + (1)  cpd00067[c0] + (1)  cpd11310[c0]	(1)  ATP [c0][c0] + (1)  H2CO3 [c0][c0] + (1)  AIR [c0][c0] => (1)  ADP [c0][c0] + (1)  Phosphate [c0][c0] + (1)  H+ [c0][c0] + (1)  5-phosphoribosyl-5-carboxyaminoimidazole [c0][c0]	rxn05114	AIRC2	R07404	Purine metabolism	Biosynthesis|DENOVOPURINE2-PWY|IMP-Biosynthesis|Nucleotide-Biosynthesis|PRPP-PWY|PUR-NUC-SYN|Purine-Nucleotide-De-Novo-Biosynthesis
rxn00653_c0	=	Cytosol	(Annotated_genome.CDS.2035 or Annotated_genome.CDS.3441 or Annotated_genome.CDS.471 or Annotated_genome.CDS.2113 or Annotated_genome.CDS.3579 or Annotated_genome.CDS.1799 or Annotated_genome.CDS.3426 or Annotated_genome.CDS.4291)	3-aminopropanal:NAD+ oxidoreductase [c0]		-9.8		(1)  cpd00004[c0] + (2)  cpd00067[c0] + (1)  cpd00085[c0] <=> (1)  cpd00001[c0] + (1)  cpd00003[c0] + (1)  cpd01504[c0]	(1)  NADH [c0][c0] + (2)  H+ [c0][c0] + (1)  beta-Alanine [c0][c0] <=> (1)  H2O [c0][c0] + (1)  NAD [c0][c0] + (1)  3-Aminopropanal [c0][c0]	rxn00653	ALDD22x	R00904	beta-Alanine metabolism	Amino-Acid-Biosynthesis|Beta-Alanine-Biosynthesis|Biosynthesis|IND-AMINO-ACID-SYN
rxn05507_c0	=	Cytosol	Annotated_genome.CDS.3613	arsenite transp or ter via unip or t [c0]		0		(1)  cpd04098[c0] <=> (1)  cpd04098[e0]	(1)  Arsenite [c0][c0] <=> (1)  Arsenite [e0][e0]	rxn05507	ARSt1			
rxn03164_c0	>	Cytosol	Annotated_genome.CDS.565	UDP-N-acetylmuramoyl-L-alanyl-D-glutamyl-meso-2,6-diaminoheptanedioate:D-alanyl-D-alanine ligase(ADP-forming) [c0]	6.3.2.15	-6.35		(1)  cpd00002[c0] + (1)  cpd00731[c0] + (1)  cpd02964[c0] => (1)  cpd00008[c0] + (1)  cpd00009[c0] + (1)  cpd00067[c0] + (1)  cpd02968[c0]	(1)  ATP [c0][c0] + (1)  Ala-Ala [c0][c0] + (1)  UDP-N-acetylmuramoyl-L-alanyl-D-gamma-glutamyl-meso-2-6-diaminopimelate [c0][c0] => (1)  ADP [c0][c0] + (1)  Phosphate [c0][c0] + (1)  H+ [c0][c0] + (1)  UDP-N-acetylmuramoyl-L-alanyl-D-glutamyl-6-carboxy-L-lysyl-D-alanyl- D-alanine [c0][c0]	rxn03164	UGMDDS	R04617	Lysine biosynthesis|Peptidoglycan biosynthesis	Acetylmuramoyl-Pentapeptide-Biosynthesis|Biosynthesis|Cell-Structure-Biosynthesis|Cell-Wall-Biosynthesis|PEPTIDOGLYCANSYN-PWY|Peptidoglycan-Biosynthesis
rxn03251_c0	=	Cytosol	((Annotated_genome.CDS.2198 or Annotated_genome.CDS.166) or (Annotated_genome.CDS.401 or Annotated_genome.CDS.453 or Annotated_genome.CDS.4278) or Annotated_genome.CDS.3493 or (Annotated_genome.CDS.3431 or Annotated_genome.CDS.3582 or Annotated_genome.CDS.1461 or Annotated_genome.CDS.3609 or Annotated_genome.CDS.3675 or Annotated_genome.CDS.1466 or Annotated_genome.CDS.4279 or Annotated_genome.CDS.768 or Annotated_genome.CDS.2002 or Annotated_genome.CDS.1583 or Annotated_genome.CDS.4262 or Annotated_genome.CDS.3332))	Hexanoyl-CoA:(acceptor) 2,3-oxidoreductase [c0]		7.23		(1)  cpd00015[c0] + (1)  cpd00067[c0] + (1)  cpd03124[c0] <=> (1)  cpd00982[c0] + (1)  cpd03125[c0]	(1)  FAD [c0][c0] + (1)  H+ [c0][c0] + (1)  Hexanoyl-CoA [c0][c0] <=> (1)  FADH2 [c0][c0] + (1)  (2E) -Hexenoyl-CoA [c0][c0]	rxn03251	ACOAD2f	R04751	Fatty acid degradation	
rxn00929_c0	=	Cytosol	Annotated_genome.CDS.4552	L-Proline:NAD+ 5-oxidoreductase [c0]		-10.52		(1)  cpd00003[c0] + (1)  cpd00129[c0] <=> (1)  cpd00004[c0] + (2)  cpd00067[c0] + (1)  cpd02431[c0]	(1)  NAD [c0][c0] + (1)  L-Proline [c0][c0] <=> (1)  NADH [c0][c0] + (2)  H+ [c0][c0] + (1)  1-Pyrroline-5-carboxylate [c0][c0]	rxn00929	P5CRx	R01248	Arginine and proline metabolism	ARG-PRO-PWY|ARGININE-DEG|ARGORNPROST-PWY|Activation-Inactivation-Interconversion|Amino-Acid-Biosynthesis|Amino-Acid-Degradation|Biosynthesis|Degradation|IND-AMINO-ACID-SYN|Interconversion|PROLINE-SYN|PROSYN-PWY
rxn08800_c0	=	Cytosol	Annotated_genome.CDS.1138	Lysophospholipase L1 (2-acylglycerophosphotidate, n-C16:1) (periplasm) [c0]		-291.05		(1)  cpd00001[c0] + (1)  cpd15326[c0] <=> (2)  cpd00067[c0] + (1)  cpd00080[c0] + (1)  cpd15237[c0]	(1)  H2O [c0][c0] + (1)  1-hexadec-9-enoyl-sn-glycerol 3-phosphate [c0][c0] <=> (2)  H+ [c0][c0] + (1)  Glycerol-3-phosphate [c0][c0] + (1)  hexadecenoate [c0][c0]	rxn08800	LPLIPAL1A161pp			
rxn02166_c0	>	Cytosol	(Annotated_genome.CDS.1470 or Annotated_genome.CDS.1853)	4-Nitrophenyl phosphate phosphohydrolase [c0]		7.21		(1)  cpd00001[c0] + (1)  cpd02135[c0] => (1)  cpd00009[c0] + (1)  cpd00646[c0]	(1)  H2O [c0][c0] + (1)  4-Nitrophenyl phosphate [c0][c0] => (1)  Phosphate [c0][c0] + (1)  PNP [c0][c0]	rxn02166		R03024	Aminobenzoate degradation	
rxn00256_c0	<	Cytosol	(Annotated_genome.CDS.3224 or Annotated_genome.CDS.1420)	acetyl-CoA:oxaloacetate C-acetyltransferase (thioester-hydrolysing) [c0]	2.3.3.3|4.1.3.7	8.93		(1)  cpd00010[c0] + (1)  cpd00067[c0] + (1)  cpd00137[c0] <= (1)  cpd00001[c0] + (1)  cpd00022[c0] + (1)  cpd00032[c0]	(1)  CoA [c0][c0] + (1)  H+ [c0][c0] + (1)  Citrate [c0][c0] <= (1)  H2O [c0][c0] + (1)  Acetyl-CoA [c0][c0] + (1)  Oxaloacetate [c0][c0]	rxn00256	CIT2	R00351	Citrate cycle (TCA cycle)|Glyoxylate and dicarboxylate metabolism	ANAEROBIC-RESPIRATION|ANARESP1-PWY|Amino-Acid-Biosynthesis|Biosynthesis|Carbohydrates-Biosynthesis|Energy-Metabolism|FERMENTATION-PWY|Fermentation|GLUTAMINE-SYN|GLYCOLYSIS-TCA-GLYOX-BYPASS|GLYCOLYSIS-VARIANTS|GLYOXYLATE-BYPASS|IND-AMINO-ACID-SYN|P105-PWY|REDCITCYC|Respiration|TCA|TCA-GLYOX-BYPASS|TCA-VARIANTS
rxn08335_c0	>	Cytosol	Annotated_genome.CDS.504	(S)-dihydroorotate:quinone oxidoreductase [c0]		-12.66		(1)  cpd00282[c0] + (1)  cpd15560[c0] => (1)  cpd00247[c0] + (1)  cpd15561[c0]	(1)  S-Dihydroorotate [c0][c0] + (1)  Ubiquinone-8 [c0][c0] => (1)  Orotate [c0][c0] + (1)  Ubiquinol-8 [c0][c0]	rxn08335	DH or D2			Biosynthesis|Nucleotide-Biosynthesis|PRPP-PWY|PWY0-162|PYR-NUC-SYN|Pyrimidine-De-Novo-Biosyn
rxn03004_c0	=	Cytosol	Annotated_genome.CDS.286	10-Formyltetrahydrofolate:5'-phosphoribosylglycinamide formyltransferase [c0]		-20.98		(1)  cpd00201[c0] + (1)  cpd02394[c0] <=> (1)  cpd00067[c0] + (1)  cpd00087[c0] + (1)  cpd02678[c0]	(1)  10-Formyltetrahydrofolate [c0][c0] + (1)  GAR [c0][c0] <=> (1)  H+ [c0][c0] + (1)  Tetrahydrofolate [c0][c0] + (1)  N-Formyl-GAR [c0][c0]	rxn03004	ADE8	R04325	Purine metabolism|One carbon pool by folate	AIR-Biosynthesis|Biosynthesis|Cofactor-Biosynthesis|FOLSYN-PWY|Folate-Biosynthesis|Nucleotide-Biosynthesis|PUR-NUC-SYN|Purine-Nucleotide-De-Novo-Biosynthesis|Vitamin-Biosynthesis
rxn10232_c0	>	Cytosol	Annotated_genome.CDS.3577	isoheptadecanoyl-phosphatidylserine decarboxylase [c0]		7.45		(2)  cpd00067[c0] + (1)  cpd15689[c0] => (1)  cpd00011[c0] + (1)  cpd15695[c0]	(2)  H+ [c0][c0] + (1)  Diisoheptadecanoylphosphatidylserine [c0][c0] => (1)  CO2 [c0][c0] + (1)  Diisoheptadecanoylphosphatidylethanolamine [c0][c0]	rxn10232				
rxn00138_c0	>	Cytosol	(Annotated_genome.CDS.3977 or Annotated_genome.CDS.2105)	deamido-NAD+:ammonia ligase (AMP-forming) [c0]		-22.58		(1)  cpd00002[c0] + (1)  cpd00013[c0] + (1)  cpd00638[c0] => (1)  cpd00003[c0] + (1)  cpd00012[c0] + (1)  cpd00018[c0] + (2)  cpd00067[c0]	(1)  ATP [c0][c0] + (1)  NH3 [c0][c0] + (1)  Deamido-NAD [c0][c0] => (1)  NAD [c0][c0] + (1)  PPi [c0][c0] + (1)  AMP [c0][c0] + (2)  H+ [c0][c0]	rxn00138	NADS1m	R00189	Nicotinate and nicotinamide metabolism	Biosynthesis|Cofactor-Biosynthesis|NAD-Metabolism|NAD-SYN|PWY0-781|PYRIDNUCSYN-PWY
rxn06729_c0	>	Cytosol	((Annotated_genome.CDS.1015 or Annotated_genome.CDS.2001) and Annotated_genome.CDS.3227)	(R)-3-Hydroxytetradecanoly-[acyl-carrier-protein]:UDP-N-acetyl-glucosamine 3-O-(3-hydroxytetradecanoyl)transferase [c0]	2.3.1.129	-3.61		(1)  cpd00037[c0] + (1)  cpd00067[c0] + (1)  cpd11484[c0] => (1)  cpd02886[c0] + (1)  cpd11493[c0]	(1)  UDP-N-acetylglucosamine [c0][c0] + (1)  H+ [c0][c0] + (1)  HMA [c0][c0] => (1)  UDP-3-O-(beta-hydroxymyristoyl) -N-acetylglucosamine [c0][c0] + (1)  ACP [c0][c0]	rxn06729	UAGAAT	R04567	Lipopolysaccharide biosynthesis	Biosynthesis|Cell-Structure-Biosynthesis|KDO-NAGLIPASYN-PWY|LPSSYN-PWY|Lipid-Biosynthesis|Lipopolysaccharide-Biosynthesis|NAGLIPASYN-PWY
rxn07977_c0	=	Cytosol	(Annotated_genome.CDS.502 or (Annotated_genome.CDS.3228 or Annotated_genome.CDS.2000))	3-hydroxyacyl-[acyl-carrier-protein] dehydratase (n-C14:1) [c0]		-56.69		(1)  cpd15368[c0] <=> (1)  cpd00001[c0] + (1)  cpd15570[c0]	(1)  (R) -3-hydroxy-cis-myristol-7-eoyl-[acyl-carrier protein] [c0][c0] <=> (1)  H2O [c0][c0] + (1)  trans-3-cis-7-myristoleoyl-[acyl-carrier protein] [c0][c0]	rxn07977	3HAD141			
rxn05168_c0	>	Cytosol	((Annotated_genome.CDS.1209 or Annotated_genome.CDS.4271 or Annotated_genome.CDS.4061) and (Annotated_genome.CDS.4558 or Annotated_genome.CDS.1210 or Annotated_genome.CDS.1802 or Annotated_genome.CDS.3591) and (Annotated_genome.CDS.4556 or Annotated_genome.CDS.1208 or Annotated_genome.CDS.4269 or Annotated_genome.CDS.3589 or Annotated_genome.CDS.436 or Annotated_genome.CDS.3468 or Annotated_genome.CDS.3679) and (Annotated_genome.CDS.2280 or Annotated_genome.CDS.4089 or Annotated_genome.CDS.2151 or Annotated_genome.CDS.3317 or Annotated_genome.CDS.1211) and (Annotated_genome.CDS.4555 or Annotated_genome.CDS.3590 or Annotated_genome.CDS.1805 or Annotated_genome.CDS.3467 or Annotated_genome.CDS.2149) and Annotated_genome.CDS.4091 and Annotated_genome.CDS.3316 and Annotated_genome.CDS.2153 and (Annotated_genome.CDS.4063 or Annotated_genome.CDS.1803 or Annotated_genome.CDS.3592))	nonpolar-amino-acid-transporting ATPase [c0]		-6.82		(1)  cpd00001[c0] + (1)  cpd00002[c0] + (1)  cpd00156[e0] => (1)  cpd00008[c0] + (1)  cpd00009[c0] + (1)  cpd00067[c0] + (1)  cpd00156[c0]	(1)  H2O [c0][c0] + (1)  ATP [c0][c0] + (1)  L-Valine [e0][e0] => (1)  ADP [c0][c0] + (1)  Phosphate [c0][c0] + (1)  H+ [c0][c0] + (1)  L-Valine [c0][c0]	rxn05168	VALabc			
rxn05054_c0	>	Cytosol	Annotated_genome.CDS.2990	adenosylcobyric acid:(R)-1-aminopropan-2-ol ligase (ADP-forming) [c0]		-6.35		(1)  cpd00002[c0] + (1)  cpd02039[c0] + (1)  cpd03917[c0] => (1)  cpd00008[c0] + (1)  cpd00009[c0] + (1)  cpd00067[c0] + (1)  cpd03918[c0]	(1)  ATP [c0][c0] + (1)  1-Aminopropan-2-ol [c0][c0] + (1)  Adenosylcobyric acid [c0][c0] => (1)  ADP [c0][c0] + (1)  Phosphate [c0][c0] + (1)  H+ [c0][c0] + (1)  Adenosyl cobinamide [c0][c0]	rxn05054		R07302	Porphyrin and chlorophyll metabolism	
rxn02167_c0	>	Cytosol	((Annotated_genome.CDS.3831 or Annotated_genome.CDS.4483 or Annotated_genome.CDS.3915 or Annotated_genome.CDS.1597 or Annotated_genome.CDS.2162 or Annotated_genome.CDS.3028 or Annotated_genome.CDS.4286 or Annotated_genome.CDS.4034 or Annotated_genome.CDS.1762 or Annotated_genome.CDS.3331 or Annotated_genome.CDS.2200 or Annotated_genome.CDS.3898 or Annotated_genome.CDS.4130 or Annotated_genome.CDS.1589 or Annotated_genome.CDS.4054 or Annotated_genome.CDS.3594 or Annotated_genome.CDS.2383 or Annotated_genome.CDS.403 or Annotated_genome.CDS.3583 or Annotated_genome.CDS.3648 or Annotated_genome.CDS.4317 or Annotated_genome.CDS.1649) or (Annotated_genome.CDS.3682 or Annotated_genome.CDS.4491) or (Annotated_genome.CDS.3173 or Annotated_genome.CDS.1844))	(S)-3-Hydroxybutanoyl-CoA hydro-lyase [c0]		2.16		(1)  cpd00842[c0] => (1)  cpd00001[c0] + (1)  cpd00650[c0]	(1)  (S) -3-Hydroxybutyryl-CoA [c0][c0] => (1)  H2O [c0][c0] + (1)  Crotonyl-CoA [c0][c0]	rxn02167	ECOAH1	R03026	Fatty acid degradation|Lysine degradation|Benzoate degradation|Tryptophan metabolism|Aminobenzoate degradation|Butanoate metabolism|Carbon fixation pathways in prokaryotes	AROMATIC-COMPOUNDS-DEGRADATION|Amino-Acid-Degradation|Autotrophic-CO2-Fixation|C1-COMPOUNDS|CARBOXYLATES-DEG|CENTFERM-PWY|CO2-Fixation|Degradation|Energy-Metabolism|Fermentation|GALLATE-DEG|GLUDEG-II-PWY|GLUTAMATE-DEG|P3-PWY|Pyruvate-Degradation|TOLUENE-DEG|TRYPTOPHAN-DEG|TRYPTOPHAN-DEGRADATION-1
rxn05368_c0	=	Cytosol	Annotated_genome.CDS.2407	8-methyl-3-oxo-decanoyl-ACP:NADP+ oxidoreductase [c0]		-3.76		(1)  cpd00005[c0] + (1)  cpd00067[c0] + (1)  cpd11504[c0] <=> (1)  cpd00006[c0] + (1)  cpd11505[c0]	(1)  NADPH [c0][c0] + (1)  H+ [c0][c0] + (1)  8-methyl-3-oxo-decanoyl-ACP [c0][c0] <=> (1)  NADP [c0][c0] + (1)  8-methyl-3-hydroxy-decanoyl-ACP [c0][c0]	rxn05368				
rxn10770_c0	=	Cytosol	(Annotated_genome.CDS.3330 or Annotated_genome.CDS.383 or Annotated_genome.CDS.71 or Annotated_genome.CDS.1996 or Annotated_genome.CDS.169 or Annotated_genome.CDS.2194 or Annotated_genome.CDS.2122 or Annotated_genome.CDS.4294 or Annotated_genome.CDS.4047 or Annotated_genome.CDS.4086)	R08557 [c0]		5.22		(1)  cpd00003[c0] + (1)  cpd00098[c0] <=> (1)  cpd00004[c0] + (1)  cpd00067[c0] + (1)  cpd00447[c0]	(1)  NAD [c0][c0] + (1)  Choline [c0][c0] <=> (1)  NADH [c0][c0] + (1)  H+ [c0][c0] + (1)  Betaine aldehyde [c0][c0]	rxn10770	CHOLD	R08557	Glycine, serine and threonine metabolism	Betaine-Biosynthesis|Biosynthesis|Polyamine-Biosynthesis
rxn10161_c0	=	Cytosol	Annotated_genome.CDS.3489	Octadecanoate transport via proton symport [c0]		0		(1)  cpd00067[e0] + (1)  cpd01080[e0] <=> (1)  cpd00067[c0] + (1)  cpd01080[c0]	(1)  H+ [e0][e0] + (1)  ocdca [e0][e0] <=> (1)  H+ [c0][c0] + (1)  ocdca [c0][c0]	rxn10161	OCDCAt2			
rxn05360_c0	=	Cytosol	Annotated_genome.CDS.2407	4-methyl-3-oxo-hexanoyl-ACP:NADP+ oxidoreductase [c0]		-3.76		(1)  cpd00005[c0] + (1)  cpd00067[c0] + (1)  cpd11496[c0] <=> (1)  cpd00006[c0] + (1)  cpd11497[c0]	(1)  NADPH [c0][c0] + (1)  H+ [c0][c0] + (1)  4-methyl-3-oxo-hexanoyl-ACP [c0][c0] <=> (1)  NADP [c0][c0] + (1)  4-methyl-3-hydroxy-hexanoyl-ACP [c0][c0]	rxn05360				
rxn02297_c0	>	Cytosol	Annotated_genome.CDS.2213	6-Carboxyhexanoyl-CoA:L-alanine C-carboxyhexanoyltransferase (decarboxylating) [c0]		2.16		(1)  cpd00035[c0] + (1)  cpd00067[c0] + (1)  cpd00782[c0] => (1)  cpd00010[c0] + (1)  cpd00011[c0] + (1)  cpd00800[c0]	(1)  L-Alanine [c0][c0] + (1)  H+ [c0][c0] + (1)  Pimeloyl-CoA [c0][c0] => (1)  CoA [c0][c0] + (1)  CO2 [c0][c0] + (1)  8-Amino-7-oxononanoate [c0][c0]	rxn02297	AOXS	R03210	Biotin metabolism	7-Keto-8-aminopelargonate-Biosynthesis|BIOTIN-SYN|Biosynthesis|Cofactor-Biosynthesis|Vitamin-Biosynthesis
rxn03079_c0	=	Cytosol	Annotated_genome.CDS.637	5,10-Methylenetetrahydromethanopterin:coenzyme-F420 oxidoreductase [c0]		-1.25		(1)  cpd00067[c0] + (1)  cpd00649[c0] + (1)  cpd02679[c0] <=> (1)  cpd00792[c0] + (1)  cpd02655[c0]	(1)  H+ [c0][c0] + (1)  Coenzyme F420 [c0][c0] + (1)  5,10-Methylenetetrahydromethanopterin [c0][c0] <=> (1)  Reduced coenzyme F420 [c0][c0] + (1)  5,10-Methenyltetrahydromethanopterin [c0][c0]	rxn03079		R04456	Methane metabolism	
rxn00504_c0	=	Cytosol	Annotated_genome.CDS.3336	(S)-1-pyrroline-5-carboxylate:NADP+ oxidoreductase [c0]		4.25		(2)  cpd00001[c0] + (1)  cpd00006[c0] + (1)  cpd02431[c0] <=> (1)  cpd00005[c0] + (1)  cpd00023[c0] + (1)  cpd00067[c0]	(2)  H2O [c0][c0] + (1)  NADP [c0][c0] + (1)  1-Pyrroline-5-carboxylate [c0][c0] <=> (1)  NADPH [c0][c0] + (1)  L-Glutamate [c0][c0] + (1)  H+ [c0][c0]	rxn00504		R00708	Alanine, aspartate and glutamate metabolism|Arginine and proline metabolism	
rxn08021_c0	>	Cytosol	(Annotated_genome.CDS.1015 or Annotated_genome.CDS.2001)	acyl-[acyl-carrier-protein] synthetase  (n-C10:0) [c0]		-21.55		(1)  cpd00002[c0] + (1)  cpd01107[c0] + (1)  cpd11493[c0] => (1)  cpd00012[c0] + (1)  cpd00018[c0] + (1)  cpd00067[c0] + (1)  cpd11474[c0]	(1)  ATP [c0][c0] + (1)  Decanoate [c0][c0] + (1)  ACP [c0][c0] => (1)  PPi [c0][c0] + (1)  AMP [c0][c0] + (1)  H+ [c0][c0] + (1)  Decanoyl-ACP [c0][c0]	rxn08021	AACPS8			
rxn08396_c0	=	Cytosol	(Annotated_genome.CDS.500 or Annotated_genome.CDS.3522 or Annotated_genome.CDS.3653)	enoyl-[acyl-carrier-protein] reductase (NADH) (n-C18:0) [c0]				(1)  cpd00004[c0] + (1)  cpd00067[c0] + (1)  cpd15572[c0] <=> (1)  cpd00003[c0] + (1)  cpd15268[c0]	(1)  NADH [c0][c0] + (1)  H+ [c0][c0] + (1)  trans-octadec-2-enoyl-[acyl-carrier protein] [c0][c0] <=> (1)  NAD [c0][c0] + (1)  Octadecanoyl-ACP [c0][c0]	rxn08396	EAR180x			
rxn01485_c0	=	Cytosol	(Annotated_genome.CDS.4548 or Annotated_genome.CDS.6)	D-Glucosamine 1-phosphate 1,6-phosphomutase [c0]		0		(1)  cpd03671[c0] <=> (1)  cpd00288[c0]	(1)  D-Glucosamine1-phosphate [c0][c0] <=> (1)  D-Glucosamine phosphate [c0][c0]	rxn01485	PGAMT	R02060	Amino sugar and nucleotide sugar metabolism	Biosynthesis|CARBO-BIOSYNTHESIS|Carbohydrates-Biosynthesis|Cell-Structure-Biosynthesis|Cell-Wall-Biosynthesis|Lipopolysaccharide-Biosynthesis|O-Antigen-Biosynthesis|OANTIGEN-PWY|Polyamine-Biosynthesis|SUGAR-NUCLEOTIDES|UDP-NAc-Glucosamine-Biosynthesis|UDPNAGSYN-PWY
rxn05206_c0	<	Cytosol	(Annotated_genome.CDS.303 or Annotated_genome.CDS.301 or Annotated_genome.CDS.475)	TRANS-RXN-187.ce [c0]	1.A.1	0		(1)  cpd00205[e0] <= (1)  cpd00205[c0]	(1)  K+ [e0][e0] <= (1)  K+ [c0][c0]	rxn05206				
rxn03031_c0	>	Cytosol	Annotated_genome.CDS.338	Succinyl-CoA:2,3,4,5-tetrahydropyridine-2,6-dicarboxylate N-succinyltransferase [c0]	2.3.1.117	11.44		(1)  cpd00001[c0] + (1)  cpd00078[c0] + (1)  cpd02465[c0] => (1)  cpd00010[c0] + (1)  cpd02724[c0]	(1)  H2O [c0][c0] + (1)  Succinyl-CoA [c0][c0] + (1)  tetrahydrodipicolinate [c0][c0] => (1)  CoA [c0][c0] + (1)  N-Succinyl-L-2-amino-6-oxopimelate [c0][c0]	rxn03031	THDPS	R04365	Lysine biosynthesis	Amino-Acid-Biosynthesis|Biosynthesis|DAPLYSINESYN-PWY|IND-AMINO-ACID-SYN|LYSINE-SYN|P4-PWY|PWY0-781
rxn09207_c0	>	Cytosol	Annotated_genome.CDS.3576	Phosphatidylserine syntase (n-C14:1) [c0]		-240.29		(1)  cpd00054[c0] + (1)  cpd15422[c0] => (1)  cpd00046[c0] + (2)  cpd00067[c0] + (1)  cpd15554[c0]	(1)  L-Serine [c0][c0] + (1)  CDP-1,2-ditetradec-7-enoylglycerol [c0][c0] => (1)  CMP [c0][c0] + (2)  H+ [c0][c0] + (1)  phosphatidylserine ditetradec-7-enoyl [c0][c0]	rxn09207	PSSA141			
rxn09296_c0	>	Cytosol	Annotated_genome.CDS.3544	hydrogen peroxide reductase (thioredoxin) [c0]				(1)  cpd00025[c0] + (1)  cpd11421[c0] => (2)  cpd00001[c0] + (1)  cpd11420[c0]	(1)  H2O2 [c0][c0] + (1)  trdrd [c0][c0] => (2)  H2O [c0][c0] + (1)  trdox [c0][c0]	rxn09296	THDPO			
rxn00239_c0	=	Cytosol	Annotated_genome.CDS.1010	ATP:GMP phosphotransferase [c0]		9.53		(1)  cpd00002[c0] + (1)  cpd00067[c0] + (1)  cpd00126[c0] <=> (1)  cpd00008[c0] + (1)  cpd00031[c0]	(1)  ATP [c0][c0] + (1)  H+ [c0][c0] + (1)  GMP [c0][c0] <=> (1)  ADP [c0][c0] + (1)  GDP [c0][c0]	rxn00239	GK1	R00332	Purine metabolism	Biosynthesis|DENOVOPURINE2-PWY|Metabolic-Clusters|Nucleotide-Biosynthesis|P1-PWY|PRPP-PWY|PUR-NUC-SYN|PYR-NUC-SYN|Purine-Nucleotide-De-Novo-Biosynthesis|Purine-Nucleotides-Salvage
rxn00441_c0	>	Cytosol	Annotated_genome.CDS.1375	R00621 [c0]		-6.87		(1)  cpd00024[c0] + (1)  cpd00056[c0] + (1)  cpd00067[c0] => (1)  cpd00011[c0] + (1)  cpd03189[c0]	(1)  2-Oxoglutarate [c0][c0] + (1)  TPP [c0][c0] + (1)  H+ [c0][c0] => (1)  CO2 [c0][c0] + (1)  3-Carboxy-1-hydroxypropyl-ThPP [c0][c0]	rxn00441		R00621	Citrate cycle (TCA cycle)	
rxn00302_c0	>	Cytosol	Annotated_genome.CDS.1532	GTP 8,9-hydrolase [c0]		-9.79		(1)  cpd00001[c0] + (1)  cpd00038[c0] => (1)  cpd03518[c0]	(1)  H2O [c0][c0] + (1)  GTP [c0][c0] => (1)  Formamidopyrimidine nucleoside triphosphate [c0][c0]	rxn00302		R00428	Folate biosynthesis	
rxn03250_c0	=	Cytosol	((Annotated_genome.CDS.3831 or Annotated_genome.CDS.4483 or Annotated_genome.CDS.3915 or Annotated_genome.CDS.1597 or Annotated_genome.CDS.2162 or Annotated_genome.CDS.3028 or Annotated_genome.CDS.4286 or Annotated_genome.CDS.4034 or Annotated_genome.CDS.1762 or Annotated_genome.CDS.3331 or Annotated_genome.CDS.2200 or Annotated_genome.CDS.3898 or Annotated_genome.CDS.4130 or Annotated_genome.CDS.1589 or Annotated_genome.CDS.4054 or Annotated_genome.CDS.3594 or Annotated_genome.CDS.2383 or Annotated_genome.CDS.403 or Annotated_genome.CDS.3583 or Annotated_genome.CDS.3648 or Annotated_genome.CDS.4317 or Annotated_genome.CDS.1649) or (Annotated_genome.CDS.3682 or Annotated_genome.CDS.4491))	(S)-Hydroxyhexanoyl-CoA hydro-lyase [c0]		2.16		(1)  cpd03122[c0] <=> (1)  cpd00001[c0] + (1)  cpd03125[c0]	(1)  (S) -Hydroxyhexanoyl-CoA [c0][c0] <=> (1)  H2O [c0][c0] + (1)  (2E) -Hexenoyl-CoA [c0][c0]	rxn03250	ECOAH2	R04749	Fatty acid elongation|Fatty acid degradation	Energy-Metabolism|Fermentation
rxn02465_c0	<	Cytosol	Annotated_genome.CDS.2880	N-acetyl-L-glutamate-5-semialdehyde:NADP+ 5-oxidoreductase (phosphrylating) [c0]		-9.89		(1)  cpd00006[c0] + (1)  cpd00009[c0] + (1)  cpd00918[c0] <= (1)  cpd00005[c0] + (1)  cpd00067[c0] + (1)  cpd02552[c0]	(1)  NADP [c0][c0] + (1)  Phosphate [c0][c0] + (1)  2-Acetamido-5-oxopentanoate [c0][c0] <= (1)  NADPH [c0][c0] + (1)  H+ [c0][c0] + (1)  n-acetylglutamyl-phosphate [c0][c0]	rxn02465	AGPR	R03443	Arginine and proline metabolism	ARG+POLYAMINE-SYN|ARGININE-SYN|ARGSYN-PWY|ARGSYNBSUB-PWY|Amino-Acid-Biosynthesis|Biosynthesis|GLUTORN-PWY|IND-AMINO-ACID-SYN|Other-Amino-Acid-Biosynthesis|Polyamine-Biosynthesis
rxn03130_c0	>	Cytosol	Annotated_genome.CDS.3226	UDP-2,3-bis[(3R)-3-hydroxymyristoyl]-alpha-D-glucosamine 2,3-bis[(3R)-3-hydroxymyristoyl]-beta-D-glucosaminyl 1-phosphate phosphohydrolase [c0]		-28.37		(1)  cpd00001[c0] + (1)  cpd02835[c0] => (2)  cpd00067[c0] + (1)  cpd00091[c0] + (1)  cpd02930[c0]	(1)  H2O [c0][c0] + (1)  UDP-2,3-bis(3-hydroxytetradecanoyl) glucosamine [c0][c0] => (2)  H+ [c0][c0] + (1)  UMP [c0][c0] + (1)  Lipid X [c0][c0]	rxn03130		R04549	Lipopolysaccharide biosynthesis	Biosynthesis|Cell-Structure-Biosynthesis|KDO-NAGLIPASYN-PWY|LPSSYN-PWY|Lipid-Biosynthesis|Lipopolysaccharide-Biosynthesis|NAGLIPASYN-PWY
rxn01791_c0	>	Cytosol	Annotated_genome.CDS.2727	(R)-Pantoate:beta-alanine ligase (AMP-forming) [c0]	6.3.2.1	-26.84		(1)  cpd00002[c0] + (1)  cpd00085[c0] + (1)  cpd00408[c0] => (1)  cpd00012[c0] + (1)  cpd00018[c0] + (2)  cpd00067[c0] + (1)  cpd00644[c0]	(1)  ATP [c0][c0] + (1)  beta-Alanine [c0][c0] + (1)  Pantoate [c0][c0] => (1)  PPi [c0][c0] + (1)  AMP [c0][c0] + (2)  H+ [c0][c0] + (1)  PAN [c0][c0]	rxn01791	PANTS	R02473	beta-Alanine metabolism|Pantothenate and CoA biosynthesis	Biosynthesis|CoA-Biosynthesis|Cofactor-Biosynthesis|PANTO-PWY|PANTOSYN-PWY|Pantothenate-Biosynthesis|Vitamin-Biosynthesis
rxn01710_c0	=	Cytosol	(Annotated_genome.CDS.3330 or Annotated_genome.CDS.383 or Annotated_genome.CDS.71 or Annotated_genome.CDS.1996 or Annotated_genome.CDS.169 or Annotated_genome.CDS.2194 or Annotated_genome.CDS.2122 or Annotated_genome.CDS.4294 or Annotated_genome.CDS.4047 or Annotated_genome.CDS.4086)	Propane-1,3-diol:NAD+ 1-oxidoreductase [c0]		5.22		(1)  cpd00004[c0] + (1)  cpd00067[c0] + (1)  cpd00371[c0] <=> (1)  cpd00003[c0] + (1)  cpd03559[c0]	(1)  NADH [c0][c0] + (1)  H+ [c0][c0] + (1)  Propanal [c0][c0] <=> (1)  NAD [c0][c0] + (1)  Optal [c0][c0]	rxn01710	ALCD2z	R02377	Glycerolipid metabolism	Alcohol-Degradation|Degradation
rxn00183_c0	>	Cytosol	Annotated_genome.CDS.3336	L-Glutamate 5-semialdehyde:NAD+ oxidoreductase [c0]		-9.8		(1)  cpd00001[c0] + (1)  cpd00003[c0] + (1)  cpd00858[c0] => (1)  cpd00004[c0] + (1)  cpd00023[c0] + (2)  cpd00067[c0]	(1)  H2O [c0][c0] + (1)  NAD [c0][c0] + (1)  L-Glutamate5-semialdehyde [c0][c0] => (1)  NADH [c0][c0] + (1)  L-Glutamate [c0][c0] + (2)  H+ [c0][c0]	rxn00183	GSADH	R00245	Arginine and proline metabolism	
rxn00623_c0	<	Cytosol	Annotated_genome.CDS.2379	hydrogen-sulfide:NADP+ oxidoreductase [c0]		37.79		(3)  cpd00001[c0] + (3)  cpd00006[c0] + (1)  cpd00239[c0] <= (3)  cpd00005[c0] + (3)  cpd00067[c0] + (1)  cpd00081[c0]	(3)  H2O [c0][c0] + (3)  NADP [c0][c0] + (1)  H2S [c0][c0] <= (3)  NADPH [c0][c0] + (3)  H+ [c0][c0] + (1)  Sulfite [c0][c0]	rxn00623	ECM17	R00858	Sulfur metabolism	Amino-Acid-Biosynthesis|Biosynthesis|Degradation|IND-AMINO-ACID-SYN|METHIONINE-SYN|Noncarbon-Nutrients|SO4ASSIM-PWY|SULFATE-CYS-PWY|Sulfate-Reduction|Sulfur-Assimilation
rxn08100_c0	=	Cytosol	Annotated_genome.CDS.3291	RXN0-5228.c [c0]	5.1.1.-	0		(1)  cpd15385[c0] <=> (1)  cpd15388[c0]	(1)  L-alanine-D-glutamate [c0][c0] <=> (1)  L-alanine-L-glutamate [c0][c0]	rxn08100	ALAGLUE			
rxn01757_c0	=	Cytosol	(Annotated_genome.CDS.2047 or Annotated_genome.CDS.2886 or Annotated_genome.CDS.484 or Annotated_genome.CDS.816 or Annotated_genome.CDS.427 or Annotated_genome.CDS.3442 or Annotated_genome.CDS.1639)	L-cysteate:2-oxoglutarate aminotransferase [c0]		0		(1)  cpd00024[c0] + (1)  cpd00395[c0] <=> (1)  cpd00023[c0] + (1)  cpd03285[c0]	(1)  2-Oxoglutarate [c0][c0] + (1)  L-Cysteate [c0][c0] <=> (1)  L-Glutamate [c0][c0] + (1)  3-Sulfopyruvate [c0][c0]	rxn01757		R02433	Cysteine and methionine metabolism	Biosynthesis|Coenzyme-M-Biosynthesis|Cofactor-Biosynthesis|Degradation|Noncarbon-Nutrients|Sulfolactate-Degradation|Sulfur-Assimilation
rxn01329_c0	=	Cytosol	Annotated_genome.CDS.6	D-mannose 6-phosphate 1,6-phosphomutase [c0]	5.4.2.8	0		(1)  cpd00235[c0] <=> (1)  cpd00485[c0]	(1)  D-mannose-6-phosphate [c0][c0] <=> (1)  D-Mannose1-phosphate [c0][c0]	rxn01329	PMANM	R01818	Fructose and mannose metabolism|Amino sugar and nucleotide sugar metabolism	Ascorbate-Biosynthesis|Biosynthesis|CARBO-BIOSYNTHESIS|COLANSYN-PWY|Carbohydrates-Biosynthesis|Cell-Structure-Biosynthesis|Cofactor-Biosynthesis|GDP-Mannose-Biosynthesis|SUGAR-NUCLEOTIDES|Vitamin-Biosynthesis
rxn00950_c0	>	Cytosol	Annotated_genome.CDS.2659	Cystathionine L-homocysteine-lyase (deaminating) [c0]		-1.84		(1)  cpd00001[c0] + (1)  cpd00424[c0] => (1)  cpd00013[c0] + (1)  cpd00020[c0] + (1)  cpd00135[c0]	(1)  H2O [c0][c0] + (1)  Cystathionine [c0][c0] => (1)  NH3 [c0][c0] + (1)  Pyruvate [c0][c0] + (1)  Homocysteine [c0][c0]	rxn00950	CYSTLr	R01285	Sulfur metabolism	
rxn00002_c0	>	Cytosol	(Annotated_genome.CDS.1733 or Annotated_genome.CDS.1534 or Annotated_genome.CDS.4026)	urea-1-carboxylate amidohydrolase [c0]	3.5.1.54	-9.62		(1)  cpd00001[c0] + (3)  cpd00067[c0] + (1)  cpd00742[c0] => (2)  cpd00011[c0] + (2)  cpd00013[c0]	(1)  H2O [c0][c0] + (3)  H+ [c0][c0] + (1)  Allophanate [c0][c0] => (2)  CO2 [c0][c0] + (2)  NH3 [c0][c0]	rxn00002	DUR1_2	R00005	Arginine and proline metabolism|Atrazine degradation	ALLANTOINDEG-PWY|AMINE-DEG|AROMATIC-COMPOUNDS-DEGRADATION|Allantoin-degradation|Atrazine-Degradation|Degradation|Urea-Degradation|s-Triazine-Degradation
rxn02507_c0	>	Cytosol	Annotated_genome.CDS.3071	1-(2-Carboxyphenylamino)-1-deoxy-D-ribulose-5-phosphate carboxy-lyase(cyclizing) [c0]		-14.46		(1)  cpd00067[c0] + (1)  cpd00956[c0] => (1)  cpd00001[c0] + (1)  cpd00011[c0] + (1)  cpd02210[c0]	(1)  H+ [c0][c0] + (1)  1-(2-carboxyphenylamino) -1-deoxyribulose 5-phosphate [c0][c0] => (1)  H2O [c0][c0] + (1)  CO2 [c0][c0] + (1)  Indoleglycerol phosphate [c0][c0]	rxn02507		R03508	Phenylalanine, tyrosine and tryptophan biosynthesis	ALL-CHORISMATE-PWY|Amino-Acid-Biosynthesis|Biosynthesis|COMPLETE-ARO-PWY|IND-AMINO-ACID-SYN|TRPSYN-PWY|TRYPTOPHAN-BIOSYNTHESIS
rxn02480_c0	=	Cytosol	Annotated_genome.CDS.638	5,10-Methenyltetrahydromethanopterin 10-hydrolase (decyclizing) [c0]	3.5.4.27	3.18		(1)  cpd00001[c0] + (1)  cpd02655[c0] <=> (1)  cpd00067[c0] + (1)  cpd00936[c0]	(1)  H2O [c0][c0] + (1)  5,10-Methenyltetrahydromethanopterin [c0][c0] <=> (1)  H+ [c0][c0] + (1)  5-Formyl-H4MPT [c0][c0]	rxn02480		R03464	Methane metabolism	C1-COMPOUNDS|Degradation|Energy-Metabolism|Formaldehyde-Oxidation|METHANOGENESIS|METHANOGENESIS-PWY|METHFORM-PWY
rxn08043_c0	>	Cytosol	(Annotated_genome.CDS.1711 and Annotated_genome.CDS.1710)	pyruvate:2-oxobutanoate acetaldehydetransferase (decarboxylating) [c0]		-10.53		(1)  cpd00020[c0] + (1)  cpd00067[c0] + (1)  cpd00094[c0] => (1)  cpd00011[c0] + (1)  cpd00498[c0]	(1)  Pyruvate [c0][c0] + (1)  H+ [c0][c0] + (1)  2-Oxobutyrate [c0][c0] => (1)  CO2 [c0][c0] + (1)  2-Aceto-2-hydroxybutanoate [c0][c0]	rxn08043	ACHBS	R08648		
rxn08131_c0	=	Cytosol	Annotated_genome.CDS.2807	4-amino-2-methyl-5-phosphomethylpyrimidine synthetase [c0]		-50.56		(1)  cpd00001[c0] + (1)  cpd00003[c0] + (1)  cpd02140[c0] <=> (1)  cpd00004[c0] + (2)  cpd00047[c0] + (4)  cpd00067[c0] + (1)  cpd02775[c0]	(1)  H2O [c0][c0] + (1)  NAD [c0][c0] + (1)  AIR [c0][c0] <=> (1)  NADH [c0][c0] + (2)  Formate [c0][c0] + (4)  H+ [c0][c0] + (1)  4-Amino-5-phosphomethyl-2-methylpyrimidine [c0][c0]	rxn08131	AMPMS2			
rxn10220_c0	>	Cytosol	Annotated_genome.CDS.3233	isoheptadecanoyl-phosphatidate cytidylyltransferase [c0]		1.07		(1)  cpd00052[c0] + (1)  cpd15677[c0] => (1)  cpd00012[c0] + (1)  cpd00067[c0] + (1)  cpd15683[c0]	(1)  CTP [c0][c0] + (1)  1,2-diisoheptadecanoyl-sn-glycerol 3-phosphate [c0][c0] => (1)  PPi [c0][c0] + (1)  H+ [c0][c0] + (1)  CDP-1,2-diisoheptadecanoylglycerol [c0][c0]	rxn10220				
rxn05464_c0	>	Cytosol	(Annotated_genome.CDS.500 or Annotated_genome.CDS.3522 or Annotated_genome.CDS.3653)	trans-Octodec-2-enoyl-ACP:NAD+ oxidoreductase (A-specific) [c0]		-16.55		(1)  cpd00004[c0] + (1)  cpd00067[c0] + (1)  cpd11572[c0] => (1)  cpd00003[c0] + (1)  cpd11573[c0]	(1)  NADH [c0][c0] + (1)  H+ [c0][c0] + (1)  trans-Octodec-2-enoyl-ACP [c0][c0] => (1)  NAD [c0][c0] + (1)  Octodecanoyl-ACP [c0][c0]	rxn05464				
rxn10261_c0	=	Cytosol	Annotated_genome.CDS.4478	isotetradecanoyl-CDPdiacylglycerol:sn-glycerol-3-phosphate 3-phosphatidyltransferase [c0]		-4.5		(1)  cpd00080[c0] + (1)  cpd15685[c0] <=> (1)  cpd00046[c0] + (1)  cpd15718[c0]	(1)  Glycerol-3-phosphate [c0][c0] + (1)  CDP-1,2-diisotetradecanoylglycerol [c0][c0] <=> (1)  CMP [c0][c0] + (1)  Diisotetradecanoylphosphatidylglycerophosphate [c0][c0]	rxn10261				
rxn08076_c0	=	Cytosol	Annotated_genome.CDS.3556	N-Acetyl-D-glucosamine(anhydrous)N-Acetylmuramyl-tetrapeptide amidase (periplasm) [c0]				(1)  cpd00001[c0] + (1)  cpd15398[c0] <=> (1)  cpd15387[c0] + (1)  cpd15396[c0]	(1)  H2O [c0][c0] + (1)  N-Acetyl-D-glucosamine(anhydrous) N-Acetylmuramyl-tetrapeptide [c0][c0] <=> (1)  L-alanine-D-glutamate-meso-2,6-diaminoheptanedioate-D-alanine [c0][c0] + (1)  N-Acetyl-D-glucosamine(anhydrous) N-Acetylmuramic acid [c0][c0]	rxn08076	AGM4PApp			
rxn14333_c0	>	Cytosol	Annotated_genome.CDS.3234	ditrans,dicis-pentaprenyl-diphosphate:isopentenyl-diphosphate pentaprenylcistransferase [c0]		-22.53		(1)  cpd00113[c0] + (1)  cpd17565[c0] => (1)  cpd00012[c0] + (1)  cpd00067[c0] + (1)  cpd17564[c0]	(1)  Isopentenyldiphosphate [c0][c0] + (1)  ditrans,dicis-Pentaprenyl diphosphate [c0][c0] => (1)  PPi [c0][c0] + (1)  H+ [c0][c0] + (1)  ditrans,tricis-Hexaprenyl diphosphate [c0][c0]	rxn14333		R08749		
rxn01964_c0	>	Cytosol	(Annotated_genome.CDS.4606 and Annotated_genome.CDS.4608)	L-serine hydro-lyase [adding 1-C-(indol-3-yl)glycerol 3-phosphate; L-tryptophan and glyceraldehyde-3-phosphate-forming] [c0]		-9.17		(1)  cpd00054[c0] + (1)  cpd02210[c0] => (1)  cpd00001[c0] + (1)  cpd00065[c0] + (1)  cpd00102[c0]	(1)  L-Serine [c0][c0] + (1)  Indoleglycerol phosphate [c0][c0] => (1)  H2O [c0][c0] + (1)  L-Tryptophan [c0][c0] + (1)  Glyceraldehyde3-phosphate [c0][c0]	rxn01964	TRPS1r	R02722	Glycine, serine and threonine metabolism|Phenylalanine, tyrosine and tryptophan biosynthesis	
rxn08816_c0	=	Cytosol	Annotated_genome.CDS.1138	Lysophospholipase L1 (2-acylglycerophosphoglycerol, n-C18:1) (periplasm) [c0]		-336.2		(1)  cpd00001[c0] + (1)  cpd15324[c0] <=> (1)  cpd00067[c0] + (1)  cpd02090[c0] + (1)  cpd15269[c0]	(1)  H2O [c0][c0] + (1)  1-Acyl-sn-glycero-3-phosphoglycerol octadec-11-enoyl [c0][c0] <=> (1)  H+ [c0][c0] + (1)  Glycerophosphoglycerol [c0][c0] + (1)  octadecenoate [c0][c0]	rxn08816	LPLIPAL1G181pp			
rxn02341_c0	>	Cytosol	Annotated_genome.CDS.4366	N-[(R)-4'-Phosphopantothenoyl]-L-cysteine carboxy-lyase [c0]	4.1.1.36	-3.09		(1)  cpd00067[c0] + (1)  cpd02666[c0] => (1)  cpd00011[c0] + (1)  cpd00834[c0]	(1)  H+ [c0][c0] + (1)  (R) -4'-Phosphopantothenoyl-L-cysteine [c0][c0] => (1)  CO2 [c0][c0] + (1)  Phosphopantetheine [c0][c0]	rxn02341	PPCDC	R03269	Pantothenate and CoA biosynthesis	Biosynthesis|COA-PWY|CoA-Biosynthesis|Cofactor-Biosynthesis|PANTOSYN-PWY|Vitamin-Biosynthesis
rxn03511_c0	=	Cytosol	Annotated_genome.CDS.3344	ADP-D-glycero-D-manno-heptose 6-epimerase [c0]		0		(1)  cpd03830[c0] <=> (1)  cpd03831[c0]	(1)  ADP-D-glycero-D-manno-heptose [c0][c0] <=> (1)  ADP-L-glycero-D-manno-heptose [c0][c0]	rxn03511		R05176	Lipopolysaccharide biosynthesis	Biosynthesis|CARBO-BIOSYNTHESIS|Carbohydrates-Biosynthesis|PWY0-1241|SUGAR-NUCLEOTIDES
rxn01923_c0	>	Cytosol	(Annotated_genome.CDS.454 or Annotated_genome.CDS.1643 or Annotated_genome.CDS.1636 or Annotated_genome.CDS.3581)	2-Methylpropanoyl-CoA:oxygen 2,3-oxidoreductase [c0]		-78.1137		(1)  cpd00007[c0] + (2)  cpd00481[c0] => (2)  cpd00001[c0] + (2)  cpd02187[c0]	(1)  O2 [c0][c0] + (2)  Isobutyryl-CoA [c0][c0] => (2)  H2O [c0][c0] + (2)  Methacrylyl-CoA [c0][c0]	rxn01923				
rxn01519_c0	>	Cytosol	Annotated_genome.CDS.4365	dUTP nucleotidohydrolase [c0]		-27.3		(1)  cpd00001[c0] + (1)  cpd00358[c0] => (1)  cpd00012[c0] + (2)  cpd00067[c0] + (1)  cpd00299[c0]	(1)  H2O [c0][c0] + (1)  dUTP [c0][c0] => (1)  PPi [c0][c0] + (2)  H+ [c0][c0] + (1)  dUMP [c0][c0]	rxn01519	DUT1	R02100	Pyrimidine metabolism	Biosynthesis|Nucleotide-Biosynthesis|PWY0-166|PYR-NUC-SYN|Pyrimid-Deoxyribonucleot-De-Novo-Biosyn
rxn03182_c0	=	Cytosol	Annotated_genome.CDS.1704	CMP-3-deoxy-D-manno-oct-2-ulosonate:lipid IVA 3-deoxy-D-manno-oct-2-ulosonate transferase [c0]	2.4.99.12	-11.23		(1)  cpd02546[c0] + (1)  cpd02993[c0] <=> (1)  cpd00046[c0] + (1)  cpd00067[c0] + (1)  cpd03585[c0]	(1)  CMP-KDO [c0][c0] + (1)  Lipid IV(A)  [c0][c0] <=> (1)  CMP [c0][c0] + (1)  H+ [c0][c0] + (1)  KDO-lipid IV(A)  [c0][c0]	rxn03182	MOAT	R04658	Lipopolysaccharide biosynthesis	Biosynthesis|Cell-Structure-Biosynthesis|KDO-Lipid-IV-Transfer|KDO-NAGLIPASYN-PWY|KDOSYN-PWY|LPSSYN-PWY|Lipid-Biosynthesis|Lipopolysaccharide-Biosynthesis
rxn08797_c0	=	Cytosol	Annotated_genome.CDS.1138	Lysophospholipase L1 (2-acylglycerophosphotidate, n-C14:0) (periplasm) [c0]		-2.14		(1)  cpd00001[c0] + (1)  cpd15331[c0] <=> (1)  cpd00067[c0] + (1)  cpd00080[c0] + (1)  cpd03847[c0]	(1)  H2O [c0][c0] + (1)  1-tetradecanoyl-sn-glycerol 3-phosphate [c0][c0] <=> (1)  H+ [c0][c0] + (1)  Glycerol-3-phosphate [c0][c0] + (1)  Myristic acid [c0][c0]	rxn08797	LPLIPAL1A140pp			
rxn09108_c0	=	Cytosol	Annotated_genome.CDS.4478	Phosphatidylglycerol synthase (n-C12:0) [c0]		-16.7		(1)  cpd00080[c0] + (1)  cpd15417[c0] <=> (1)  cpd00046[c0] + (1)  cpd15542[c0]	(1)  Glycerol-3-phosphate [c0][c0] + (1)  CDP-1,2-didodecanoylglycerol [c0][c0] <=> (1)  CMP [c0][c0] + (1)  Phosphatidylglycerophosphate didodecanoyl [c0][c0]	rxn09108	PGSA120			
rxn00224_c0	=	Cytosol	Annotated_genome.CDS.1160	protoheme ferro-lyase (protoporphyrin-forming) [c0]				(1)  cpd01476[c0] + (1)  cpd10515[c0] <=> (1)  cpd00028[c0] + (2)  cpd00067[c0]	(1)  Protoporphyrin [c0][c0] + (1)  Fe2+ [c0][c0] <=> (1)  Heme [c0][c0] + (2)  H+ [c0][c0]	rxn00224	FCLT	R00310	Porphyrin and chlorophyll metabolism	Biosynthesis|Cofactor-Biosynthesis|HEME-BIOSYNTHESIS-II|HEME-SYN|HEMESYN2-PWY|PWY0-1415|Porphyrin-Compounds-Biosynthesis
rxn01513_c0	=	Cytosol	Annotated_genome.CDS.3149	ATP:dTMP phosphotransferase [c0]		9.53		(1)  cpd00002[c0] + (1)  cpd00067[c0] + (1)  cpd00298[c0] <=> (1)  cpd00008[c0] + (1)  cpd00297[c0]	(1)  ATP [c0][c0] + (1)  H+ [c0][c0] + (1)  dTMP [c0][c0] <=> (1)  ADP [c0][c0] + (1)  dTDP [c0][c0]	rxn01513	CDC8	R02094	Pyrimidine metabolism	Biosynthesis|Metabolic-Clusters|Nucleotide-Biosynthesis|P1-PWY|PUR-NUC-SYN|PWY0-166|PYR-NUC-SYN|Purine-Nucleotides-Salvage|Pyrimid-Deoxyribonucleot-De-Novo-Biosyn
rxn05372_c0	=	Cytosol	Annotated_genome.CDS.2407	10-methyl-3-oxo-dodecanoyl-ACP:NADP+ oxidoreductase [c0]		-3.76		(1)  cpd00005[c0] + (1)  cpd00067[c0] + (1)  cpd11508[c0] <=> (1)  cpd00006[c0] + (1)  cpd11509[c0]	(1)  NADPH [c0][c0] + (1)  H+ [c0][c0] + (1)  10-methyl-3-oxo-dodecanoyl-ACP [c0][c0] <=> (1)  NADP [c0][c0] + (1)  10-methyl-3-hydroxy-dodecanoyl-ACP [c0][c0]	rxn05372				
rxn05333_c0	=	Cytosol	(Annotated_genome.CDS.502 or (Annotated_genome.CDS.3228 or Annotated_genome.CDS.2000))	(3R)-3-Hydroxybutanoyl-[acyl-carrier-protein] hydro-lyase [c0]		2.16		(1)  cpd11482[c0] <=> (1)  cpd00001[c0] + (1)  cpd00067[c0] + (1)  cpd11475[c0]	(1)  (R) -3-Hydroxydecanoyl-[acyl-carrier protein] [c0][c0] <=> (1)  H2O [c0][c0] + (1)  H+ [c0][c0] + (1)  (2E) -Decenoyl-[acp] [c0][c0]	rxn05333	3HAD100	R04535	Fatty acid biosynthesis	
rxn06510_c0	<	Cytosol	((Annotated_genome.CDS.1599 or Annotated_genome.CDS.3974 or Annotated_genome.CDS.2506 or Annotated_genome.CDS.2160 or Annotated_genome.CDS.955 or Annotated_genome.CDS.1446 or Annotated_genome.CDS.2496 or Annotated_genome.CDS.2192 or Annotated_genome.CDS.3917 or Annotated_genome.CDS.2437 or Annotated_genome.CDS.1650) or Annotated_genome.CDS.3491)	Lauroyl-CoA:acetyl-CoA C-acyltransferase [c0]		7.06		(1)  cpd00022[c0] + (1)  cpd01260[c0] <= (1)  cpd00010[c0] + (1)  cpd12689[c0]	(1)  Acetyl-CoA [c0][c0] + (1)  Lauroyl-CoA [c0][c0] <= (1)  CoA [c0][c0] + (1)  3-Oxotetradecanoyl-CoA [c0][c0]	rxn06510	ACACT6r	R03858	Fatty acid elongation|Fatty acid degradation	
rxn04016_c0	=	Cytosol	Annotated_genome.CDS.894	S-adenosyl-L-methionine:(E)-prop-1-ene-1,2,3-tricarboxylate 2'-O-methyltransferase [c0]	2.1.1.144	-5.33		(1)  cpd00017[c0] + (1)  cpd01563[c0] <=> (1)  cpd00019[c0] + (1)  cpd08353[c0]	(1)  S-Adenosyl-L-methionine [c0][c0] + (1)  trans-Aconitate [c0][c0] <=> (1)  S-Adenosyl-homocysteine [c0][c0] + (1)  (E) -3-(Methoxycarbonyl) pent-2-enedioate [c0][c0]	rxn04016	ACONMT	R05763		
rxn02186_c0	=	Cytosol	Annotated_genome.CDS.1712	2,3-Dihydroxy-3-methylbutanoate:NADP+ oxidoreductase (isomerizing) [c0]		-3.76		(1)  cpd00005[c0] + (1)  cpd00067[c0] + (1)  cpd00668[c0] <=> (1)  cpd00006[c0] + (1)  cpd02498[c0]	(1)  NADPH [c0][c0] + (1)  H+ [c0][c0] + (1)  ALCTT [c0][c0] <=> (1)  NADP [c0][c0] + (1)  2,3-Dihydroxy-isovalerate [c0][c0]	rxn02186		R03051	Pantothenate and CoA biosynthesis	
rxn08307_c0	>	Cytosol	Annotated_genome.CDS.3233	CDP-diacylglycerol synthetase (n-C14:0) [c0]		270.92		(1)  cpd00052[c0] + (1)  cpd15522[c0] => (1)  cpd00012[c0] + (1)  cpd00067[c0] + (1)  cpd15423[c0]	(1)  CTP [c0][c0] + (1)  1,2-ditetradecanoyl-sn-glycerol 3-phosphate [c0][c0] => (1)  PPi [c0][c0] + (1)  H+ [c0][c0] + (1)  CDP-1,2-ditetradecanoylglycerol [c0][c0]	rxn08307	DASYN140			
rxn05426_c0	=	Cytosol	Annotated_genome.CDS.2407	12-methyl-3-oxo-tridecanoyl-ACP:NADP+ oxidoreductase [c0]		-3.76		(1)  cpd00005[c0] + (1)  cpd00067[c0] + (1)  cpd11562[c0] <=> (1)  cpd00006[c0] + (1)  cpd11563[c0]	(1)  NADPH [c0][c0] + (1)  H+ [c0][c0] + (1)  12-methyl-3-oxo-tridecanoyl-ACP [c0][c0] <=> (1)  NADP [c0][c0] + (1)  12-methyl-3-hydroxy-tridecanoyl-ACP [c0][c0]	rxn05426				
rxn00209_c0	>	Cytosol	Annotated_genome.CDS.1963	Pyridoxine 5-phosphate:oxygen oxidoreductase [c0]		-28.04		(1)  cpd00007[c0] + (1)  cpd00478[c0] => (1)  cpd00016[c0] + (1)  cpd00025[c0]	(1)  O2 [c0][c0] + (1)  Pyridoxine phosphate [c0][c0] => (1)  Pyridoxal phosphate [c0][c0] + (1)  H2O2 [c0][c0]	rxn00209	PDX3_2	R00278	Vitamin B6 metabolism	Biosynthesis|Cofactor-Biosynthesis|PLPSAL-PWY|PWY0-845|PYRIDOXSYN-PWY|Vitamin-B6-Biosynthesis|Vitamin-Biosynthesis
rxn01274_c0	>	Cytosol	Annotated_genome.CDS.329	(R)-S-Lactoylglutathione hydrolase [c0]		-5.76		(1)  cpd00001[c0] + (1)  cpd02182[c0] => (1)  cpd00042[c0] + (1)  cpd00067[c0] + (1)  cpd00221[c0]	(1)  H2O [c0][c0] + (1)  (R) -S-Lactoylglutathione [c0][c0] => (1)  GSH [c0][c0] + (1)  H+ [c0][c0] + (1)  D-Lactate [c0][c0]	rxn01274	GLYOX	R01736	Pyruvate metabolism	Aldehyde-Degradation|Degradation|Detoxification|METHGLYUT-PWY|Methylglyoxal-Detoxification
rxn02474_c0	=	Cytosol	Annotated_genome.CDS.3246	5-amino-6-(5-phosphoribitylamino)uracil:NADP+ 1'-oxidoreductase [c0]	1.1.1.193	3.14		(1)  cpd00006[c0] + (1)  cpd02720[c0] <=> (1)  cpd00005[c0] + (1)  cpd00067[c0] + (1)  cpd00931[c0]	(1)  NADP [c0][c0] + (1)  5-Amino-6--5-phosphoribitylaminouracil [c0][c0] <=> (1)  NADPH [c0][c0] + (1)  H+ [c0][c0] + (1)  5-Amino-6--5-phosphoribosylaminouracil [c0][c0]	rxn02474	APRAUR	R03458	Riboflavin metabolism	Biosynthesis|Cofactor-Biosynthesis|Flavin-Biosynthesis|RIBOSYN2-PWY|Vitamin-Biosynthesis
rxn03246_c0	=	Cytosol	((Annotated_genome.CDS.3186 or Annotated_genome.CDS.1597 or Annotated_genome.CDS.2196 or Annotated_genome.CDS.1245 or Annotated_genome.CDS.403 or Annotated_genome.CDS.167 or Annotated_genome.CDS.2162 or Annotated_genome.CDS.2197) or Annotated_genome.CDS.3492)	(S)-hydroxyoctanoyl-CoA:NAD+ oxidoreductase [c0]		3.76		(1)  cpd00003[c0] + (1)  cpd03120[c0] <=> (1)  cpd00004[c0] + (1)  cpd00067[c0] + (1)  cpd03121[c0]	(1)  NAD [c0][c0] + (1)  (S) -Hydroxyoctanoyl-CoA [c0][c0] <=> (1)  NADH [c0][c0] + (1)  H+ [c0][c0] + (1)  3-Oxooctanoyl-CoA [c0][c0]	rxn03246	HACD3	R04745	Fatty acid elongation|Fatty acid degradation	
rxn02144_c0	>	Cytosol	(Annotated_genome.CDS.1806 or Annotated_genome.CDS.2231 or Annotated_genome.CDS.1454 or Annotated_genome.CDS.3449 or Annotated_genome.CDS.3936 or Annotated_genome.CDS.2104)	4-carboxymethylbut-3-en-4-olide enol-lactonohydrolase [c0]		-13.44		(1)  cpd00001[c0] + (1)  cpd02255[c0] => (1)  cpd00067[c0] + (1)  cpd00630[c0]	(1)  H2O [c0][c0] + (1)  3-oxoadipate-enol-lactone [c0][c0] => (1)  H+ [c0][c0] + (1)  3-Oxoadipate [c0][c0]	rxn02144	OXOAEL	R02991	Benzoate degradation	AROMATIC-COMPOUNDS-DEGRADATION|CATECHOL-ORTHO-CLEAVAGE-PWY|Catechol-Degradation|Degradation|MANDELATE-DEG|PROTOCATECHUATE-ORTHO-CLEAVAGE-PWY|Protocatechuate-Degradation|TOLUENE-DEG
rxn00604_c0	>	Cytosol	Annotated_genome.CDS.1887	D-glucose-6-phosphate:NADP+ 1-oxidoreductase [c0]		-2		(1)  cpd00006[c0] + (1)  cpd00079[c0] => (1)  cpd00005[c0] + (1)  cpd00067[c0] + (1)  cpd00911[c0]	(1)  NADP [c0][c0] + (1)  D-glucose-6-phosphate [c0][c0] => (1)  NADPH [c0][c0] + (1)  H+ [c0][c0] + (1)  6-phospho-D-glucono-1-5-lactone [c0][c0]	rxn00604	G6PDH	R00835		
rxn08657_c0	>	Cytosol	(Annotated_genome.CDS.842 and Annotated_genome.CDS.841 and Annotated_genome.CDS.840)	Glycolate oxidase [c0]		24.08		(1)  cpd00139[c0] + (1)  cpd15352[c0] => (1)  cpd00040[c0] + (1)  cpd15353[c0]	(1)  Glycolate [c0][c0] + (1)  2-Demethylmenaquinone 8 [c0][c0] => (1)  Glyoxalate [c0][c0] + (1)  2-Demethylmenaquinol 8 [c0][c0]	rxn08657	GLYCTO4			
rxn12645_c0	=	Cytosol	(Annotated_genome.CDS.4159 or Annotated_genome.CDS.1275 or Annotated_genome.CDS.3788 or Annotated_genome.CDS.9)	methionyl aminopeptidase [c0]		-154.35		(1)  cpd00001[c0] + (1)  cpd11581[c0] <=> (1)  cpd00033[c0] + (1)  cpd00132[c0]	(1)  H2O [c0][c0] + (1)  gly-asn-L [c0][c0] <=> (1)  Glycine [c0][c0] + (1)  L-Asparagine [c0][c0]	rxn12645	MEAMP1(gly-asn)			
rxn02929_c0	=	Cytosol	Annotated_genome.CDS.1188	2,3,4,5-Tetrahydrodipicolinate:NADP+ oxidoreductase [c0]		1.01		(1)  cpd00006[c0] + (1)  cpd02465[c0] <=> (1)  cpd00005[c0] + (1)  cpd00067[c0] + (1)  cpd02120[c0]	(1)  NADP [c0][c0] + (1)  tetrahydrodipicolinate [c0][c0] <=> (1)  NADPH [c0][c0] + (1)  H+ [c0][c0] + (1)  Dihydrodipicolinate [c0][c0]	rxn02929	DHDPRy	R04199	Lysine biosynthesis	Amino-Acid-Biosynthesis|Biosynthesis|DAPLYSINESYN-PWY|IND-AMINO-ACID-SYN|LYSINE-SYN|P4-PWY|PWY0-781
rxn00104_c0	=	Cytosol	Annotated_genome.CDS.1905	polyphosphate kinase [c0]				(1)  cpd00002[c0] + (1)  cpd00012[c0] + (1)  cpd00067[c0] <=> (1)  cpd00008[c0] + (1)  cpd00421[c0]	(1)  ATP [c0][c0] + (1)  PPi [c0][c0] + (1)  H+ [c0][c0] <=> (1)  ADP [c0][c0] + (1)  Triphosphate [c0][c0]	rxn00104	PPIK			
rxn01019_c0	>	Cytosol	Annotated_genome.CDS.1070	Carbamoyl-phosphate:L-ornithine carbamoyltransferase [c0]		0.55		(1)  cpd00064[c0] + (1)  cpd00146[c0] => (1)  cpd00009[c0] + (1)  cpd00067[c0] + (1)  cpd00274[c0]	(1)  Ornithine [c0][c0] + (1)  Carbamoylphosphate [c0][c0] => (1)  Phosphate [c0][c0] + (1)  H+ [c0][c0] + (1)  Citrulline [c0][c0]	rxn01019		R01398	Arginine and proline metabolism	ARG+POLYAMINE-SYN|ARGDEGRAD-PWY|ARGININE-DEG|ARGININE-SYN|ARGININE-SYN4-PWY|ARGORNPROST-PWY|ARGSYN-PWY|ARGSYNBSUB-PWY|Activation-Inactivation-Interconversion|Amino-Acid-Biosynthesis|Amino-Acid-Degradation|Biosynthesis|CITRULBIO-PWY|CITRULLINE-DEG-PWY|Citrulline-Biosynthesis|Degradation|IND-AMINO-ACID-SYN|Interconversion|MISCELLANEOUS-DEG|NITROGEN-DEG|Noncarbon-Nutrients|Other-Amino-Acid-Biosynthesis|PROLINE-SYN|Polyamine-Biosynthesis
rxn08849_c0	=	Cytosol	Annotated_genome.CDS.1138	Lysophospholipase L2 (2-acylglycerophosphoglycerol, n-C16:1) [c0]		-336.2		(1)  cpd00001[c0] + (1)  cpd15347[c0] <=> (1)  cpd00067[c0] + (1)  cpd02090[c0] + (1)  cpd15237[c0]	(1)  H2O [c0][c0] + (1)  2-Acyl-sn-glycero-3-phosphoglycerol hexadec-9-enoyl [c0][c0] <=> (1)  H+ [c0][c0] + (1)  Glycerophosphoglycerol [c0][c0] + (1)  hexadecenoate [c0][c0]	rxn08849	LPLIPAL2G161			
rxn09448_c0	>	Cytosol	(Annotated_genome.CDS.1457 or Annotated_genome.CDS.4324 or Annotated_genome.CDS.2788 or Annotated_genome.CDS.4283 or Annotated_genome.CDS.3597 or Annotated_genome.CDS.4051 or Annotated_genome.CDS.3649 or Annotated_genome.CDS.3488 or Annotated_genome.CDS.4284 or Annotated_genome.CDS.962 or Annotated_genome.CDS.1662 or Annotated_genome.CDS.4316 or Annotated_genome.CDS.1459 or Annotated_genome.CDS.1598 or Annotated_genome.CDS.4258 or Annotated_genome.CDS.2390 or Annotated_genome.CDS.445 or Annotated_genome.CDS.2201 or Annotated_genome.CDS.1641)	fatty-acid--CoA ligase (octadecenoate) [c0]		687.06		(1)  cpd00002[c0] + (1)  cpd00010[c0] + (1)  cpd15269[c0] => (1)  cpd00012[c0] + (1)  cpd00018[c0] + (1)  cpd15274[c0]	(1)  ATP [c0][c0] + (1)  CoA [c0][c0] + (1)  octadecenoate [c0][c0] => (1)  PPi [c0][c0] + (1)  AMP [c0][c0] + (1)  Octadecenoyl-CoA [c0][c0]	rxn09448	FACOAL181			
rxn00525_c0	>	Cytosol	Annotated_genome.CDS.1056	L-arogenate:NAD+ oxidoreductase [c0]		-16.12		(1)  cpd00003[c0] + (1)  cpd00616[c0] => (1)  cpd00004[c0] + (1)  cpd00011[c0] + (1)  cpd00069[c0]	(1)  NAD [c0][c0] + (1)  Pretyrosine [c0][c0] => (1)  NADH [c0][c0] + (1)  CO2 [c0][c0] + (1)  L-Tyrosine [c0][c0]	rxn00525		R00732	Phenylalanine, tyrosine and tryptophan biosynthesis	Amino-Acid-Biosynthesis|Biosynthesis|IND-AMINO-ACID-SYN|TYROSINE-SYN
rxn09208_c0	>	Cytosol	Annotated_genome.CDS.3576	Phosphatidylserine syntase (n-C16:0) [c0]		-240.29		(1)  cpd00054[c0] + (1)  cpd15419[c0] => (1)  cpd00046[c0] + (2)  cpd00067[c0] + (1)  cpd15555[c0]	(1)  L-Serine [c0][c0] + (1)  CDP-1,2-dihexadecanoylglycerol [c0][c0] => (1)  CMP [c0][c0] + (2)  H+ [c0][c0] + (1)  phosphatidylserine dihexadecanoyl [c0][c0]	rxn09208	PSSA160			
rxn05439_c0	>	Cytosol	(Annotated_genome.CDS.500 or Annotated_genome.CDS.3522 or Annotated_genome.CDS.3653)	5-methyl-trans-hex-2-enoyl-ACP:NAD+ oxidoreductase (A-specific) [c0]		-16.55		(1)  cpd00004[c0] + (1)  cpd00067[c0] + (1)  cpd11523[c0] => (1)  cpd00003[c0] + (1)  cpd11524[c0]	(1)  NADH [c0][c0] + (1)  H+ [c0][c0] + (1)  5-methyl-trans-hex-2-enoyl-ACP [c0][c0] => (1)  NAD [c0][c0] + (1)  5-methyl-hexanoyl-ACP [c0][c0]	rxn05439				
rxn05305_c0	>	Cytosol	Annotated_genome.CDS.979	L-lysine transport out via proton antiport reversible [c0]		0		(1)  cpd00039[c0] + (1)  cpd00067[e0] => (1)  cpd00039[e0] + (1)  cpd00067[c0]	(1)  L-Lysine [c0][c0] + (1)  H+ [e0][e0] => (1)  L-Lysine [e0][e0] + (1)  H+ [c0][c0]	rxn05305	LYSt3			
rxn09014_c0	>	Cytosol	Annotated_genome.CDS.3053	RXN0-5107.c [c0]		-27.3		(1)  cpd00001[c0] + (1)  cpd00357[c0] => (1)  cpd00012[c0] + (2)  cpd00067[c0] + (1)  cpd00298[c0]	(1)  H2O [c0][c0] + (1)  TTP [c0][c0] => (1)  PPi [c0][c0] + (2)  H+ [c0][c0] + (1)  dTMP [c0][c0]	rxn09014	NTPP7			
rxn00014_c0	=	Cytosol	(Annotated_genome.CDS.3702 or Annotated_genome.CDS.2723)	ferrocytochrome-c:hydrogen-peroxide oxidoreductase [c0]		-62.26		(1)  cpd00025[c0] + (2)  cpd00067[c0] + (2)  cpd00110[c0] <=> (2)  cpd00001[c0] + (2)  cpd00109[c0]	(1)  H2O2 [c0][c0] + (2)  H+ [c0][c0] + (2)  Cytochrome c2+ [c0][c0] <=> (2)  H2O [c0][c0] + (2)  Cytochrome c3+ [c0][c0]	rxn00014	CCP	R00017		
rxn00202_c0	<	Cytosol	Annotated_genome.CDS.1369	acetyl-CoA:2-oxoglutarate C-acetyltransferase (thioester-hydrolysing, carboxymethyl forming) [c0]	2.3.3.14|4.1.3.21	-8.93		(1)  cpd00010[c0] + (1)  cpd00067[c0] + (1)  cpd00919[c0] <= (1)  cpd00001[c0] + (1)  cpd00022[c0] + (1)  cpd00024[c0]	(1)  CoA [c0][c0] + (1)  H+ [c0][c0] + (1)  Homocitrate [c0][c0] <= (1)  H2O [c0][c0] + (1)  Acetyl-CoA [c0][c0] + (1)  2-Oxoglutarate [c0][c0]	rxn00202	HCITS	R00271	Lysine biosynthesis|Pyruvate metabolism	Amino-Acid-Biosynthesis|Biosynthesis|Cofactor-Biosynthesis|IND-AMINO-ACID-SYN|LYSINE-AMINOAD-PWY|LYSINE-SYN|P241-PWY
rxn05593_c0	=	Cytosol	Annotated_genome.CDS.2179	Myo-inositol transporter 1 [c0]		0		(1)  cpd00067[e0] + (1)  cpd00121[e0] <=> (1)  cpd00067[c0] + (1)  cpd00121[c0]	(1)  H+ [e0][e0] + (1)  L-Inositol [e0][e0] <=> (1)  H+ [c0][c0] + (1)  L-Inositol [c0][c0]	rxn05593	INSTt2			
rxn02914_c0	=	Cytosol	Annotated_genome.CDS.139	3-Phosphoserine:2-oxoglutarate aminotransferase [c0]		0		(1)  cpd00024[c0] + (1)  cpd00738[c0] <=> (1)  cpd00023[c0] + (1)  cpd02069[c0]	(1)  2-Oxoglutarate [c0][c0] + (1)  phosphoserine [c0][c0] <=> (1)  L-Glutamate [c0][c0] + (1)  3-Phosphonooxypyruvate [c0][c0]	rxn02914	PSERT	R04173	Glycine, serine and threonine metabolism|Methane metabolism	Amino-Acid-Biosynthesis|Biosynthesis|IND-AMINO-ACID-SYN|SER-GLYSYN-PWY|SERINE-BIOSYNTHESIS|SERSYN-PWY|SULFATE-CYS-PWY
rxn01603_c0	>	Cytosol	(Annotated_genome.CDS.4604 and Annotated_genome.CDS.4604)	7,8-dihydropteroate:L-glutamate ligase (ADP-forming) [c0]		-6.35		(1)  cpd00002[c0] + (1)  cpd00023[c0] + (1)  cpd00683[c0] => (1)  cpd00008[c0] + (1)  cpd00009[c0] + (1)  cpd00067[c0] + (1)  cpd00330[c0]	(1)  ATP [c0][c0] + (1)  L-Glutamate [c0][c0] + (1)  Dihydropteroate [c0][c0] => (1)  ADP [c0][c0] + (1)  Phosphate [c0][c0] + (1)  H+ [c0][c0] + (1)  Dihydrofolate [c0][c0]	rxn01603	DHFS	R02237	Folate biosynthesis	1CMET2-PWY|ALL-CHORISMATE-PWY|Biosynthesis|Cofactor-Biosynthesis|FOLSYN-PWY|Folate-Biosynthesis|Vitamin-Biosynthesis
rxn00686_c0	=	Cytosol	(Annotated_genome.CDS.2030 or Annotated_genome.CDS.1236)	5,6,7,8-tetrahydrofolate:NADP+ oxidoreductase [c0]		0.59		(1)  cpd00006[c0] + (1)  cpd00087[c0] <=> (1)  cpd00005[c0] + (1)  cpd00067[c0] + (1)  cpd00330[c0]	(1)  NADP [c0][c0] + (1)  Tetrahydrofolate [c0][c0] <=> (1)  NADPH [c0][c0] + (1)  H+ [c0][c0] + (1)  Dihydrofolate [c0][c0]	rxn00686	DFR1_2	R00939	One carbon pool by folate|Folate biosynthesis	1CMET2-PWY|ALL-CHORISMATE-PWY|Biosynthesis|Cofactor-Biosynthesis|FOLSYN-PWY|Folate-Biosynthesis|Vitamin-Biosynthesis
rxn09112_c0	=	Cytosol	Annotated_genome.CDS.4478	Phosphatidylglycerol synthase (n-C16:1) [c0]		-16.7		(1)  cpd00080[c0] + (1)  cpd15418[c0] <=> (1)  cpd00046[c0] + (1)  cpd15546[c0]	(1)  Glycerol-3-phosphate [c0][c0] + (1)  CDP-1,2-dihexadec-9-enoylglycerol [c0][c0] <=> (1)  CMP [c0][c0] + (1)  Phosphatidylglycerophosphate dihexadec-9-enoyl [c0][c0]	rxn09112	PGSA161			
rxn05887_c0	>	Cytosol	Annotated_genome.CDS.3663	Hydrogen:NAD+ oxidoreductase [c0]		-8.47		(1)  cpd00003[c0] + (1)  cpd11640[c0] => (1)  cpd00004[c0] + (1)  cpd00067[c0]	(1)  NAD [c0][c0] + (1)  H2 [c0][c0] => (1)  NADH [c0][c0] + (1)  H+ [c0][c0]	rxn05887		R00700	Methane metabolism	CHEMOAUTOTROPHIC-ENERGY-METABOLISM|Energy-Metabolism|Hydrogen-Oxidation|Hydrogen-Production
rxn00689_c0	>	Cytosol	Annotated_genome.CDS.4604	Tetrahydrofolate:L-glutamate gamma-ligase (ADP-forming) [c0]		-6.35		(1)  cpd00002[c0] + (1)  cpd00023[c0] + (1)  cpd00087[c0] => (1)  cpd00008[c0] + (1)  cpd00009[c0] + (1)  cpd00067[c0] + (1)  cpd06227[c0]	(1)  ATP [c0][c0] + (1)  L-Glutamate [c0][c0] + (1)  Tetrahydrofolate [c0][c0] => (1)  ADP [c0][c0] + (1)  Phosphate [c0][c0] + (1)  H+ [c0][c0] + (1)  THF-L-glutamate [c0][c0]	rxn00689		R00942	Folate biosynthesis	
rxn01286_c0	>	Cytosol	(Annotated_genome.CDS.2035 or Annotated_genome.CDS.3441 or Annotated_genome.CDS.471 or Annotated_genome.CDS.2113 or Annotated_genome.CDS.3579 or Annotated_genome.CDS.1799 or Annotated_genome.CDS.3426 or Annotated_genome.CDS.4291)	D-Glyceraldehyde:NAD+ oxidoreductase [c0]		-9.8		(1)  cpd00001[c0] + (1)  cpd00003[c0] + (1)  cpd00448[c0] => (1)  cpd00004[c0] + (2)  cpd00067[c0] + (1)  cpd00223[c0]	(1)  H2O [c0][c0] + (1)  NAD [c0][c0] + (1)  D-Glyceraldehyde [c0][c0] => (1)  NADH [c0][c0] + (2)  H+ [c0][c0] + (1)  Glycerate [c0][c0]	rxn01286	ALDD8x	R01752	Glycerolipid metabolism	Carbohydrates-Degradation|Degradation|NPGLUCAT-PWY|Sugars-And-Polysaccharides
rxn05289_c0	=	Cytosol	(Annotated_genome.CDS.2073 or Annotated_genome.CDS.2993)	NADPH:oxidized-thioredoxin oxidoreductase [c0]	1.6.4.5			(1)  cpd00005[c0] + (1)  cpd00067[c0] + (1)  cpd11420[c0] <=> (1)  cpd00006[c0] + (1)  cpd11421[c0]	(1)  NADPH [c0][c0] + (1)  H+ [c0][c0] + (1)  trdox [c0][c0] <=> (1)  NADP [c0][c0] + (1)  trdrd [c0][c0]	rxn05289	TRDR	R02016	Pyrimidine metabolism	
rxn01973_c0	=	Cytosol	(Annotated_genome.CDS.476 or (Annotated_genome.CDS.2170 or Annotated_genome.CDS.3809 or Annotated_genome.CDS.2169))	N-Succinyl-LL-2,6-diaminoheptanedioate amidohydrolase [c0]	3.5.1.18	-0.46		(1)  cpd00001[c0] + (1)  cpd02698[c0] <=> (1)  cpd00036[c0] + (1)  cpd00504[c0]	(1)  H2O [c0][c0] + (1)  N-Succinyl-L-2,6-diaminopimelate [c0][c0] <=> (1)  Succinate [c0][c0] + (1)  LL-2,6-Diaminopimelate [c0][c0]	rxn01973	SDPDS	R02734	Lysine biosynthesis	Amino-Acid-Biosynthesis|Biosynthesis|DAPLYSINESYN-PWY|IND-AMINO-ACID-SYN|LYSINE-SYN|P4-PWY|PWY0-781
rxn00117_c0	=	Cytosol	Annotated_genome.CDS.282	ATP:UDP phosphotransferase [c0]		0		(1)  cpd00002[c0] + (1)  cpd00014[c0] <=> (1)  cpd00008[c0] + (1)  cpd00062[c0]	(1)  ATP [c0][c0] + (1)  UDP [c0][c0] <=> (1)  ADP [c0][c0] + (1)  UTP [c0][c0]	rxn00117	NDPK2	R00156	Pyrimidine metabolism	Biosynthesis|Nucleotide-Biosynthesis|PRPP-PWY|PWY0-162|PYR-NUC-SYN|Pyrimidine-De-Novo-Biosyn
rxn05343_c0	>	Cytosol	(Annotated_genome.CDS.501 or Annotated_genome.CDS.1999 or (Annotated_genome.CDS.1013 or Annotated_genome.CDS.1998))	Octanoyl-[acyl-carrier protein]:malonyl-[acyl-carrier-protein] C-acyltransferase (decarboxylating) [c0]		-7.37		(1)  cpd11470[c0] + (1)  cpd11492[c0] => (1)  cpd00011[c0] + (1)  cpd11487[c0] + (1)  cpd11493[c0]	(1)  Octanoyl-ACP [c0][c0] + (1)  Malonyl-acyl-carrierprotein- [c0][c0] => (1)  CO2 [c0][c0] + (1)  3-oxodecanoyl-acp [c0][c0] + (1)  ACP [c0][c0]	rxn05343	3OAS100	R04960	Fatty acid biosynthesis	Biosynthesis|Fatty-acid-biosynthesis|Lipid-Biosynthesis|Palmitate-Biosynthesis
rxn01520_c0	>	Cytosol	Annotated_genome.CDS.2808	5,10-Methylenetetrahydrofolate:dUMP C-methyltransferase [c0]		-15.88		(1)  cpd00125[c0] + (1)  cpd00299[c0] => (1)  cpd00298[c0] + (1)  cpd00330[c0]	(1)  5-10-Methylenetetrahydrofolate [c0][c0] + (1)  dUMP [c0][c0] => (1)  dTMP [c0][c0] + (1)  Dihydrofolate [c0][c0]	rxn01520	CDC21	R02101	Pyrimidine metabolism|One carbon pool by folate	1CMET2-PWY|Biosynthesis|Cofactor-Biosynthesis|Folate-Biosynthesis|Metabolic-Clusters|Nucleotide-Biosynthesis|P1-PWY|PUR-NUC-SYN|PWY0-166|PYR-NUC-SYN|Purine-Nucleotides-Salvage|Pyrimid-Deoxyribonucleot-De-Novo-Biosyn|Vitamin-Biosynthesis
rxn03395_c0	=	Cytosol	(Annotated_genome.CDS.1342 or Annotated_genome.CDS.1342)	S-adenosyl-L-methionine:3-(all-trans-octaprenyl)benzene-1,2-diol 2-O-methyltransferase [c0]		-4.36		(1)  cpd00017[c0] + (1)  cpd03445[c0] <=> (1)  cpd00019[c0] + (1)  cpd00067[c0] + (1)  cpd03446[c0]	(1)  S-Adenosyl-L-methionine [c0][c0] + (1)  2-Octaprenyl-6-hydroxyphenol [c0][c0] <=> (1)  S-Adenosyl-homocysteine [c0][c0] + (1)  H+ [c0][c0] + (1)  2-Octaprenyl-6-methoxyphenol [c0][c0]	rxn03395	OHPHM	R04988	Ubiquinone and other terpenoid-quinone biosynthesis	ALL-CHORISMATE-PWY|Biosynthesis|Cofactor-Biosynthesis|Quinone-Biosynthesis|UBISYN-PWY|Ubiquinone-Biosynthesis
rxn00330_c0	<	Cytosol	Annotated_genome.CDS.844	acetyl-CoA:glyoxylate C-acetyltransferase (thioester-hydrolysing, carboxymethyl-forming) [c0]		8.97		(1)  cpd00010[c0] + (1)  cpd00067[c0] + (1)  cpd00130[c0] <= (1)  cpd00001[c0] + (1)  cpd00022[c0] + (1)  cpd00040[c0]	(1)  CoA [c0][c0] + (1)  H+ [c0][c0] + (1)  L-Malate [c0][c0] <= (1)  H2O [c0][c0] + (1)  Acetyl-CoA [c0][c0] + (1)  Glyoxalate [c0][c0]	rxn00330	DAL7	R00472	Pyruvate metabolism|Glyoxylate and dicarboxylate metabolism	Alcohol-Degradation|CARBOXYLATES-DEG|Degradation|Energy-Metabolism|GLYCOL-GLYOXDEG-PWY|GLYCOLYSIS-TCA-GLYOX-BYPASS|GLYCOLYSIS-VARIANTS|GLYOXDEG-PWY|GLYOXYLATE-BYPASS|Glycolate-Degradation|P105-PWY|TCA-GLYOX-BYPASS|TCA-VARIANTS
rxn05736_c0	>	Cytosol	(Annotated_genome.CDS.1457 or Annotated_genome.CDS.4324 or Annotated_genome.CDS.2788 or Annotated_genome.CDS.4283 or Annotated_genome.CDS.3597 or Annotated_genome.CDS.4051 or Annotated_genome.CDS.3649 or Annotated_genome.CDS.3488 or Annotated_genome.CDS.4284 or Annotated_genome.CDS.962 or Annotated_genome.CDS.1662 or Annotated_genome.CDS.4316 or Annotated_genome.CDS.1459 or Annotated_genome.CDS.1598 or Annotated_genome.CDS.4258 or Annotated_genome.CDS.2390 or Annotated_genome.CDS.445 or Annotated_genome.CDS.2201 or Annotated_genome.CDS.1641)	acyl-coenzyme A ligase [c0]		-21.55		(1)  cpd00002[c0] + (1)  cpd00010[c0] + (1)  cpd03847[c0] => (1)  cpd00012[c0] + (1)  cpd00018[c0] + (1)  cpd00067[c0] + (1)  cpd01695[c0]	(1)  ATP [c0][c0] + (1)  CoA [c0][c0] + (1)  Myristic acid [c0][c0] => (1)  PPi [c0][c0] + (1)  AMP [c0][c0] + (1)  H+ [c0][c0] + (1)  Myristoyl-CoA [c0][c0]	rxn05736	FAA1_2			Activation|Activation-Inactivation-Interconversion|Alkanes-Biosynthesis|Biosynthesis|Carbohydrates-Biosynthesis|Energy-Metabolism|Lipid-Biosynthesis
rxn03445_c0	=	Cytosol	Annotated_genome.CDS.139	O-Phospho-4-hydroxy-L-threonine:2-oxoglutarate aminotransferase [c0]		0		(1)  cpd00024[c0] + (1)  cpd03607[c0] <=> (1)  cpd00023[c0] + (1)  cpd03606[c0]	(1)  2-Oxoglutarate [c0][c0] + (1)  4-(Phosphonooxy) -threonine [c0][c0] <=> (1)  L-Glutamate [c0][c0] + (1)  2-Oxo-3-hydroxy-4-phosphobutanoate [c0][c0]	rxn03445	OHPBAT	R05085	Vitamin B6 metabolism	
rxn08122_c0	=	Cytosol	Annotated_genome.CDS.582	aldose reductase (acetol) [c0]		-3.76		(1)  cpd00004[c0] + (1)  cpd00067[c0] + (1)  cpd03105[c0] <=> (1)  cpd00003[c0] + (1)  cpd01861[c0]	(1)  NADH [c0][c0] + (1)  H+ [c0][c0] + (1)  Acetol [c0][c0] <=> (1)  NAD [c0][c0] + (1)  (R) -1,2-Propanediol [c0][c0]	rxn08122	ALR4x			
rxn11663_c0	>	Cytosol	Annotated_genome.CDS.4396	4-(phosphonooxy)threonine:NAD oxidoreductase [c0]		0.67		(1)  cpd00003[c0] + (1)  cpd03607[c0] => (1)  cpd00004[c0] + (1)  cpd00011[c0] + (1)  cpd08449[c0]	(1)  NAD [c0][c0] + (1)  4-(Phosphonooxy) -threonine [c0][c0] => (1)  NADH [c0][c0] + (1)  CO2 [c0][c0] + (1)  3-Amino-2-oxopropyl phosphate [c0][c0]	rxn11663		R05837		
rxn00493_c0	=	Cytosol	((Annotated_genome.CDS.2047 or Annotated_genome.CDS.2886 or Annotated_genome.CDS.484 or Annotated_genome.CDS.816 or Annotated_genome.CDS.427 or Annotated_genome.CDS.3442 or Annotated_genome.CDS.1639) or Annotated_genome.CDS.1055)	L-Phenylalanine:2-oxoglutarate aminotransferase [c0]		0		(1)  cpd00024[c0] + (1)  cpd00066[c0] <=> (1)  cpd00023[c0] + (1)  cpd00143[c0]	(1)  2-Oxoglutarate [c0][c0] + (1)  L-Phenylalanine [c0][c0] <=> (1)  L-Glutamate [c0][c0] + (1)  Phenylpyruvate [c0][c0]	rxn00493	ARO9_1	R00694	Phenylalanine metabolism|Phenylalanine, tyrosine and tryptophan biosynthesis|Tropane, piperidine and pyridine alkaloid biosynthesis	ALL-CHORISMATE-PWY|ANAPHENOXI-PWY|AROMATIC-COMPOUNDS-DEGRADATION|Amino-Acid-Biosynthesis|Amino-Acid-Degradation|BENZCOA-PWY|Biosynthesis|COMPLETE-ARO-PWY|Degradation|IND-AMINO-ACID-SYN|PHENYLALANINE-DEG|PHENYLALANINE-SYN|PHESYN
rxn01834_c0	=	Cytosol	(Annotated_genome.CDS.85 or Annotated_genome.CDS.2526)	(R)-S-Lactoylglutathione methylglyoxal-lyase (isomerizing) [c0]	4.4.1.5	10.27		(1)  cpd02182[c0] <=> (1)  cpd00042[c0] + (1)  cpd00428[c0]	(1)  (R) -S-Lactoylglutathione [c0][c0] <=> (1)  GSH [c0][c0] + (1)  2-Oxopropanal [c0][c0]	rxn01834	GLO1	R02530	Pyruvate metabolism	Aldehyde-Degradation|Degradation|Detoxification|METHGLYUT-PWY|Methylglyoxal-Detoxification
rxn00293_c0	>	Cytosol	(Annotated_genome.CDS.3217 and Annotated_genome.CDS.3217)	UTP:N-acetyl-alpha-D-glucosamine-1-phosphate uridylyltransferase [c0]		1.07		(1)  cpd00062[c0] + (1)  cpd02611[c0] => (1)  cpd00012[c0] + (1)  cpd00037[c0]	(1)  UTP [c0][c0] + (1)  N-Acetyl-D-glucosamine1-phosphate [c0][c0] => (1)  PPi [c0][c0] + (1)  UDP-N-acetylglucosamine [c0][c0]	rxn00293	UAGDPr	R00416	Amino sugar and nucleotide sugar metabolism	Biosynthesis|Carbohydrates-Biosynthesis|Cell-Structure-Biosynthesis|Cell-Wall-Biosynthesis|Lipopolysaccharide-Biosynthesis|O-Antigen-Biosynthesis|OANTIGEN-PWY|Polyamine-Biosynthesis|Polysaccharides-Biosynthesis|UDP-NAc-Glucosamine-Biosynthesis|UDP-Nac-Galactosamine-Biosynthesis|UDPNACETYLGALSYN-PWY|UDPNAGSYN-PWY
rxn05491_c0	=	Cytosol	Annotated_genome.CDS.3292	TRANS-RXN-198.ce [c0]		0		(1)  cpd00067[e0] + (1)  cpd00128[e0] <=> (1)  cpd00067[c0] + (1)  cpd00128[c0]	(1)  H+ [e0][e0] + (1)  Adenine [e0][e0] <=> (1)  H+ [c0][c0] + (1)  Adenine [c0][c0]	rxn05491	ADEt2			
rxn00367_c0	>	Cytosol	Annotated_genome.CDS.3053	CTP diphosphohydrolase (diphosphate-forming) [c0]		-27.3		(1)  cpd00001[c0] + (1)  cpd00052[c0] => (1)  cpd00012[c0] + (1)  cpd00046[c0] + (2)  cpd00067[c0]	(1)  H2O [c0][c0] + (1)  CTP [c0][c0] => (1)  PPi [c0][c0] + (1)  CMP [c0][c0] + (2)  H+ [c0][c0]	rxn00367	NTPP4	R00515	Pyrimidine metabolism	
rxn14011_c0	>	Cytosol	Annotated_genome.CDS.3234	ditrans,pentacis-octaprenyl-diphosphate:isopentenyl-diphosphate octaprenylcistransferase [c0]		-22.53		(1)  cpd00113[c0] + (1)  cpd17567[c0] => (1)  cpd00012[c0] + (1)  cpd00067[c0] + (1)  cpd17568[c0]	(1)  Isopentenyldiphosphate [c0][c0] + (1)  ditrans,pentacis-Octaprenyl diphosphate [c0][c0] => (1)  PPi [c0][c0] + (1)  H+ [c0][c0] + (1)  ditrans,hexacis-Nonaprenyl diphosphate [c0][c0]	rxn14011		R08752		
rxn00839_c0	=	Cytosol	Annotated_genome.CDS.282	ATP:dADP phosphotransferase [c0]		0		(1)  cpd00002[c0] + (1)  cpd00177[c0] <=> (1)  cpd00008[c0] + (1)  cpd00115[c0]	(1)  ATP [c0][c0] + (1)  dADP [c0][c0] <=> (1)  ADP [c0][c0] + (1)  dATP [c0][c0]	rxn00839	NDPK8	R01137	Purine metabolism	Biosynthesis|DENOVOPURINE2-PWY|Nucleotide-Biosynthesis|PRPP-PWY|PUR-NUC-SYN|Purine-Nucleotide-De-Novo-Biosynthesis
rxn21857_c0	=	Cytosol	Annotated_genome.CDS.1016	3-oxo-glutaryl-[acp] methyl ester reductase [c0]				(1)  cpd00005[c0] + (1)  cpd00067[c0] + (1)  cpd22027[c0] <=> (1)  cpd00006[c0] + (1)  cpd22022[c0]	(1)  NADPH [c0][c0] + (1)  H+ [c0][c0] + (1)  3-Ketoglutaryl-ACP-methyl-ester [c0][c0] <=> (1)  NADP [c0][c0] + (1)  3-Hydroxyglutaryl-ACP-methyl-ester [c0][c0]	rxn21857				7-Keto-8-aminopelargonate-Biosynthesis|BIOTIN-BIOSYNTHESIS-PWY|BIOTIN-SYN|Biosynthesis|Cofactor-Biosynthesis|Vitamin-Biosynthesis
rxn14159_c0	<	Cytosol	Annotated_genome.CDS.2095	Ferredoxin:NADP+ oxidoreductase [c0]	 1.18.1.2	14.8		(1)  cpd00006[c0] + (1)  cpd00067[c0] + (2)  cpd11620[c0] <= (1)  cpd00005[c0] + (2)  cpd11621[c0]	(1)  NADP [c0][c0] + (1)  H+ [c0][c0] + (2)  Reducedferredoxin [c0][c0] <= (1)  NADPH [c0][c0] + (2)  Oxidizedferredoxin [c0][c0]	rxn14159		R01195		
rxn45996_c0	=	Cytosol	Annotated_genome.CDS.3073	 [c0]				(1)  cpd00001[c0] + (1)  cpd36025[c0] <=> (1)  cpd00012[c0] + (1)  cpd19505[c0]	(1)  H2O [c0][c0] + (1)  (8S) -3',8-cyclo-7,8-dihydroguanosine 5'-triphosphate [c0][c0] <=> (1)  PPi [c0][c0] + (1)  Precursor Z [c0][c0]	rxn45996				
rxn27289_c0	>	Cytosol	Annotated_genome.CDS.4530	thiazole synthase [c0]	2.8.1.10			(1)  cpd08289[c0] + (1)  cpd14545[c0] + (1)  cpd28259[c0] => (2)  cpd00001[c0] + (1)  cpd00067[c0] + (1)  cpd21479[c0] + (1)  cpd28253[c0]	(1)  1-deoxy-D-xylulose5-phosphate [c0][c0] + (1)  Iminoglycine [c0][c0] + (1)  Thiocarboxyadenylated-ThiS-Proteins [c0][c0] => (2)  H2O [c0][c0] + (1)  H+ [c0][c0] + (1)  2-[(2R,5Z) -2-Carboxy-4-methylthiazol-5(2H) -ylidene]ethyl phosphate [c0][c0] + (1)  Thi-S [c0][c0]	rxn27289				Biosynthesis|Cofactor-Biosynthesis|THISYN-PWY|Thiamine-Biosynthesis|Vitamin-Biosynthesis
rxn03542_c0	=	Cytosol	(Annotated_genome.CDS.3944 and Annotated_genome.CDS.707 and Annotated_genome.CDS.708)	hydrogenobyrinic-acid-a,c-diamide:cobalt cobalt-ligase (ADP-forming) [c0]				(1)  cpd00001[c0] + (1)  cpd00002[c0] + (1)  cpd00149[c0] + (1)  cpd03913[c0] <=> (1)  cpd00008[c0] + (1)  cpd00009[c0] + (5)  cpd00067[c0] + (1)  cpd03914[c0]	(1)  H2O [c0][c0] + (1)  ATP [c0][c0] + (1)  Co2+ [c0][c0] + (1)  Hydrogenobyrinate diamide [c0][c0] <=> (1)  ADP [c0][c0] + (1)  Phosphate [c0][c0] + (5)  H+ [c0][c0] + (1)  Cob(II) yrinate diamide [c0][c0]	rxn03542				
rxn42230_c0	=	Cytosol	(Annotated_genome.CDS.2988 or Annotated_genome.CDS.876)	 [c0]				(2)  cpd00002[c0] + (1)  cpd28070[c0] + (2)  cpd33817[c0] <=> (3)  cpd00067[c0] + (2)  cpd00421[c0] + (2)  cpd03918[c0] + (1)  cpd27744[c0]	(2)  ATP [c0][c0] + (1)  Reduced-Flavoproteins [c0][c0] + (2)  Cbi(II)  [c0][c0] <=> (3)  H+ [c0][c0] + (2)  Triphosphate [c0][c0] + (2)  Adenosyl cobinamide [c0][c0] + (1)  Oxidized-Flavoproteins [c0][c0]	rxn42230				
rxn07455_c0	=	Cytosol	(Annotated_genome.CDS.502 or Annotated_genome.CDS.502)	decenoyl-[acyl-carrier-protein] delta2-trans-delta3-cis-isomerase [c0]		1.55		(1)  cpd11475[c0] <=> (1)  cpd12489[c0]	(1)  (2E) -Decenoyl-[acp] [c0][c0] <=> (1)  cis-3-Decenoyl-[acyl-carrier protein] [c0][c0]	rxn07455		R07639		
rxn26361_c0	=	Cytosol	Annotated_genome.CDS.2668	molybdenum cofactor cytidylyltransferase [c0]	2.7.7.76			(1)  cpd00052[c0] + (1)  cpd19503[c0] <=> (1)  cpd00012[c0] + (1)  cpd21288[c0]	(1)  CTP [c0][c0] + (1)  Molybdoenzyme molybdenum cofactor [c0][c0] <=> (1)  PPi [c0][c0] + (1)  Mast cell degranulating peptide [c0][c0]	rxn26361				Biosynthesis|Cofactor-Biosynthesis
rxn47768_c0	=	Cytosol	(Annotated_genome.CDS.501 or Annotated_genome.CDS.1999 or (Annotated_genome.CDS.1013 or Annotated_genome.CDS.1998))	3-oxo-glutaryl-[acp] methyl ester synthase [c0]				(1)  cpd11492[c0] + (1)  cpd36635[c0] <=> (1)  cpd00011[c0] + (1)  cpd11493[c0] + (1)  cpd22027[c0]	(1)  Malonyl-acyl-carrierprotein- [c0][c0] + (1)  Malonyl-acp-methyl-ester [c0][c0] <=> (1)  CO2 [c0][c0] + (1)  ACP [c0][c0] + (1)  3-Ketoglutaryl-ACP-methyl-ester [c0][c0]	rxn47768				
rxn21861_c0	=	Cytosol	(Annotated_genome.CDS.2407 or Annotated_genome.CDS.1016)	3-oxo-pimeloyl-[acp] methyl ester reductase [c0]				(1)  cpd00005[c0] + (1)  cpd00067[c0] + (1)  cpd22028[c0] <=> (1)  cpd00006[c0] + (1)  cpd22065[c0]	(1)  NADPH [c0][c0] + (1)  H+ [c0][c0] + (1)  3-Ketopimeloyl-ACP-methyl-esters [c0][c0] <=> (1)  NADP [c0][c0] + (1)  3-hydroxypimeloyl-ACP-methyl-esters [c0][c0]	rxn21861				7-Keto-8-aminopelargonate-Biosynthesis|BIOTIN-BIOSYNTHESIS-PWY|BIOTIN-SYN|Biosynthesis|Cofactor-Biosynthesis|Vitamin-Biosynthesis
rxn23042_c0	>	Cytosol	Annotated_genome.CDS.843	thiamine-phosphate diphosphorylase [c0]		-9.45		(2)  cpd00067[c0] + (1)  cpd02894[c0] + (1)  cpd21480[c0] => (1)  cpd00011[c0] + (1)  cpd00012[c0] + (1)  cpd00793[c0]	(2)  H+ [c0][c0] + (1)  4-Amino-2-methyl-5-diphosphomethylpyrimidine [c0][c0] + (1)  2-(2-Carboxy-4-methylthiazol-5-yl) ethyl phosphate [c0][c0] => (1)  CO2 [c0][c0] + (1)  PPi [c0][c0] + (1)  Thiamine phosphate [c0][c0]	rxn23042				Biosynthesis|Cofactor-Biosynthesis|Thiamine-Biosynthesis|Vitamin-Biosynthesis
rxn46184_c0	=	Cytosol	(Annotated_genome.CDS.646 and Annotated_genome.CDS.643 and Annotated_genome.CDS.645)	 [c0]				(1)  cpd00001[c0] + (2)  cpd11621[c0] + (1)  cpd27090[c0] <=> (1)  cpd00011[c0] + (1)  cpd00067[c0] + (2)  cpd11620[c0] + (1)  cpd27506[c0]	(1)  H2O [c0][c0] + (2)  Oxidizedferredoxin [c0][c0] + (1)  Formyl-methanofurans [c0][c0] <=> (1)  CO2 [c0][c0] + (1)  H+ [c0][c0] + (2)  Reducedferredoxin [c0][c0] + (1)  Methanofurans [c0][c0]	rxn46184				
rxn15021_c0	<	Cytosol	(Annotated_genome.CDS.1711 and Annotated_genome.CDS.1710)	pyruvate:pyruvate acetaldehydetransferase (decarboxylating) [c0]		10.53		(1)  cpd00011[c0] + (1)  cpd19047[c0] <= (2)  cpd00020[c0] + (1)  cpd00067[c0]	(1)  CO2 [c0][c0] + (1)  (S) -2-Acetolactate [c0][c0] <= (2)  Pyruvate [c0][c0] + (1)  H+ [c0][c0]	rxn15021	ACLS		C5-Branched dibasic acid metabolism	Acetoin-Biosynthesis|Amino-Acid-Biosynthesis|BRANCHED-CHAIN-AA-SYN-PWY|Biosynthesis|Butanediol-Biosynthesis|Energy-Metabolism|Fermentation|IND-AMINO-ACID-SYN|P125-PWY|VALINE-BIOSYNTHESIS|VALSYN-PWY
rxn00154_c0	=	Cytosol	(Annotated_genome.CDS.3102 and Annotated_genome.CDS.419 and (Annotated_genome.CDS.3608 or Annotated_genome.CDS.3099 or Annotated_genome.CDS.418) and Annotated_genome.CDS.3100 and (Annotated_genome.CDS.3096 or Annotated_genome.CDS.417))	pyruvate:NAD+ 2-oxidoreductase (CoA-acetylating) [c0]		-8.14		(1)  cpd00003[c0] + (1)  cpd00010[c0] + (1)  cpd00020[c0] <=> (1)  cpd00004[c0] + (1)  cpd00011[c0] + (1)  cpd00022[c0]	(1)  NAD [c0][c0] + (1)  CoA [c0][c0] + (1)  Pyruvate [c0][c0] <=> (1)  NADH [c0][c0] + (1)  CO2 [c0][c0] + (1)  Acetyl-CoA [c0][c0]	rxn00154	PDH	R00209		ANAEROBIC-RESPIRATION|ANARESP1-PWY|Energy-Metabolism|Fermentation|GLYCOLYSIS-TCA-GLYOX-BYPASS|GLYCOLYSIS-VARIANTS|P41-PWY|Pyruvate-Degradation|Respiration|TCA-VARIANTS
rxn01084_c0	=	Cytosol	(Annotated_genome.CDS.2988 or Annotated_genome.CDS.876)	ATP:cob(I)alamin Co-beta-adenosyltransferase [c0]				(1)  cpd00002[c0] + (1)  cpd00635[c0] <=> (1)  cpd00166[c0] + (1)  cpd00421[c0]	(1)  ATP [c0][c0] + (1)  Cbl [c0][c0] <=> (1)  Calomide [c0][c0] + (1)  Triphosphate [c0][c0]	rxn01084				
rxn15395_c0	>	Cytosol	(Annotated_genome.CDS.3141 or Annotated_genome.CDS.4337 or Annotated_genome.CDS.3140)	O-Succinyl-L-homoserine succinate-lyase (adding cysteine) [c0]		-7.82		(1)  cpd00084[c0] + (1)  cpd00822[c0] => (1)  cpd00036[c0] + (1)  cpd00067[c0] + (1)  cpd19019[c0]	(1)  L-Cysteine [c0][c0] + (1)  O-Succinyl-L-homoserine [c0][c0] => (1)  Succinate [c0][c0] + (1)  H+ [c0][c0] + (1)  L-Cystathionine [c0][c0]	rxn15395	SHSL1		Cysteine and methionine metabolism	Amino-Acid-Biosynthesis|Biosynthesis|HOMOSER-METSYN-PWY|IND-AMINO-ACID-SYN|MET-SAM-PWY|METHIONINE-SYN|METSYN-PWY|P4-PWY|PWY0-781
rxn15972_c0	=	Cytosol	(Annotated_genome.CDS.2170 or Annotated_genome.CDS.3809 or Annotated_genome.CDS.2169)	N-acetyl-L-citrulline amidohydrolase [c0]		-2		(1)  cpd00001[c0] + (1)  cpd11209[c0] <=> (1)  cpd00029[c0] + (1)  cpd00274[c0]	(1)  H2O [c0][c0] + (1)  N-Acetyl-L-citrulline [c0][c0] <=> (1)  Acetate [c0][c0] + (1)  Citrulline [c0][c0]	rxn15972		R09107	Arginine and proline metabolism	ARGININE-SYN|Amino-Acid-Biosynthesis|Biosynthesis|IND-AMINO-ACID-SYN
rxn25271_c0	=	Cytosol	((Annotated_genome.CDS.3434 or Annotated_genome.CDS.3123) or Annotated_genome.CDS.3123)	RXN-8961.c [c0]		5.02		(1)  cpd25679[c0] <=> (1)  cpd00040[c0] + (1)  cpd00086[c0]	(1)  (2R,3S) -beta-methylmalyl-CoA [c0][c0] <=> (1)  Glyoxalate [c0][c0] + (1)  Propionyl-CoA [c0][c0]	rxn25271				Autotrophic-CO2-Fixation|C1-COMPOUNDS|CO2-Fixation|Degradation|Energy-Metabolism|Other-Degradation
rxn26456_c0	>	Cytosol	(Annotated_genome.CDS.1198 and Annotated_genome.CDS.1196 and Annotated_genome.CDS.1197 and Annotated_genome.CDS.1193)	RXN0-6732.c [c0]		-18.92		(1)  cpd00002[c0] + (1)  cpd25960[c0] => (1)  cpd00128[c0] + (1)  cpd26518[c0]	(1)  ATP [c0][c0] + (1)  MePn [c0][c0] => (1)  Adenine [c0][c0] + (1)  RPnTP [c0][c0]	rxn26456				Degradation|Noncarbon-Nutrients|PWY0-1533|Phosphorus-Compounds
rxn15249_c0	=	Cytosol	Annotated_genome.CDS.885	ATP:alpha-D-glucose 6-phosphotransferase [c0]		-14.03		(1)  cpd00002[c0] + (1)  cpd19001[c0] <=> (1)  cpd00008[c0] + (1)  cpd00067[c0] + (1)  cpd19006[c0]	(1)  ATP [c0][c0] + (1)  alpha-D-Glucose [c0][c0] <=> (1)  ADP [c0][c0] + (1)  H+ [c0][c0] + (1)  alpha-D-Glucose 6-phosphate [c0][c0]	rxn15249			Glycolysis / Gluconeogenesis|Galactose metabolism|Starch and sucrose metabolism|Amino sugar and nucleotide sugar metabolism	Biosynthesis|CARBO-BIOSYNTHESIS|Carbohydrates-Biosynthesis|Carbohydrates-Degradation|Degradation|POLYSACCHARIDES-DEG|Polymer-Degradation|SUCROSE-DEG|Starch-Degradation|Sugars-And-Polysaccharides
rxn48583_c0	=	Cytosol	((Annotated_genome.CDS.4402 and Annotated_genome.CDS.4401) or Annotated_genome.CDS.4406 or Annotated_genome.CDS.4405 or Annotated_genome.CDS.4407 or Annotated_genome.CDS.4404 or Annotated_genome.CDS.4403)	Thiosulfate oxidase, electron transfer to cytochrome c [c0]				(5)  cpd00001[c0] + (4)  cpd00109[c0] + (1)  cpd00268[c0] <=> (2)  cpd00048[c0] + (1)  cpd00067[c0] + (10)  cpd00067[e0] + (4)  cpd00110[c0]	(5)  H2O [c0][c0] + (4)  Cytochrome c3+ [c0][c0] + (1)  H2S2O3 [c0][c0] <=> (2)  Sulfate [c0][c0] + (1)  H+ [c0][c0] + (10)  H+ [e0][e0] + (4)  Cytochrome c2+ [c0][c0]	rxn48583				
rxn05121_c0	=	Cytosol	Annotated_genome.CDS.3136	R07412 [c0]		-28.3		(1)  cpd11313[c0] <=> (1)  cpd11312[c0]	(1)  hemeO [c0][c0] <=> (1)  hemeA [c0][c0]	rxn05121		R07412	Porphyrin and chlorophyll metabolism	
sul00002_c0	=	Cytosol	(Annotated_genome.CDS.2091 and Annotated_genome.CDS.2092)	sul00002_c [c0]				(6)  cpd00067[c0] + (2)  cpd00110[c0] + (2)  cpd00193[c0] + (1)  cpd11620[c0] <=> (2)  cpd00018[c0] + (2)  cpd00067[e0] + (2)  cpd00081[c0] + (2)  cpd00109[c0] + (1)  cpd11621[c0]	(6)  H+ [c0][c0] + (2)  Cytochrome c2+ [c0][c0] + (2)  APS [c0][c0] + (1)  Reducedferredoxin [c0][c0] <=> (2)  AMP [c0][c0] + (2)  H+ [e0][e0] + (2)  Sulfite [c0][c0] + (2)  Cytochrome c3+ [c0][c0] + (1)  Oxidizedferredoxin [c0][c0]					
rxn14427_c0	>	Cytosol	(Annotated_genome.CDS.2308 or Annotated_genome.CDS.4007)	Nitrate reductase cytochrome-c type (2 protons translocated) [c0]				(3)  cpd00067[e0] + (1)  cpd00110[c0] + (1)  cpd00209[c0] => (1)  cpd00001[c0] + (1)  cpd00075[c0] + (1)  cpd00109[c0]	(3)  H+ [e0][e0] + (1)  Cytochrome c2+ [c0][c0] + (1)  Nitrate [c0][c0] => (1)  H2O [c0][c0] + (1)  Nitrite [c0][c0] + (1)  Cytochrome c3+ [c0][c0]	rxn14427				
rxn14419_c0	>	Cytosol	(Annotated_genome.CDS.3736 and Annotated_genome.CDS.3737)	cytochrome-bd oxidase (2 protons translocated) [c0]				(0.5)  cpd00007[c0] + (4)  cpd00067[c0] + (1)  cpd18076[c0] => (1)  cpd00001[c0] + (2)  cpd00067[e0] + (1)  cpd18075[c0]	(0.5)  O2 [c0][c0] + (4)  H+ [c0][c0] + (1)  Cytochrome-bd-red [c0][c0] => (1)  H2O [c0][c0] + (2)  H+ [e0][e0] + (1)  Cytochrome-bd-ox [c0][c0]	rxn14419				
rxn14426_c0	>	Cytosol	(Annotated_genome.CDS.4345 and Annotated_genome.CDS.4350 and Annotated_genome.CDS.4348 and Annotated_genome.CDS.4349 and Annotated_genome.CDS.4347 and Annotated_genome.CDS.4344 and Annotated_genome.CDS.4343 and Annotated_genome.CDS.4342)	cytochrome oxidase cbb3 (Ubiquinol-8: 2 protons) [c0]				(0.5)  cpd00007[c0] + (4)  cpd00067[c0] + (1)  cpd18082[c0] => (1)  cpd00001[c0] + (2)  cpd00067[e0] + (1)  cpd18081[c0]	(0.5)  O2 [c0][c0] + (4)  H+ [c0][c0] + (1)  Cytochrome-cbb-red [c0][c0] => (1)  H2O [c0][c0] + (2)  H+ [e0][e0] + (1)  Cytochrome-cbb-ox [c0][c0]	rxn14426				
rxn30453_c0	>	Cytosol	(Annotated_genome.CDS.2217 and Annotated_genome.CDS.2215)	2-Aminoethylphosphonate transport via ABC system [c0]		-6.82		(1)  cpd00001[c0] + (1)  cpd00002[c0] + (1)  cpd02233[e0] => (1)  cpd00008[c0] + (1)  cpd00009[c0] + (1)  cpd00067[c0] + (1)  cpd02233[c0]	(1)  H2O [c0][c0] + (1)  ATP [c0][c0] + (1)  Ciliatine [e0][e0] => (1)  ADP [c0][c0] + (1)  Phosphate [c0][c0] + (1)  H+ [c0][c0] + (1)  Ciliatine [c0][c0]	rxn30453	AEPPNabc			
rxn08070_c0	>	Cytosol	(Annotated_genome.CDS.1722 and Annotated_genome.CDS.1721)	Adenosylcobalamin transport via ABC system (periplasm) [c0]		-6.82		(1)  cpd00001[c0] + (1)  cpd00002[c0] + (1)  cpd00166[e0] => (1)  cpd00008[c0] + (1)  cpd00009[c0] + (1)  cpd00067[c0] + (1)  cpd00166[c0]	(1)  H2O [c0][c0] + (1)  ATP [c0][c0] + (1)  Calomide [e0][e0] => (1)  ADP [c0][c0] + (1)  Phosphate [c0][c0] + (1)  H+ [c0][c0] + (1)  Calomide [c0][c0]	rxn08070	ADOCBLabcpp			
rxn08098_c0	>	Cytosol	Annotated_genome.CDS.3340	D-alanyl-D-alanine (DalaDala) transport via ABC system (periplasm) [c0]		-6.82		(1)  cpd00001[c0] + (1)  cpd00002[c0] + (1)  cpd00731[e0] => (1)  cpd00008[c0] + (1)  cpd00009[c0] + (1)  cpd00067[c0] + (1)  cpd00731[c0]	(1)  H2O [c0][c0] + (1)  ATP [c0][c0] + (1)  Ala-Ala [e0][e0] => (1)  ADP [c0][c0] + (1)  Phosphate [c0][c0] + (1)  H+ [c0][c0] + (1)  Ala-Ala [c0][c0]	rxn08098	ALAALAabcpp			
rxn09295_c0	>	Cytosol	(Annotated_genome.CDS.79 and Annotated_genome.CDS.80 and Annotated_genome.CDS.81)	NAD(P) transhydrogenase (periplasm) [c0]		0		(1)  cpd00004[c0] + (1)  cpd00006[c0] + (2)  cpd00067[e0] => (1)  cpd00003[c0] + (1)  cpd00005[c0] + (2)  cpd00067[c0]	(1)  NADH [c0][c0] + (1)  NADP [c0][c0] + (2)  H+ [e0][e0] => (1)  NAD [c0][c0] + (1)  NADPH [c0][c0] + (2)  H+ [c0][c0]	rxn09295	THD2pp			
rxn08762_c0	>	Cytosol	(Annotated_genome.CDS.3907 and Annotated_genome.CDS.3908 and Annotated_genome.CDS.3906)	K(+)-importing ATPase [c0]		-6.82		(1)  cpd00001[c0] + (1)  cpd00002[c0] + (1)  cpd00205[e0] => (1)  cpd00008[c0] + (1)  cpd00009[c0] + (1)  cpd00067[c0] + (1)  cpd00205[c0]	(1)  H2O [c0][c0] + (1)  ATP [c0][c0] + (1)  K+ [e0][e0] => (1)  ADP [c0][c0] + (1)  Phosphate [c0][c0] + (1)  H+ [c0][c0] + (1)  K+ [c0][c0]	rxn08762	Kabcpp			
rxn08192_c0	>	Cytosol	(Annotated_genome.CDS.1722 and Annotated_genome.CDS.1721 and Annotated_genome.CDS.1719)	ABC-5-RXN.cp [c0]		-6.82		(1)  cpd00001[c0] + (1)  cpd00002[c0] + (1)  cpd00635[e0] => (1)  cpd00008[c0] + (1)  cpd00009[c0] + (1)  cpd00067[c0] + (1)  cpd00635[c0]	(1)  H2O [c0][c0] + (1)  ATP [c0][c0] + (1)  Cbl [e0][e0] => (1)  ADP [c0][c0] + (1)  Phosphate [c0][c0] + (1)  H+ [c0][c0] + (1)  Cbl [c0][c0]	rxn08192	CBL1abcpp			
rxn08173_c0	=	Cytosol	((Annotated_genome.CDS.246 or Annotated_genome.CDS.3164) and Annotated_genome.CDS.249 and Annotated_genome.CDS.248 and Annotated_genome.CDS.251 and Annotated_genome.CDS.1044 and (Annotated_genome.CDS.1042 or Annotated_genome.CDS.1043) and Annotated_genome.CDS.250 and Annotated_genome.CDS.1046 and Annotated_genome.CDS.1045)	F(1)-ATPase [c0]		-6.82		(1)  cpd00008[c0] + (1)  cpd00009[c0] + (4)  cpd00067[e0] <=> (1)  cpd00001[c0] + (1)  cpd00002[c0] + (3)  cpd00067[c0]	(1)  ADP [c0][c0] + (1)  Phosphate [c0][c0] + (4)  H+ [e0][e0] <=> (1)  H2O [c0][c0] + (1)  ATP [c0][c0] + (3)  H+ [c0][c0]	rxn08173	ATPS4rpp			
rxn08734_c0	>	Cytosol	(Annotated_genome.CDS.3736 and Annotated_genome.CDS.518 and Annotated_genome.CDS.519)	hydrogenase (ubiquinone-8: 2 protons) (periplasm) [c0]		-25.91		(2)  cpd00067[c0] + (1)  cpd11640[c0] + (1)  cpd15560[c0] => (2)  cpd00067[e0] + (1)  cpd15561[c0]	(2)  H+ [c0][c0] + (1)  H2 [c0][c0] + (1)  Ubiquinone-8 [c0][c0] => (2)  H+ [e0][e0] + (1)  Ubiquinol-8 [c0][c0]	rxn08734	HYD1pp			
rxn09003_c0	>	Cytosol	(Annotated_genome.CDS.2308 or Annotated_genome.CDS.4007)	Nitrate reductase (Menaquinol-8) (periplasm) [c0]		-181.73		(1)  cpd00067[e0] + (1)  cpd00209[c0] + (1)  cpd15499[c0] => (1)  cpd00001[c0] + (1)  cpd00075[c0] + (1)  cpd15500[c0]	(1)  H+ [e0][e0] + (1)  Nitrate [c0][c0] + (1)  Menaquinol 8 [c0][c0] => (1)  H2O [c0][c0] + (1)  Nitrite [c0][c0] + (1)  Menaquinone 8 [c0][c0]	rxn09003	NO3R2pp			
rxn14412_c0	>	Cytosol	(Annotated_genome.CDS.1321 and Annotated_genome.CDS.1320)	cytochrome-c reductase (ubiquinol: 2 protons) [c0]				(2)  cpd00109[c0] + (1)  cpd15561[c0] => (2)  cpd00067[e0] + (2)  cpd00110[c0] + (1)  cpd15560[c0]	(2)  Cytochrome c3+ [c0][c0] + (1)  Ubiquinol-8 [c0][c0] => (2)  H+ [e0][e0] + (2)  Cytochrome c2+ [c0][c0] + (1)  Ubiquinone-8 [c0][c0]	rxn14412				
rxn14418_c0	>	Cytosol	(Annotated_genome.CDS.3736 and Annotated_genome.CDS.3737)	cytochrome-bd reductase (ubiquinol: 2 protons) [c0]				(1)  cpd15561[c0] + (1)  cpd18075[c0] => (2)  cpd00067[e0] + (1)  cpd15560[c0] + (1)  cpd18076[c0]	(1)  Ubiquinol-8 [c0][c0] + (1)  Cytochrome-bd-ox [c0][c0] => (2)  H+ [e0][e0] + (1)  Ubiquinone-8 [c0][c0] + (1)  Cytochrome-bd-red [c0][c0]	rxn14418				
rxn14425_c0	>	Cytosol	(Annotated_genome.CDS.4345 and Annotated_genome.CDS.4350 and Annotated_genome.CDS.4348 and Annotated_genome.CDS.4349 and Annotated_genome.CDS.4347 and Annotated_genome.CDS.4344 and Annotated_genome.CDS.4343 and Annotated_genome.CDS.4342)	cytochrome oxidase cbb3 (Ubiquinol-8: 2 protons) [c0]				(1)  cpd15561[c0] + (1)  cpd18081[c0] => (2)  cpd00067[e0] + (1)  cpd15560[c0] + (1)  cpd18082[c0]	(1)  Ubiquinol-8 [c0][c0] + (1)  Cytochrome-cbb-ox [c0][c0] => (2)  H+ [e0][e0] + (1)  Ubiquinone-8 [c0][c0] + (1)  Cytochrome-cbb-red [c0][c0]	rxn14425				
rxn14420_c0	>	Cytosol	(Annotated_genome.CDS.3736 and Annotated_genome.CDS.3737)	cytochrome-bd reductase (menaquinol: 2 protons) [c0]				(1)  cpd15499[c0] + (1)  cpd18075[c0] => (2)  cpd00067[e0] + (1)  cpd15500[c0] + (1)  cpd18076[c0]	(1)  Menaquinol 8 [c0][c0] + (1)  Cytochrome-bd-ox [c0][c0] => (2)  H+ [e0][e0] + (1)  Menaquinone 8 [c0][c0] + (1)  Cytochrome-bd-red [c0][c0]	rxn14420				
rxn09001_c0	>	Cytosol	(Annotated_genome.CDS.2308 or Annotated_genome.CDS.4007)	Nitrate reductase (Ubiquinol-8) (periplasm) [c0]		-17.28		(1)  cpd00067[e0] + (1)  cpd00209[c0] + (1)  cpd15561[c0] => (1)  cpd00001[c0] + (1)  cpd00075[c0] + (1)  cpd15560[c0]	(1)  H+ [e0][e0] + (1)  Nitrate [c0][c0] + (1)  Ubiquinol-8 [c0][c0] => (1)  H2O [c0][c0] + (1)  Nitrite [c0][c0] + (1)  Ubiquinone-8 [c0][c0]	rxn09001	NO3R1pp			
rxn14415_c0	=	Cytosol	(Annotated_genome.CDS.2702 and Annotated_genome.CDS.2697 and Annotated_genome.CDS.2698)	cytochrome-c oxidase (2 protons translocated) [c0]				(0.5)  cpd00007[c0] + (4)  cpd00067[c0] + (3)  cpd00110[c0] <=> (1)  cpd00001[c0] + (2)  cpd00067[e0] + (3)  cpd00109[c0]	(0.5)  O2 [c0][c0] + (4)  H+ [c0][c0] + (3)  Cytochrome c2+ [c0][c0] <=> (1)  H2O [c0][c0] + (2)  H+ [e0][e0] + (3)  Cytochrome c3+ [c0][c0]	rxn14415				
rxn23043_c0	>	Cytosol	Annotated_genome.CDS.843	thiamin phosphate synthase [c0]		-33.85		(2)  cpd00067[c0] + (1)  cpd02894[c0] + (1)  cpd21479[c0] => (1)  cpd00011[c0] + (1)  cpd00012[c0] + (1)  cpd00793[c0]	(2)  H+ [c0][c0] + (1)  4-Amino-2-methyl-5-diphosphomethylpyrimidine [c0][c0] + (1)  2-[(2R,5Z) -2-Carboxy-4-methylthiazol-5(2H) -ylidene]ethyl phosphate [c0][c0] => (1)  CO2 [c0][c0] + (1)  PPi [c0][c0] + (1)  Thiamine phosphate [c0][c0]	rxn23043				Biosynthesis|Cofactor-Biosynthesis|THISYN-PWY|Thiamine-Biosynthesis|Vitamin-Biosynthesis
rxn41896_c0	=	Cytosol	Annotated_genome.CDS.4480	 [c0]				(1)  cpd00001[c0] + (1)  cpd19505[c0] + (2)  cpd28260[c0] <=> (4)  cpd00067[c0] + (1)  cpd03520[c0] + (2)  cpd28253[c0]	(1)  H2O [c0][c0] + (1)  Precursor Z [c0][c0] + (2)  Thiocarboxylated-MPT-synthases [c0][c0] <=> (4)  H+ [c0][c0] + (1)  Molybdopterin [c0][c0] + (2)  Thi-S [c0][c0]	rxn41896				
rxn21729_c0	<	Cytosol	Annotated_genome.CDS.1992	adenylyltransferase and sulfurtransferase MOCS3 [c0]	2.7.7.80			(1)  cpd00002[c0] + (1)  cpd27484[c0] <= (1)  cpd00012[c0] + (1)  cpd26672[c0]	(1)  ATP [c0][c0] + (1)  MPT-Synthases [c0][c0] <= (1)  PPi [c0][c0] + (1)  Carboxyadenylated-MPT-synthases [c0][c0]	rxn21729				Biosynthesis|Cofactor-Biosynthesis|Molybdenum-Cofactor-Biosynthesis
rxn23045_c0	>	Cytosol	Annotated_genome.CDS.4528	glycine oxidase [c0]		-52.79		(1)  cpd00007[c0] + (1)  cpd00033[c0] => (1)  cpd00025[c0] + (1)  cpd14545[c0]	(1)  O2 [c0][c0] + (1)  Glycine [c0][c0] => (1)  H2O2 [c0][c0] + (1)  Iminoglycine [c0][c0]	rxn23045				Biosynthesis|Cofactor-Biosynthesis|Thiamine-Biosynthesis|Vitamin-Biosynthesis
rxn21862_c0	>	Cytosol	(Annotated_genome.CDS.3228 or Annotated_genome.CDS.2000)	RXN-11481.c [c0]				(1)  cpd22065[c0] => (1)  cpd00001[c0] + (1)  cpd27021[c0]	(1)  3-hydroxypimeloyl-ACP-methyl-esters [c0][c0] => (1)  H2O [c0][c0] + (1)  Enoylpimeloyl-ACP-methyl-esters [c0][c0]	rxn21862				7-Keto-8-aminopelargonate-Biosynthesis|BIOTIN-BIOSYNTHESIS-PWY|BIOTIN-SYN|Biosynthesis|Cofactor-Biosynthesis|Vitamin-Biosynthesis
rxn39452_c0	=	Cytosol	Annotated_genome.CDS.1188	2,3,4,5-tetrahydrodipicolinate:NADP+ 4-oxidoreductase [c0]				(1)  cpd00001[c0] + (1)  cpd00006[c0] + (1)  cpd02465[c0] <=> (1)  cpd00005[c0] + (1)  cpd00067[c0] + (1)  cpd21488[c0]	(1)  H2O [c0][c0] + (1)  NADP [c0][c0] + (1)  tetrahydrodipicolinate [c0][c0] <=> (1)  NADPH [c0][c0] + (1)  H+ [c0][c0] + (1)  (2S,4S) -4-Hydroxy-2,3,4,5-tetrahydrodipicolinate [c0][c0]	rxn39452				
rxn16823_c0	>	Cytosol	Annotated_genome.CDS.4531	2-(2-carboxy-4-methylthiazol-5-yl)ethyl phosphate isomerase [c0]	5.3.99.10	-24.4		(1)  cpd21479[c0] => (1)  cpd21480[c0]	(1)  2-[(2R,5Z) -2-Carboxy-4-methylthiazol-5(2H) -ylidene]ethyl phosphate [c0][c0] => (1)  2-(2-Carboxy-4-methylthiazol-5-yl) ethyl phosphate [c0][c0]	rxn16823		R09977		Biosynthesis|Cofactor-Biosynthesis|Thiamine-Biosynthesis|Vitamin-Biosynthesis
rxn16611_c0	=	Cytosol	Annotated_genome.CDS.2683	D-glycero-alpha-D-manno-heptose 7-phosphate aldose-ketose-isomerase [c0]		-0.86		(1)  cpd00238[c0] <=> (1)  cpd21118[c0]	(1)  Sedoheptulose7-phosphate [c0][c0] <=> (1)  D-glycero-alpha-D-manno-Heptose 7-phosphate [c0][c0]	rxn16611		R09769	Lipopolysaccharide biosynthesis	
rxn16583_c0	>	Cytosol	(Annotated_genome.CDS.3074 or Annotated_genome.CDS.2668)	adenylyl-molybdopterin:molybdate molybdate transferase (AMP-forming) [c0]	2.10.1.1	-49.73		(1)  cpd00067[c0] + (1)  cpd11574[c0] + (1)  cpd21090[c0] => (1)  cpd00001[c0] + (1)  cpd00018[c0] + (1)  cpd19503[c0]	(1)  H+ [c0][c0] + (1)  Molybdate [c0][c0] + (1)  Adenylated molybdopterin [c0][c0] => (1)  H2O [c0][c0] + (1)  AMP [c0][c0] + (1)  Molybdoenzyme molybdenum cofactor [c0][c0]	rxn16583		R09735		Biosynthesis|Cofactor-Biosynthesis|Molybdenum-Cofactor-Biosynthesis
rxn10506_c0	>	Cytosol	Annotated_genome.CDS.3246	2,5-diamino-6-ribitylamino-4(3H)-pyrimidinone 5'-phosphate deaminase [c0]		-8.88		(1)  cpd00001[c0] + (1)  cpd00067[c0] + (1)  cpd15807[c0] => (1)  cpd00013[c0] + (1)  cpd02720[c0]	(1)  H2O [c0][c0] + (1)  H+ [c0][c0] + (1)  2,5-diamino-6-ribitylamino-4(3H) -pyrimidinone 5'-phosphate [c0][c0] => (1)  NH3 [c0][c0] + (1)  5-Amino-6--5-phosphoribitylaminouracil [c0][c0]	rxn10506	DRTPPD			
rxn21864_c0	>	Cytosol	Annotated_genome.CDS.2213	RXN-11484.c [c0]		-7.37		(1)  cpd00035[c0] + (1)  cpd00067[c0] + (1)  cpd21087[c0] => (1)  cpd00011[c0] + (1)  cpd00800[c0] + (1)  cpd11493[c0]	(1)  L-Alanine [c0][c0] + (1)  H+ [c0][c0] + (1)  Pimelyl-[acyl-carrier protein] [c0][c0] => (1)  CO2 [c0][c0] + (1)  8-Amino-7-oxononanoate [c0][c0] + (1)  ACP [c0][c0]	rxn21864				7-Keto-8-aminopelargonate-Biosynthesis|BIOTIN-BIOSYNTHESIS-PWY|BIOTIN-SYN|Biosynthesis|Cofactor-Biosynthesis|Vitamin-Biosynthesis
rxn39451_c0	=	Cytosol	Annotated_genome.CDS.1188	2,3,4,5-tetrahydrodipicolinate:NAD+ 4-oxidoreductase [c0]				(1)  cpd00001[c0] + (1)  cpd00003[c0] + (1)  cpd02465[c0] <=> (1)  cpd00004[c0] + (1)  cpd00067[c0] + (1)  cpd21488[c0]	(1)  H2O [c0][c0] + (1)  NAD [c0][c0] + (1)  tetrahydrodipicolinate [c0][c0] <=> (1)  NADH [c0][c0] + (1)  H+ [c0][c0] + (1)  (2S,4S) -4-Hydroxy-2,3,4,5-tetrahydrodipicolinate [c0][c0]	rxn39451				
rxn21858_c0	>	Cytosol	(Annotated_genome.CDS.3228 or Annotated_genome.CDS.2000)	RXN-11477.c [c0]				(1)  cpd22022[c0] => (1)  cpd00001[c0] + (1)  cpd27020[c0]	(1)  3-Hydroxyglutaryl-ACP-methyl-ester [c0][c0] => (1)  H2O [c0][c0] + (1)  Enoylglutaryl-ACP-methyl-esters [c0][c0]	rxn21858				7-Keto-8-aminopelargonate-Biosynthesis|BIOTIN-BIOSYNTHESIS-PWY|BIOTIN-SYN|Biosynthesis|Cofactor-Biosynthesis|Vitamin-Biosynthesis
rxn46694_c0	=	Cytosol	Annotated_genome.CDS.3461	 [c0]				(1)  cpd01270[c0] + (1)  cpd17040[c0] <=> (1)  cpd00009[c0] + (1)  cpd32452[c0]	(1)  FMNH2 [c0][c0] + (1)  DMAP [c0][c0] <=> (1)  Phosphate [c0][c0] + (1)  3,3,4,5-tetramethyl-7-[(2S,3S,4R) -2,3,4-trihydroxy-5-(phosphonatooxy) pentyl]-2,3-dihydro-1H,7H-naphtho[1,8-fg]pteridine-9,11(8H,10H) -dione [c0][c0]	rxn46694				
rxn40439_c0	=	Cytosol	Annotated_genome.CDS.2211	L-lysine:8-amino-7-oxononanoate aminotransferase [c0]				(1)  cpd00039[c0] + (1)  cpd00800[c0] <=> (1)  cpd00764[c0] + (1)  cpd01046[c0]	(1)  L-Lysine [c0][c0] + (1)  8-Amino-7-oxononanoate [c0][c0] <=> (1)  7-8-Diaminononanoate [c0][c0] + (1)  Allysine [c0][c0]	rxn40439				
rxn24830_c0	<	Cytosol	Annotated_genome.CDS.4480	thiocarboxylated molybdopterin synthase:cyclic pyranopterin monophosphate sulfurtransferase [c0]	2.8.1.12			(1)  cpd00001[c0] + (1)  cpd19505[c0] + (2)  cpd28260[c0] <= (1)  cpd03520[c0] + (2)  cpd27484[c0]	(1)  H2O [c0][c0] + (1)  Precursor Z [c0][c0] + (2)  Thiocarboxylated-MPT-synthases [c0][c0] <= (1)  Molybdopterin [c0][c0] + (2)  MPT-Synthases [c0][c0]	rxn24830				Biosynthesis|Cofactor-Biosynthesis|Molybdenum-Cofactor-Biosynthesis
rxn19735_c0	>	Cytosol	Annotated_genome.CDS.644	FTRMBARK-RXN.c [c0]		-23		(1)  cpd24376[c0] + (1)  cpd27506[c0] => (1)  cpd00067[c0] + (1)  cpd15884[c0] + (1)  cpd27090[c0]	(1)  5-formyl-H4SPT [c0][c0] + (1)  Methanofurans [c0][c0] => (1)  H+ [c0][c0] + (1)  tetrahydrosarcinapterin [c0][c0] + (1)  Formyl-methanofurans [c0][c0]	rxn19735				Energy-Metabolism|METHANOGENESIS
rxn16574_c0	=	Cytosol	Annotated_genome.CDS.214	ATP:molybdopterin adenylyltransferase [c0]	2.7.7.75	1.07		(1)  cpd00002[c0] + (1)  cpd03520[c0] <=> (1)  cpd00012[c0] + (1)  cpd21090[c0]	(1)  ATP [c0][c0] + (1)  Molybdopterin [c0][c0] <=> (1)  PPi [c0][c0] + (1)  Adenylated molybdopterin [c0][c0]	rxn16574		R09726		Biosynthesis|Cofactor-Biosynthesis|Molybdenum-Cofactor-Biosynthesis
rxn17445_c0	>	Cytosol	Annotated_genome.CDS.644	formylmethanofuran-tetrahydromethanopterin formyltransferase [c0]		8.7		(1)  cpd00067[c0] + (1)  cpd00895[c0] + (1)  cpd27090[c0] => (1)  cpd00936[c0] + (1)  cpd27506[c0]	(1)  H+ [c0][c0] + (1)  H4MPT [c0][c0] + (1)  Formyl-methanofurans [c0][c0] => (1)  5-Formyl-H4MPT [c0][c0] + (1)  Methanofurans [c0][c0]	rxn17445				Energy-Metabolism|METHANOGENESIS|METHANOGENESIS-PWY|METHFORM-PWY
rxn07436_c0	=	Cytosol	Annotated_genome.CDS.3191	7-aminomethyl-7-carbaguanine:NADP+ oxidoreductase [c0]	1.7.1.13	-3.92		(2)  cpd00006[c0] + (1)  cpd01029[c0] <=> (2)  cpd00005[c0] + (3)  cpd00067[c0] + (1)  cpd14718[c0]	(2)  NADP [c0][c0] + (1)  Base Q [c0][c0] <=> (2)  NADPH [c0][c0] + (3)  H+ [c0][c0] + (1)  7-Cyano-7-deazaguanine [c0][c0]	rxn07436		R07605		Biosynthesis|Nucleic-Acid-Processing|Nucleotide-Biosynthesis
rxn15167_c0	=	Cytosol	Annotated_genome.CDS.2689	L-serine hydro-lyase (adding homocysteine; L-cystathionine-forming) [c0]		-5.67		(1)  cpd00054[c0] + (1)  cpd00135[c0] <=> (1)  cpd00001[c0] + (1)  cpd19019[c0]	(1)  L-Serine [c0][c0] + (1)  Homocysteine [c0][c0] <=> (1)  H2O [c0][c0] + (1)  L-Cystathionine [c0][c0]	rxn15167			Glycine, serine and threonine metabolism|Cysteine and methionine metabolism	Activation-Inactivation-Interconversion|Amino-Acid-Biosynthesis|Amino-Acid-Degradation|Biosynthesis|CYSTEINE-SYN|Degradation|HOMOCYSDEGR-PWY|HOMOCYSTEINE-DEG|IND-AMINO-ACID-SYN|Interconversion|METHIONINE-DEG
rxn03396_c0	>	Cytosol	Annotated_genome.CDS.3121	R04989 [c0]		-95.63		(1)  cpd00005[c0] + (1)  cpd00007[c0] + (1)  cpd03446[c0] => (1)  cpd00001[c0] + (1)  cpd00006[c0] + (1)  cpd00067[c0] + (1)  cpd03447[c0]	(1)  NADPH [c0][c0] + (1)  O2 [c0][c0] + (1)  2-Octaprenyl-6-methoxyphenol [c0][c0] => (1)  H2O [c0][c0] + (1)  NADP [c0][c0] + (1)  H+ [c0][c0] + (1)  2-Octaprenyl-6-methoxy-1,4-benzoquinone [c0][c0]	rxn03396		R04989	Ubiquinone and other terpenoid-quinone biosynthesis	
rxn15296_c0	>	Cytosol	Annotated_genome.CDS.1058	6-Phospho-D-gluconate hydro-lyase(2-dehydro-3-deoxy-6-phospho-D-gluconate-forming) [c0]		-8.17		(1)  cpd00284[c0] => (1)  cpd00001[c0] + (1)  cpd00945[c0]	(1)  6-Phospho-D-gluconate [c0][c0] => (1)  H2O [c0][c0] + (1)  2-Dehydro-3-deoxy-D-galactonate 6-phosphate [c0][c0]	rxn15296		R02036_C04442xC01286	Pentose phosphate pathway	
rxn13741_c0	>	Cytosol	Annotated_genome.CDS.3336	proline oxidase [c0]		-27.96		(1)  cpd00129[c0] + (1)  cpd15560[c0] => (1)  cpd00067[c0] + (1)  cpd02431[c0] + (1)  cpd15561[c0]	(1)  L-Proline [c0][c0] + (1)  Ubiquinone-8 [c0][c0] => (1)  H+ [c0][c0] + (1)  1-Pyrroline-5-carboxylate [c0][c0] + (1)  Ubiquinol-8 [c0][c0]	rxn13741	PRO1q			
rxn08233_c0	=	Cytosol	Annotated_genome.CDS.1513	Chloride/proton antiport [c0]		0		(1)  cpd00067[c0] + (2)  cpd00099[e0] <=> (1)  cpd00067[e0] + (2)  cpd00099[c0]	(1)  H+ [c0][c0] + (2)  Cl- [e0][e0] <=> (1)  H+ [e0][e0] + (2)  Cl- [c0][c0]	rxn08233	CLt3_2pp			
rxn25270_c0	=	Cytosol	Annotated_genome.CDS.1035	RXN-8960.c [c0]		-0.05		(1)  cpd00001[c0] + (1)  cpd03589[c0] <=> (1)  cpd25679[c0]	(1)  H2O [c0][c0] + (1)  Mesaconyl-CoA [c0][c0] <=> (1)  (2R,3S) -beta-methylmalyl-CoA [c0][c0]	rxn25270				Autotrophic-CO2-Fixation|C1-COMPOUNDS|CO2-Fixation|Degradation|Energy-Metabolism|Other-Degradation
rxn16341_c0	>	Cytosol	Annotated_genome.CDS.4398	hydrogen-sulfide:flavocytochrome c oxidoreductase [c0]		-9.53		(2)  cpd00109[c0] + (1)  cpd00239[c0] => (1)  cpd00067[c0] + (1)  cpd00074[c0] + (2)  cpd00110[c0]	(2)  Cytochrome c3+ [c0][c0] + (1)  H2S [c0][c0] => (1)  H+ [c0][c0] + (1)  S [c0][c0] + (2)  Cytochrome c2+ [c0][c0]	rxn16341		R09499		
rxn17275_c0	<	Cytosol	Annotated_genome.CDS.2377	PAPS reductase, thioredoxin-dependent [c0]		6.62		(1)  cpd00045[c0] + (1)  cpd00067[c0] + (1)  cpd00081[c0] + (1)  cpd27735[c0] <= (1)  cpd00044[c0] + (1)  cpd28060[c0]	(1)  Adenosine 3-5-bisphosphate [c0][c0] + (1)  H+ [c0][c0] + (1)  Sulfite [c0][c0] + (1)  Ox-Thioredoxin [c0][c0] <= (1)  3-phosphoadenylylsulfate [c0][c0] + (1)  Red-Thioredoxin [c0][c0]	rxn17275				Amino-Acid-Biosynthesis|Biosynthesis|Degradation|IND-AMINO-ACID-SYN|METHIONINE-SYN|Noncarbon-Nutrients|SO4ASSIM-PWY|SULFATE-CYS-PWY|Sulfate-Reduction|Sulfur-Assimilation
rxn09037_c0	>	Cytosol	Annotated_genome.CDS.3534	(2E,6E)-farnesyl-diphosphate:isopentenyl-diphosphate farnesyltranstransferase (adding 5 isopentenyl units) [c0]		-112.65		(5)  cpd00113[c0] + (1)  cpd00350[c0] => (5)  cpd00012[c0] + (5)  cpd00067[c0] + (1)  cpd02557[c0]	(5)  Isopentenyldiphosphate [c0][c0] + (1)  Farnesyldiphosphate [c0][c0] => (5)  PPi [c0][c0] + (5)  H+ [c0][c0] + (1)  Farnesylfarnesylgeraniol [c0][c0]	rxn09037	OCTDPS	R09248	Terpenoid backbone biosynthesis	
rxn43581_c0	=	Cytosol	Annotated_genome.CDS.696	 [c0]				(1)  cpd00001[c0] + (1)  cpd08615[c0] + (1)  cpd27758[c0] <=> (2)  cpd00067[c0] + (1)  cpd08301[c0] + (1)  cpd28083[c0]	(1)  H2O [c0][c0] + (1)  1-Hydroxy-2-methyl-2-butenyl 4-diphosphate [c0][c0] + (1)  Oxidized-flavodoxins [c0][c0] <=> (2)  H+ [c0][c0] + (1)  2-C-methyl-D-erythritol2-4-cyclodiphosphate [c0][c0] + (1)  Reduced-flavodoxins [c0][c0]	rxn43581				
rxn24966_c0	>	Cytosol	Annotated_genome.CDS.3325	4 HPA 3-hydroxylase [c0]		-86.51		(1)  cpd00007[c0] + (1)  cpd00489[c0] + (1)  cpd00982[c0] => (1)  cpd00001[c0] + (1)  cpd00015[c0] + (1)  cpd00854[c0]	(1)  O2 [c0][c0] + (1)  4-Hydroxyphenylacetate [c0][c0] + (1)  FADH2 [c0][c0] => (1)  H2O [c0][c0] + (1)  FAD [c0][c0] + (1)  Homoprotocatechuate [c0][c0]	rxn24966				3-HYDROXYPHENYLACETATE-DEGRADATION-PWY|AROMATIC-COMPOUNDS-DEGRADATION|Degradation
rxn25971_c0	>	Cytosol	Annotated_genome.CDS.3576	RXN-9996.c [c0]		-14.03		(1)  cpd00054[c0] + (1)  cpd18042[c0] => (1)  cpd00046[c0] + (1)  cpd00067[c0] + (1)  cpd22795[c0]	(1)  L-Serine [c0][c0] + (1)  CDP-2,3-bis-O-(geranylgeranyl) -sn-glycerol [c0][c0] => (1)  CMP [c0][c0] + (1)  H+ [c0][c0] + (1)  archaetidylserine [c0][c0]	rxn25971				Biosynthesis|Lipid-Biosynthesis|Phospholipid-Biosynthesis
rxn08241_c0	=	Cytosol	(Annotated_genome.CDS.1961 or Annotated_genome.CDS.3808)	cobalt (Co+2) transport via diffusion (extracellular to periplasm) [c0]		0		(1)  cpd00149[c0] <=> (1)  cpd00149[e0]	(1)  Co2+ [c0][c0] <=> (1)  Co2+ [e0][e0]	rxn08241	COBALT2tex			
rxn08234_c0	>	Cytosol	Annotated_genome.CDS.3105	chloride (Cl-1) transport via diffusion (extracellular to periplasm) [c0]		0		(1)  cpd00099[e0] => (1)  cpd00099[c0]	(1)  Cl- [e0][e0] => (1)  Cl- [c0][c0]	rxn08234	CLtex			
rxn08715_c0	>	Cytosol	(Annotated_genome.CDS.2098 or Annotated_genome.CDS.172 or Annotated_genome.CDS.1348 or Annotated_genome.CDS.2083)	Mercury (Hg+2) ABC transporter (periplasm) [c0]		-6.82		(1)  cpd00001[c0] + (1)  cpd00002[c0] + (1)  cpd00531[c0] => (1)  cpd00008[c0] + (1)  cpd00009[c0] + (1)  cpd00067[c0] + (1)  cpd00531[e0]	(1)  H2O [c0][c0] + (1)  ATP [c0][c0] + (1)  Hg2+ [c0][c0] => (1)  ADP [c0][c0] + (1)  Phosphate [c0][c0] + (1)  H+ [c0][c0] + (1)  Hg2+ [e0][e0]	rxn08715	HG2abcpp			
rxn46365_c0	>	Cytosol	Annotated_genome.CDS.3854	 [c0]				(1)  cpd00002[c0] + (1)  cpd00041[c0] + (1)  cpd35556[c0] => (1)  cpd00008[c0] + (1)  cpd00009[c0] + (1)  cpd00067[c0] + (1)  cpd32550[c0]	(1)  ATP [c0][c0] + (1)  L-Aspartate [c0][c0] + (1)  [L-4-(L-arginin-2-N-yl) aspartate]3 [c0][c0] => (1)  ADP [c0][c0] + (1)  Phosphate [c0][c0] + (1)  H+ [c0][c0] + (1)  cyanophycin primer-L-aspartate [c0][c0]	rxn46365				
rxn19006_c0	=	Cytosol	Annotated_genome.CDS.3854	CphA (ambiguous) [c0]				(1)  cpd00002[c0] + (1)  cpd00041[c0] + (1)  cpd26760[c0] <=> (1)  cpd00008[c0] + (1)  cpd00009[c0] + (1)  cpd26761[c0]	(1)  ATP [c0][c0] + (1)  L-Aspartate [c0][c0] + (1)  Cyanophycin [c0][c0] <=> (1)  ADP [c0][c0] + (1)  Phosphate [c0][c0] + (1)  Cyanophycin-aspartate [c0][c0]	rxn19006				
rxn46344_c0	=	Cytosol	Annotated_genome.CDS.3854	 [c0]				(1)  cpd00002[c0] + (1)  cpd00051[c0] + (1)  cpd32550[c0] <=> (1)  cpd00008[c0] + (1)  cpd00009[c0] + (1)  cpd26760[c0]	(1)  ATP [c0][c0] + (1)  L-Arginine [c0][c0] + (1)  cyanophycin primer-L-aspartate [c0][c0] <=> (1)  ADP [c0][c0] + (1)  Phosphate [c0][c0] + (1)  Cyanophycin [c0][c0]	rxn46344				
rxn26457_c0	>	Cytosol	Annotated_genome.CDS.877	RXN0-6733.c [c0]		-27.3		(1)  cpd00001[c0] + (1)  cpd26518[c0] => (1)  cpd00012[c0] + (2)  cpd00067[c0] + (1)  cpd26519[c0]	(1)  H2O [c0][c0] + (1)  RPnTP [c0][c0] => (1)  PPi [c0][c0] + (2)  H+ [c0][c0] + (1)  PRPn [c0][c0]	rxn26457				Degradation|Noncarbon-Nutrients|PWY0-1533|Phosphorus-Compounds
rxn26459_c0	=	Cytosol	Annotated_genome.CDS.1195	RXN0-6734.c [c0]		4.99		(1)  cpd00017[c0] + (1)  cpd00067[c0] + (1)  cpd26519[c0] <=> (1)  cpd00060[c0] + (1)  cpd01024[c0] + (1)  cpd03091[c0] + (1)  cpd26508[c0]	(1)  S-Adenosyl-L-methionine [c0][c0] + (1)  H+ [c0][c0] + (1)  PRPn [c0][c0] <=> (1)  L-Methionine [c0][c0] + (1)  Methane [c0][c0] + (1)  5'-Deoxyadenosine [c0][c0] + (1)  5-phospho-alpha-D-ribosyl 1,2-cyclic phosphate [c0][c0]	rxn26459				Degradation|Noncarbon-Nutrients|PWY0-1533|Phosphorus-Compounds
rxn43971_c0	>	Cytosol	Annotated_genome.CDS.3305	 [c0]				(2)  cpd00102[c0] => (2)  cpd00001[c0] + (1)  cpd00009[c0] + (1)  cpd24817[c0]	(2)  Glyceraldehyde3-phosphate [c0][c0] => (2)  H2O [c0][c0] + (1)  Phosphate [c0][c0] + (1)  2-furaldehyde phosphate [c0][c0]	rxn43971				
rxn47516_c0	>	Cytosol	Annotated_genome.CDS.640	 [c0]				(1)  cpd00002[c0] + (1)  cpd00023[c0] + (1)  cpd00374[c0] => (1)  cpd00008[c0] + (1)  cpd00009[c0] + (1)  cpd00067[c0] + (1)  cpd31852[c0]	(1)  ATP [c0][c0] + (1)  L-Glutamate [c0][c0] + (1)  Tyramine [c0][c0] => (1)  ADP [c0][c0] + (1)  Phosphate [c0][c0] + (1)  H+ [c0][c0] + (1)  gamma-glutamyltyramine [c0][c0]	rxn47516				
rxn48557_c0	=	Cytosol	Annotated_genome.CDS.3301	 [c0]				(1)  cpd00002[c0] + (1)  cpd00067[c0] + (1)  cpd24818[c0] <=> (1)  cpd00008[c0] + (1)  cpd32612[c0]	(1)  ATP [c0][c0] + (1)  H+ [c0][c0] + (1)  2-methylamine-furan phosphate [c0][c0] <=> (1)  ADP [c0][c0] + (1)  5-(aminomethyl) -3-furanmethanol diphosphate [c0][c0]	rxn48557				
rxn41725_c0	>	Cytosol	Annotated_genome.CDS.641	 [c0]				(1)  cpd31852[c0] + (1)  cpd32612[c0] => (1)  cpd00012[c0] + (1)  cpd00067[c0] + (1)  cpd24820[c0]	(1)  gamma-glutamyltyramine [c0][c0] + (1)  5-(aminomethyl) -3-furanmethanol diphosphate [c0][c0] => (1)  PPi [c0][c0] + (1)  H+ [c0][c0] + (1)  4-[N-gamma-L-glutamyl-) -p-(beta-aminoethyl) phenoxy-methyl]-2-(aminomethyl) furan [c0][c0]	rxn41725				
rxn23336_c0	=	Cytosol	Annotated_genome.CDS.3313	octanoyl:GcvH transferase [c0]				(1)  cpd11470[c0] + (1)  cpd27144[c0] <=> (1)  cpd00067[c0] + (1)  cpd11493[c0] + (1)  cpd27713[c0]	(1)  Octanoyl-ACP [c0][c0] + (1)  Gcv-H [c0][c0] <=> (1)  H+ [c0][c0] + (1)  ACP [c0][c0] + (1)  Octanoylated-Gcv-H [c0][c0]	rxn23336				Biosynthesis|Cofactor-Biosynthesis|Lipoate-Biosynthesis
rxn08508_c0	=	Cytosol	Annotated_genome.CDS.2929	enterochelin transport (secretion) [c0]		0		(1)  cpd00067[e0] + (1)  cpd03453[c0] <=> (1)  cpd00067[c0] + (1)  cpd03453[e0]	(1)  H+ [e0][e0] + (1)  Enterobactin [c0][c0] <=> (1)  H+ [c0][c0] + (1)  Enterobactin [e0][e0]	rxn08508	FEENTERtpp			
rxn23850_c0	>	Cytosol	(Annotated_genome.CDS.2035 or Annotated_genome.CDS.3441 or Annotated_genome.CDS.471 or Annotated_genome.CDS.2113 or Annotated_genome.CDS.3579 or Annotated_genome.CDS.1799 or Annotated_genome.CDS.3426 or Annotated_genome.CDS.4291)	RXN-3443.c [c0]		-9.8		(1)  cpd00001[c0] + (1)  cpd00003[c0] + (1)  cpd00102[c0] => (1)  cpd00004[c0] + (2)  cpd00067[c0] + (1)  cpd00169[c0]	(1)  H2O [c0][c0] + (1)  NAD [c0][c0] + (1)  Glyceraldehyde3-phosphate [c0][c0] => (1)  NADH [c0][c0] + (2)  H+ [c0][c0] + (1)  3-Phosphoglycerate [c0][c0]	rxn23850				Carbohydrates-Degradation|Degradation|Sugars-And-Polysaccharides
rxn15467_c0	>	Cytosol	Annotated_genome.CDS.4381	(R)-2,3-Dihydroxy-3-methylbutanoate hydro-lyase [c0]		-6.75		(1)  cpd19030[c0] => (1)  cpd00001[c0] + (1)  cpd00123[c0]	(1)  (R) -2,3-Dihydroxy-3-methylbutanoate [c0][c0] => (1)  H2O [c0][c0] + (1)  3-Methyl-2-oxobutanoate [c0][c0]	rxn15467	DHAD1		Valine, leucine and isoleucine biosynthesis	
rxn27318_c0	=	Cytosol	(Annotated_genome.CDS.2073 or Annotated_genome.CDS.2993)	NADPH-thioredoxin reductase [c0]		14.8		(1)  cpd00006[c0] + (1)  cpd28060[c0] <=> (1)  cpd00005[c0] + (1)  cpd00067[c0] + (1)  cpd27735[c0]	(1)  NADP [c0][c0] + (1)  Red-Thioredoxin [c0][c0] <=> (1)  NADPH [c0][c0] + (1)  H+ [c0][c0] + (1)  Ox-Thioredoxin [c0][c0]	rxn27318				Biosynthesis|Cofactor-Biosynthesis|Reductants|THIOREDOX-PWY
rxn16824_c0	>	Cytosol	Annotated_genome.CDS.704	7-carboxy-7-carbaguanine:ammonia ligase (ADP-forming) [c0]	6.3.4.20	-7.07		(1)  cpd00002[c0] + (1)  cpd00013[c0] + (1)  cpd21481[c0] => (1)  cpd00001[c0] + (1)  cpd00008[c0] + (1)  cpd00009[c0] + (1)  cpd00067[c0] + (1)  cpd14718[c0]	(1)  ATP [c0][c0] + (1)  NH3 [c0][c0] + (1)  7-Carboxy-7-carbaguanine [c0][c0] => (1)  H2O [c0][c0] + (1)  ADP [c0][c0] + (1)  Phosphate [c0][c0] + (1)  H+ [c0][c0] + (1)  7-Cyano-7-deazaguanine [c0][c0]	rxn16824		R09978		Biosynthesis|SECONDARY-METABOLITE-BIOSYNTHESIS
rxn39964_c0	>	Cytosol	Annotated_genome.CDS.1570	6-carboxy-5,6,7,8-tetrahydropterin ammonia-lyase [c0]				(1)  cpd00067[c0] + (1)  cpd21472[c0] => (1)  cpd00013[c0] + (1)  cpd21481[c0]	(1)  H+ [c0][c0] + (1)  6-Carboxy-5,6,7,8-tetrahydropterin [c0][c0] => (1)  NH3 [c0][c0] + (1)  7-Carboxy-7-carbaguanine [c0][c0]	rxn39964				
rxn16806_c0	=	Cytosol	Annotated_genome.CDS.1569	7,8-dihydroneopterin 3'-triphosphate acetaldehyde-lyase (6-carboxy-5,6,7,8-tetrahydropterin and triphosphate-forming) [c0]	4.1.2.50			(1)  cpd00001[c0] + (1)  cpd02978[c0] <=> (1)  cpd00067[c0] + (1)  cpd00071[c0] + (1)  cpd00421[c0] + (1)  cpd21472[c0]	(1)  H2O [c0][c0] + (1)  7,8-Dihydroneopterin 3'-triphosphate [c0][c0] <=> (1)  H+ [c0][c0] + (1)  Acetaldehyde [c0][c0] + (1)  Triphosphate [c0][c0] + (1)  6-Carboxy-5,6,7,8-tetrahydropterin [c0][c0]	rxn16806		R09959		Biosynthesis|SECONDARY-METABOLITE-BIOSYNTHESIS
rxn14061_c0	>	Cytosol	Annotated_genome.CDS.3234	trans,trans,cis-geranylgeranyl-diphosphate:isopentenyl-diphosphate geranylgeranylcistransferase [c0]		-22.53		(1)  cpd00113[c0] + (1)  cpd08211[c0] => (1)  cpd00012[c0] + (1)  cpd00067[c0] + (1)  cpd17565[c0]	(1)  Isopentenyldiphosphate [c0][c0] + (1)  trans,trans,cis-Geranylgeranyl diphosphate [c0][c0] => (1)  PPi [c0][c0] + (1)  H+ [c0][c0] + (1)  ditrans,dicis-Pentaprenyl diphosphate [c0][c0]	rxn14061		R08748		
rxn13957_c0	>	Cytosol	Annotated_genome.CDS.3234	ditrans,hexacis-nonaprenyl-diphosphate:isopentenyl-diphosphate nonaprenylcistransferase [c0]		-22.53		(1)  cpd00113[c0] + (1)  cpd17568[c0] => (1)  cpd00012[c0] + (1)  cpd00067[c0] + (1)  cpd02746[c0]	(1)  Isopentenyldiphosphate [c0][c0] + (1)  ditrans,hexacis-Nonaprenyl diphosphate [c0][c0] => (1)  PPi [c0][c0] + (1)  H+ [c0][c0] + (1)  all trans Decaprenyl diphosphate [c0][c0]	rxn13957		R08753		
rxn40752_c0	=	Cytosol	Annotated_genome.CDS.3302	 [c0]				(1)  cpd00895[c0] + (1)  cpd22290[c0] <=> (1)  cpd03523[c0] + (1)  cpd26978[c0]	(1)  H4MPT [c0][c0] + (1)  Acceptor [c0][c0] <=> (1)  7,8-Dihydromethanopterin [c0][c0] + (1)  Donor-H2 [c0][c0]	rxn40752				
rxn08062_c0	=	Cytosol	(Annotated_genome.CDS.461 or Annotated_genome.CDS.3893)	Na+/Acetate symport (periplasm) [c0]		0		(1)  cpd00029[e0] + (1)  cpd00971[e0] <=> (1)  cpd00029[c0] + (1)  cpd00971[c0]	(1)  Acetate [e0][e0] + (1)  Na+ [e0][e0] <=> (1)  Acetate [c0][c0] + (1)  Na+ [c0][c0]	rxn08062	ACt4pp			
rxn21863_c0	=	Cytosol	(Annotated_genome.CDS.500 or Annotated_genome.CDS.3522 or Annotated_genome.CDS.3653)	RXN-11482.c [c0]				(1)  cpd00005[c0] + (1)  cpd00067[c0] + (1)  cpd27021[c0] <=> (1)  cpd00006[c0] + (1)  cpd21088[c0]	(1)  NADPH [c0][c0] + (1)  H+ [c0][c0] + (1)  Enoylpimeloyl-ACP-methyl-esters [c0][c0] <=> (1)  NADP [c0][c0] + (1)  Pimelyl-[acyl-carrier protein] methyl ester [c0][c0]	rxn21863				7-Keto-8-aminopelargonate-Biosynthesis|BIOTIN-BIOSYNTHESIS-PWY|BIOTIN-SYN|Biosynthesis|Cofactor-Biosynthesis|Vitamin-Biosynthesis
rxn40037_c0	>	Cytosol	(Annotated_genome.CDS.1932 and Annotated_genome.CDS.3261 and Annotated_genome.CDS.3928)	L-aspartate-4-semialdehyde hydro-lyase [adding pyruvate and cyclizing; (2S,4S)-4-hydroxy-2,3,4,5-tetrahydrodipicolinate-forming] [c0]				(1)  cpd00020[c0] + (1)  cpd00346[c0] => (1)  cpd00001[c0] + (1)  cpd00067[c0] + (1)  cpd21488[c0]	(1)  Pyruvate [c0][c0] + (1)  L-Aspartate4-semialdehyde [c0][c0] => (1)  H2O [c0][c0] + (1)  H+ [c0][c0] + (1)  (2S,4S) -4-Hydroxy-2,3,4,5-tetrahydrodipicolinate [c0][c0]	rxn40037				
rxn41287_c0	>	Cytosol	(Annotated_genome.CDS.1162 and Annotated_genome.CDS.1162)	 [c0]				(1)  cpd00007[c0] + (1)  cpd01270[c0] => (1)  cpd00067[c0] + (1)  cpd00236[c0] + (1)  cpd01997[c0] + (1)  cpd33930[c0]	(1)  O2 [c0][c0] + (1)  FMNH2 [c0][c0] => (1)  H+ [c0][c0] + (1)  D-Erythrose4-phosphate [c0][c0] + (1)  Dimethylbenzimidazole [c0][c0] + (1)  dialurate [c0][c0]	rxn41287				
rxn21859_c0	=	Cytosol	(Annotated_genome.CDS.500 or Annotated_genome.CDS.3522 or Annotated_genome.CDS.3653)	RXN-11478.c [c0]				(1)  cpd00005[c0] + (1)  cpd00067[c0] + (1)  cpd27020[c0] <=> (1)  cpd00006[c0] + (1)  cpd27180[c0]	(1)  NADPH [c0][c0] + (1)  H+ [c0][c0] + (1)  Enoylglutaryl-ACP-methyl-esters [c0][c0] <=> (1)  NADP [c0][c0] + (1)  Glutaryl-ACP-methyl-esters [c0][c0]	rxn21859				7-Keto-8-aminopelargonate-Biosynthesis|BIOTIN-BIOSYNTHESIS-PWY|BIOTIN-SYN|Biosynthesis|Cofactor-Biosynthesis|Vitamin-Biosynthesis
rxn20643_c0	>	Cytosol	Annotated_genome.CDS.2807	thiC (gene name) [c0]				(1)  cpd00017[c0] + (1)  cpd02140[c0] => (1)  cpd00047[c0] + (1)  cpd00060[c0] + (1)  cpd00067[c0] + (1)  cpd00204[c0] + (1)  cpd02775[c0] + (1)  cpd03091[c0]	(1)  S-Adenosyl-L-methionine [c0][c0] + (1)  AIR [c0][c0] => (1)  Formate [c0][c0] + (1)  L-Methionine [c0][c0] + (1)  H+ [c0][c0] + (1)  CO [c0][c0] + (1)  4-Amino-5-phosphomethyl-2-methylpyrimidine [c0][c0] + (1)  5'-Deoxyadenosine [c0][c0]	rxn20643				Biosynthesis|Cofactor-Biosynthesis|THISYN-PWY|THISYNARA-PWY|Thiamine-Biosynthesis|Vitamin-Biosynthesis
rxn17731_c0	>	Cytosol	Annotated_genome.CDS.2214	biotin synthase [c0]		-35.04		(2)  cpd00017[c0] + (1)  cpd00084[c0] + (1)  cpd01311[c0] => (1)  cpd00035[c0] + (2)  cpd00060[c0] + (1)  cpd00104[c0] + (2)  cpd03091[c0]	(2)  S-Adenosyl-L-methionine [c0][c0] + (1)  L-Cysteine [c0][c0] + (1)  Dethiobiotin [c0][c0] => (1)  L-Alanine [c0][c0] + (2)  L-Methionine [c0][c0] + (1)  BIOT [c0][c0] + (2)  5'-Deoxyadenosine [c0][c0]	rxn17731				BIOTIN-BIOSYNTHESIS-PWY|BIOTIN-SYN|Biosynthesis|Cofactor-Biosynthesis|PWY0-1507|Vitamin-Biosynthesis
rxn21860_c0	>	Cytosol	Annotated_genome.CDS.501	RXN-11479.c [c0]				(1)  cpd11492[c0] + (1)  cpd27180[c0] => (1)  cpd00011[c0] + (1)  cpd11493[c0] + (1)  cpd22028[c0]	(1)  Malonyl-acyl-carrierprotein- [c0][c0] + (1)  Glutaryl-ACP-methyl-esters [c0][c0] => (1)  CO2 [c0][c0] + (1)  ACP [c0][c0] + (1)  3-Ketopimeloyl-ACP-methyl-esters [c0][c0]	rxn21860				7-Keto-8-aminopelargonate-Biosynthesis|BIOTIN-BIOSYNTHESIS-PWY|BIOTIN-SYN|Biosynthesis|Cofactor-Biosynthesis|Vitamin-Biosynthesis
rxn05120_c0	>	Cytosol	Annotated_genome.CDS.2699	protoheme IX farnesyltransferase [c0]		-21.42		(1)  cpd00001[c0] + (1)  cpd00028[c0] + (1)  cpd00350[c0] => (1)  cpd00012[c0] + (1)  cpd00067[c0] + (1)  cpd11313[c0]	(1)  H2O [c0][c0] + (1)  Heme [c0][c0] + (1)  Farnesyldiphosphate [c0][c0] => (1)  PPi [c0][c0] + (1)  H+ [c0][c0] + (1)  hemeO [c0][c0]	rxn05120	HEMEOS	R07411	Porphyrin and chlorophyll metabolism	
rxn15750_c0	=	Cytosol	Annotated_genome.CDS.2263	R08570 [c0]		0.75		(1)  cpd00176[c0] <=> (1)  cpd00020[c0] + (1)  cpd00448[c0]	(1)  2-keto-3-deoxygluconate [c0][c0] <=> (1)  Pyruvate [c0][c0] + (1)  D-Glyceraldehyde [c0][c0]	rxn15750		R08570	Pentose phosphate pathway	Carbohydrates-Degradation|Degradation|NPGLUCAT-PWY|Sugars-And-Polysaccharides
rxn40041_c0	=	Cytosol	(Annotated_genome.CDS.116 and Annotated_genome.CDS.119 and Annotated_genome.CDS.1223)	sulfide:quinone oxidoreductase [c0]				(1)  cpd00239[c0] + (1)  cpd19168[c0] <=> (1)  cpd20940[c0] + (1)  cpd30750[c0]	(1)  H2S [c0][c0] + (1)  C15602 [c0][c0] <=> (1)  Polysulfide [c0][c0] + (1)  p-Hydroquinone [c0][c0]	rxn40041				
sul00008_c0	>	Cytosol	(Annotated_genome.CDS.832 and Annotated_genome.CDS.833 and Annotated_genome.CDS.831)	sul00008_c [c0]				(1)  cpd00159[c0] + (1)  cpd26984[c0] => (1)  cpd00020[c0] + (1)  cpd37010[c0]	(1)  L-Lactate [c0][c0] + (1)  DsrC-disulfide-form [c0][c0] => (1)  Pyruvate [c0][c0] + (1)  DsrC-L-Cysteine [c0][c0]					
rxn19704_c0	=	Cytosol	(Annotated_genome.CDS.2095 and (Annotated_genome.CDS.2145 or Annotated_genome.CDS.1580))	Flavodoxin--NADP(+) reductase [c0]		14.8		(1)  cpd00006[c0] + (1)  cpd00067[c0] + (1)  cpd28083[c0] <=> (1)  cpd00005[c0] + (1)  cpd27758[c0]	(1)  NADP [c0][c0] + (1)  H+ [c0][c0] + (1)  Reduced-flavodoxins [c0][c0] <=> (1)  NADPH [c0][c0] + (1)  Oxidized-flavodoxins [c0][c0]	rxn19704				
rxn41965_c0	>	Cytosol	(Annotated_genome.CDS.519 and Annotated_genome.CDS.520 and Annotated_genome.CDS.518)	 [c0]				(1)  cpd00007[c0] + (2)  cpd11640[c0] => (2)  cpd00001[c0]	(1)  O2 [c0][c0] + (2)  H2 [c0][c0] => (2)  H2O [c0][c0]	rxn41965				
rxn45692_c0	>	Cytosol	(Annotated_genome.CDS.1101 and (Annotated_genome.CDS.930 or Annotated_genome.CDS.3501) and (Annotated_genome.CDS.1079 or Annotated_genome.CDS.3497))	cysteine:[ThiI sulfur-carrier protein]-L-cysteine sulfurtransferase desulfurase [c0]				(1)  cpd00084[c0] + (1)  cpd28205[c0] => (1)  cpd00035[c0] + (1)  cpd14548[c0]	(1)  L-Cysteine [c0][c0] + (1)  Sulfur-Carrier-Proteins-ThiI [c0][c0] => (1)  L-Alanine [c0][c0] + (1)  C15812 [c0][c0]	rxn45692				
rxn05469_c0	=	Cytosol	Unknown	pyruvate reversible transport via proton symport [c0]		0		(1)  cpd00020[e0] + (1)  cpd00067[e0] <=> (1)  cpd00020[c0] + (1)  cpd00067[c0]	(1)  Pyruvate [e0][e0] + (1)  H+ [e0][e0] <=> (1)  Pyruvate [c0][c0] + (1)  H+ [c0][c0]	rxn05469	JEN1_2			
rxn02374_c0	>	Cytosol	Unknown	R03314 [c0]		-14.06		(1)  cpd00858[c0] => (1)  cpd00001[c0] + (1)  cpd00067[c0] + (1)  cpd02431[c0]	(1)  L-Glutamate5-semialdehyde [c0][c0] => (1)  H2O [c0][c0] + (1)  H+ [c0][c0] + (1)  1-Pyrroline-5-carboxylate [c0][c0]	rxn02374	G5SADr	R03314	Arginine and proline metabolism	ARG-PRO-PWY|ARGASEDEG-PWY|ARGININE-DEG|ARGORNPROST-PWY|Activation-Inactivation-Interconversion|Amino-Acid-Biosynthesis|Amino-Acid-Degradation|Antibiotic-Biosynthesis|Biosynthesis|CITRULBIO-PWY|Citrulline-Biosynthesis|Degradation|GLUTAMATE-SYN|IND-AMINO-ACID-SYN|Interconversion|Other-Amino-Acid-Biosynthesis|PROLINE-SYN|PROSYN-PWY|SECONDARY-METABOLITE-BIOSYNTHESIS
rxn05730_c0	=	Cytosol	Unknown	Tetrathionate transport in via proton symport [c0]		0		(1)  cpd00067[e0] + (1)  cpd01414[e0] <=> (1)  cpd00067[c0] + (1)  cpd01414[c0]	(1)  H+ [e0][e0] + (1)  Tetrathionate [e0][e0] <=> (1)  H+ [c0][c0] + (1)  Tetrathionate [c0][c0]	rxn05730				
rxn04457_c0	>	Cytosol	Unknown	R06605 [c0]		-9.78		(1)  cpd09027[c0] => (1)  cpd00011[c0] + (1)  cpd01567[c0]	(1)  5-Hydroxy-2-oxo-4-ureido-2,5-dihydro-1H-imidazole-5-carboxylate [c0][c0] => (1)  CO2 [c0][c0] + (1)  (R) -Allantoin [c0][c0]	rxn04457		R06605	Purine metabolism	
rxn10577_c0	>	Cytosol	Unknown	Nitrogen exchange, diffusion [c0]		0		(1)  cpd00528[e0] => (1)  cpd00528[c0]	(1)  N2 [e0][e0] => (1)  N2 [c0][c0]	rxn10577	N2t			
rxn05129_c0	>	Cytosol	Unknown	R07420 [c0]		-6.03		(1)  cpd01550[c0] => (1)  cpd00009[c0] + (1)  cpd00585[c0]	(1)  Phosphocreatine [c0][c0] => (1)  Phosphate [c0][c0] + (1)  Creatinine [c0][c0]	rxn05129		R07420	Arginine and proline metabolism	
rxn02916_c0	>	Cytosol	Unknown	R04175 [c0]		-14.94		(1)  cpd02074[c0] => (1)  cpd00001[c0] + (1)  cpd00067[c0] + (1)  cpd00922[c0]	(1)  2-Oxo-6-aminocaproate [c0][c0] => (1)  H2O [c0][c0] + (1)  H+ [c0][c0] + (1)  delta1-Piperideine-2-carboxylate [c0][c0]	rxn02916	AOXHEXCYCL	R04175	Tropane, piperidine and pyridine alkaloid biosynthesis	Amino-Acid-Degradation|Degradation|LYSINE-DEG
rxn05488_c0	=	Cytosol	Unknown	acetate reversible transport via proton symport [c0]	2.A.1.13|TC-2.A.1.13	0		(1)  cpd00029[e0] + (1)  cpd00067[e0] <=> (1)  cpd00029[c0] + (1)  cpd00067[c0]	(1)  Acetate [e0][e0] + (1)  H+ [e0][e0] <=> (1)  Acetate [c0][c0] + (1)  H+ [c0][c0]	rxn05488	ACt2r			
rxn03012_c0	>	Cytosol	Unknown	R04336 [c0]		-16.74		(1)  cpd02414[c0] => (1)  cpd00001[c0] + (1)  cpd00067[c0] + (1)  cpd02465[c0]	(1)  L-2-Amino-6-oxopimelate [c0][c0] => (1)  H2O [c0][c0] + (1)  H+ [c0][c0] + (1)  tetrahydrodipicolinate [c0][c0]	rxn03012		R04336	Lysine biosynthesis	Amino-Acid-Biosynthesis|Biosynthesis|IND-AMINO-ACID-SYN|LYSINE-SYN
rxn10471_c0	=	Cytosol	Unknown	Methane Transport [c0]		0		(1)  cpd01024[e0] <=> (1)  cpd01024[c0]	(1)  Methane [e0][e0] <=> (1)  Methane [c0][c0]	rxn10471	CH4t			
rxn04132_c0	>	Cytosol	Unknown	R06063 [c0]		-34.57		(1)  cpd00001[c0] + (1)  cpd08625[c0] => (1)  cpd00011[c0] + (1)  cpd00067[c0] + (1)  cpd01567[c0]	(1)  H2O [c0][c0] + (1)  5-Hydroxyisourate [c0][c0] => (1)  CO2 [c0][c0] + (1)  H+ [c0][c0] + (1)  (R) -Allantoin [c0][c0]	rxn04132		R06063		
rxn05559_c0	=	Cytosol	Unknown	formate transport in via proton symport [c0]		0		(1)  cpd00047[e0] + (1)  cpd00067[e0] <=> (1)  cpd00047[c0] + (1)  cpd00067[c0]	(1)  Formate [e0][e0] + (1)  H+ [e0][e0] <=> (1)  Formate [c0][c0] + (1)  H+ [c0][c0]	rxn05559	FORt2			
rxn05195_c0	>	Cytosol	Unknown	ATP phosphohydrolase (ferric-ion-transporting) [c0]		-6.82		(1)  cpd00001[c0] + (1)  cpd00002[c0] + (1)  cpd10516[e0] => (1)  cpd00008[c0] + (1)  cpd00009[c0] + (1)  cpd00067[c0] + (1)  cpd10516[c0]	(1)  H2O [c0][c0] + (1)  ATP [c0][c0] + (1)  fe3 [e0][e0] => (1)  ADP [c0][c0] + (1)  Phosphate [c0][c0] + (1)  H+ [c0][c0] + (1)  fe3 [c0][c0]	rxn05195	FE3abc			
rxn01208_c0	<	Cytosol	Unknown	R01652 [c0]		3.09		(1)  cpd00011[c0] + (1)  cpd00200[c0] <= (1)  cpd00067[c0] + (1)  cpd02605[c0]	(1)  CO2 [c0][c0] + (1)  4MOP [c0][c0] <= (1)  H+ [c0][c0] + (1)  2-isopropyl-3-oxosuccinate [c0][c0]	rxn01208	OMCDC	R01652	Valine, leucine and isoleucine biosynthesis	Amino-Acid-Biosynthesis|BRANCHED-CHAIN-AA-SYN-PWY|Biosynthesis|Energy-Metabolism|IND-AMINO-ACID-SYN|LEUCINE-SYN|LEUSYN-PWY
rxn02989_c0	<	Cytosol	Unknown	R04293 [c0]		27.96		(1)  cpd00001[c0] + (1)  cpd02333[c0] <= (1)  cpd02692[c0]	(1)  H2O [c0][c0] + (1)  Quinolinate [c0][c0] <= (1)  2-Amino-3-carboxymuconate semialdehyde [c0][c0]	rxn02989	QUILSYN	R04293	Tryptophan metabolism	Biosynthesis|Cofactor-Biosynthesis|NAD-Metabolism|NAD-SYN|NADSYN-PWY
rxn04791_c0	=	Cytosol	Unknown	S-(hydroxymethyl)glutathione synthase [c0]		0.83		(1)  cpd00042[c0] + (1)  cpd00055[c0] <=> (1)  cpd09879[c0]	(1)  GSH [c0][c0] + (1)  Formaldehyde [c0][c0] <=> (1)  S-(Hydroxymethyl) glutathione [c0][c0]	rxn04791	FALGTHLs	R06982	Methane metabolism	C1-COMPOUNDS|Degradation|Formaldehyde-Oxidation
rxn00064_c0	>	Cytosol	Unknown	ATP aminohydrolase [c0]		-8.48		(1)  cpd00001[c0] + (1)  cpd00002[c0] + (1)  cpd00067[c0] => (1)  cpd00013[c0] + (1)  cpd00068[c0]	(1)  H2O [c0][c0] + (1)  ATP [c0][c0] + (1)  H+ [c0][c0] => (1)  NH3 [c0][c0] + (1)  ITP [c0][c0]	rxn00064		R00088		
rxn05468_c0	>	Cytosol	Unknown	TRANS-RXNAVI-26568.ce [c0]		0		(1)  cpd00007[e0] => (1)  cpd00007[c0]	(1)  O2 [e0][e0] => (1)  O2 [c0][c0]	rxn05468	O2t			
rxn04133_c0	>	Cytosol	Unknown	R06064 [c0]		-34.57		(1)  cpd00001[c0] + (1)  cpd08625[c0] => (1)  cpd00011[c0] + (1)  cpd00067[c0] + (1)  cpd01092[c0]	(1)  H2O [c0][c0] + (1)  5-Hydroxyisourate [c0][c0] => (1)  CO2 [c0][c0] + (1)  H+ [c0][c0] + (1)  Allantoin [c0][c0]	rxn04133		R06064		
rxn02666_c0	<	Cytosol	Unknown	R03758 [c0]		3.09		(1)  cpd00011[c0] + (1)  cpd01298[c0] <= (1)  cpd00067[c0] + (1)  cpd02211[c0]	(1)  CO2 [c0][c0] + (1)  Aminoacetone [c0][c0] <= (1)  H+ [c0][c0] + (1)  L-2-Amino-acetoacetate [c0][c0]	rxn02666	AOBUTDs	R03758		Amino-Acid-Biosynthesis|Amino-Acid-Degradation|Biosynthesis|Cobalamin-Biosynthesis|Cofactor-Biosynthesis|Degradation|GLYCINE-SYN|IND-AMINO-ACID-SYN|THRDLCTCAT-PWY|THREOCAT-PWY|THREONINE-DEG|Vitamin-Biosynthesis
rxn05467_c0	=	Cytosol	Unknown	CO2 transporter via diffusion [c0]		0		(1)  cpd00011[e0] <=> (1)  cpd00011[c0]	(1)  CO2 [e0][e0] <=> (1)  CO2 [c0][c0]	rxn05467	CO2t			
rxn24718_c0	>	Cytosol	Unknown	RXN-8243.c [c0]		-90.96		(1)  cpd00025[c0] + (1)  cpd02074[c0] => (1)  cpd00001[c0] + (1)  cpd00011[c0] + (1)  cpd00339[c0]	(1)  H2O2 [c0][c0] + (1)  2-Oxo-6-aminocaproate [c0][c0] => (1)  H2O [c0][c0] + (1)  CO2 [c0][c0] + (1)  5-Aminopentanoate [c0][c0]	rxn24718				Amino-Acid-Degradation|Degradation|LYSINE-DEG
rxn23589_c0	<	Cytosol	Unknown	RXN-13329.c [c0]		31.23		(1)  cpd00001[c0] + (1)  cpd14545[c0] <= (1)  cpd00013[c0] + (1)  cpd00040[c0]	(1)  H2O [c0][c0] + (1)  Iminoglycine [c0][c0] <= (1)  NH3 [c0][c0] + (1)  Glyoxalate [c0][c0]	rxn23589				
rxn08502_e0	=	Extracellular	Unknown	enterobactin Fe(III) binding (spontaneous) [e0]		-56.08		(1)  cpd03453[e0] + (1)  cpd10516[e0] <=> (1)  cpd03726[e0]	(1)  Enterobactin [e0][e0] + (1)  fe3 [e0][e0] <=> (1)  Fe-enterochlin [e0][e0]	rxn08502	FEENTERexs			
rxn08428_c0	=	Cytosol	Unknown	ethanol transport via diffusion (extracellular to periplasm) [c0]		0		(1)  cpd00363[c0] <=> (1)  cpd00363[e0]	(1)  Ethanol [c0][c0] <=> (1)  Ethanol [e0][e0]	rxn08428	ETOHtex			
rxn08032_c0	=	Cytosol	Unknown	acetaldehyde transport via diffusion (extracellular to periplasm) [c0]		0		(1)  cpd00071[c0] <=> (1)  cpd00071[e0]	(1)  Acetaldehyde [c0][c0] <=> (1)  Acetaldehyde [e0][e0]	rxn08032	ACALDtex			
rxn08691_c0	=	Cytosol	Unknown	hydrogen transport via diffusion (extracellular to periplasm) [c0]		0		(1)  cpd11640[c0] <=> (1)  cpd11640[e0]	(1)  H2 [c0][c0] <=> (1)  H2 [e0][e0]	rxn08691	H2tex			
rxn08350_c0	=	Cytosol	Unknown	D-lactate transport via proton symport (periplasm) [c0]		0		(1)  cpd00067[e0] + (1)  cpd00221[e0] <=> (1)  cpd00067[c0] + (1)  cpd00221[c0]	(1)  H+ [e0][e0] + (1)  D-Lactate [e0][e0] <=> (1)  H+ [c0][c0] + (1)  D-Lactate [c0][c0]	rxn08350	D-LACt2pp			
rxn07919_c0	=	Cytosol	Unknown	(R)-Propane-1,2-diol transport via diffusion (extracellular to periplasm) [c0]		0		(1)  cpd01861[c0] <=> (1)  cpd01861[e0]	(1)  (R) -1,2-Propanediol [c0][c0] <=> (1)  (R) -1,2-Propanediol [e0][e0]	rxn07919	12PPDRtex			
rxn08689_c0	=	Cytosol	Unknown	h2s transport (periplasm) [c0]		0		(1)  cpd00239[c0] <=> (1)  cpd00239[e0]	(1)  H2S [c0][c0] <=> (1)  H2S [e0][e0]	rxn08689	H2St1pp			
rxn09260_c0	>	Cytosol	Unknown	sulfite transport via diffusion (extracellular to periplasm) [c0]		0		(1)  cpd00081[c0] => (1)  cpd00081[e0]	(1)  Sulfite [c0][c0] => (1)  Sulfite [e0][e0]	rxn09260	SO3tex			
rxn09330_c0	=	Cytosol	Unknown	thiosulfate transport via diffusion (extracellular to periplasm) [c0]		0		(1)  cpd00268[c0] <=> (1)  cpd00268[e0]	(1)  H2S2O3 [c0][c0] <=> (1)  H2S2O3 [e0][e0]	rxn09330	TSULtex			
rxn00062_c0	>	Cytosol	Unknown	ATP hydrolysis	3.6.1.3|3.6.3.15|3.6.3.50|3.6.3.51|3.6.3.52|3.6.4.1|3.6.4.10|3.6.4.11|3.6.4.12|3.6.4.13|3.6.4.2|3.6.4.4|3.6.4.5|3.6.4.6|3.6.4.7|3.6.4.8|3.6.4.9	-6.82		(1)  cpd00001[c0] + (1)  cpd00002[c0] => (1)  cpd00008[c0] + (1)  cpd00009[c0] + (1)  cpd00067[c0]	(1)  H2O [c0][c0] + (1)  ATP [c0][c0] => (1)  ADP [c0][c0] + (1)  Phosphate [c0][c0] + (1)  H+ [c0][c0]	rxn00062	ATPM	R00086	Purine metabolism|Methane metabolism	
rxn05318_c0	<	Cytosol	Unknown	TRANS-RXN-203.ce		0		(1)  cpd00067[e0] + (1)  cpd00182[e0] <= (1)  cpd00067[c0] + (1)  cpd00182[c0]	(1)  H+ [e0][e0] + (1)  Adenosine [e0][e0] <= (1)  H+ [c0][c0] + (1)  Adenosine [c0][c0]	rxn05318	ADNt2			
rxn09126_c0	<	Cytosol	Unknown	Phospholipase A1 (phosphatidate, n-C16:0) (periplasm)		-16.91		(1)  cpd00001[c0] + (1)  cpd15524[c0] <= (1)  cpd00067[c0] + (1)  cpd00214[c0] + (1)  cpd15355[c0]	(1)  H2O [c0][c0] + (1)  1,2-dihexadecanoyl-sn-glycerol 3-phosphate [c0][c0] <= (1)  H+ [c0][c0] + (1)  Palmitate [c0][c0] + (1)  2-hexadecanoyl-sn-glycerol 3-phosphate [c0][c0]	rxn09126	PLIPA1A160pp			
rxn12225_c0	>	Cytosol	Unknown	2-octaprenylphenol hydroxylase		-82.8797		(1)  cpd00007[c0] + (2)  cpd03444[c0] => (2)  cpd03445[c0]	(1)  O2 [c0][c0] + (2)  2-Octaprenylphenol [c0][c0] => (2)  2-Octaprenyl-6-hydroxyphenol [c0][c0]	rxn12225				
rxn08333_c0	>	Cytosol	Unknown	1,4-dihydroxy-2-naphthoate octaprenyltransferase		10.17		(1)  cpd02295[c0] + (1)  cpd02557[c0] => (1)  cpd00011[c0] + (1)  cpd00012[c0] + (1)  cpd15353[c0]	(1)  1-4-Dihydroxy-2-naphthoate [c0][c0] + (1)  Farnesylfarnesylgeraniol [c0][c0] => (1)  CO2 [c0][c0] + (1)  PPi [c0][c0] + (1)  2-Demethylmenaquinol 8 [c0][c0]	rxn08333	DHNAOT4			ALL-CHORISMATE-PWY|Biosynthesis|Cofactor-Biosynthesis|Demethylmenaquinol-8-Biosynthesis|Demethylmenaquinone-Biosynthesis|Menaquinone-Biosynthesis|Quinone-Biosynthesis
rxn02898_c0	>	Cytosol	Unknown	O-Succinylbenzoyl-CoA 1,4-dihydroxy-2-naphthoate-lyase		-14.27		(1)  cpd02021[c0] => (1)  cpd00010[c0] + (1)  cpd02295[c0]	(1)  Succinylbenzoyl-CoA [c0][c0] => (1)  CoA [c0][c0] + (1)  1-4-Dihydroxy-2-naphthoate [c0][c0]	rxn02898	NPHS	R04150		
rxn10336_c0	>	Cytosol	Unknown	stearoyl-cardiolipin synthase		0		(2)  cpd15540[c0] => (1)  cpd00100[c0] + (1)  cpd15793[c0]	(2)  Phosphatidylglycerol dioctadecanoyl [c0][c0] => (1)  Glycerol [c0][c0] + (1)  Stearoylcardiolipin (B. subtilis)  [c0][c0]	rxn10336				
rxn05235_c0	>	Cytosol	Unknown	2'-Deoxyuridine 5'-triphosphate:oxydized-thioredoxin 2'-oxidoreductase				(1)  cpd00052[c0] + (1)  cpd11421[c0] => (1)  cpd00001[c0] + (1)  cpd00356[c0] + (1)  cpd11420[c0]	(1)  CTP [c0][c0] + (1)  trdrd [c0][c0] => (1)  H2O [c0][c0] + (1)  dCTP [c0][c0] + (1)  trdox [c0][c0]	rxn05235	RNTR3	R02022	Pyrimidine metabolism	
rxn12666_c0	>	Cytosol	Unknown	Pyridoxal transport		0		(1)  cpd00215[e0] => (1)  cpd00215[c0]	(1)  Pyridoxal [e0][e0] => (1)  Pyridoxal [c0][c0]	rxn12666				
rxn00958_c0	>	Cytosol	Unknown	4-Hydroxybenzaldehyde:NADP+ oxidoreductase		-9.8		(1)  cpd00001[c0] + (1)  cpd00006[c0] + (1)  cpd00484[c0] => (1)  cpd00005[c0] + (2)  cpd00067[c0] + (1)  cpd00136[c0]	(1)  H2O [c0][c0] + (1)  NADP [c0][c0] + (1)  p-Hydroxybenzaldehyde [c0][c0] => (1)  NADPH [c0][c0] + (2)  H+ [c0][c0] + (1)  4-Hydroxybenzoate [c0][c0]	rxn00958		R01294	Toluene degradation|Aminobenzoate degradation	4-HYDROXYMANDELATE-DEGRADATION-PWY|AROMATIC-COMPOUNDS-DEGRADATION|Degradation|Phenolic-Compounds-Degradation
rxn09043_c0	>	Cytosol	Unknown	2-octaprenyl-6-methoxyphenol hydroxylase (anaerobic)		-0.69		(3)  cpd00001[c0] + (2)  cpd00002[c0] + (1)  cpd00003[c0] + (1)  cpd03446[c0] => (1)  cpd00004[c0] + (2)  cpd00008[c0] + (2)  cpd00009[c0] + (3)  cpd00067[c0] + (1)  cpd15359[c0]	(3)  H2O [c0][c0] + (2)  ATP [c0][c0] + (1)  NAD [c0][c0] + (1)  2-Octaprenyl-6-methoxyphenol [c0][c0] => (1)  NADH [c0][c0] + (2)  ADP [c0][c0] + (2)  Phosphate [c0][c0] + (3)  H+ [c0][c0] + (1)  2-Octaprenyl-6-methoxy-1,4-benzoquinol [c0][c0]	rxn09043	OMPHHX3			
rxn05459_c0	>	Cytosol	Unknown	stearyl-ACP:[acyl-carrier-protein] transferase		0		(1)  cpd00010[c0] + (1)  cpd00067[c0] + (1)  cpd11573[c0] => (1)  cpd00327[c0] + (1)  cpd11493[c0]	(1)  CoA [c0][c0] + (1)  H+ [c0][c0] + (1)  Octodecanoyl-ACP [c0][c0] => (1)  strcoa [c0][c0] + (1)  ACP [c0][c0]	rxn05459				
rxn00068_c0	<	Cytosol	Unknown	Fe2+:NAD+ oxidoreductase		50.3		(1)  cpd00003[c0] + (1)  cpd00067[c0] + (2)  cpd10515[c0] <= (1)  cpd00004[c0] + (2)  cpd10516[c0]	(1)  NAD [c0][c0] + (1)  H+ [c0][c0] + (2)  Fe2+ [c0][c0] <= (1)  NADH [c0][c0] + (2)  fe3 [c0][c0]	rxn00068		R00092		Biosynthesis|Degradation|Ethylene-Biosynthesis|HORMONE-SYN|Noncarbon-Nutrients|Plant-Hormone-Biosynthesis
rxn07965_c0	>	Cytosol	Unknown	2-acyl-glycerophospho-glycerol acyltransferase (n-C18:0)		-13.63		(1)  cpd00002[c0] + (1)  cpd01080[c0] + (1)  cpd15348[c0] => (1)  cpd00012[c0] + (1)  cpd00018[c0] + (1)  cpd00067[c0] + (1)  cpd15540[c0]	(1)  ATP [c0][c0] + (1)  ocdca [c0][c0] + (1)  2-Acyl-sn-glycero-3-phosphoglycerol octadecanoyl [c0][c0] => (1)  PPi [c0][c0] + (1)  AMP [c0][c0] + (1)  H+ [c0][c0] + (1)  Phosphatidylglycerol dioctadecanoyl [c0][c0]	rxn07965	2AGPGAT180			
rxn02404_c0	>	Cytosol	Unknown	3-Deoxy-D-manno-octulosonate-8-phosphate 8-phosphohydrolase		7.21		(1)  cpd00001[c0] + (1)  cpd02730[c0] => (1)  cpd00009[c0] + (1)  cpd00875[c0]	(1)  H2O [c0][c0] + (1)  3-Deoxy-D-manno-octulosonate8-phosphate [c0][c0] => (1)  Phosphate [c0][c0] + (1)  KDO [c0][c0]	rxn02404	KDOPP	R03350	Lipopolysaccharide biosynthesis	Biosynthesis|CARBO-BIOSYNTHESIS|CMP-KDO-Biosynthesis|Carbohydrates-Biosynthesis|Cell-Structure-Biosynthesis|KDO-NAGLIPASYN-PWY|LPSSYN-PWY|Lipid-Biosynthesis|Lipopolysaccharide-Biosynthesis|Polysaccharides-Biosynthesis|SUGAR-NUCLEOTIDES
rxn05039_c0	>	Cytosol	Unknown	R07280		7.21		(1)  cpd00001[c0] + (1)  cpd02720[c0] => (1)  cpd00009[c0] + (1)  cpd02882[c0]	(1)  H2O [c0][c0] + (1)  5-Amino-6--5-phosphoribitylaminouracil [c0][c0] => (1)  Phosphate [c0][c0] + (1)  4--1-D-Ribitylamino-5-aminouracil [c0][c0]	rxn05039	U78	R07280	Riboflavin metabolism	Biosynthesis|Cofactor-Biosynthesis|Flavin-Biosynthesis|RIBOSYN2-PWY|Vitamin-Biosynthesis
rxn09154_c0	>	Cytosol	Unknown	Phospholipase A2 (phosphatidylethanolamine, n-C16:0) (periplasm)		-16.91		(1)  cpd00001[c0] + (1)  cpd15531[c0] => (1)  cpd00067[c0] + (1)  cpd00214[c0] + (1)  cpd15316[c0]	(1)  H2O [c0][c0] + (1)  phosphatidylethanolamine dihexadecanoyl [c0][c0] => (1)  H+ [c0][c0] + (1)  Palmitate [c0][c0] + (1)  1-Acyl-sn-glycero-3-phosphoethanolamine hexadecanoyl [c0][c0]	rxn09154	PLIPA2E160pp			
rxn09128_c0	<	Cytosol	Unknown	Phospholipase A1 (phosphatidate, n-C18:0) (periplasm)		-13.67		(1)  cpd00001[c0] + (1)  cpd15526[c0] <= (1)  cpd00067[c0] + (1)  cpd01080[c0] + (1)  cpd15358[c0]	(1)  H2O [c0][c0] + (1)  1,2-dioctadecanoyl-sn-glycerol 3-phosphate [c0][c0] <= (1)  H+ [c0][c0] + (1)  ocdca [c0][c0] + (1)  2-octadecanoyl-sn-glycerol 3-phosphate [c0][c0]	rxn09128	PLIPA1A180pp			
rxn04675_c0	>	Cytosol	Unknown	menaquinone biosynthesis protein-related	4.1.1.71 / 4.1.3.-	-29.5		(1)  cpd00024[c0] + (1)  cpd00067[c0] + (1)  cpd00658[c0] => (1)  cpd00011[c0] + (1)  cpd00020[c0] + (1)  cpd03451[c0]	(1)  2-Oxoglutarate [c0][c0] + (1)  H+ [c0][c0] + (1)  Isochorismate [c0][c0] => (1)  CO2 [c0][c0] + (1)  Pyruvate [c0][c0] + (1)  SHCHC [c0][c0]	rxn04675				
rxn05231_c0	>	Cytosol	Unknown	2'-Deoxyadenosine 5'-diphosphate:oxidized-thioredoxin 2'-oxidoreductase				(1)  cpd00008[c0] + (1)  cpd11421[c0] => (1)  cpd00001[c0] + (1)  cpd00177[c0] + (1)  cpd11420[c0]	(1)  ADP [c0][c0] + (1)  trdrd [c0][c0] => (1)  H2O [c0][c0] + (1)  dADP [c0][c0] + (1)  trdox [c0][c0]	rxn05231	RIBRB12	R02017	Purine metabolism	
rxn09041_c0	>	Cytosol	Unknown	2-Octaprenyl-3-methyl-6-methoxy-1,4-benzoquinol hydroxylase (anaerobic)		1.95		(3)  cpd00001[c0] + (2)  cpd00002[c0] + (1)  cpd00003[c0] + (1)  cpd15361[c0] => (1)  cpd00004[c0] + (2)  cpd00008[c0] + (2)  cpd00009[c0] + (3)  cpd00067[c0] + (1)  cpd15360[c0]	(3)  H2O [c0][c0] + (2)  ATP [c0][c0] + (1)  NAD [c0][c0] + (1)  2-Octaprenyl3-methyl-6-methoxy- 1,4-benzoquinol [c0][c0] => (1)  NADH [c0][c0] + (2)  ADP [c0][c0] + (2)  Phosphate [c0][c0] + (3)  H+ [c0][c0] + (1)  2-Octaprenyl-3-methyl-5-hydroxy-6-methoxy-1,4-benzoquinol [c0][c0]	rxn09041	OMMBLHX3			
rxn03150_c0	>	Cytosol	Unknown	R04594		7.21		(1)  cpd00001[c0] + (1)  cpd02904[c0] => (1)  cpd00009[c0] + (1)  cpd03423[c0]	(1)  H2O [c0][c0] + (1)  alpha-Ribazole 5'-phosphate [c0][c0] => (1)  Phosphate [c0][c0] + (1)  alpha-Ribazole [c0][c0]	rxn03150	RBZP	R04594	Porphyrin and chlorophyll metabolism	Adenosylcobalamin-Biosynthesis|Biosynthesis|Cobalamin-Biosynthesis|Cofactor-Biosynthesis|P381-PWY|Vitamin-Biosynthesis
rxn09310_c0	>	Cytosol	Unknown	thiazole phosphate synthesis		-57.03		(1)  cpd00002[c0] + (1)  cpd00069[c0] + (1)  cpd00084[c0] + (1)  cpd08289[c0] => (1)  cpd00001[c0] + (1)  cpd00011[c0] + (1)  cpd00012[c0] + (1)  cpd00018[c0] + (1)  cpd00035[c0] + (2)  cpd00067[c0] + (1)  cpd02654[c0] + (1)  cpd15378[c0]	(1)  ATP [c0][c0] + (1)  L-Tyrosine [c0][c0] + (1)  L-Cysteine [c0][c0] + (1)  1-deoxy-D-xylulose5-phosphate [c0][c0] => (1)  H2O [c0][c0] + (1)  CO2 [c0][c0] + (1)  PPi [c0][c0] + (1)  AMP [c0][c0] + (1)  L-Alanine [c0][c0] + (2)  H+ [c0][c0] + (1)  4-Methyl-5--2-phosphoethyl-thiazole [c0][c0] + (1)  4-Hydroxy-benzylalcohol [c0][c0]	rxn09310	THZPSN			
rxn12239_c0	>	Cytosol	Unknown	4-hydroxy-benzyl-alcohol dehydrogenase		3.67		(1)  cpd00003[c0] + (1)  cpd15378[c0] => (1)  cpd00004[c0] + (1)  cpd00067[c0] + (1)  cpd00484[c0]	(1)  NAD [c0][c0] + (1)  4-Hydroxy-benzylalcohol [c0][c0] => (1)  NADH [c0][c0] + (1)  H+ [c0][c0] + (1)  p-Hydroxybenzaldehyde [c0][c0]	rxn12239				
rxn08130_c0	>	Cytosol	Unknown	ADOMET-DMK-METHYLTRANSFER-RXN.c		-20.64		(1)  cpd00017[c0] + (1)  cpd15353[c0] => (1)  cpd00019[c0] + (1)  cpd00067[c0] + (1)  cpd15499[c0]	(1)  S-Adenosyl-L-methionine [c0][c0] + (1)  2-Demethylmenaquinol 8 [c0][c0] => (1)  S-Adenosyl-homocysteine [c0][c0] + (1)  H+ [c0][c0] + (1)  Menaquinol 8 [c0][c0]	rxn08130	AMMQLT8			ALL-CHORISMATE-PWY|Biosynthesis|Cofactor-Biosynthesis|MENAQUINONESYN-PWY|Menaquinone-Biosynthesis|Quinone-Biosynthesis
rxn02831_c0	>	Cytosol	Unknown	O-Succinylbenzoate:CoA ligase (AMP-forming)		-21.55		(1)  cpd00002[c0] + (1)  cpd00010[c0] + (1)  cpd01772[c0] => (1)  cpd00012[c0] + (1)  cpd00018[c0] + (1)  cpd00067[c0] + (1)  cpd02021[c0]	(1)  ATP [c0][c0] + (1)  CoA [c0][c0] + (1)  Succinylbenzoate [c0][c0] => (1)  PPi [c0][c0] + (1)  AMP [c0][c0] + (1)  H+ [c0][c0] + (1)  Succinylbenzoyl-CoA [c0][c0]	rxn02831	SUCBZL	R04030	Ubiquinone and other terpenoid-quinone biosynthesis	ALL-CHORISMATE-PWY|Biosynthesis|Cofactor-Biosynthesis|DHNA-Biosynthesis|Demethylmenaquinone-Biosynthesis|Menaquinone-Biosynthesis|Quinone-Biosynthesis
rxn01258_c0	>	Cytosol	Unknown	chorismate hydroxymutase	5.4.99.6	0		(1)  cpd00216[c0] => (1)  cpd00658[c0]	(1)  Chorismate [c0][c0] => (1)  Isochorismate [c0][c0]	rxn01258	ICH or Si	R01717	Ubiquinone and other terpenoid-quinone biosynthesis|Biosynthesis of siderophore group nonribosomal peptides	ALL-CHORISMATE-PWY|AROMATIC-COMPOUNDS-BIOSYN|BENZENOID-SYN|Biosynthesis|Cofactor-Biosynthesis|DHNA-Biosynthesis|Demethylmenaquinone-Biosynthesis|ENTBACSYN-PWY|Menaquinone-Biosynthesis|PHENYLPROPANOID-SYN|Phylloquinone-Biosynthesis|QUINONE-SYN|Quinone-Biosynthesis|SECONDARY-METABOLITE-BIOSYNTHESIS|Salicylate-Biosynthesis|Siderophores-Biosynthesis
rxn05255_c0	>	Cytosol	Unknown	folate transport via proton simport		0		(1)  cpd00067[e0] + (1)  cpd00393[e0] => (1)  cpd00067[c0] + (1)  cpd00393[c0]	(1)  H+ [e0][e0] + (1)  Folate [e0][e0] => (1)  H+ [c0][c0] + (1)  Folate [c0][c0]	rxn05255	FOLt			
rxn02832_c0	<	Cytosol	Unknown	(1R,6R)-6-hydroxy-2-succinylcyclohexa-2,4-diene-1-carboxylate hydrolyase (2-succinylbenzoate-forming)		25.06		(1)  cpd00001[c0] + (1)  cpd01772[c0] <= (1)  cpd03451[c0]	(1)  H2O [c0][c0] + (1)  Succinylbenzoate [c0][c0] <= (1)  SHCHC [c0][c0]	rxn02832		R04031	Ubiquinone and other terpenoid-quinone biosynthesis	ALL-CHORISMATE-PWY|Biosynthesis|Cofactor-Biosynthesis|DHNA-Biosynthesis|Demethylmenaquinone-Biosynthesis|Menaquinone-Biosynthesis|PHENYLPROPANOID-SYN|Phylloquinone-Biosynthesis|QUINONE-SYN|Quinone-Biosynthesis|SECONDARY-METABOLITE-BIOSYNTHESIS
rxn09104_c0	>	Cytosol	Unknown	phosphatidylglycerol phosphate phosphatase (periplasm, n-C16:0)		-214.82		(1)  cpd00001[c0] + (1)  cpd15545[c0] => (1)  cpd00009[c0] + (1)  cpd00067[c0] + (1)  cpd15538[c0]	(1)  H2O [c0][c0] + (1)  Phosphatidylglycerophosphate dihexadecanoyl [c0][c0] => (1)  Phosphate [c0][c0] + (1)  H+ [c0][c0] + (1)  Phosphatidylglycerol dihexadecanoyl [c0][c0]	rxn09104	PGPP160pp			
bio1	=>	c0		GramNegativeBiomass				(40) cpd00001[c0]+(40) cpd00002[c0]+(0.00160004066244054) cpd00003[c0]+(0.00160004066244054) cpd00006[c0]+(0.00160004066244054) cpd00010[c0]+(0.00160004066244054) cpd00015[c0]+(0.00160004066244054) cpd00016[c0]+(0.00160004066244054) cpd00017[c0]+(0.00160004066244054) cpd00028[c0]+(0.00160004066244054) cpd00030[c0]+(0.00160004066244054) cpd00034[c0]+(0.00160004066244054) cpd00042[c0]+(0.00160004066244054) cpd00048[c0]+(0.00160004066244054) cpd00056[c0]+(0.00160004066244054) cpd00058[c0]+(0.00160004066244054) cpd00063[c0]+(0.00160004066244054) cpd00087[c0]+(0.00160004066244054) cpd00099[c0]+(0.00160004066244054) cpd00118[c0]+(0.00160004066244054) cpd00149[c0]+(0.00160004066244054) cpd00166[c0]+(0.00160004066244054) cpd00201[c0]+(0.00160004066244054) cpd00205[c0]+(0.00160004066244054) cpd00220[c0]+(0.00160004066244054) cpd00254[c0]+(0.00160004066244054) cpd00264[c0]+(0.00160004066244054) cpd00345[c0]+(0.00160004066244054) cpd00557[c0]+(0.032079293220334) cpd02229[c0]+(0.032079293220334) cpd03736[c0]+(0.00160004066244054) cpd10515[c0]+(0.00160004066244054) cpd10516[c0]+(0.0121667) cpd11461[c0]+(0.1911666) cpd11462[c0]+(0.5441666) cpd11463[c0]+(0.00160004066244054) cpd11493[c0]+(0.00160004066244054) cpd15352[c0]+(0.00160004066244054) cpd15500[c0]+(0.0248034535317025) cpd15533[c0]+(0.0248034535317025) cpd15540[c0]+(0.00160004066244054) cpd15560[c0]+(0.032079293220334) cpd15665[c0]+(0.0248034535317025) cpd15793[c0]=>(40) cpd00008[c0]+(39.9983999593376) cpd00009[c0]+(40) cpd00067[c0]+(0.00160004066244054) cpd01997[c0]+(0.00160004066244054) cpd03422[c0]+(1) cpd11416[c0]+(0.00160004066244054) cpd12370[c0]+(0.032079293220334) cpd15666[c0]	(0.00160004066244054) 10-Formyltetrahydrofolate[c0]+(0.00160004066244054) 2-Demethylmenaquinone 8[c0]+(0.00160004066244054) 5-Methyltetrahydrofolate[c0]+(0.00160004066244054) ACP[c0]+(40) ATP[c0]+(0.032079293220334) Bactoprenyl diphosphate[c0]+(0.00160004066244054) Ca2+[c0]+(0.00160004066244054) Calomide[c0]+(0.00160004066244054) Cl-[c0]+(0.00160004066244054) Co2+[c0]+(0.00160004066244054) CoA[c0]+(0.00160004066244054) Cu2+[c0]+(0.0121667) DNA[c0]+(0.00160004066244054) FAD[c0]+(0.00160004066244054) Fe2+[c0]+(0.00160004066244054) GSH[c0]+(40) H2O[c0]+(0.00160004066244054) Heme[c0]+(0.00160004066244054) K+[c0]+(0.032079293220334) Lauroyl-KDO2-lipid IV(A) [c0]+(0.00160004066244054) Menaquinone 8[c0]+(0.00160004066244054) Mg[c0]+(0.00160004066244054) Mn2+[c0]+(0.00160004066244054) NAD[c0]+(0.00160004066244054) NADP[c0]+(0.032079293220334) Peptidoglycan polymer (n subunits) [c0]+(0.0248034535317025) Phosphatidylglycerol dioctadecanoyl[c0]+(0.5441666) Protein[c0]+(0.00160004066244054) Putrescine[c0]+(0.00160004066244054) Pyridoxal phosphate[c0]+(0.00160004066244054) Riboflavin[c0]+(0.00160004066244054) S-Adenosyl-L-methionine[c0]+(0.00160004066244054) Siroheme[c0]+(0.00160004066244054) Spermidine[c0]+(0.0248034535317025) Stearoylcardiolipin (B. subtilis) [c0]+(0.00160004066244054) Sulfate[c0]+(0.00160004066244054) TPP[c0]+(0.00160004066244054) Tetrahydrofolate[c0]+(0.00160004066244054) Ubiquinone-8[c0]+(0.00160004066244054) Zn2+[c0]+(0.00160004066244054) fe3[c0]+(0.1911666) mRNA[c0]+(0.0248034535317025) phosphatidylethanolamine dioctadecanoyl[c0]=>(40) ADP[c0]+(1) Biomass[c0]+(0.00160004066244054) Cobinamide[c0]+(0.00160004066244054) Dimethylbenzimidazole[c0]+(40) H+[c0]+(0.032079293220334) Peptidoglycan polymer (n-1 subunits) [c0]+(39.9983999593376) Phosphate[c0]+(0.00160004066244054) apo-ACP[c0]
