,ATPM_flux,GAM_value,Mean_Difference,R2_Score
0,10.0,10,0.009526964789900626,0.008419919476663651
1,10.0,20,0.009526964789900517,0.008419919476686077
2,10.0,30,0.009526964789901721,0.008419919476468807
3,10.0,40,0.009526964789900116,0.008419919476768345
4,10.0,50,0.009526964789899318,0.008419919476913007
5,10.0,60,0.009526964789898399,0.008419919477078985
6,10.0,70,0.009526964789900873,0.008419919476617022
7,10.0,80,0.009526964789901178,0.008419919476559623
8,10.0,90,0.00952696478989994,0.008419919476791216
9,10.0,100,0.00952696478989961,0.008419919476857052
10,10.0,110,0.009526964789898767,0.00841991947700893
11,10.0,120,0.009526964789903085,0.008419919476211901
12,10.0,130,0.009526964789898684,0.008419919477026583
13,10.0,140,0.009526964789898286,0.00841991947709464
14,10.1,10,0.00952696478990072,0.00841991947664944
15,10.1,20,0.009526964789900632,0.008419919476667537
16,10.1,30,0.009526964789901726,0.008419919476467919
17,10.1,40,0.009526964789900063,0.008419919476778115
18,10.1,50,0.00952696478989938,0.008419919476896687
19,10.1,60,0.009526964789898375,0.008419919477082316
20,10.1,70,0.009526964789900873,0.008419919476617022
21,10.1,80,0.009526964789901188,0.008419919476557847
22,10.1,90,0.009526964789899945,0.008419919476790216
23,10.1,100,0.009526964789899613,0.00841991947685572
24,10.1,110,0.009526964789898763,0.008419919477009374
25,10.1,120,0.009526964789903123,0.008419919476212012
26,10.1,130,0.0095269647898987,0.00841991947702414
27,10.1,140,0.009526964789898364,0.008419919477086535
28,10.2,10,0.009526964789900708,0.00841991947664722
29,10.2,20,0.009526964789900783,0.008419919476635451
30,10.2,30,0.009526964789901735,0.008419919476465365
31,10.2,40,0.009526964789900111,0.008419919476768123
32,10.2,50,0.009526964789899405,0.008419919476890136
33,10.2,60,0.009526964789898376,0.008419919477082982
34,10.2,70,0.009526964789900928,0.008419919476606363
35,10.2,80,0.009526964789901182,0.008419919476559956
36,10.2,90,0.009526964789899945,0.008419919476791105
37,10.2,100,0.0095269647898996,0.00841991947686016
38,10.2,110,0.009526964789898775,0.00841991947700682
39,10.2,120,0.009526964789903091,0.008419919476211679
40,10.2,130,0.009526964789898697,0.00841991947702525
41,10.2,140,0.009526964789898323,0.00841991947709031
42,10.299999999999999,10,0.009526964789900718,0.00841991947665044
43,10.299999999999999,20,0.009526964789900626,0.008419919476658544
44,10.299999999999999,30,0.009526964789901733,0.008419919476466253
45,10.299999999999999,40,0.00952696478990006,0.00841991947677978
46,10.299999999999999,50,0.009526964789899447,0.008419919476884363
47,10.299999999999999,60,0.009526964789898378,0.008419919477081983
48,10.299999999999999,70,0.009526964789900925,0.008419919476606585
49,10.299999999999999,80,0.009526964789901182,0.008419919476559512
50,10.299999999999999,90,0.009526964789899933,0.008419919476792992
51,10.299999999999999,100,0.00952696478989961,0.008419919476855608
52,10.299999999999999,110,0.009526964789898779,0.00841991947700671
53,10.299999999999999,120,0.009526964789903176,0.00841991947620957
54,10.299999999999999,130,0.009526964789898713,0.008419919477022808
55,10.299999999999999,140,0.009526964789898288,0.008419919477093196
56,10.399999999999999,10,0.009526964789900684,0.008419919476649773
57,10.399999999999999,20,0.009526964789900708,0.008419919476649773
58,10.399999999999999,30,0.009526964789901655,0.008419919476475246
59,10.399999999999999,40,0.00952696478990006,0.008419919476780002
60,10.399999999999999,50,0.009526964789899511,0.008419919476869375
61,10.399999999999999,60,0.009526964789898385,0.008419919477081539
62,10.399999999999999,70,0.009526964789900885,0.00841991947661569
63,10.399999999999999,80,0.009526964789901171,0.00841991947656151
64,10.399999999999999,90,0.009526964789899941,0.008419919476790882
65,10.399999999999999,100,0.00952696478989959,0.00841991947685894
66,10.399999999999999,110,0.009526964789898774,0.008419919477007931
67,10.399999999999999,120,0.00952696478990294,0.008419919476243876
68,10.399999999999999,130,0.00952696478989871,0.008419919477022253
69,10.399999999999999,140,0.009526964789898324,0.00841991947709031
70,10.499999999999998,10,0.009526964789900701,0.008419919476653437
71,10.499999999999998,20,0.00952696478990069,0.008419919476647664
72,10.499999999999998,30,0.00952696478990167,0.00841991947647358
73,10.499999999999998,40,0.009526964789900247,0.008419919476738147
74,10.499999999999998,50,0.009526964789899282,0.008419919476921
75,10.499999999999998,60,0.009526964789898375,0.008419919477082871
76,10.499999999999998,70,0.009526964789900874,0.008419919476618687
77,10.499999999999998,80,0.009526964789901204,0.008419919476554294
78,10.499999999999998,90,0.009526964789899943,0.008419919476790327
79,10.499999999999998,100,0.00952696478989959,0.008419919476858495
80,10.499999999999998,110,0.009526964789898746,0.00841991947701326
81,10.499999999999998,120,0.009526964789903147,0.008419919476201687
82,10.499999999999998,130,0.009526964789898722,0.008419919477021032
83,10.499999999999998,140,0.009526964789898383,0.008419919477082871
84,10.599999999999998,10,0.009526964789900704,0.008419919476646887
85,10.599999999999998,20,0.009526964789900859,0.008419919476620241
86,10.599999999999998,30,0.009526964789901667,0.00841991947647347
87,10.599999999999998,40,0.009526964789900257,0.008419919476735482
88,10.599999999999998,50,0.009526964789899402,0.008419919476894577
89,10.599999999999998,60,0.009526964789898361,0.008419919477085314
90,10.599999999999998,70,0.00952696478990087,0.008419919476617577
91,10.599999999999998,80,0.009526964789901192,0.00841991947655718
92,10.599999999999998,90,0.009526964789899938,0.008419919476792326
93,10.599999999999998,100,0.009526964789899606,0.008419919476857496
94,10.599999999999998,110,0.009526964789898755,0.008419919477010929
95,10.599999999999998,120,0.00952696478990308,0.008419919476220006
96,10.599999999999998,130,0.009526964789898723,0.008419919477021476
97,10.599999999999998,140,0.009526964789898321,0.008419919477091087
98,10.699999999999998,10,0.009526964789900668,0.008419919476658433
99,10.699999999999998,20,0.009526964789900647,0.00841991947665477
100,10.699999999999998,30,0.009526964789901655,0.008419919476475357
101,10.699999999999998,40,0.009526964789900422,0.008419919476703619
102,10.699999999999998,50,0.009526964789899336,0.008419919476910898
103,10.699999999999998,60,0.009526964789898371,0.008419919477084314
104,10.699999999999998,70,0.009526964789900842,0.00841991947662346
105,10.699999999999998,80,0.009526964789901188,0.008419919476558624
106,10.699999999999998,90,0.009526964789899945,0.008419919476791216
107,10.699999999999998,100,0.00952696478989958,0.008419919476862159
108,10.699999999999998,110,0.009526964789898765,0.008419919477008708
109,10.699999999999998,120,0.009526964789903152,0.008419919476208904
110,10.699999999999998,130,0.009526964789898753,0.008419919477014703
111,10.699999999999998,140,0.00952696478989833,0.008419919477089644
112,10.799999999999997,10,0.009526964789900665,0.008419919476650994
113,10.799999999999997,20,0.009526964789900644,0.008419919476666538
114,10.799999999999997,30,0.009526964789901763,0.008419919476459703
115,10.799999999999997,40,0.009526964789900415,0.008419919476704063
116,10.799999999999997,50,0.009526964789899442,0.008419919476888915
117,10.799999999999997,60,0.009526964789898371,0.008419919477084203
118,10.799999999999997,70,0.009526964789900845,0.008419919476624904
119,10.799999999999997,80,0.009526964789901199,0.008419919476555737
120,10.799999999999997,90,0.009526964789899945,0.008419919476790216
121,10.799999999999997,100,0.009526964789899577,0.008419919476862825
122,10.799999999999997,110,0.009526964789898788,0.008419919477005378
123,10.799999999999997,120,0.00952696478990313,0.008419919476220117
124,10.799999999999997,130,0.009526964789898736,0.008419919477018034
125,10.799999999999997,140,0.009526964789898363,0.008419919477086757
126,10.899999999999997,10,0.00952696478990067,0.008419919476659099
127,10.899999999999997,20,0.009526964789900462,0.008419919476695625
128,10.899999999999997,30,0.009526964789901773,0.008419919476460147
129,10.899999999999997,40,0.009526964789900429,0.008419919476699733
130,10.899999999999997,50,0.009526964789899343,0.008419919476914783
131,10.899999999999997,60,0.009526964789898347,0.008419919477086646
132,10.899999999999997,70,0.00952696478990084,0.008419919476624016
133,10.899999999999997,80,0.009526964789901197,0.008419919476555293
134,10.899999999999997,90,0.009526964789899938,0.008419919476792659
135,10.899999999999997,100,0.009526964789899586,0.008419919476860493
136,10.899999999999997,110,0.00952696478989878,0.008419919477007154
137,10.899999999999997,120,0.009526964789903098,0.008419919476207016
138,10.899999999999997,130,0.009526964789898732,0.008419919477019366
139,10.899999999999997,140,0.009526964789898335,0.008419919477088533
140,10.999999999999996,10,0.009526964789900684,0.008419919476649551
141,10.999999999999996,20,0.009526964789900637,0.008419919476667537
142,10.999999999999996,30,0.009526964789901764,0.008419919476460702
143,10.999999999999996,40,0.009526964789900411,0.008419919476704951
144,10.999999999999996,50,0.009526964789899362,0.008419919476910231
145,10.999999999999996,60,0.009526964789898376,0.008419919477084759
146,10.999999999999996,70,0.00952696478990084,0.008419919476624016
147,10.999999999999996,80,0.009526964789901187,0.008419919476557625
148,10.999999999999996,90,0.009526964789899927,0.008419919476794435
149,10.999999999999996,100,0.009526964789899573,0.00841991947686227
150,10.999999999999996,110,0.009526964789898772,0.008419919477008153
151,10.999999999999996,120,0.009526964789903062,0.008419919476221338
152,10.999999999999996,130,0.009526964789898746,0.008419919477015814
153,10.999999999999996,140,0.009526964789898307,0.00841991947709031
154,11.099999999999996,10,0.009526964789900678,0.0084199194766581
155,11.099999999999996,20,0.009526964789900455,0.008419919476698068
156,11.099999999999996,30,0.009526964789901794,0.00841991947645404
157,11.099999999999996,40,0.009526964789900444,0.008419919476699844
158,11.099999999999996,50,0.009526964789899398,0.008419919476906568
159,11.099999999999996,60,0.009526964789898392,0.008419919477079207
160,11.099999999999996,70,0.009526964789900845,0.008419919476624904
161,11.099999999999996,80,0.009526964789901211,0.008419919476552962
162,11.099999999999996,90,0.009526964789899943,0.008419919476791105
163,11.099999999999996,100,0.009526964789899582,0.008419919476861382
164,11.099999999999996,110,0.009526964789898777,0.008419919477006266
165,11.099999999999996,120,0.00952696478990313,0.008419919476215343
166,11.099999999999996,130,0.009526964789898736,0.008419919477019144
167,11.099999999999996,140,0.009526964789898335,0.008419919477088755
168,11.199999999999996,10,0.00952696478990069,0.008419919476647886
169,11.199999999999996,20,0.009526964789900628,0.008419919476672977
170,11.199999999999996,30,0.009526964789901702,0.008419919476467141
171,11.199999999999996,40,0.009526964789900443,0.008419919476702065
172,11.199999999999996,50,0.00952696478989938,0.008419919476903903
173,11.199999999999996,60,0.009526964789898461,0.008419919477073323
174,11.199999999999996,70,0.00952696478990084,0.008419919476624016
175,11.199999999999996,80,0.009526964789901223,0.008419919476550741
176,11.199999999999996,90,0.009526964789899945,0.00841991947679055
177,11.199999999999996,100,0.009526964789899582,0.008419919476860938
178,11.199999999999996,110,0.009526964789898788,0.008419919477004711
179,11.199999999999996,120,0.009526964789903001,0.008419919476233995
180,11.199999999999996,130,0.009526964789898746,0.008419919477017923
181,11.199999999999996,140,0.009526964789898335,0.008419919477088422
182,11.299999999999995,10,0.009526964789900715,0.008419919476649218
183,11.299999999999995,20,0.009526964789900904,0.00841991947661036
184,11.299999999999995,30,0.00952696478990172,0.008419919476462923
185,11.299999999999995,40,0.009526964789900411,0.008419919476706395
186,11.299999999999995,50,0.009526964789899397,0.008419919476898352
187,11.299999999999995,60,0.009526964789898429,0.008419919477076654
188,11.299999999999995,70,0.00952696478990083,0.008419919476625792
189,11.299999999999995,80,0.009526964789901216,0.008419919476552518
190,11.299999999999995,90,0.009526964789899946,0.00841991947679066
191,11.299999999999995,100,0.009526964789899565,0.008419919476864157
192,11.299999999999995,110,0.0095269647898988,0.008419919477002713
193,11.299999999999995,120,0.009526964789903202,0.008419919476191584
194,11.299999999999995,130,0.009526964789898756,0.008419919477014592
195,11.299999999999995,140,0.009526964789898291,0.008419919477093862
196,11.399999999999995,10,0.009526964789900703,0.008419919476645332
197,11.399999999999995,20,0.009526964789900626,0.008419919476659099
198,11.399999999999995,30,0.009526964789901704,0.00841991947646581
199,11.399999999999995,40,0.009526964789900439,0.008419919476698401
200,11.399999999999995,50,0.009526964789899397,0.00841991947690357
201,11.399999999999995,60,0.009526964789898482,0.008419919477070548
202,11.399999999999995,70,0.009526964789900845,0.00841991947662557
203,11.399999999999995,80,0.009526964789901228,0.00841991947654952
204,11.399999999999995,90,0.009526964789899948,0.00841991947679066
205,11.399999999999995,100,0.009526964789899587,0.00841991947686016
206,11.399999999999995,110,0.009526964789898774,0.008419919477008042
207,11.399999999999995,120,0.00952696478990308,0.008419919476221671
208,11.399999999999995,130,0.009526964789898713,0.008419919477022364
209,11.399999999999995,140,0.00952696478989835,0.008419919477086757
210,11.499999999999995,10,0.009526964789900694,0.008419919476653548
211,11.499999999999995,20,0.00952696478990096,0.0084199194766017
212,11.499999999999995,30,0.009526964789901718,0.0084199194764627
213,11.499999999999995,40,0.009526964789900425,0.008419919476704507
214,11.499999999999995,50,0.009526964789899443,0.008419919476895465
215,11.499999999999995,60,0.009526964789898505,0.008419919477063331
216,11.499999999999995,70,0.009526964789900843,0.008419919476624127
217,11.499999999999995,80,0.009526964789901227,0.008419919476550186
218,11.499999999999995,90,0.009526964789899953,0.008419919476789328
219,11.499999999999995,100,0.009526964789899584,0.008419919476860827
220,11.499999999999995,110,0.009526964789898774,0.008419919477007265
221,11.499999999999995,120,0.00952696478990303,0.008419919476227111
222,11.499999999999995,130,0.00952696478989875,0.00841991947701537
223,11.499999999999995,140,0.009526964789898371,0.00841991947708487
224,11.599999999999994,10,0.009526964789900698,0.008419919476646442
225,11.599999999999994,20,0.009526964789900522,0.008419919476680082
226,11.599999999999994,30,0.009526964789901803,0.00841991947645293
227,11.599999999999994,40,0.009526964789900476,0.008419919476692406
228,11.599999999999994,50,0.009526964789899433,0.00841991947689491
229,11.599999999999994,60,0.009526964789898439,0.008419919477075655
230,11.599999999999994,70,0.009526964789900843,0.008419919476624127
231,11.599999999999994,80,0.009526964789901206,0.00841991947655496
232,11.599999999999994,90,0.009526964789899969,0.008419919476784554
233,11.599999999999994,100,0.009526964789899587,0.008419919476859494
234,11.599999999999994,110,0.009526964789898791,0.008419919477004156
235,11.599999999999994,120,0.009526964789903124,0.008419919476221338
236,11.599999999999994,130,0.009526964789898746,0.00841991947701659
237,11.599999999999994,140,0.009526964789898347,0.008419919477086202
238,11.699999999999994,10,0.009526964789900727,0.008419919476641002
239,11.699999999999994,20,0.009526964789900975,0.00841991947659948
240,11.699999999999994,30,0.009526964789901777,0.008419919476456816
241,11.699999999999994,40,0.009526964789900292,0.008419919476725712
242,11.699999999999994,50,0.009526964789899466,0.008419919476885807
243,11.699999999999994,60,0.009526964789898533,0.008419919477061777
244,11.699999999999994,70,0.009526964789900845,0.00841991947662557
245,11.699999999999994,80,0.00952696478990127,0.008419919476541526
246,11.699999999999994,90,0.00952696478989997,0.008419919476784443
247,11.699999999999994,100,0.00952696478989956,0.008419919476866156
248,11.699999999999994,110,0.00952696478989878,0.008419919477007154
249,11.699999999999994,120,0.009526964789903078,0.008419919476224225
250,11.699999999999994,130,0.009526964789898723,0.008419919477021365
251,11.699999999999994,140,0.009526964789898304,0.008419919477091975
252,11.799999999999994,10,0.009526964789900777,0.008419919476638671
253,11.799999999999994,20,0.009526964789900639,0.008419919476656101
254,11.799999999999994,30,0.009526964789901815,0.0084199194764496
255,11.799999999999994,40,0.009526964789900293,0.008419919476723603
256,11.799999999999994,50,0.009526964789899511,0.008419919476874371
257,11.799999999999994,60,0.00952696478989854,0.008419919477055338
258,11.799999999999994,70,0.009526964789900843,0.008419919476624127
259,11.799999999999994,80,0.009526964789901244,0.008419919476546522
260,11.799999999999994,90,0.009526964789899981,0.008419919476783999
261,11.799999999999994,100,0.009526964789899558,0.008419919476867266
262,11.799999999999994,110,0.009526964789898775,0.008419919477008153
263,11.799999999999994,120,0.00952696478990314,0.008419919476211679
264,11.799999999999994,130,0.00952696478989875,0.008419919477015259
265,11.799999999999994,140,0.009526964789898371,0.00841991947708487
266,11.899999999999993,10,0.009526964789900717,0.00841991947664289
267,11.899999999999993,20,0.009526964789900618,0.008419919476674531
268,11.899999999999993,30,0.0095269647899018,0.008419919476453153
269,11.899999999999993,40,0.00952696478990023,0.008419919476734816
270,11.899999999999993,50,0.009526964789899416,0.00841991947689591
271,11.899999999999993,60,0.009526964789898595,0.008419919477049675
272,11.899999999999993,70,0.009526964789900843,0.008419919476624127
273,11.899999999999993,80,0.009526964789901216,0.008419919476552407
274,11.899999999999993,90,0.00952696478989997,0.008419919476786775
275,11.899999999999993,100,0.009526964789899572,0.008419919476863158
276,11.899999999999993,110,0.009526964789898769,0.008419919477009152
277,11.899999999999993,120,0.00952696478990312,0.008419919476223336
278,11.899999999999993,130,0.009526964789898751,0.00841991947701537
279,11.899999999999993,140,0.009526964789898324,0.00841991947709142
280,11.999999999999993,10,0.00952696478990072,0.00841991947664833
281,11.999999999999993,20,0.009526964789900644,0.008419919476656657
282,11.999999999999993,30,0.009526964789901749,0.008419919476455928
283,11.999999999999993,40,0.009526964789900247,0.00841991947673093
284,11.999999999999993,50,0.009526964789899568,0.008419919476865934
285,11.999999999999993,60,0.009526964789898505,0.008419919477062221
286,11.999999999999993,70,0.009526964789900845,0.00841991947662557
287,11.999999999999993,80,0.009526964789901267,0.008419919476542082
288,11.999999999999993,90,0.009526964789899972,0.008419919476785886
289,11.999999999999993,100,0.00952696478989956,0.00841991947686549
290,11.999999999999993,110,0.009526964789898779,0.008419919477005378
291,11.999999999999993,120,0.009526964789903032,0.008419919476226223
292,11.999999999999993,130,0.009526964789898755,0.008419919477015037
293,11.999999999999993,140,0.009526964789898291,0.008419919477094306
294,12.099999999999993,10,0.009526964789900727,0.008419919476637117
295,12.099999999999993,20,0.009526964789900555,0.008419919476687854
296,12.099999999999993,30,0.009526964789901777,0.008419919476453153
297,12.099999999999993,40,0.009526964789900212,0.008419919476737703
298,12.099999999999993,50,0.009526964789899391,0.008419919476904014
299,12.099999999999993,60,0.009526964789898562,0.008419919477052118
300,12.099999999999993,70,0.009526964789900843,0.008419919476624127
301,12.099999999999993,80,0.009526964789901284,0.008419919476537086
302,12.099999999999993,90,0.009526964789899969,0.008419919476785886
303,12.099999999999993,100,0.009526964789899567,0.00841991947686449
304,12.099999999999993,110,0.009526964789898788,0.008419919477005822
305,12.099999999999993,120,0.009526964789903126,0.00841991947621401
306,12.099999999999993,130,0.00952696478989876,0.008419919477013815
307,12.099999999999993,140,0.009526964789898331,0.008419919477089866
308,12.199999999999992,10,0.009526964789900708,0.008419919476646442
309,12.199999999999992,20,0.009526964789900639,0.008419919476657656
310,12.199999999999992,30,0.009526964789901761,0.008419919476454929
311,12.199999999999992,40,0.009526964789900252,0.00841991947672971
312,12.199999999999992,50,0.0095269647898996,0.008419919476856497
313,12.199999999999992,60,0.009526964789898538,0.008419919477059779
314,12.199999999999992,70,0.009526964789900843,0.008419919476624127
315,12.199999999999992,80,0.009526964789901272,0.008419919476541082
316,12.199999999999992,90,0.009526964789899959,0.008419919476787108
317,12.199999999999992,100,0.009526964789899567,0.008419919476865156
318,12.199999999999992,110,0.009526964789898796,0.008419919477003268
319,12.199999999999992,120,0.009526964789903093,0.008419919476222004
320,12.199999999999992,130,0.009526964789898767,0.008419919477012816
321,12.199999999999992,140,0.00952696478989835,0.008419919477088644
322,12.299999999999992,10,0.009526964789900718,0.008419919476639781
323,12.299999999999992,20,0.009526964789900599,0.008419919476682747
324,12.299999999999992,30,0.009526964789901785,0.008419919476451598
325,12.299999999999992,40,0.009526964789900283,0.008419919476724935
326,12.299999999999992,50,0.00952696478989949,0.008419919476877258
327,12.299999999999992,60,0.009526964789898453,0.008419919477078652
328,12.299999999999992,70,0.009526964789900845,0.00841991947662557
329,12.299999999999992,80,0.009526964789901244,0.008419919476546744
330,12.299999999999992,90,0.009526964789899972,0.00841991947678511
331,12.299999999999992,100,0.009526964789899573,0.00841991947686227
332,12.299999999999992,110,0.009526964789898775,0.008419919477007487
333,12.299999999999992,120,0.009526964789903019,0.008419919476228999
334,12.299999999999992,130,0.009526964789898838,0.008419919477005822
335,12.299999999999992,140,0.009526964789898331,0.008419919477087978
336,12.399999999999991,10,0.009526964789900694,0.008419919476652993
337,12.399999999999991,20,0.009526964789900972,0.008419919476598814
338,12.399999999999991,30,0.009526964789901818,0.008419919476449711
339,12.399999999999991,40,0.00952696478990031,0.008419919476720938
340,12.399999999999991,50,0.009526964789899584,0.00841991947686016
341,12.399999999999991,60,0.009526964789898507,0.00841991947707077
342,12.399999999999991,70,0.009526964789900843,0.008419919476624127
343,12.399999999999991,80,0.009526964789901251,0.008419919476545745
344,12.399999999999991,90,0.009526964789899962,0.00841991947678733
345,12.399999999999991,100,0.009526964789899594,0.008419919476859494
346,12.399999999999991,110,0.009526964789898779,0.0084199194770056
347,12.399999999999991,120,0.009526964789903164,0.008419919476215454
348,12.399999999999991,130,0.009526964789898831,0.008419919477001825
349,12.399999999999991,140,0.009526964789898352,0.008419919477084647
350,12.499999999999991,10,0.009526964789900706,0.008419919476641002
351,12.499999999999991,20,0.009526964789900668,0.008419919476646887
352,12.499999999999991,30,0.009526964789901865,0.00841991947644094
353,12.499999999999991,40,0.009526964789900286,0.008419919476723603
354,12.499999999999991,50,0.009526964789899537,0.008419919476868376
355,12.499999999999991,60,0.009526964789898446,0.00841991947707299
356,12.499999999999991,70,0.009526964789900843,0.008419919476624127
357,12.499999999999991,80,0.009526964789901267,0.008419919476541637
358,12.499999999999991,90,0.009526964789899962,0.00841991947678744
359,12.499999999999991,100,0.00952696478989957,0.008419919476863602
360,12.499999999999991,110,0.009526964789898793,0.008419919477004378
361,12.499999999999991,120,0.009526964789903116,0.008419919476217674
362,12.499999999999991,130,0.00952696478989884,0.008419919477003046
363,12.499999999999991,140,0.009526964789898349,0.008419919477087201
364,12.59999999999999,10,0.009526964789900661,0.00841991947665821
365,12.59999999999999,20,0.00952696478990092,0.008419919476609916
366,12.59999999999999,30,0.009526964789901836,0.008419919476445936
367,12.59999999999999,40,0.009526964789900335,0.008419919476714832
368,12.59999999999999,50,0.009526964789899452,0.00841991947688514
369,12.59999999999999,60,0.00952696478989865,0.008419919477039794
370,12.59999999999999,70,0.009526964789900845,0.00841991947662557
371,12.59999999999999,80,0.009526964789901254,0.008419919476544968
372,12.59999999999999,90,0.00952696478989996,0.008419919476787552
373,12.59999999999999,100,0.009526964789899593,0.008419919476858606
374,12.59999999999999,110,0.00952696478989878,0.00841991947700682
375,12.59999999999999,120,0.00952696478990319,0.008419919476202464
376,12.59999999999999,130,0.009526964789898814,0.008419919476997162
377,12.59999999999999,140,0.009526964789898344,0.008419919477087756
378,12.69999999999999,10,0.009526964789900706,0.008419919476640225
379,12.69999999999999,20,0.009526964789900814,0.008419919476624682
380,12.69999999999999,30,0.00952696478990187,0.008419919476439053
381,12.69999999999999,40,0.009526964789900305,0.008419919476721716
382,12.69999999999999,50,0.009526964789899063,0.008419919476954085
383,12.69999999999999,60,0.009526964789898404,0.00841991947709042
384,12.69999999999999,70,0.009526964789900843,0.008419919476624127
385,12.69999999999999,80,0.009526964789901277,0.008419919476539639
386,12.69999999999999,90,0.009526964789899965,0.008419919476786997
387,12.69999999999999,100,0.009526964789899573,0.008419919476862825
388,12.69999999999999,110,0.009526964789898796,0.00841991947700349
389,12.69999999999999,120,0.009526964789903114,0.008419919476216231
390,12.69999999999999,130,0.009526964789898824,0.008419919477001048
391,12.69999999999999,140,0.00952696478989836,0.008419919477085314
392,12.79999999999999,10,0.009526964789900656,0.008419919476659432
393,12.79999999999999,20,0.009526964789900406,0.008419919476701399
394,12.79999999999999,30,0.009526964789901815,0.008419919476446491
395,12.79999999999999,40,0.00952696478990032,0.00841991947671794
396,12.79999999999999,50,0.009526964789899095,0.008419919476951865
397,12.79999999999999,60,0.009526964789898612,0.008419919477055893
398,12.79999999999999,70,0.009526964789900843,0.008419919476624127
399,12.79999999999999,80,0.00952696478990128,0.008419919476540194
400,12.79999999999999,90,0.009526964789899972,0.008419919476785998
401,12.79999999999999,100,0.00952696478989959,0.008419919476859272
402,12.79999999999999,110,0.009526964789898767,0.008419919477008708
403,12.79999999999999,120,0.009526964789903065,0.00841991947621823
404,12.79999999999999,130,0.00952696478989883,0.008419919477001159
405,12.79999999999999,140,0.009526964789898352,0.008419919477086535
406,12.89999999999999,10,0.009526964789900687,0.008419919476644333
407,12.89999999999999,20,0.009526964789900305,0.008419919476722049
408,12.89999999999999,30,0.009526964789901804,0.008419919476447046
409,12.89999999999999,40,0.009526964789900333,0.008419919476717719
410,12.89999999999999,50,0.009526964789899102,0.008419919476946425
411,12.89999999999999,60,0.009526964789898616,0.008419919477057669
412,12.89999999999999,70,0.009526964789900845,0.00841991947662557
413,12.89999999999999,80,0.00952696478990125,0.008419919476545856
414,12.89999999999999,90,0.009526964789899988,0.008419919476783
415,12.89999999999999,100,0.009526964789899551,0.008419919476866822
416,12.89999999999999,110,0.009526964789898756,0.008419919477010374
417,12.89999999999999,120,0.009526964789903175,0.008419919476212123
418,12.89999999999999,130,0.009526964789898718,0.008419919477011706
419,12.89999999999999,140,0.009526964789898345,0.008419919477086757
420,12.99999999999999,10,0.009526964789900665,0.008419919476660986
421,12.99999999999999,20,0.009526964789900628,0.008419919476667093
422,12.99999999999999,30,0.009526964789901452,0.008419919476518434
423,12.99999999999999,40,0.0095269647899003,0.008419919476722382
424,12.99999999999999,50,0.009526964789899317,0.008419919476913673
425,12.99999999999999,60,0.009526964789898448,0.008419919477077542
426,12.99999999999999,70,0.009526964789900843,0.008419919476624127
427,12.99999999999999,80,0.00952696478990129,0.008419919476537086
428,12.99999999999999,90,0.009526964789899988,0.008419919476782778
429,12.99999999999999,100,0.009526964789899563,0.008419919476864712
430,12.99999999999999,110,0.009526964789898801,0.008419919477002713
431,12.99999999999999,120,0.009526964789903112,0.008419919476216453
432,12.99999999999999,130,0.009526964789898541,0.008419919477051674
433,12.99999999999999,140,0.009526964789898335,0.0084199194770882
434,13.099999999999989,10,0.009526964789900711,0.008419919476641669
435,13.099999999999989,20,0.00952696478990029,0.00841991947672649
436,13.099999999999989,30,0.009526964789901442,0.008419919476522097
437,13.099999999999989,40,0.009526964789900344,0.0084199194767125
438,13.099999999999989,50,0.009526964789899332,0.008419919476913673
439,13.099999999999989,60,0.009526964789898552,0.00841991947706111
440,13.099999999999989,70,0.009526964789900843,0.008419919476624127
441,13.099999999999989,80,0.009526964789901301,0.008419919476534976
442,13.099999999999989,90,0.009526964789900018,0.008419919476777782
443,13.099999999999989,100,0.009526964789899561,0.008419919476864934
444,13.099999999999989,110,0.009526964789898812,0.008419919477001048
445,13.099999999999989,120,0.009526964789903208,0.008419919476197912
446,13.099999999999989,130,0.009526964789898538,0.008419919477052451
447,13.099999999999989,140,0.009526964789898335,0.008419919477089421
448,13.199999999999989,10,0.009526964789900642,0.008419919476663984
449,13.199999999999989,20,0.009526964789900515,0.008419919476673421
450,13.199999999999989,30,0.009526964789901457,0.00841991947651377
451,13.199999999999989,40,0.009526964789900456,0.008419919476695625
452,13.199999999999989,50,0.00952696478989908,0.008419919476953308
453,13.199999999999989,60,0.0095269647898984,0.00841991947709364
454,13.199999999999989,70,0.009526964789900845,0.00841991947662557
455,13.199999999999989,80,0.009526964789901279,0.008419919476540527
456,13.199999999999989,90,0.009526964789900021,0.008419919476777338
457,13.199999999999989,100,0.009526964789899558,0.008419919476867599
458,13.199999999999989,110,0.009526964789898772,0.008419919477008153
459,13.199999999999989,120,0.009526964789903196,0.008419919476210125
460,13.199999999999989,130,0.009526964789898429,0.008419919477070659
461,13.199999999999989,140,0.009526964789898331,0.008419919477089532
462,13.299999999999988,10,0.009526964789900668,0.00841991947664944
463,13.299999999999988,20,0.009526964789900467,0.008419919476692739
464,13.299999999999988,30,0.009526964789901412,0.008419919476524429
465,13.299999999999988,40,0.009526964789900432,0.008419919476700621
466,13.299999999999988,50,0.009526964789899126,0.008419919476945092
467,13.299999999999988,60,0.009526964789898538,0.008419919477071991
468,13.299999999999988,70,0.009526964789900843,0.008419919476624127
469,13.299999999999988,80,0.009526964789901329,0.00841991947652998
470,13.299999999999988,90,0.009526964789900023,0.008419919476776894
471,13.299999999999988,100,0.009526964789899567,0.008419919476864157
472,13.299999999999988,110,0.00952696478989876,0.008419919477010374
473,13.299999999999988,120,0.009526964789902958,0.008419919476233773
474,13.299999999999988,130,0.009526964789898479,0.00841991947706111
475,13.299999999999988,140,0.009526964789898321,0.008419919477090976
476,13.399999999999988,10,0.009526964789900637,0.008419919476665538
477,13.399999999999988,20,0.009526964789900455,0.00841991947670273
478,13.399999999999988,30,0.009526964789901452,0.008419919476513216
479,13.399999999999988,40,0.009526964789900467,0.008419919476694293
480,13.399999999999988,50,0.00952696478989936,0.008419919476907234
481,13.399999999999988,60,0.009526964789898456,0.008419919477077764
482,13.399999999999988,70,0.009526964789900843,0.008419919476624127
483,13.399999999999988,80,0.009526964789901308,0.008419919476533977
484,13.399999999999988,90,0.009526964789900018,0.00841991947677756
485,13.399999999999988,100,0.009526964789899551,0.008419919476868376
486,13.399999999999988,110,0.009526964789898763,0.008419919477011262
487,13.399999999999988,120,0.009526964789903192,0.00841991947619769
488,13.399999999999988,130,0.00952696478989846,0.008419919477065552
489,13.399999999999988,140,0.009526964789898323,0.00841991947709042
490,13.499999999999988,10,0.009526964789900626,0.00841991947666576
491,13.499999999999988,20,0.009526964789900406,0.008419919476713167
492,13.499999999999988,30,0.009526964789901475,0.008419919476509108
493,13.499999999999988,40,0.009526964789900477,0.00841991947669185
494,13.499999999999988,50,0.009526964789899317,0.008419919476917004
495,13.499999999999988,60,0.009526964789898444,0.008419919477079651
496,13.499999999999988,70,0.009526964789900845,0.00841991947662557
497,13.499999999999988,80,0.009526964789900862,0.008419919476618798
498,13.499999999999988,90,0.009526964789900016,0.008419919476777893
499,13.499999999999988,100,0.009526964789899579,0.008419919476862159
500,13.499999999999988,110,0.0095269647898988,0.00841991947700238
501,13.499999999999988,120,0.00952696478990311,0.008419919476214788
502,13.499999999999988,130,0.009526964789898479,0.008419919477062998
503,13.499999999999988,140,0.009526964789898323,0.008419919477089866
504,13.599999999999987,10,0.009526964789900678,0.00841991947664733
505,13.599999999999987,20,0.009526964789900333,0.00841991947671794
506,13.599999999999987,30,0.009526964789901483,0.00841991947651266
507,13.599999999999987,40,0.009526964789900472,0.00841991947669496
508,13.599999999999987,50,0.009526964789899112,0.0084199194769502
509,13.599999999999987,60,0.009526964789898569,0.00841991947705456
510,13.599999999999987,70,0.009526964789900843,0.008419919476624127
511,13.599999999999987,80,0.009526964789900906,0.008419919476610804
512,13.599999999999987,90,0.009526964789900028,0.00841991947677545
513,13.599999999999987,100,0.009526964789899535,0.008419919476871374
514,13.599999999999987,110,0.009526964789898814,0.008419919476999937
515,13.599999999999987,120,0.009526964789903192,0.008419919476196247
516,13.599999999999987,130,0.0095269647898985,0.008419919477059223
517,13.599999999999987,140,0.009526964789898363,0.00841991947708387
518,13.699999999999987,10,0.00952696478990064,0.008419919476663762
519,13.699999999999987,20,0.00952696478990045,0.008419919476694737
520,13.699999999999987,30,0.009526964789901539,0.008419919476504223
521,13.699999999999987,40,0.009526964789900543,0.008419919476678639
522,13.699999999999987,50,0.009526964789899126,0.008419919476945092
523,13.699999999999987,60,0.009526964789898345,0.008419919477102966
524,13.699999999999987,70,0.009526964789900843,0.008419919476624127
525,13.699999999999987,80,0.009526964789900888,0.008419919476614024
526,13.699999999999987,90,0.009526964789900031,0.008419919476774784
527,13.699999999999987,100,0.00952696478989957,0.00841991947686449
528,13.699999999999987,110,0.0095269647898988,0.008419919477002824
529,13.699999999999987,120,0.009526964789903131,0.008419919476209792
530,13.699999999999987,130,0.009526964789898484,0.00841991947706311
531,13.699999999999987,140,0.009526964789898357,0.008419919477085425
532,13.799999999999986,10,0.009526964789900689,0.00841991947664733
533,13.799999999999986,20,0.009526964789900295,0.008419919476728155
534,13.799999999999986,30,0.009526964789901525,0.008419919476506221
535,13.799999999999986,40,0.00952696478990051,0.008419919476684967
536,13.799999999999986,50,0.009526964789899122,0.00841991947694709
537,13.799999999999986,60,0.009526964789898562,0.008419919477066662
538,13.799999999999986,70,0.009526964789900845,0.00841991947662557
539,13.799999999999986,80,0.009526964789900857,0.008419919476620796
540,13.799999999999986,90,0.009526964789900031,0.008419919476774451
541,13.799999999999986,100,0.009526964789899565,0.0084199194768656
542,13.799999999999986,110,0.0095269647898988,0.008419919477002491
543,13.799999999999986,120,0.009526964789903006,0.00841991947621945
544,13.799999999999986,130,0.00952696478989847,0.008419919477062221
545,13.799999999999986,140,0.009526964789898363,0.00841991947708376
546,13.899999999999986,10,0.00952696478990064,0.008419919476664428
547,13.899999999999986,20,0.009526964789900437,0.008419919476692073
548,13.899999999999986,30,0.009526964789901555,0.008419919476502002
549,13.899999999999986,40,0.00952696478990051,0.00841991947668308
550,13.899999999999986,50,0.00952696478989934,0.008419919476911897
551,13.899999999999986,60,0.009526964789898416,0.008419919477083537
552,13.899999999999986,70,0.009526964789900843,0.008419919476624127
553,13.899999999999986,80,0.009526964789900883,0.008419919476616577
554,13.899999999999986,90,0.009526964789900014,0.008419919476777782
555,13.899999999999986,100,0.009526964789899579,0.008419919476863047
556,13.899999999999986,110,0.00952696478989881,0.00841991947700016
557,13.899999999999986,120,0.009526964789903145,0.008419919476219784
558,13.899999999999986,130,0.009526964789898488,0.008419919477058113
559,13.899999999999986,140,0.00952696478989833,0.008419919477090643
560,13.999999999999986,10,0.009526964789900649,0.008419919476652327
561,13.999999999999986,20,0.009526964789900172,0.008419919476750026
562,13.999999999999986,30,0.009526964789901511,0.00841991947651366
563,13.999999999999986,40,0.009526964789900526,0.008419919476682303
564,13.999999999999986,50,0.009526964789899376,0.00841991947690468
565,13.999999999999986,60,0.00952696478989851,0.008419919477067106
566,13.999999999999986,70,0.009526964789900843,0.008419919476624127
567,13.999999999999986,80,0.009526964789900887,0.00841991947661469
568,13.999999999999986,90,0.009526964789900024,0.008419919476776228
569,13.999999999999986,100,0.00952696478989955,0.008419919476868487
570,13.999999999999986,110,0.009526964789898814,0.008419919477000604
571,13.999999999999986,120,0.009526964789903091,0.008419919476216009
572,13.999999999999986,130,0.009526964789898474,0.008419919477062554
573,13.999999999999986,140,0.009526964789898344,0.0084199194770882
574,14.099999999999985,10,0.009526964789900578,0.008419919476675641
575,14.099999999999985,20,0.00952696478990048,0.008419919476684745
576,14.099999999999985,30,0.009526964789901502,0.008419919476506221
577,14.099999999999985,40,0.00952696478990054,0.008419919476684523
578,14.099999999999985,50,0.009526964789899185,0.008419919476931437
579,14.099999999999985,60,0.009526964789898366,0.008419919477096527
580,14.099999999999985,70,0.009526964789900845,0.00841991947662557
581,14.099999999999985,80,0.00952696478990089,0.008419919476614135
582,14.099999999999985,90,0.009526964789900033,0.008419919476774451
583,14.099999999999985,100,0.009526964789899567,0.008419919476864268
584,14.099999999999985,110,0.009526964789898788,0.008419919477006266
585,14.099999999999985,120,0.00952696478990324,0.008419919476184035
586,14.099999999999985,130,0.009526964789898533,0.00841991947705023
587,14.099999999999985,140,0.009526964789898338,0.008419919477088644
588,14.199999999999985,10,0.009526964789900616,0.008419919476657989
589,14.199999999999985,20,0.009526964789900224,0.008419919476743254
590,14.199999999999985,30,0.009526964789901485,0.008419919476511661
591,14.199999999999985,40,0.009526964789900526,0.008419919476689852
592,14.199999999999985,50,0.009526964789899154,0.00841991947694165
593,14.199999999999985,60,0.00952696478989833,0.008419919477107629
594,14.199999999999985,70,0.009526964789900843,0.008419919476624127
595,14.199999999999985,80,0.009526964789900894,0.008419919476613913
596,14.199999999999985,90,0.009526964789900042,0.008419919476773674
597,14.199999999999985,100,0.009526964789899558,0.008419919476866045
598,14.199999999999985,110,0.009526964789898769,0.008419919477009596
599,14.199999999999985,120,0.009526964789903036,0.008419919476225779
600,14.199999999999985,130,0.009526964789898522,0.008419919477053672
601,14.199999999999985,140,0.009526964789898321,0.008419919477091309
602,14.299999999999985,10,0.009526964789900576,0.008419919476674087
603,14.299999999999985,20,0.009526964789900396,0.008419919476703175
604,14.299999999999985,30,0.009526964789901476,0.008419919476511328
605,14.299999999999985,40,0.009526964789900571,0.00841991947668319
606,14.299999999999985,50,0.009526964789899369,0.008419919476904902
607,14.299999999999985,60,0.00952696478989863,0.008419919477055005
608,14.299999999999985,70,0.009526964789900843,0.008419919476624127
609,14.299999999999985,80,0.0095269647899009,0.008419919476612026
610,14.299999999999985,90,0.009526964789900037,0.00841991947677423
611,14.299999999999985,100,0.00952696478989957,0.008419919476862825
612,14.299999999999985,110,0.009526964789898769,0.008419919477010818
613,14.299999999999985,120,0.009526964789903026,0.00841991947621501
614,14.299999999999985,130,0.009526964789898515,0.008419919477056781
615,14.299999999999985,140,0.009526964789898316,0.008419919477091864
616,14.399999999999984,10,0.009526964789900654,0.008419919476653326
617,14.399999999999984,20,0.009526964789900599,0.008419919476665094
618,14.399999999999984,30,0.00952696478990154,0.00841991947649956
619,14.399999999999984,40,0.009526964789900522,0.008419919476691407
620,14.399999999999984,50,0.009526964789899367,0.008419919476907345
621,14.399999999999984,60,0.009526964789898581,0.008419919477054116
622,14.399999999999984,70,0.009526964789900845,0.00841991947662557
623,14.399999999999984,80,0.009526964789900895,0.008419919476612359
624,14.399999999999984,90,0.00952696478990003,0.00841991947677645
625,14.399999999999984,100,0.00952696478989954,0.008419919476869375
626,14.399999999999984,110,0.009526964789898796,0.008419919477001825
627,14.399999999999984,120,0.009526964789903175,0.008419919476211457
628,14.399999999999984,130,0.009526964789898543,0.008419919477049675
629,14.399999999999984,140,0.009526964789898335,0.008419919477089088
630,14.499999999999984,10,0.009526964789900567,0.008419919476677973
631,14.499999999999984,20,0.009526964789900194,0.008419919476742366
632,14.499999999999984,30,0.009526964789901582,0.008419919476502224
633,14.499999999999984,40,0.009526964789900552,0.00841991947668419
634,14.499999999999984,50,0.009526964789899438,0.008419919476893023
635,14.499999999999984,60,0.009526964789898538,0.008419919477072546
636,14.499999999999984,70,0.009526964789900843,0.008419919476624127
637,14.499999999999984,80,0.009526964789900894,0.008419919476615023
638,14.499999999999984,90,0.00952696478990003,0.008419919476775672
639,14.499999999999984,100,0.009526964789899579,0.008419919476861604
640,14.499999999999984,110,0.009526964789898836,0.008419919476995719
641,14.499999999999984,120,0.009526964789903013,0.008419919476229554
642,14.499999999999984,130,0.009526964789898512,0.008419919477054894
643,14.499999999999984,140,0.009526964789898356,0.008419919477085869
644,14.599999999999984,10,0.009526964789900613,0.008419919476660986
645,14.599999999999984,20,0.009526964789900371,0.008419919476698512
646,14.599999999999984,30,0.009526964789901579,0.008419919476502336
647,14.599999999999984,40,0.009526964789900486,0.008419919476693627
648,14.599999999999984,50,0.009526964789899173,0.008419919476937876
649,14.599999999999984,60,0.009526964789898614,0.008419919477052229
650,14.599999999999984,70,0.009526964789900845,0.008419919476623683
651,14.599999999999984,80,0.009526964789900925,0.00841991947660603
652,14.599999999999984,90,0.009526964789900033,0.008419919476775561
653,14.599999999999984,100,0.009526964789899563,0.008419919476864712
654,14.599999999999984,110,0.009526964789898814,0.00841991947699905
655,14.599999999999984,120,0.009526964789903353,0.008419919476162274
656,14.599999999999984,130,0.009526964789898496,0.00841991947705778
657,14.599999999999984,140,0.009526964789898371,0.008419919477082094
658,14.699999999999983,10,0.009526964789900548,0.008419919476681414
659,14.699999999999983,20,0.009526964789900252,0.008419919476740034
660,14.699999999999983,30,0.009526964789901561,0.008419919476506221
661,14.699999999999983,40,0.009526964789900496,0.008419919476689297
662,14.699999999999983,50,0.009526964789899138,0.008419919476946425
663,14.699999999999983,60,0.009526964789898599,0.008419919477056337
664,14.699999999999983,70,0.009526964789900845,0.008419919476625348
665,14.699999999999983,80,0.00952696478990092,0.008419919476607363
666,14.699999999999983,90,0.009526964789900026,0.008419919476776672
667,14.699999999999983,100,0.00952696478989958,0.008419919476863047
668,14.699999999999983,110,0.00952696478989881,0.008419919476998605
669,14.699999999999983,120,0.009526964789903206,0.008419919476206794
670,14.699999999999983,130,0.009526964789898512,0.008419919477053228
671,14.699999999999983,140,0.009526964789898371,0.008419919477081539
672,14.799999999999983,10,0.009526964789900559,0.008419919476669646
673,14.799999999999983,20,0.009526964789900541,0.008419919476677862
674,14.799999999999983,30,0.009526964789901561,0.008419919476505555
675,14.799999999999983,40,0.009526964789900305,0.008419919476720716
676,14.799999999999983,50,0.009526964789899395,0.008419919476900461
677,14.799999999999983,60,0.009526964789898583,0.008419919477062554
678,14.799999999999983,70,0.009526964789900842,0.008419919476623905
679,14.799999999999983,80,0.009526964789900897,0.008419919476613247
680,14.799999999999983,90,0.009526964789899558,0.008419919476865934
681,14.799999999999983,100,0.009526964789899563,0.008419919476863824
682,14.799999999999983,110,0.009526964789898812,0.00841991947699905
683,14.799999999999983,120,0.009526964789903032,0.008419919476210791
684,14.799999999999983,130,0.009526964789898507,0.008419919477055782
685,14.799999999999983,140,0.009526964789898373,0.008419919477082094
686,14.899999999999983,10,0.009526964789900528,0.008419919476683746
687,14.899999999999983,20,0.009526964789900274,0.008419919476723381
688,14.899999999999983,30,0.009526964789901653,0.008419919476478133
689,14.899999999999983,40,0.009526964789900316,0.008419919476718829
690,14.899999999999983,50,0.009526964789899447,0.008419919476892912
691,14.899999999999983,60,0.00952696478989869,0.008419919477040683
692,14.899999999999983,70,0.009526964789900842,0.008419919476623905
693,14.899999999999983,80,0.009526964789900946,0.008419919476602256
694,14.899999999999983,90,0.009526964789899572,0.008419919476861826
695,14.899999999999983,100,0.009526964789899556,0.008419919476867377
696,14.899999999999983,110,0.009526964789898814,0.008419919476999604
697,14.899999999999983,120,0.009526964789903235,0.0084199194761857
698,14.899999999999983,130,0.00952696478989851,0.00841991947705889
699,14.899999999999983,140,0.009526964789898368,0.008419919477083204
700,14.999999999999982,10,0.009526964789900581,0.008419919476667204
701,14.999999999999982,20,0.009526964789900366,0.008419919476704951
702,14.999999999999982,30,0.00952696478990161,0.008419919476486681
703,14.999999999999982,40,0.009526964789900394,0.008419919476707838
704,14.999999999999982,50,0.009526964789899152,0.00841991947693932
705,14.999999999999982,60,0.0095269647898986,0.008419919477057669
706,14.999999999999982,70,0.009526964789900843,0.00841991947662546
707,14.999999999999982,80,0.009526964789900928,0.008419919476604587
708,14.999999999999982,90,0.009526964789899582,0.008419919476860716
709,14.999999999999982,100,0.00952696478989957,0.008419919476863491
710,14.999999999999982,110,0.009526964789898788,0.00841991947700571
711,14.999999999999982,120,0.009526964789903029,0.008419919476228666
712,14.999999999999982,130,0.009526964789898458,0.008419919477068882
713,14.999999999999982,140,0.00952696478989835,0.00841991947708609
714,15.099999999999982,10,0.0095269647899006,0.00841991947667231
715,15.099999999999982,20,0.009526964789900462,0.008419919476697957
716,15.099999999999982,30,0.009526964789901542,0.008419919476500337
717,15.099999999999982,40,0.009526964789900344,0.008419919476713944
718,15.099999999999982,50,0.0095269647898992,0.00841991947693499
719,15.099999999999982,60,0.009526964789898602,0.008419919477056448
720,15.099999999999982,70,0.009526964789900842,0.008419919476623905
721,15.099999999999982,80,0.009526964789900911,0.00841991947660925
722,15.099999999999982,90,0.009526964789899573,0.00841991947686127
723,15.099999999999982,100,0.009526964789899551,0.00841991947686882
724,15.099999999999982,110,0.009526964789898756,0.00841991947701326
725,15.099999999999982,120,0.009526964789903006,0.008419919476214122
726,15.099999999999982,130,0.009526964789898507,0.008419919477057669
727,15.099999999999982,140,0.00952696478989837,0.008419919477081872
728,15.199999999999982,10,0.00952696478990055,0.008419919476682303
729,15.199999999999982,20,0.009526964789900427,0.008419919476698068
730,15.199999999999982,30,0.00952696478990154,0.00841991947650278
731,15.199999999999982,40,0.009526964789900385,0.00841991947671028
732,15.199999999999982,50,0.009526964789899154,0.008419919476937654
733,15.199999999999982,60,0.00952696478989862,0.008419919477052118
734,15.199999999999982,70,0.009526964789900842,0.008419919476623905
735,15.199999999999982,80,0.009526964789900942,0.008419919476603144
736,15.199999999999982,90,0.009526964789899584,0.008419919476857385
737,15.199999999999982,100,0.009526964789899542,0.008419919476869375
738,15.199999999999982,110,0.009526964789898767,0.00841991947701104
739,15.199999999999982,120,0.00952696478990324,0.008419919476202908
740,15.199999999999982,130,0.009526964789898553,0.00841991947705123
741,15.199999999999982,140,0.00952696478989837,0.008419919477081872
742,15.299999999999981,10,0.009526964789900567,0.008419919476669535
743,15.299999999999981,20,0.009526964789900227,0.008419919476726268
744,15.299999999999981,30,0.009526964789901615,0.008419919476495119
745,15.299999999999981,40,0.009526964789900264,0.00841991947672871
746,15.299999999999981,50,0.009526964789899471,0.00841991947688736
747,15.299999999999981,60,0.009526964789898602,0.008419919477061444
748,15.299999999999981,70,0.009526964789900843,0.00841991947662546
749,15.299999999999981,80,0.009526964789900897,0.008419919476611581
750,15.299999999999981,90,0.00952696478989959,0.008419919476856164
751,15.299999999999981,100,0.009526964789899528,0.008419919476873483
752,15.299999999999981,110,0.009526964789898815,0.00841991947699905
753,15.299999999999981,120,0.009526964789903069,0.008419919476220894
754,15.299999999999981,130,0.009526964789898501,0.008419919477063442
755,15.299999999999981,140,0.009526964789898356,0.00841991947708487
756,15.39999999999998,10,0.009526964789900533,0.0084199194766853
757,15.39999999999998,20,0.009526964789900396,0.008419919476707505
758,15.39999999999998,30,0.0095269647899017,0.008419919476476245
759,15.39999999999998,40,0.0095269647899004,0.008419919476708393
760,15.39999999999998,50,0.009526964789899445,0.008419919476888915
761,15.39999999999998,60,0.009526964789898682,0.00841991947704357
762,15.39999999999998,70,0.009526964789900842,0.008419919476623905
763,15.39999999999998,80,0.009526964789900946,0.008419919476603366
764,15.39999999999998,90,0.009526964789899577,0.008419919476858828
765,15.39999999999998,100,0.00952696478989956,0.008419919476866378
766,15.39999999999998,110,0.009526964789898855,0.008419919476993054
767,15.39999999999998,120,0.009526964789903137,0.008419919476203686
768,15.39999999999998,130,0.009526964789898526,0.008419919477059667
769,15.39999999999998,140,0.009526964789898373,0.008419919477082427
770,15.49999999999998,10,0.00952696478990057,0.008419919476668647
771,15.49999999999998,20,0.009526964789900418,0.008419919476695403
772,15.49999999999998,30,0.009526964789901634,0.008419919476490345
773,15.49999999999998,40,0.009526964789900295,0.008419919476723159
774,15.49999999999998,50,0.009526964789899206,0.008419919476933435
775,15.49999999999998,60,0.00952696478989863,0.008419919477051563
776,15.49999999999998,70,0.009526964789900842,0.008419919476623905
777,15.49999999999998,80,0.009526964789901008,0.008419919476590265
778,15.49999999999998,90,0.009526964789899584,0.008419919476858273
779,15.49999999999998,100,0.009526964789899539,0.008419919476871152
780,15.49999999999998,110,0.009526964789898817,0.008419919476997495
781,15.49999999999998,120,0.00952696478990324,0.008419919476202908
782,15.49999999999998,130,0.009526964789898413,0.008419919477083204
783,15.49999999999998,140,0.009526964789898378,0.008419919477081095
784,15.59999999999998,10,0.009526964789900543,0.008419919476680748
785,15.59999999999998,20,0.009526964789900443,0.00841991947669285
786,15.59999999999998,30,0.009526964789901615,0.008419919476495785
787,15.59999999999998,40,0.009526964789900396,0.008419919476709614
788,15.59999999999998,50,0.009526964789899128,0.008419919476944981
789,15.59999999999998,60,0.009526964789898566,0.00841991947706544
790,15.59999999999998,70,0.009526964789900843,0.00841991947662546
791,15.59999999999998,80,0.009526964789900888,0.008419919476611581
792,15.59999999999998,90,0.009526964789899587,0.008419919476857385
793,15.59999999999998,100,0.009526964789899567,0.008419919476865378
794,15.59999999999998,110,0.009526964789898812,0.008419919476999937
795,15.59999999999998,120,0.009526964789903006,0.008419919476214122
796,15.59999999999998,130,0.009526964789898413,0.008419919477083204
797,15.59999999999998,140,0.00952696478989837,0.008419919477083537
798,15.69999999999998,10,0.009526964789900593,0.008419919476661764
799,15.69999999999998,20,0.009526964789900528,0.008419919476684967
800,15.69999999999998,30,0.009526964789901553,0.008419919476499116
801,15.69999999999998,40,0.00952696478990031,0.00841991947672005
802,15.69999999999998,50,0.009526964789899445,0.008419919476893356
803,15.69999999999998,60,0.00952696478989863,0.008419919477053117
804,15.69999999999998,70,0.00952696478990084,0.008419919476624349
805,15.69999999999998,80,0.009526964789900932,0.008419919476603144
806,15.69999999999998,90,0.009526964789899582,0.00841991947685894
807,15.69999999999998,100,0.009526964789899544,0.008419919476869486
808,15.69999999999998,110,0.009526964789898817,0.008419919476998605
809,15.69999999999998,120,0.009526964789903251,0.008419919476178483
810,15.69999999999998,130,0.009526964789898463,0.008419919477071547
811,15.69999999999998,140,0.00952696478989836,0.008419919477085314
812,15.79999999999998,10,0.009526964789900573,0.008419919476676307
813,15.79999999999998,20,0.009526964789900387,0.00841991947670695
814,15.79999999999998,30,0.009526964789901607,0.008419919476488014
815,15.79999999999998,40,0.00952696478990034,0.008419919476719051
816,15.79999999999998,50,0.009526964789899511,0.00841991947687748
817,15.79999999999998,60,0.009526964789898638,0.008419919477052229
818,15.79999999999998,70,0.00952696478990084,0.008419919476624349
819,15.79999999999998,80,0.009526964789900954,0.008419919476600257
820,15.79999999999998,90,0.009526964789899573,0.008419919476860382
821,15.79999999999998,100,0.009526964789899587,0.008419919476860827
822,15.79999999999998,110,0.009526964789898803,0.008419919477003712
823,15.79999999999998,120,0.009526964789903147,0.008419919476201687
824,15.79999999999998,130,0.009526964789898439,0.00841991947707632
825,15.79999999999998,140,0.009526964789898342,0.0084199194770892
826,15.899999999999979,10,0.009526964789900526,0.008419919476670312
827,15.899999999999979,20,0.009526964789900342,0.00841991947671017
828,15.899999999999979,30,0.009526964789901641,0.00841991947648213
829,15.899999999999979,40,0.009526964789900299,0.008419919476720716
830,15.899999999999979,50,0.00952696478989918,0.008419919476937432
831,15.899999999999979,60,0.009526964789898586,0.008419919477063886
832,15.899999999999979,70,0.009526964789900842,0.00841991947662546
833,15.899999999999979,80,0.009526964789900947,0.008419919476602589
834,15.899999999999979,90,0.009526964789899593,0.008419919476857163
835,15.899999999999979,100,0.009526964789899554,0.008419919476867821
836,15.899999999999979,110,0.00952696478989878,0.008419919477007709
837,15.899999999999979,120,0.009526964789903251,0.008419919476178483
838,15.899999999999979,130,0.009526964789898399,0.00841991947708376
839,15.899999999999979,140,0.009526964789898352,0.00841991947708609
840,15.999999999999979,10,0.009526964789900555,0.008419919476681303
841,15.999999999999979,20,0.009526964789900396,0.008419919476700288
842,15.999999999999979,30,0.009526964789901652,0.008419919476482018
843,15.999999999999979,40,0.009526964789900375,0.008419919476711724
844,15.999999999999979,50,0.009526964789899237,0.008419919476929438
845,15.999999999999979,60,0.009526964789898652,0.0084199194770459
846,15.999999999999979,70,0.00952696478990084,0.008419919476624127
847,15.999999999999979,80,0.009526964789901008,0.008419919476589488
848,15.999999999999979,90,0.009526964789899601,0.008419919476855942
849,15.999999999999979,100,0.00952696478989958,0.008419919476861604
850,15.999999999999979,110,0.00952696478989878,0.008419919477008264
851,15.999999999999979,120,0.009526964789903202,0.008419919476212012
852,15.999999999999979,130,0.009526964789898453,0.008419919477072102
853,15.999999999999979,140,0.009526964789898335,0.00841991947709031
854,16.09999999999998,10,0.00952696478990046,0.008419919476697402
855,16.09999999999998,20,0.009526964789900462,0.008419919476698845
856,16.09999999999998,30,0.009526964789901594,0.008419919476494453
857,16.09999999999998,40,0.009526964789899962,0.008419919476795101
858,16.09999999999998,50,0.00952696478989925,0.008419919476927662
859,16.09999999999998,60,0.009526964789898658,0.008419919477049786
860,16.09999999999998,70,0.009526964789900842,0.00841991947662546
861,16.09999999999998,80,0.009526964789900998,0.00841991947659504
862,16.09999999999998,90,0.00952696478989961,0.008419919476852611
863,16.09999999999998,100,0.009526964789899568,0.008419919476863269
864,16.09999999999998,110,0.009526964789898772,0.008419919477009818
865,16.09999999999998,120,0.009526964789903147,0.008419919476201687
866,16.09999999999998,130,0.009526964789898373,0.00841991947709042
867,16.09999999999998,140,0.00952696478989834,0.008419919477089088
868,16.199999999999978,10,0.009526964789900668,0.008419919476651994
869,16.199999999999978,20,0.009526964789900387,0.00841991947670162
870,16.199999999999978,30,0.00952696478990156,0.00841991947650278
871,16.199999999999978,40,0.009526964789899879,0.008419919476808646
872,16.199999999999978,50,0.009526964789899615,0.008419919476854498
873,16.199999999999978,60,0.009526964789898663,0.00841991947704801
874,16.199999999999978,70,0.009526964789900842,0.00841991947662557
875,16.199999999999978,80,0.009526964789900994,0.008419919476592486
876,16.199999999999978,90,0.009526964789899625,0.008419919476849502
877,16.199999999999978,100,0.009526964789899598,0.008419919476857829
878,16.199999999999978,110,0.009526964789898814,0.008419919476999271
879,16.199999999999978,120,0.00952696478990317,0.008419919476200799
880,16.199999999999978,130,0.009526964789898345,0.008419919477095306
881,16.199999999999978,140,0.009526964789898314,0.008419919477095306
882,16.299999999999976,10,0.009526964789900637,0.008419919476656545
883,16.299999999999976,20,0.009526964789900465,0.008419919476674198
884,16.299999999999976,30,0.009526964789901676,0.008419919476471582
885,16.299999999999976,40,0.009526964789899985,0.008419919476779891
886,16.299999999999976,50,0.009526964789899296,0.008419919476911453
887,16.299999999999976,60,0.009526964789898661,0.008419919477047344
888,16.299999999999976,70,0.009526964789900842,0.00841991947662557
889,16.299999999999976,80,0.009526964789900953,0.008419919476601256
890,16.299999999999976,90,0.009526964789899563,0.00841991947686227
891,16.299999999999976,100,0.009526964789899544,0.008419919476868376
892,16.299999999999976,110,0.009526964789898819,0.008419919476998494
893,16.299999999999976,120,0.009526964789903223,0.008419919476178594
894,16.299999999999976,130,0.0095269647898984,0.008419919477083204
895,16.299999999999976,140,0.009526964789898356,0.00841991947708498
896,16.399999999999977,10,0.009526964789900588,0.00841991947666798
897,16.399999999999977,20,0.009526964789900425,0.008419919476702953
898,16.399999999999977,30,0.009526964789901721,0.008419919476471471
899,16.399999999999977,40,0.009526964789899983,0.008419919476778004
900,16.399999999999977,50,0.00952696478989937,0.008419919476899351
901,16.399999999999977,60,0.009526964789898562,0.00841991947706644
902,16.399999999999977,70,0.00952696478990084,0.008419919476624127
903,16.399999999999977,80,0.009526964789901017,0.008419919476588378
904,16.399999999999977,90,0.00952696478989967,0.008419919476841065
905,16.399999999999977,100,0.009526964789899584,0.008419919476859383
906,16.399999999999977,110,0.00952696478989883,0.00841991947699483
907,16.399999999999977,120,0.009526964789902968,0.008419919476225779
908,16.399999999999977,130,0.009526964789898411,0.008419919477083537
909,16.399999999999977,140,0.009526964789898357,0.008419919477084647
910,16.49999999999998,10,0.009526964789900581,0.00841991947666998
911,16.49999999999998,20,0.009526964789900477,0.008419919476691629
912,16.49999999999998,30,0.00952696478990172,0.008419919476476245
913,16.49999999999998,40,0.009526964789900087,0.008419919476767901
914,16.49999999999998,50,0.00952696478989934,0.008419919476904791
915,16.49999999999998,60,0.009526964789898668,0.008419919477046123
916,16.49999999999998,70,0.009526964789900843,0.008419919476624127
917,16.49999999999998,80,0.009526964789900965,0.008419919476598925
918,16.49999999999998,90,0.009526964789899652,0.008419919476844173
919,16.49999999999998,100,0.009526964789899579,0.008419919476861382
920,16.49999999999998,110,0.009526964789898819,0.008419919476997606
921,16.49999999999998,120,0.009526964789903182,0.008419919476197468
922,16.49999999999998,130,0.00952696478989844,0.008419919477077542
923,16.49999999999998,140,0.00952696478989836,0.008419919477084203
924,16.599999999999977,10,0.009526964789900587,0.008419919476668869
925,16.599999999999977,20,0.00952696478990053,0.00841991947667664
926,16.599999999999977,30,0.009526964789901756,0.008419919476456261
927,16.599999999999977,40,0.009526964789899917,0.00841991947679166
928,16.599999999999977,50,0.009526964789899669,0.008419919476843285
929,16.599999999999977,60,0.009526964789898614,0.00841991947705556
930,16.599999999999977,70,0.009526964789900843,0.008419919476624127
931,16.599999999999977,80,0.009526964789900902,0.008419919476616355
932,16.599999999999977,90,0.0095269647898996,0.008419919476853832
933,16.599999999999977,100,0.009526964789899601,0.008419919476857163
934,16.599999999999977,110,0.009526964789898805,0.008419919477001159
935,16.599999999999977,120,0.00952696478990321,0.008419919476182258
936,16.599999999999977,130,0.00952696478989848,0.008419919477068882
937,16.599999999999977,140,0.00952696478989833,0.008419919477090088
938,16.699999999999974,10,0.009526964789900498,0.008419919476682192
939,16.699999999999974,20,0.009526964789900559,0.008419919476657545
940,16.699999999999974,30,0.00952696478990185,0.008419919476451265
941,16.699999999999974,40,0.009526964789900009,0.00841991947678189
942,16.699999999999974,50,0.00952696478989933,0.008419919476906679
943,16.699999999999974,60,0.00952696478989854,0.008419919477071103
944,16.699999999999974,70,0.009526964789900842,0.008419919476625792
945,16.699999999999974,80,0.009526964789900942,0.008419919476606363
946,16.699999999999974,90,0.009526964789899662,0.00841991947684273
947,16.699999999999974,100,0.009526964789899601,0.008419919476858051
948,16.699999999999974,110,0.009526964789898784,0.008419919477006488
949,16.699999999999974,120,0.00952696478990317,0.008419919476199356
950,16.699999999999974,130,0.00952696478989847,0.008419919477068882
951,16.699999999999974,140,0.009526964789898366,0.008419919477083537
952,16.799999999999976,10,0.009526964789900472,0.008419919476692295
953,16.799999999999976,20,0.009526964789900606,0.008419919476658433
954,16.799999999999976,30,0.009526964789901757,0.008419919476458926
955,16.799999999999976,40,0.00952696478989984,0.008419919476815751
956,16.799999999999976,50,0.00952696478989964,0.008419919476850946
957,16.799999999999976,60,0.009526964789898694,0.008419919477039906
958,16.799999999999976,70,0.009526964789900842,0.008419919476625792
959,16.799999999999976,80,0.009526964789900923,0.008419919476608473
960,16.799999999999976,90,0.009526964789899691,0.008419919476836735
961,16.799999999999976,100,0.009526964789899622,0.008419919476852611
962,16.799999999999976,110,0.009526964789898784,0.00841991947700671
963,16.799999999999976,120,0.009526964789903182,0.00841991947621712
964,16.799999999999976,130,0.009526964789898342,0.008419919477094417
965,16.799999999999976,140,0.009526964789898361,0.00841991947708487
966,16.899999999999977,10,0.009526964789900618,0.008419919476663429
967,16.899999999999977,20,0.009526964789900555,0.008419919476675974
968,16.899999999999977,30,0.009526964789901735,0.008419919476467919
969,16.899999999999977,40,0.009526964789900031,0.008419919476783111
970,16.899999999999977,50,0.009526964789899605,0.008419919476856719
971,16.899999999999977,60,0.009526964789898618,0.00841991947705456
972,16.899999999999977,70,0.009526964789900842,0.008419919476625792
973,16.899999999999977,80,0.009526964789900946,0.008419919476608029
974,16.899999999999977,90,0.009526964789899625,0.008419919476852611
975,16.899999999999977,100,0.009526964789899627,0.008419919476851723
976,16.899999999999977,110,0.009526964789898779,0.008419919477008486
977,16.899999999999977,120,0.009526964789903222,0.008419919476179039
978,16.899999999999977,130,0.009526964789898468,0.00841991947706866
979,16.899999999999977,140,0.009526964789898357,0.008419919477086313
980,16.999999999999975,10,0.009526964789900528,0.008419919476678084
981,16.999999999999975,20,0.009526964789900508,0.008419919476674864
982,16.999999999999975,30,0.009526964789901829,0.008419919476451154
983,16.999999999999975,40,0.009526964789899948,0.00841991947679388
984,16.999999999999975,50,0.009526964789899407,0.008419919476889581
985,16.999999999999975,60,0.00952696478989854,0.008419919477069326
986,16.999999999999975,70,0.009526964789900843,0.008419919476623905
987,16.999999999999975,80,0.009526964789900966,0.0084199194766017
988,16.999999999999975,90,0.009526964789899582,0.00841991947685694
989,16.999999999999975,100,0.009526964789899645,0.008419919476849058
990,16.999999999999975,110,0.009526964789898777,0.008419919477010152
991,16.999999999999975,120,0.00952696478990319,0.008419919476196247
992,16.999999999999975,130,0.009526964789898376,0.008419919477086313
993,16.999999999999975,140,0.009526964789898337,0.008419919477086535
994,17.099999999999973,10,0.009526964789900552,0.008419919476682858
995,17.099999999999973,20,0.009526964789900583,0.008419919476655435
996,17.099999999999973,30,0.009526964789901771,0.00841991947644849
997,17.099999999999973,40,0.009526964789899957,0.008419919476793214
998,17.099999999999973,50,0.009526964789899608,0.008419919476856164
999,17.099999999999973,60,0.0095269647898986,0.008419919477055005
1000,17.099999999999973,70,0.00952696478990084,0.00841991947662446
1001,17.099999999999973,80,0.009526964789900939,0.008419919476606363
1002,17.099999999999973,90,0.009526964789899646,0.008419919476850946
1003,17.099999999999973,100,0.009526964789899532,0.00841991947686982
1004,17.099999999999973,110,0.00952696478989884,0.008419919476995164
1005,17.099999999999973,120,0.009526964789903026,0.008419919476237325
1006,17.099999999999973,130,0.009526964789898312,0.008419919477097748
1007,17.099999999999973,140,0.009526964789898335,0.008419919477086646
1008,17.199999999999974,10,0.009526964789900515,0.008419919476693738
1009,17.199999999999974,20,0.009526964789900628,0.008419919476652105
1010,17.199999999999974,30,0.009526964789901903,0.008419919476447268
1011,17.199999999999974,40,0.009526964789900031,0.008419919476784665
1012,17.199999999999974,50,0.009526964789899688,0.008419919476840398
1013,17.199999999999974,60,0.009526964789898595,0.008419919477060667
1014,17.199999999999974,70,0.00952696478990084,0.00841991947662446
1015,17.199999999999974,80,0.009526964789901013,0.0084199194765886
1016,17.199999999999974,90,0.00952696478989962,0.008419919476851168
1017,17.199999999999974,100,0.009526964789899537,0.008419919476871707
1018,17.199999999999974,110,0.00952696478989884,0.008419919476995386
1019,17.199999999999974,120,0.009526964789903019,0.008419919476238213
1020,17.199999999999974,130,0.009526964789898467,0.008419919477067328
1021,17.199999999999974,140,0.009526964789898331,0.00841991947708809
1022,17.299999999999976,10,0.00952696478990053,0.008419919476686966
1023,17.299999999999976,20,0.009526964789900508,0.008419919476671534
1024,17.299999999999976,30,0.00952696478990221,0.008419919476392423
1025,17.299999999999976,40,0.009526964789900063,0.008419919476766458
1026,17.299999999999976,50,0.00952696478989962,0.008419919476855608
1027,17.299999999999976,60,0.009526964789898625,0.00841991947705123
1028,17.299999999999976,70,0.00952696478990084,0.008419919476626014
1029,17.299999999999976,80,0.009526964789901006,0.008419919476591264
1030,17.299999999999976,90,0.009526964789899556,0.008419919476861937
1031,17.299999999999976,100,0.009526964789899539,0.008419919476870374
1032,17.299999999999976,110,0.009526964789898833,0.00841991947699483
1033,17.299999999999976,120,0.009526964789902937,0.008419919476262416
1034,17.299999999999976,130,0.009526964789898399,0.00841991947708065
1035,17.299999999999976,140,0.009526964789898335,0.008419919477087312
1036,17.399999999999974,10,0.00952696478990051,0.008419919476688076
1037,17.399999999999974,20,0.009526964789900571,0.008419919476654991
1038,17.399999999999974,30,0.009526964789902162,0.008419919476402304
1039,17.399999999999974,40,0.009526964789900129,0.008419919476759907
1040,17.399999999999974,50,0.009526964789899438,0.008419919476884474
1041,17.399999999999974,60,0.009526964789898588,0.008419919477057003
1042,17.399999999999974,70,0.00952696478990084,0.008419919476626014
1043,17.399999999999974,80,0.009526964789900973,0.008419919476599258
1044,17.399999999999974,90,0.00952696478989971,0.008419919476838178
1045,17.399999999999974,100,0.009526964789899551,0.008419919476869264
1046,17.399999999999974,110,0.009526964789898814,0.008419919476998605
1047,17.399999999999974,120,0.00952696478990302,0.008419919476241433
1048,17.399999999999974,130,0.009526964789898432,0.00841991947707521
1049,17.399999999999974,140,0.009526964789898338,0.00841991947708709
1050,17.49999999999997,10,0.009526964789900508,0.008419919476686522
1051,17.49999999999997,20,0.009526964789900534,0.008419919476666315
1052,17.49999999999997,30,0.009526964789902106,0.008419919476406634
1053,17.49999999999997,40,0.00952696478989995,0.008419919476791993
1054,17.49999999999997,50,0.009526964789899645,0.00841991947684928
1055,17.49999999999997,60,0.009526964789898546,0.00841991947706644
1056,17.49999999999997,70,0.00952696478990084,0.008419919476626014
1057,17.49999999999997,80,0.009526964789901029,0.008419919476586046
1058,17.49999999999997,90,0.009526964789899539,0.00841991947686549
1059,17.49999999999997,100,0.009526964789899582,0.008419919476858606
1060,17.49999999999997,110,0.009526964789898833,0.008419919476997162
1061,17.49999999999997,120,0.009526964789902927,0.008419919476259863
1062,17.49999999999997,130,0.009526964789898496,0.008419919477062998
1063,17.49999999999997,140,0.00952696478989837,0.008419919477082982
1064,17.599999999999973,10,0.009526964789900512,0.008419919476698068
1065,17.599999999999973,20,0.009526964789900706,0.008419919476637117
1066,17.599999999999973,30,0.00952696478990207,0.008419919476417626
1067,17.599999999999973,40,0.009526964789900226,0.008419919476737703
1068,17.599999999999973,50,0.009526964789899669,0.00841991947684484
1069,17.599999999999973,60,0.009526964789898654,0.008419919477048454
1070,17.599999999999973,70,0.00952696478990084,0.008419919476626014
1071,17.599999999999973,80,0.009526964789901013,0.008419919476589488
1072,17.599999999999973,90,0.009526964789899641,0.008419919476846283
1073,17.599999999999973,100,0.009526964789899563,0.008419919476865378
1074,17.599999999999973,110,0.009526964789898793,0.008419919477004267
1075,17.599999999999973,120,0.009526964789902937,0.008419919476243432
1076,17.599999999999973,130,0.009526964789898397,0.008419919477082094
1077,17.599999999999973,140,0.009526964789898373,0.008419919477082094
1078,17.699999999999974,10,0.009526964789900484,0.00841991947669507
1079,17.699999999999974,20,0.00952696478990053,0.008419919476664872
1080,17.699999999999974,30,0.009526964789902162,0.00841991947638876
1081,17.699999999999974,40,0.009526964789900361,0.008419919476707838
1082,17.699999999999974,50,0.009526964789899674,0.008419919476845616
1083,17.699999999999974,60,0.009526964789898595,0.008419919477056559
1084,17.699999999999974,70,0.00952696478990084,0.008419919476626014
1085,17.699999999999974,80,0.009526964789900989,0.008419919476594817
1086,17.699999999999974,90,0.009526964789899521,0.008419919476870596
1087,17.699999999999974,100,0.009526964789899622,0.008419919476850835
1088,17.699999999999974,110,0.009526964789898796,0.008419919477003934
1089,17.699999999999974,120,0.009526964789902932,0.008419919476244098
1090,17.699999999999974,130,0.009526964789898446,0.00841991947707299
1091,17.699999999999974,140,0.009526964789898371,0.008419919477083315
1092,17.799999999999972,10,0.009526964789900479,0.008419919476696403
1093,17.799999999999972,20,0.009526964789900647,0.00841991947665377
1094,17.799999999999972,30,0.009526964789902202,0.008419919476390758
1095,17.799999999999972,40,0.009526964789900264,0.00841991947673204
1096,17.799999999999972,50,0.009526964789899452,0.00841991947687959
1097,17.799999999999972,60,0.009526964789898612,0.008419919477059779
1098,17.799999999999972,70,0.00952696478990084,0.008419919476626014
1099,17.799999999999972,80,0.009526964789901038,0.008419919476582827
1100,17.799999999999972,90,0.009526964789899749,0.008419919476829962
1101,17.799999999999972,100,0.009526964789899652,0.00841991947684717
1102,17.799999999999972,110,0.00952696478989878,0.008419919477008597
1103,17.799999999999972,120,0.009526964789902859,0.008419919476269189
1104,17.799999999999972,130,0.009526964789898488,0.008419919477063331
1105,17.799999999999972,140,0.009526964789898357,0.008419919477083981
1106,17.89999999999997,10,0.009526964789900486,0.008419919476699733
1107,17.89999999999997,20,0.009526964789900417,0.008419919476695958
1108,17.89999999999997,30,0.009526964789902103,0.008419919476410853
1109,17.89999999999997,40,0.009526964789900196,0.008419919476748694
1110,17.89999999999997,50,0.009526964789899693,0.008419919476838511
1111,17.89999999999997,60,0.00952696478989865,0.008419919477046012
1112,17.89999999999997,70,0.00952696478990084,0.008419919476626014
1113,17.89999999999997,80,0.009526964789900966,0.008419919476604254
1114,17.89999999999997,90,0.009526964789899542,0.008419919476864712
1115,17.89999999999997,100,0.009526964789899527,0.00841991947687204
1116,17.89999999999997,110,0.009526964789898796,0.008419919477001492
1117,17.89999999999997,120,0.009526964789903003,0.008419919476240878
1118,17.89999999999997,130,0.009526964789898389,0.00841991947708387
1119,17.89999999999997,140,0.009526964789898396,0.008419919477078541
1120,17.99999999999997,10,0.009526964789900505,0.008419919476692073
1121,17.99999999999997,20,0.009526964789900397,0.008419919476690851
1122,17.99999999999997,30,0.009526964789902094,0.00841991947640719
1123,17.99999999999997,40,0.00952696478990016,0.00841991947674825
1124,17.99999999999997,50,0.009526964789899763,0.008419919476828075
1125,17.99999999999997,60,0.00952696478989854,0.008419919477066218
1126,17.99999999999997,70,0.00952696478990084,0.008419919476626014
1127,17.99999999999997,80,0.00952696478990133,0.008419919476527316
1128,17.99999999999997,90,0.00952696478989969,0.00841991947683618
1129,17.99999999999997,100,0.009526964789899553,0.00841991947686982
1130,17.99999999999997,110,0.009526964789898862,0.00841991947699161
1131,17.99999999999997,120,0.009526964789902979,0.008419919476253424
1132,17.99999999999997,130,0.009526964789898461,0.008419919477068771
1133,17.99999999999997,140,0.00952696478989837,0.008419919477083204
1134,18.099999999999973,10,0.009526964789900422,0.008419919476708171
1135,18.099999999999973,20,0.009526964789900508,0.00841991947666032
1136,18.099999999999973,30,0.00952696478990215,0.008419919476396087
1137,18.099999999999973,40,0.009526964789900354,0.008419919476713611
1138,18.099999999999973,50,0.009526964789899454,0.008419919476884141
1139,18.099999999999973,60,0.009526964789898616,0.008419919477058446
1140,18.099999999999973,70,0.00952696478990084,0.008419919476626014
1141,18.099999999999973,80,0.009526964789901332,0.008419919476530202
1142,18.099999999999973,90,0.009526964789899613,0.008419919476855608
1143,18.099999999999973,100,0.009526964789899589,0.008419919476858828
1144,18.099999999999973,110,0.00952696478989887,0.008419919476990056
1145,18.099999999999973,120,0.009526964789902928,0.008419919476258308
1146,18.099999999999973,130,0.009526964789898425,0.00841991947707521
1147,18.099999999999973,140,0.009526964789898389,0.008419919477079096
1148,18.19999999999997,10,0.00952696478990058,0.008419919476678195
1149,18.19999999999997,20,0.009526964789900694,0.008419919476648774
1150,18.19999999999997,30,0.009526964789902252,0.008419919476375104
1151,18.19999999999997,40,0.00952696478990026,0.008419919476730486
1152,18.19999999999997,50,0.009526964789899478,0.008419919476878701
1153,18.19999999999997,60,0.009526964789898635,0.008419919477050564
1154,18.19999999999997,70,0.00952696478990084,0.008419919476626014
1155,18.19999999999997,80,0.009526964789901289,0.008419919476538862
1156,18.19999999999997,90,0.009526964789899693,0.00841991947683518
1157,18.19999999999997,100,0.009526964789899551,0.00841991947686982
1158,18.19999999999997,110,0.009526964789898795,0.008419919477002047
1159,18.19999999999997,120,0.009526964789902946,0.008419919476251314
1160,18.19999999999997,130,0.00952696478989842,0.008419919477076876
1161,18.19999999999997,140,0.009526964789898335,0.008419919477089088
1162,18.29999999999997,10,0.00952696478990048,0.008419919476695181
1163,18.29999999999997,20,0.00952696478990039,0.008419919476700177
1164,18.29999999999997,30,0.009526964789902191,0.008419919476393867
1165,18.29999999999997,40,0.009526964789900208,0.008419919476744364
1166,18.29999999999997,50,0.00952696478989982,0.008419919476819193
1167,18.29999999999997,60,0.009526964789898588,0.008419919477062221
1168,18.29999999999997,70,0.00952696478990084,0.008419919476626014
1169,18.29999999999997,80,0.009526964789901362,0.008419919476521875
1170,18.29999999999997,90,0.009526964789899565,0.008419919476860827
1171,18.29999999999997,100,0.009526964789899693,0.008419919476838622
1172,18.29999999999997,110,0.00952696478989878,0.0084199194770046
1173,18.29999999999997,120,0.009526964789902856,0.008419919476272075
1174,18.29999999999997,130,0.009526964789898399,0.008419919477078985
1175,18.29999999999997,140,0.00952696478989833,0.008419919477091531
1176,18.39999999999997,10,0.009526964789900496,0.008419919476693294
1177,18.39999999999997,20,0.009526964789900224,0.008419919476725268
1178,18.39999999999997,30,0.009526964789902127,0.008419919476399085
1179,18.39999999999997,40,0.009526964789900227,0.008419919476736148
1180,18.39999999999997,50,0.009526964789899494,0.008419919476878923
1181,18.39999999999997,60,0.00952696478989862,0.008419919477053117
1182,18.39999999999997,70,0.009526964789900866,0.008419919476621573
1183,18.39999999999997,80,0.009526964789901348,0.008419919476526982
1184,18.39999999999997,90,0.009526964789899723,0.00841991947683518
1185,18.39999999999997,100,0.009526964789899678,0.00841991947684062
1186,18.39999999999997,110,0.009526964789898867,0.008419919476990945
1187,18.39999999999997,120,0.009526964789902944,0.008419919476241433
1188,18.39999999999997,130,0.00952696478989844,0.00841991947707399
1189,18.39999999999997,140,0.009526964789898333,0.008419919477090865
1190,18.49999999999997,10,0.009526964789900488,0.00841991947669396
1191,18.49999999999997,20,0.009526964789900578,0.008419919476657656
1192,18.49999999999997,30,0.00952696478990217,0.008419919476400528
1193,18.49999999999997,40,0.009526964789900226,0.008419919476735815
1194,18.49999999999997,50,0.009526964789899587,0.008419919476866933
1195,18.49999999999997,60,0.009526964789898614,0.00841991947705456
1196,18.49999999999997,70,0.009526964789900814,0.008419919476627347
1197,18.49999999999997,80,0.009526964789901338,0.008419919476529314
1198,18.49999999999997,90,0.009526964789899605,0.008419919476858273
1199,18.49999999999997,100,0.009526964789899804,0.008419919476814863
1200,18.49999999999997,110,0.00952696478989891,0.008419919476982618
1201,18.49999999999997,120,0.009526964789902987,0.008419919476241988
1202,18.49999999999997,130,0.009526964789898524,0.008419919477057891
1203,18.49999999999997,140,0.009526964789898316,0.008419919477094306
1204,18.59999999999997,10,0.00952696478990047,0.00841991947669507
1205,18.59999999999997,20,0.009526964789900637,0.008419919476660653
1206,18.59999999999997,30,0.009526964789902195,0.008419919476385873
1207,18.59999999999997,40,0.009526964789900129,0.008419919476751914
1208,18.59999999999997,50,0.009526964789899789,0.008419919476826299
1209,18.59999999999997,60,0.009526964789898564,0.00841991947706544
1210,18.59999999999997,70,0.009526964789900838,0.008419919476625903
1211,18.59999999999997,80,0.009526964789901402,0.00841991947651377
1212,18.59999999999997,90,0.009526964789899678,0.00841991947683729
1213,18.59999999999997,100,0.009526964789899738,0.008419919476825743
1214,18.59999999999997,110,0.00952696478989884,0.008419919476996163
1215,18.59999999999997,120,0.009526964789902899,0.008419919476264526
1216,18.59999999999997,130,0.009526964789898503,0.008419919477059779
1217,18.59999999999997,140,0.009526964789898366,0.008419919477082427
1218,18.699999999999967,10,0.009526964789900446,0.008419919476701399
1219,18.699999999999967,20,0.0095269647899006,0.008419919476652993
1220,18.699999999999967,30,0.009526964789902262,0.008419919476372661
1221,18.699999999999967,40,0.009526964789900113,0.008419919476761795
1222,18.699999999999967,50,0.009526964789899428,0.008419919476887805
1223,18.699999999999967,60,0.009526964789898637,0.008419919477049898
1224,18.699999999999967,70,0.009526964789900866,0.00841991947662013
1225,18.699999999999967,80,0.009526964789901358,0.008419919476525206
1226,18.699999999999967,90,0.009526964789899707,0.008419919476837956
1227,18.699999999999967,100,0.009526964789899565,0.008419919476862825
1228,18.699999999999967,110,0.009526964789898713,0.008419919477017701
1229,18.699999999999967,120,0.009526964789902951,0.008419919476250759
1230,18.699999999999967,130,0.009526964789898527,0.008419919477057225
1231,18.699999999999967,140,0.009526964789898368,0.008419919477083204
1232,18.79999999999997,10,0.009526964789900368,0.008419919476706506
1233,18.79999999999997,20,0.00952696478990084,0.0084199194766027
1234,18.79999999999997,30,0.009526964789902176,0.008419919476396087
1235,18.79999999999997,40,0.009526964789900174,0.00841991947674936
1236,18.79999999999997,50,0.009526964789899632,0.008419919476852833
1237,18.79999999999997,60,0.009526964789898543,0.00841991947706533
1238,18.79999999999997,70,0.00952696478990092,0.008419919476614579
1239,18.79999999999997,80,0.009526964789901346,0.008419919476527982
1240,18.79999999999997,90,0.009526964789899754,0.008419919476830073
1241,18.79999999999997,100,0.009526964789899584,0.008419919476859938
1242,18.79999999999997,110,0.00952696478989872,0.008419919477016036
1243,18.79999999999997,120,0.009526964789902913,0.00841991947626497
1244,18.79999999999997,130,0.00952696478989844,0.008419919477073545
1245,18.79999999999997,140,0.009526964789898352,0.008419919477085425
1246,18.89999999999997,10,0.009526964789900498,0.008419919476684634
1247,18.89999999999997,20,0.009526964789900517,0.00841991947667009
1248,18.89999999999997,30,0.009526964789902167,0.008419919476398752
1249,18.89999999999997,40,0.009526964789900236,0.008419919476735371
1250,18.89999999999997,50,0.009526964789899534,0.008419919476869486
1251,18.89999999999997,60,0.009526964789898527,0.008419919477071658
1252,18.89999999999997,70,0.00952696478990084,0.008419919476633009
1253,18.89999999999997,80,0.009526964789901388,0.008419919476520432
1254,18.89999999999997,90,0.009526964789899582,0.008419919476857052
1255,18.89999999999997,100,0.009526964789899568,0.008419919476860493
1256,18.89999999999997,110,0.009526964789898755,0.008419919477008597
1257,18.89999999999997,120,0.009526964789902895,0.008419919476265525
1258,18.89999999999997,130,0.009526964789898501,0.008419919477064997
1259,18.89999999999997,140,0.00952696478989835,0.008419919477085647
1260,18.999999999999968,10,0.009526964789900467,0.008419919476689519
1261,18.999999999999968,20,0.0095269647899007,0.008419919476633564
1262,18.999999999999968,30,0.00952696478990221,0.00841991947639198
1263,18.999999999999968,40,0.009526964789900266,0.008419919476735482
1264,18.999999999999968,50,0.009526964789899905,0.008419919476806426
1265,18.999999999999968,60,0.00952696478989863,0.0084199194770469
1266,18.999999999999968,70,0.009526964789900814,0.008419919476635895
1267,18.999999999999968,80,0.009526964789901372,0.008419919476522542
1268,18.999999999999968,90,0.009526964789899737,0.008419919476833515
1269,18.999999999999968,100,0.009526964789899554,0.008419919476866933
1270,18.999999999999968,110,0.009526964789898928,0.008419919476985394
1271,18.999999999999968,120,0.009526964789902993,0.008419919476242876
1272,18.999999999999968,130,0.009526964789898474,0.008419919477068216
1273,18.999999999999968,140,0.009526964789898356,0.008419919477086202
1274,19.099999999999966,10,0.009526964789900392,0.00841991947670162
1275,19.099999999999966,20,0.009526964789900507,0.008419919476667759
1276,19.099999999999966,30,0.009526964789902276,0.00841991947636922
1277,19.099999999999966,40,0.009526964789900288,0.0084199194767407
1278,19.099999999999966,50,0.009526964789899622,0.008419919476855942
1279,19.099999999999966,60,0.009526964789898484,0.008419919477074211
1280,19.099999999999966,70,0.009526964789900816,0.008419919476634563
1281,19.099999999999966,80,0.009526964789901353,0.008419919476527538
1282,19.099999999999966,90,0.00952696478989967,0.008419919476844617
1283,19.099999999999966,100,0.009526964789899712,0.00841991947683518
1284,19.099999999999966,110,0.009526964789898767,0.00841991947700349
1285,19.099999999999966,120,0.009526964789902847,0.008419919476278737
1286,19.099999999999966,130,0.009526964789898446,0.008419919477074211
1287,19.099999999999966,140,0.009526964789898368,0.008419919477082094
1288,19.199999999999967,10,0.009526964789900305,0.008419919476718163
1289,19.199999999999967,20,0.009526964789900809,0.008419919476615023
1290,19.199999999999967,30,0.009526964789902264,0.008419919476378768
1291,19.199999999999967,40,0.009526964789900288,0.00841991947672982
1292,19.199999999999967,50,0.009526964789899605,0.008419919476860716
1293,19.199999999999967,60,0.009526964789898685,0.008419919477043236
1294,19.199999999999967,70,0.00952696478990076,0.008419919476636673
1295,19.199999999999967,80,0.009526964789901384,0.008419919476520765
1296,19.199999999999967,90,0.0095269647898997,0.008419919476833848
1297,19.199999999999967,100,0.009526964789899738,0.00841991947682541
1298,19.199999999999967,110,0.009526964789898736,0.008419919477012483
1299,19.199999999999967,120,0.009526964789902953,0.008419919476244875
1300,19.199999999999967,130,0.009526964789898512,0.00841991947705778
1301,19.199999999999967,140,0.00952696478989837,0.008419919477081317
1302,19.29999999999997,10,0.009526964789900363,0.00841991947671128
1303,19.29999999999997,20,0.009526964789900717,0.008419919476633897
1304,19.29999999999997,30,0.009526964789902193,0.00841991947638665
1305,19.29999999999997,40,0.009526964789900356,0.008419919476724935
1306,19.29999999999997,50,0.009526964789899665,0.00841991947685461
1307,19.29999999999997,60,0.009526964789898633,0.008419919477049231
1308,19.29999999999997,70,0.00952696478990087,0.008419919476624904
1309,19.29999999999997,80,0.009526964789901383,0.008419919476524651
1310,19.29999999999997,90,0.009526964789899627,0.00841991947684817
1311,19.29999999999997,100,0.009526964789899726,0.008419919476831073
1312,19.29999999999997,110,0.009526964789898777,0.008419919477002047
1313,19.29999999999997,120,0.009526964789903048,0.008419919476233328
1314,19.29999999999997,130,0.009526964789898512,0.008419919477060778
1315,19.29999999999997,140,0.009526964789898373,0.008419919477081317
1316,19.399999999999967,10,0.009526964789900292,0.008419919476731152
1317,19.399999999999967,20,0.00952696478990051,0.008419919476670423
1318,19.399999999999967,30,0.009526964789902182,0.008419919476396087
1319,19.399999999999967,40,0.009526964789900337,0.008419919476713056
1320,19.399999999999967,50,0.00952696478989987,0.008419919476810311
1321,19.399999999999967,60,0.009526964789898566,0.008419919477064997
1322,19.399999999999967,70,0.009526964789900842,0.008419919476632676
1323,19.399999999999967,80,0.009526964789901386,0.008419919476520321
1324,19.399999999999967,90,0.009526964789899717,0.008419919476836957
1325,19.399999999999967,100,0.009526964789899657,0.008419919476843396
1326,19.399999999999967,110,0.009526964789898902,0.008419919476986726
1327,19.399999999999967,120,0.009526964789902946,0.008419919476256976
1328,19.399999999999967,130,0.009526964789898526,0.008419919477057891
1329,19.399999999999967,140,0.00952696478989836,0.00841991947708276
1330,19.499999999999964,10,0.009526964789900247,0.008419919476738813
1331,19.499999999999964,20,0.009526964789900819,0.008419919476621018
1332,19.499999999999964,30,0.009526964789902264,0.008419919476379212
1333,19.499999999999964,40,0.009526964789900262,0.008419919476741922
1334,19.499999999999964,50,0.009526964789899455,0.008419919476884807
1335,19.499999999999964,60,0.009526964789898696,0.008419919477038462
1336,19.499999999999964,70,0.00952696478990079,0.008419919476639781
1337,19.499999999999964,80,0.009526964789901397,0.00841991947651799
1338,19.499999999999964,90,0.009526964789899624,0.00841991947684717
1339,19.499999999999964,100,0.009526964789899544,0.008419919476868043
1340,19.499999999999964,110,0.009526964789898779,0.008419919477014148
1341,19.499999999999964,120,0.009526964789903067,0.008419919476227222
1342,19.499999999999964,130,0.009526964789898514,0.008419919477058224
1343,19.499999999999964,140,0.009526964789898366,0.008419919477081095
1344,19.599999999999966,10,0.009526964789900179,0.0084199194767407
1345,19.599999999999966,20,0.009526964789900871,0.008419919476614135
1346,19.599999999999966,30,0.00952696478990232,0.008419919476362114
1347,19.599999999999966,40,0.009526964789900321,0.008419919476716053
1348,19.599999999999966,50,0.009526964789899655,0.008419919476848836
1349,19.599999999999966,60,0.009526964789898718,0.008419919477037574
1350,19.599999999999966,70,0.009526964789900819,0.008419919476634452
1351,19.599999999999966,80,0.00952696478990137,0.00841991947652554
1352,19.599999999999966,90,0.009526964789899672,0.008419919476838955
1353,19.599999999999966,100,0.009526964789899593,0.008419919476860382
1354,19.599999999999966,110,0.009526964789898862,0.008419919476996718
1355,19.599999999999966,120,0.009526964789903005,0.00841991947624654
1356,19.599999999999966,130,0.009526964789898488,0.00841991947706544
1357,19.599999999999966,140,0.009526964789898357,0.008419919477082871
1358,19.699999999999967,10,0.009526964789900332,0.008419919476719273
1359,19.699999999999967,20,0.009526964789900857,0.008419919476611804
1360,19.699999999999967,30,0.009526964789902283,0.008419919476368776
1361,19.699999999999967,40,0.009526964789900252,0.008419919476743476
1362,19.699999999999967,50,0.00952696478990006,0.00841991947677212
1363,19.699999999999967,60,0.00952696478989864,0.008419919477046567
1364,19.699999999999967,70,0.00952696478990071,0.008419919476650106
1365,19.699999999999967,80,0.009526964789901431,0.008419919476511217
1366,19.699999999999967,90,0.009526964789900113,0.008419919476755244
1367,19.699999999999967,100,0.0095269647898996,0.008419919476857163
1368,19.699999999999967,110,0.00952696478989881,0.008419919477003712
1369,19.699999999999967,120,0.00952696478990291,0.00841991947626275
1370,19.699999999999967,130,0.009526964789898552,0.008419919477052229
1371,19.699999999999967,140,0.009526964789898356,0.00841991947708376
1372,19.799999999999965,10,0.009526964789900179,0.008419919476744697
1373,19.799999999999965,20,0.009526964789900724,0.008419919476634452
1374,19.799999999999965,30,0.009526964789902207,0.008419919476385762
1375,19.799999999999965,40,0.009526964789900349,0.008419919476713167
1376,19.799999999999965,50,0.009526964789899985,0.008419919476788884
1377,19.799999999999965,60,0.009526964789898692,0.008419919477035576
1378,19.799999999999965,70,0.009526964789900682,0.008419919476655324
1379,19.799999999999965,80,0.00952696478990142,0.008419919476516102
1380,19.799999999999965,90,0.009526964789900175,0.00841991947674392
1381,19.799999999999965,100,0.0095269647898995,0.008419919476877369
1382,19.799999999999965,110,0.009526964789898762,0.008419919477006044
1383,19.799999999999965,120,0.009526964789903085,0.00841991947622489
1384,19.799999999999965,130,0.009526964789898538,0.008419919477052673
1385,19.799999999999965,140,0.009526964789898378,0.008419919477082094
1386,19.899999999999963,10,0.009526964789900184,0.008419919476741922
1387,19.899999999999963,20,0.009526964789900895,0.008419919476614579
1388,19.899999999999963,30,0.009526964789902226,0.008419919476389093
1389,19.899999999999963,40,0.009526964789900366,0.00841991947671683
1390,19.899999999999963,50,0.009526964789899632,0.008419919476860716
1391,19.899999999999963,60,0.009526964789898664,0.008419919477041793
1392,19.899999999999963,70,0.009526964789900682,0.008419919476655324
1393,19.899999999999963,80,0.009526964789901424,0.008419919476517435
1394,19.899999999999963,90,0.009526964789900094,0.00841991947675913
1395,19.899999999999963,100,0.009526964789899698,0.008419919476834847
1396,19.899999999999963,110,0.009526964789898888,0.008419919476994053
1397,19.899999999999963,120,0.009526964789902967,0.008419919476240323
1398,19.899999999999963,130,0.00952696478989848,0.008419919477066884
1399,19.899999999999963,140,0.009526964789898373,0.00841991947708065
1400,19.999999999999964,10,0.009526964789900087,0.008419919476753024
1401,19.999999999999964,20,0.009526964789900871,0.008419919476623128
1402,19.999999999999964,30,0.009526964789902304,0.00841991947636267
1403,19.999999999999964,40,0.009526964789900321,0.008419919476716498
1404,19.999999999999964,50,0.009526964789900031,0.00841991947678633
1405,19.999999999999964,60,0.00952696478989865,0.00841991947705023
1406,19.999999999999964,70,0.009526964789900763,0.008419919476642557
1407,19.999999999999964,80,0.009526964789901442,0.008419919476509108
1408,19.999999999999964,90,0.009526964789900168,0.008419919476746696
1409,19.999999999999964,100,0.009526964789899745,0.008419919476827742
1410,19.999999999999964,110,0.009526964789898859,0.008419919476993942
1411,19.999999999999964,120,0.009526964789902946,0.008419919476246096
1412,19.999999999999964,130,0.009526964789898581,0.008419919477047233
1413,19.999999999999964,140,0.009526964789898375,0.00841991947708054
1414,20.099999999999966,10,0.00952696478990029,0.00841991947672116
1415,20.099999999999966,20,0.00952696478990069,0.008419919476643
1416,20.099999999999966,30,0.00952696478990234,0.008419919476364113
1417,20.099999999999966,40,0.009526964789900238,0.008419919476748694
1418,20.099999999999966,50,0.009526964789899957,0.008419919476795101
1419,20.099999999999966,60,0.009526964789898673,0.008419919477036353
1420,20.099999999999966,70,0.009526964789900763,0.008419919476642557
1421,20.099999999999966,80,0.009526964789901402,0.008419919476519322
1422,20.099999999999966,90,0.009526964789900134,0.008419919476752802
1423,20.099999999999966,100,0.009526964789899749,0.008419919476824744
1424,20.099999999999966,110,0.009526964789898848,0.008419919477001048
1425,20.099999999999966,120,0.009526964789903064,0.008419919476230997
1426,20.099999999999966,130,0.009526964789898477,0.008419919477064552
1427,20.099999999999966,140,0.009526964789898373,0.008419919477081095
1428,20.199999999999964,10,0.009526964789900264,0.008419919476723825
1429,20.199999999999964,20,0.009526964789900647,0.008419919476639559
1430,20.199999999999964,30,0.009526964789902288,0.008419919476367
1431,20.199999999999964,40,0.00952696478990026,0.00841991947672549
1432,20.199999999999964,50,0.00952696478989943,0.008419919476900461
1433,20.199999999999964,60,0.009526964789898573,0.008419919477055116
1434,20.199999999999964,70,0.009526964789900734,0.008419919476645776
1435,20.199999999999964,80,0.009526964789901456,0.008419919476510995
1436,20.199999999999964,90,0.009526964789900163,0.008419919476746363
1437,20.199999999999964,100,0.009526964789899632,0.008419919476847726
1438,20.199999999999964,110,0.009526964789898793,0.008419919477000826
1439,20.199999999999964,120,0.009526964789902882,0.008419919476272075
1440,20.199999999999964,130,0.009526964789898512,0.008419919477060778
1441,20.199999999999964,140,0.009526964789898375,0.008419919477080873
1442,20.29999999999996,10,0.009526964789900335,0.008419919476712945
1443,20.29999999999996,20,0.009526964789900864,0.008419919476625126
1444,20.29999999999996,30,0.009526964789902252,0.008419919476377324
1445,20.29999999999996,40,0.009526964789900368,0.008419919476712168
1446,20.29999999999996,50,0.009526964789899924,0.008419919476806315
1447,20.29999999999996,60,0.009526964789898737,0.008419919477029025
1448,20.29999999999996,70,0.009526964789900734,0.008419919476645776
1449,20.29999999999996,80,0.009526964789901445,0.008419919476508109
1450,20.29999999999996,90,0.00952696478990021,0.008419919476740034
1451,20.29999999999996,100,0.009526964789899636,0.008419919476852611
1452,20.29999999999996,110,0.009526964789898831,0.008419919476990723
1453,20.29999999999996,120,0.00952696478990312,0.00841991947622378
1454,20.29999999999996,130,0.009526964789898514,0.008419919477060667
1455,20.29999999999996,140,0.009526964789898345,0.008419919477086313
1456,20.399999999999963,10,0.009526964789900193,0.008419919476733373
1457,20.399999999999963,20,0.009526964789900826,0.008419919476627014
1458,20.399999999999963,30,0.009526964789902306,0.008419919476370219
1459,20.399999999999963,40,0.009526964789900384,0.008419919476702287
1460,20.399999999999963,50,0.00952696478989991,0.008419919476800541
1461,20.399999999999963,60,0.009526964789898684,0.008419919477034021
1462,20.399999999999963,70,0.009526964789900628,0.00841991947666143
1463,20.399999999999963,80,0.00952696478990142,0.008419919476515214
1464,20.399999999999963,90,0.009526964789900172,0.008419919476744697
1465,20.399999999999963,100,0.009526964789899653,0.008419919476850835
1466,20.399999999999963,110,0.009526964789898836,0.008419919476997273
1467,20.399999999999963,120,0.00952696478990312,0.00841991947622378
1468,20.399999999999963,130,0.009526964789898491,0.008419919477063664
1469,20.399999999999963,140,0.009526964789898342,0.008419919477087756
1470,20.499999999999964,10,0.009526964789900314,0.008419919476714943
1471,20.499999999999964,20,0.009526964789900883,0.008419919476612026
1472,20.499999999999964,30,0.00952696478990236,0.008419919476359672
1473,20.499999999999964,40,0.009526964789900358,0.008419919476725268
1474,20.499999999999964,50,0.009526964789900099,0.008419919476771343
1475,20.499999999999964,60,0.009526964789898656,0.00841991947704035
1476,20.499999999999964,70,0.009526964789900734,0.008419919476645776
1477,20.499999999999964,80,0.009526964789901414,0.008419919476517546
1478,20.499999999999964,90,0.009526964789900116,0.008419919476755688
1479,20.499999999999964,100,0.009526964789899617,0.008419919476853277
1480,20.499999999999964,110,0.009526964789898916,0.008419919476981064
1481,20.499999999999964,120,0.009526964789903069,0.008419919476246984
1482,20.499999999999964,130,0.00952696478989859,0.0084199194770459
1483,20.499999999999964,140,0.009526964789898335,0.008419919477089421
1484,20.599999999999962,10,0.00952696478990032,0.008419919476715498
1485,20.599999999999962,20,0.009526964789900708,0.008419919476634896
1486,20.599999999999962,30,0.009526964789902349,0.008419919476363003
1487,20.599999999999962,40,0.009526964789900387,0.008419919476699733
1488,20.599999999999962,50,0.009526964789899593,0.008419919476877702
1489,20.599999999999962,60,0.009526964789898734,0.008419919477026472
1490,20.599999999999962,70,0.009526964789900734,0.008419919476645776
1491,20.599999999999962,80,0.009526964789901445,0.008419919476507443
1492,20.599999999999962,90,0.009526964789900165,0.008419919476746696
1493,20.599999999999962,100,0.00952696478989957,0.008419919476865934
1494,20.599999999999962,110,0.00952696478989884,0.008419919476996829
1495,20.599999999999962,120,0.009526964789903124,0.008419919476222781
1496,20.599999999999962,130,0.009526964789898533,0.008419919477056781
1497,20.599999999999962,140,0.009526964789898335,0.008419919477088644
1498,20.69999999999996,10,0.009526964789900333,0.008419919476706283
1499,20.69999999999996,20,0.00952696478990076,0.008419919476618687
1500,20.69999999999996,30,0.009526964789902259,0.008419919476371773
1501,20.69999999999996,40,0.009526964789900439,0.008419919476696403
1502,20.69999999999996,50,0.009526964789900004,0.00841991947679388
1503,20.69999999999996,60,0.00952696478989873,0.008419919477026028
1504,20.69999999999996,70,0.009526964789900734,0.008419919476645776
1505,20.69999999999996,80,0.009526964789901431,0.00841991947651366
1506,20.69999999999996,90,0.009526964789900226,0.008419919476737592
1507,20.69999999999996,100,0.009526964789899717,0.008419919476829962
1508,20.69999999999996,110,0.00952696478989878,0.008419919477002935
1509,20.69999999999996,120,0.009526964789903086,0.00841991947621823
1510,20.69999999999996,130,0.00952696478989855,0.008419919477051008
1511,20.69999999999996,140,0.009526964789898352,0.00841991947708609
1512,20.79999999999996,10,0.009526964789900142,0.008419919476740922
1513,20.79999999999996,20,0.009526964789900515,0.00841991947667664
1514,20.79999999999996,30,0.009526964789902288,0.00841991947637577
1515,20.79999999999996,40,0.00952696478990043,0.008419919476694626
1516,20.79999999999996,50,0.009526964789899998,0.008419919476799875
1517,20.79999999999996,60,0.009526964789898496,0.008419919477070104
1518,20.79999999999996,70,0.009526964789900734,0.008419919476645776
1519,20.79999999999996,80,0.00952696478990143,0.008419919476514104
1520,20.79999999999996,90,0.009526964789900172,0.008419919476746696
1521,20.79999999999996,100,0.009526964789899743,0.00841991947682641
1522,20.79999999999996,110,0.009526964789898777,0.008419919477009152
1523,20.79999999999996,120,0.009526964789902701,0.008419919476277848
1524,20.79999999999996,130,0.009526964789898519,0.008419919477058446
1525,20.79999999999996,140,0.009526964789898373,0.008419919477082094
1526,20.899999999999963,10,0.009526964789900288,0.008419919476718829
1527,20.899999999999963,20,0.009526964789900883,0.008419919476608029
1528,20.899999999999963,30,0.00952696478990231,0.00841991947636267
1529,20.899999999999963,40,0.009526964789900536,0.008419919476690407
1530,20.899999999999963,50,0.00952696478990007,0.008419919476783111
1531,20.899999999999963,60,0.009526964789898671,0.008419919477036575
1532,20.899999999999963,70,0.009526964789900628,0.00841991947666143
1533,20.899999999999963,80,0.009526964789901473,0.008419919476501225
1534,20.899999999999963,90,0.009526964789900219,0.008419919476736704
1535,20.899999999999963,100,0.009526964789899698,0.00841991947683518
1536,20.899999999999963,110,0.009526964789898753,0.008419919477009818
1537,20.899999999999963,120,0.009526964789902701,0.008419919476277848
1538,20.899999999999963,130,0.00952696478989862,0.008419919477039461
1539,20.899999999999963,140,0.0095269647898984,0.008419919477076099
1540,20.99999999999996,10,0.009526964789900338,0.008419919476708393
1541,20.99999999999996,20,0.00952696478990094,0.00841991947658427
1542,20.99999999999996,30,0.009526964789902417,0.008419919476350346
1543,20.99999999999996,40,0.009526964789900417,0.008419919476719717
1544,20.99999999999996,50,0.00952696478989946,0.008419919476898685
1545,20.99999999999996,60,0.009526964789898722,0.00841991947702514
1546,20.99999999999996,70,0.009526964789900628,0.00841991947666143
1547,20.99999999999996,80,0.009526964789901438,0.008419919476510551
1548,20.99999999999996,90,0.009526964789900156,0.008419919476749027
1549,20.99999999999996,100,0.009526964789899707,0.008419919476834625
1550,20.99999999999996,110,0.009526964789898876,0.008419919476992832
1551,20.99999999999996,120,0.009526964789903124,0.00841991947621068
1552,20.99999999999996,130,0.009526964789898574,0.008419919477047011
1553,20.99999999999996,140,0.009526964789898345,0.008419919477085314
1554,21.09999999999996,10,0.0095269647899004,0.008419919476697513
1555,21.09999999999996,20,0.009526964789900746,0.008419919476617577
1556,21.09999999999996,30,0.009526964789902309,0.00841991947637033
1557,21.09999999999996,40,0.00952696478990047,0.008419919476693294
1558,21.09999999999996,50,0.009526964789899974,0.008419919476802207
1559,21.09999999999996,60,0.009526964789898625,0.00841991947705023
1560,21.09999999999996,70,0.009526964789900628,0.00841991947666143
1561,21.09999999999996,80,0.009526964789901409,0.008419919476518323
1562,21.09999999999996,90,0.009526964789900227,0.008419919476733262
1563,21.09999999999996,100,0.009526964789899632,0.008419919476852611
1564,21.09999999999996,110,0.009526964789898784,0.008419919477002935
1565,21.09999999999996,120,0.009526964789903124,0.008419919476222781
1566,21.09999999999996,130,0.0095269647898986,0.008419919477041127
1567,21.09999999999996,140,0.009526964789898373,0.008419919477081872
1568,21.19999999999996,10,0.009526964789900129,0.008419919476740922
1569,21.19999999999996,20,0.00952696478990089,0.008419919476579163
1570,21.19999999999996,30,0.00952696478990232,0.008419919476364224
1571,21.19999999999996,40,0.00952696478990036,0.008419919476728599
1572,21.19999999999996,50,0.009526964789900073,0.008419919476773341
1573,21.19999999999996,60,0.009526964789898597,0.008419919477051008
1574,21.19999999999996,70,0.009526964789900734,0.008419919476645776
1575,21.19999999999996,80,0.009526964789901487,0.008419919476498672
1576,21.19999999999996,90,0.009526964789900175,0.00841991947674614
1577,21.19999999999996,100,0.009526964789899613,0.00841991947685461
1578,21.19999999999996,110,0.009526964789898836,0.008419919476994053
1579,21.19999999999996,120,0.009526964789903123,0.008419919476237103
1580,21.19999999999996,130,0.009526964789898593,0.008419919477046345
1581,21.19999999999996,140,0.009526964789898371,0.008419919477083204
1582,21.29999999999996,10,0.009526964789900276,0.008419919476715942
1583,21.29999999999996,20,0.009526964789900783,0.008419919476628124
1584,21.29999999999996,30,0.009526964789902313,0.008419919476366555
1585,21.29999999999996,40,0.009526964789900448,0.008419919476704618
1586,21.29999999999996,50,0.00952696478989978,0.00841991947683296
1587,21.29999999999996,60,0.009526964789898718,0.00841991947702514
1588,21.29999999999996,70,0.009526964789900734,0.008419919476645776
1589,21.29999999999996,80,0.009526964789901478,0.008419919476503224
1590,21.29999999999996,90,0.009526964789900222,0.008419919476735371
1591,21.29999999999996,100,0.009526964789899605,0.008419919476860716
1592,21.29999999999996,110,0.009526964789898748,0.008419919477009485
1593,21.29999999999996,120,0.009526964789903124,0.00841991947621068
1594,21.29999999999996,130,0.009526964789898517,0.008419919477058113
1595,21.29999999999996,140,0.009526964789898373,0.008419919477082538
1596,21.39999999999996,10,0.009526964789900175,0.008419919476732152
1597,21.39999999999996,20,0.009526964789900987,0.008419919476581383
1598,21.39999999999996,30,0.009526964789902347,0.008419919476353677
1599,21.39999999999996,40,0.009526964789900848,0.008419919476619686
1600,21.39999999999996,50,0.009526964789900035,0.008419919476782223
1601,21.39999999999996,60,0.009526964789898585,0.008419919477055782
1602,21.39999999999996,70,0.009526964789900734,0.008419919476645776
1603,21.39999999999996,80,0.009526964789901424,0.008419919476514548
1604,21.39999999999996,90,0.009526964789900188,0.00841991947674392
1605,21.39999999999996,100,0.009526964789899584,0.008419919476863158
1606,21.39999999999996,110,0.009526964789898888,0.008419919476985727
1607,21.39999999999996,120,0.009526964789903124,0.008419919476222781
1608,21.39999999999996,130,0.009526964789898635,0.008419919477037796
1609,21.39999999999996,140,0.0095269647898984,0.008419919477072657
1610,21.499999999999957,10,0.009526964789900061,0.008419919476752469
1611,21.499999999999957,20,0.009526964789900646,0.00841991947663523
1612,21.499999999999957,30,0.009526964789902444,0.008419919476344462
1613,21.499999999999957,40,0.009526964789900878,0.00841991947661469
1614,21.499999999999957,50,0.009526964789900064,0.008419919476781557
1615,21.499999999999957,60,0.00952696478989854,0.008419919477063553
1616,21.499999999999957,70,0.009526964789900734,0.008419919476645776
1617,21.499999999999957,80,0.009526964789901504,0.008419919476495785
1618,21.499999999999957,90,0.009526964789900259,0.008419919476728599
1619,21.499999999999957,100,0.009526964789899615,0.00841991947685572
1620,21.499999999999957,110,0.009526964789898855,0.008419919476994941
1621,21.499999999999957,120,0.009526964789903086,0.00841991947621823
1622,21.499999999999957,130,0.00952696478989871,0.008419919477021254
1623,21.499999999999957,140,0.009526964789898368,0.008419919477079651
1624,21.59999999999996,10,0.009526964789900259,0.008419919476724824
1625,21.59999999999996,20,0.009526964789900932,0.008419919476583382
1626,21.59999999999996,30,0.009526964789902337,0.00841991947635834
1627,21.59999999999996,40,0.009526964789900895,0.008419919476614579
1628,21.59999999999996,50,0.009526964789899764,0.008419919476840065
1629,21.59999999999996,60,0.009526964789898541,0.008419919477061999
1630,21.59999999999996,70,0.009526964789900628,0.00841991947666143
1631,21.59999999999996,80,0.009526964789901485,0.008419919476502224
1632,21.59999999999996,90,0.00952696478990015,0.008419919476751025
1633,21.59999999999996,100,0.00952696478989961,0.00841991947685361
1634,21.59999999999996,110,0.00952696478989883,0.00841991947699905
1635,21.59999999999996,120,0.009526964789902663,0.008419919476285287
1636,21.59999999999996,130,0.009526964789898642,0.008419919477033355
1637,21.59999999999996,140,0.009526964789898387,0.008419919477075433
1638,21.69999999999996,10,0.00952696478990011,0.008419919476741589
1639,21.69999999999996,20,0.00952696478990076,0.008419919476614024
1640,21.69999999999996,30,0.009526964789902302,0.008419919476374105
1641,21.69999999999996,40,0.009526964789901067,0.008419919476586046
1642,21.69999999999996,50,0.009526964789899756,0.008419919476836069
1643,21.69999999999996,60,0.009526964789898574,0.00841991947705556
1644,21.69999999999996,70,0.009526964789900734,0.008419919476645776
1645,21.69999999999996,80,0.009526964789901447,0.008419919476509108
1646,21.69999999999996,90,0.009526964789900264,0.0084199194767276
1647,21.69999999999996,100,0.009526964789899535,0.008419919476872817
1648,21.69999999999996,110,0.009526964789898859,0.008419919476998938
1649,21.69999999999996,120,0.009526964789903124,0.008419919476222781
1650,21.69999999999996,130,0.009526964789898722,0.008419919477019366
1651,21.69999999999996,140,0.009526964789898413,0.008419919477069548
1652,21.799999999999958,10,0.00952696478990011,0.008419919476750026
1653,21.799999999999958,20,0.009526964789900793,0.00841991947661802
1654,21.799999999999958,30,0.009526964789902361,0.00841991947635612
1655,21.799999999999958,40,0.009526964789901083,0.008419919476582716
1656,21.799999999999958,50,0.00952696478989985,0.008419919476823301
1657,21.799999999999958,60,0.009526964789898491,0.008419919477076432
1658,21.799999999999958,70,0.009526964789900734,0.008419919476645776
1659,21.799999999999958,80,0.009526964789901494,0.008419919476500448
1660,21.799999999999958,90,0.009526964789900156,0.008419919476749471
1661,21.799999999999958,100,0.009526964789899582,0.008419919476862825
1662,21.799999999999958,110,0.009526964789898793,0.008419919477002824
1663,21.799999999999958,120,0.009526964789903086,0.00841991947621823
1664,21.799999999999958,130,0.009526964789898555,0.008419919477052451
1665,21.799999999999958,140,0.009526964789898304,0.008419919477094417
1666,21.899999999999956,10,0.009526964789899986,0.008419919476761462
1667,21.899999999999956,20,0.009526964789900687,0.008419919476622018
1668,21.899999999999956,30,0.009526964789902436,0.008419919476341353
1669,21.899999999999956,40,0.009526964789900925,0.008419919476606919
1670,21.899999999999956,50,0.009526964789899775,0.008419919476836624
1671,21.899999999999956,60,0.009526964789898597,0.008419919477056004
1672,21.899999999999956,70,0.009526964789900734,0.008419919476645776
1673,21.899999999999956,80,0.009526964789901478,0.008419919476504112
1674,21.899999999999956,90,0.00952696478990026,0.008419919476728377
1675,21.899999999999956,100,0.009526964789899598,0.00841991947685694
1676,21.899999999999956,110,0.009526964789898822,0.008419919477001825
1677,21.899999999999956,120,0.009526964789903027,0.008419919476245541
1678,21.899999999999956,130,0.009526964789898595,0.008419919477046012
1679,21.899999999999956,140,0.0095269647898984,0.008419919477074322
1680,21.999999999999957,10,0.009526964789900222,0.008419919476731708
1681,21.999999999999957,20,0.009526964789900599,0.00841991947665166
1682,21.999999999999957,30,0.009526964789902401,0.008419919476347348
1683,21.999999999999957,40,0.009526964789901086,0.00841991947658316
1684,21.999999999999957,50,0.009526964789899601,0.008419919476849502
1685,21.999999999999957,60,0.0095269647898986,0.008419919477053672
1686,21.999999999999957,70,0.009526964789900734,0.008419919476645776
1687,21.999999999999957,80,0.009526964789901457,0.008419919476506776
1688,21.999999999999957,90,0.00952696478990015,0.008419919476751025
1689,21.999999999999957,100,0.009526964789899579,0.008419919476861715
1690,21.999999999999957,110,0.009526964789898845,0.00841991947699594
1691,21.999999999999957,120,0.009526964789902894,0.008419919476267301
1692,21.999999999999957,130,0.009526964789898625,0.008419919477038795
1693,21.999999999999957,140,0.009526964789898411,0.008419919477072879
1694,22.09999999999996,10,0.009526964789900021,0.008419919476755355
1695,22.09999999999996,20,0.009526964789900652,0.008419919476641669
1696,22.09999999999996,30,0.009526964789902375,0.00841991947635845
1697,22.09999999999996,40,0.009526964789901149,0.008419919476569171
1698,22.09999999999996,50,0.009526964789899787,0.008419919476829518
1699,22.09999999999996,60,0.009526964789898474,0.00841991947707399
1700,22.09999999999996,70,0.009526964789900628,0.00841991947666143
1701,22.09999999999996,80,0.0095269647899015,0.008419919476498228
1702,22.09999999999996,90,0.009526964789900273,0.008419919476726934
1703,22.09999999999996,100,0.009526964789899506,0.00841991947687648
1704,22.09999999999996,110,0.009526964789898876,0.008419919476991056
1705,22.09999999999996,120,0.009526964789902979,0.008419919476239435
1706,22.09999999999996,130,0.009526964789898623,0.008419919477046012
1707,22.09999999999996,140,0.009526964789898429,0.00841991947706644
1708,22.199999999999957,10,0.009526964789899976,0.00841991947677101
1709,22.199999999999957,20,0.009526964789900567,0.008419919476667204
1710,22.199999999999957,30,0.00952696478990242,0.008419919476353566
1711,22.199999999999957,40,0.009526964789901168,0.008419919476566173
1712,22.199999999999957,50,0.009526964789900104,0.008419919476769344
1713,22.199999999999957,60,0.009526964789898569,0.008419919477061666
1714,22.199999999999957,70,0.009526964789900628,0.00841991947666143
1715,22.199999999999957,80,0.009526964789901499,0.008419919476503224
1716,22.199999999999957,90,0.009526964789900156,0.008419919476749693
1717,22.199999999999957,100,0.009526964789899598,0.008419919476857052
1718,22.199999999999957,110,0.009526964789898795,0.008419919477001825
1719,22.199999999999957,120,0.009526964789903027,0.008419919476245541
1720,22.199999999999957,130,0.00952696478989865,0.008419919477035465
1721,22.199999999999957,140,0.009526964789898286,0.008419919477096638
1722,22.299999999999955,10,0.009526964789899948,0.008419919476766458
1723,22.299999999999955,20,0.009526964789900458,0.00841991947667975
1724,22.299999999999955,30,0.00952696478990238,0.008419919476351678
1725,22.299999999999955,40,0.009526964789901,0.00841991947659082
1726,22.299999999999955,50,0.009526964789899664,0.008419919476845061
1727,22.299999999999955,60,0.00952696478989851,0.008419919477069104
1728,22.299999999999955,70,0.009526964789900628,0.00841991947666143
1729,22.299999999999955,80,0.00952696478990148,0.008419919476503224
1730,22.299999999999955,90,0.009526964789900224,0.008419919476735704
1731,22.299999999999955,100,0.00952696478989959,0.008419919476860827
1732,22.299999999999955,110,0.009526964789898824,0.00841991947699372
1733,22.299999999999955,120,0.009526964789902979,0.008419919476239435
1734,22.299999999999955,130,0.009526964789898567,0.008419919477052895
1735,22.299999999999955,140,0.009526964789898496,0.008419919477056226
1736,22.399999999999956,10,0.009526964789900021,0.008419919476764348
1737,22.399999999999956,20,0.009526964789900443,0.008419919476685633
1738,22.399999999999956,30,0.009526964789902502,0.00841991947633125
1739,22.399999999999956,40,0.009526964789901114,0.008419919476574833
1740,22.399999999999956,50,0.009526964789899865,0.008419919476824744
1741,22.399999999999956,60,0.009526964789898567,0.00841991947705778
1742,22.399999999999956,70,0.009526964789900734,0.008419919476645776
1743,22.399999999999956,80,0.009526964789901502,0.008419919476498228
1744,22.399999999999956,90,0.009526964789900163,0.008419919476749027
1745,22.399999999999956,100,0.009526964789899605,0.008419919476857163
1746,22.399999999999956,110,0.009526964789898836,0.008419919476998161
1747,22.399999999999956,120,0.009526964789903105,0.008419919476224669
1748,22.399999999999956,130,0.009526964789898543,0.008419919477054894
1749,22.399999999999956,140,0.009526964789898468,0.008419919477061777
1750,22.499999999999957,10,0.0095269647899,0.00841991947676024
1751,22.499999999999957,20,0.009526964789900425,0.008419919476693072
1752,22.499999999999957,30,0.009526964789902354,0.008419919476354898
1753,22.499999999999957,40,0.009526964789901064,0.008419919476581939
1754,22.499999999999957,50,0.009526964789899726,0.008419919476837179
1755,22.499999999999957,60,0.00952696478989853,0.008419919477069548
1756,22.499999999999957,70,0.009526964789900734,0.008419919476645776
1757,22.499999999999957,80,0.00952696478990152,0.008419919476499005
1758,22.499999999999957,90,0.009526964789900267,0.008419919476727156
1759,22.499999999999957,100,0.009526964789899539,0.00841991947686993
1760,22.499999999999957,110,0.009526964789898841,0.008419919476996385
1761,22.499999999999957,120,0.009526964789903027,0.008419919476245541
1762,22.499999999999957,130,0.009526964789898567,0.008419919477049342
1763,22.499999999999957,140,0.00952696478989846,0.008419919477061777
1764,22.599999999999955,10,0.009526964789899901,0.008419919476783777
1765,22.599999999999955,20,0.009526964789900626,0.008419919476651883
1766,22.599999999999955,30,0.009526964789902451,0.008419919476347126
1767,22.599999999999955,40,0.009526964789901077,0.00841991947658105
1768,22.599999999999955,50,0.009526964789899747,0.008419919476838511
1769,22.599999999999955,60,0.009526964789898486,0.008419919477074322
1770,22.599999999999955,70,0.009526964789900734,0.008419919476645776
1771,22.599999999999955,80,0.009526964789901511,0.008419919476497895
1772,22.599999999999955,90,0.00952696478990014,0.008419919476751914
1773,22.599999999999955,100,0.009526964789899617,0.008419919476855497
1774,22.599999999999955,110,0.00952696478989885,0.00841991947700016
1775,22.599999999999955,120,0.009526964789902951,0.008419919476242654
1776,22.599999999999955,130,0.009526964789898597,0.00841991947704357
1777,22.599999999999955,140,0.00952696478989831,0.008419919477091531
1778,22.699999999999953,10,0.009526964789900023,0.008419919476751914
1779,22.699999999999953,20,0.009526964789900349,0.008419919476715387
1780,22.699999999999953,30,0.009526964789902514,0.008419919476335802
1781,22.699999999999953,40,0.009526964789901001,0.008419919476591264
1782,22.699999999999953,50,0.009526964789899835,0.0084199194768243
1783,22.699999999999953,60,0.00952696478989849,0.008419919477069215
1784,22.699999999999953,70,0.009526964789900734,0.008419919476645776
1785,22.699999999999953,80,0.009526964789901537,0.008419919476494675
1786,22.699999999999953,90,0.009526964789900262,0.008419919476728377
1787,22.699999999999953,100,0.009526964789899643,0.00841991947685361
1788,22.699999999999953,110,0.009526964789898782,0.0084199194770046
1789,22.699999999999953,120,0.009526964789902965,0.008419919476252757
1790,22.699999999999953,130,0.0095269647898987,0.008419919477023252
1791,22.699999999999953,140,0.009526964789898291,0.008419919477095306
1792,22.799999999999955,10,0.009526964789900028,0.008419919476763349
1793,22.799999999999955,20,0.009526964789900231,0.008419919476729487
1794,22.799999999999955,30,0.009526964789902555,0.008419919476319482
1795,22.799999999999955,40,0.009526964789901086,0.008419919476575832
1796,22.799999999999955,50,0.009526964789899669,0.008419919476839177
1797,22.799999999999955,60,0.009526964789898628,0.008419919477053561
1798,22.799999999999955,70,0.009526964789900628,0.00841991947666143
1799,22.799999999999955,80,0.00952696478990153,0.008419919476497562
1800,22.799999999999955,90,0.009526964789900139,0.008419919476752025
1801,22.799999999999955,100,0.00952696478989961,0.008419919476856608
1802,22.799999999999955,110,0.009526964789898795,0.008419919477003934
1803,22.799999999999955,120,0.00952696478990286,0.00841991947627041
1804,22.799999999999955,130,0.009526964789898708,0.00841991947702403
1805,22.799999999999955,140,0.009526964789898278,0.008419919477100857
1806,22.899999999999956,10,0.009526964789899952,0.0084199194767689
1807,22.899999999999956,20,0.009526964789900162,0.008419919476737148
1808,22.899999999999956,30,0.009526964789902476,0.008419919476329918
1809,22.899999999999956,40,0.009526964789900987,0.008419919476589932
1810,22.899999999999956,50,0.009526964789899969,0.008419919476791105
1811,22.899999999999956,60,0.009526964789898434,0.008419919477084759
1812,22.899999999999956,70,0.009526964789900734,0.008419919476645776
1813,22.899999999999956,80,0.00952696478990154,0.008419919476490345
1814,22.899999999999956,90,0.009526964789900264,0.008419919476728266
1815,22.899999999999956,100,0.009526964789899542,0.008419919476868487
1816,22.899999999999956,110,0.009526964789898807,0.008419919476997828
1817,22.899999999999956,120,0.009526964789902951,0.008419919476242654
1818,22.899999999999956,130,0.009526964789898661,0.008419919477033133
1819,22.899999999999956,140,0.009526964789898227,0.008419919477111959
1820,22.999999999999954,10,0.009526964789899927,0.00841991947677967
1821,22.999999999999954,20,0.009526964789900609,0.008419919476659099
1822,22.999999999999954,30,0.009526964789902446,0.008419919476330806
1823,22.999999999999954,40,0.00952696478990115,0.008419919476560511
1824,22.999999999999954,50,0.009526964789899811,0.008419919476820081
1825,22.999999999999954,60,0.009526964789898666,0.00841991947704357
1826,22.999999999999954,70,0.009526964789900734,0.008419919476645776
1827,22.999999999999954,80,0.009526964789901548,0.008419919476492566
1828,22.999999999999954,90,0.009526964789900155,0.008419919476747473
1829,22.999999999999954,100,0.00952696478989962,0.008419919476856497
1830,22.999999999999954,110,0.009526964789898852,0.008419919476987725
1831,22.999999999999954,120,0.009526964789903055,0.008419919476232107
1832,22.999999999999954,130,0.00952696478989864,0.008419919477033688
1833,22.999999999999954,140,0.009526964789898442,0.008419919477068882
1834,23.09999999999995,10,0.00952696478990008,0.008419919476746696
1835,23.09999999999995,20,0.009526964789900902,0.008419919476609805
1836,23.09999999999995,30,0.009526964789902457,0.008419919476337023
1837,23.09999999999995,40,0.009526964789900966,0.008419919476594262
1838,23.09999999999995,50,0.00952696478989985,0.008419919476818194
1839,23.09999999999995,60,0.009526964789898625,0.008419919477056448
1840,23.09999999999995,70,0.009526964789900628,0.00841991947666143
1841,23.09999999999995,80,0.009526964789901556,0.008419919476492455
1842,23.09999999999995,90,0.00952696478990032,0.008419919476717275
1843,23.09999999999995,100,0.009526964789899627,0.008419919476854276
1844,23.09999999999995,110,0.0095269647898988,0.008419919476999937
1845,23.09999999999995,120,0.009526964789902862,0.008419919476272186
1846,23.09999999999995,130,0.00952696478989862,0.008419919477038462
1847,23.09999999999995,140,0.009526964789898288,0.008419919477101745
1848,23.199999999999953,10,0.009526964789900042,0.00841991947676557
1849,23.199999999999953,20,0.009526964789900023,0.008419919476767568
1850,23.199999999999953,30,0.009526964789902389,0.00841991947634324
1851,23.199999999999953,40,0.00952696478990112,0.008419919476567284
1852,23.199999999999953,50,0.009526964789900077,0.00841991947677423
1853,23.199999999999953,60,0.009526964789898505,0.008419919477064552
1854,23.199999999999953,70,0.009526964789900734,0.008419919476645776
1855,23.199999999999953,80,0.009526964789901537,0.008419919476489679
1856,23.199999999999953,90,0.00952696478990016,0.008419919476746585
1857,23.199999999999953,100,0.009526964789899606,0.008419919476855942
1858,23.199999999999953,110,0.00952696478989883,0.008419919476993276
1859,23.199999999999953,120,0.009526964789903065,0.008419919476230109
1860,23.199999999999953,130,0.009526964789898583,0.008419919477044568
1861,23.199999999999953,140,0.00952696478989831,0.00841991947709575
1862,23.299999999999955,10,0.0095269647899,0.008419919476762017
1863,23.299999999999955,20,0.009526964789900196,0.008419919476728266
1864,23.299999999999955,30,0.009526964789902403,0.008419919476346571
1865,23.299999999999955,40,0.009526964789901041,0.008419919476577276
1866,23.299999999999955,50,0.009526964789900044,0.008419919476779225
1867,23.299999999999955,60,0.009526964789898685,0.008419919477039906
1868,23.299999999999955,70,0.009526964789900628,0.00841991947666143
1869,23.299999999999955,80,0.009526964789901522,0.00841991947649623
1870,23.299999999999955,90,0.00952696478990033,0.008419919476715498
1871,23.299999999999955,100,0.00952696478989958,0.00841991947686116
1872,23.299999999999955,110,0.009526964789898807,0.008419919477000826
1873,23.299999999999955,120,0.009526964789903048,0.008419919476232995
1874,23.299999999999955,130,0.009526964789898777,0.008419919477008042
1875,23.299999999999955,140,0.009526964789898314,0.00841991947709364
1876,23.399999999999952,10,0.00952696478989996,0.008419919476773674
1877,23.399999999999952,20,0.009526964789900354,0.00841991947671461
1878,23.399999999999952,30,0.009526964789902443,0.00841991947633225
1879,23.399999999999952,40,0.009526964789901197,0.008419919476554405
1880,23.399999999999952,50,0.009526964789900295,0.008419919476737814
1881,23.399999999999952,60,0.009526964789898618,0.008419919477057003
1882,23.399999999999952,70,0.009526964789900628,0.00841991947666143
1883,23.399999999999952,80,0.009526964789901496,0.008419919476501558
1884,23.399999999999952,90,0.00952696478990016,0.008419919476746252
1885,23.399999999999952,100,0.009526964789899643,0.008419919476852833
1886,23.399999999999952,110,0.0095269647898988,0.008419919476999604
1887,23.399999999999952,120,0.009526964789902833,0.008419919476275628
1888,23.399999999999952,130,0.00952696478989878,0.008419919477010929
1889,23.399999999999952,140,0.009526964789898488,0.008419919477057669
1890,23.49999999999995,10,0.009526964789900108,0.008419919476740478
1891,23.49999999999995,20,0.009526964789900786,0.008419919476625126
1892,23.49999999999995,30,0.009526964789902564,0.008419919476310156
1893,23.49999999999995,40,0.009526964789901064,0.008419919476575277
1894,23.49999999999995,50,0.009526964789900045,0.008419919476783444
1895,23.49999999999995,60,0.009526964789898713,0.008419919477033355
1896,23.49999999999995,70,0.009526964789900628,0.00841991947666143
1897,23.49999999999995,80,0.009526964789901542,0.008419919476489235
1898,23.49999999999995,90,0.009526964789900312,0.008419919476718163
1899,23.49999999999995,100,0.009526964789899606,0.008419919476857607
1900,23.49999999999995,110,0.009526964789898788,0.008419919477006044
1901,23.49999999999995,120,0.009526964789903065,0.008419919476230109
1902,23.49999999999995,130,0.00952696478989871,0.008419919477024806
1903,23.49999999999995,140,0.009526964789898302,0.008419919477092752
1904,23.59999999999995,10,0.009526964789900005,0.008419919476770343
1905,23.59999999999995,20,0.00952696478990084,0.008419919476607807
1906,23.59999999999995,30,0.009526964789902528,0.008419919476316262
1907,23.59999999999995,40,0.009526964789901237,0.008419919476545079
1908,23.59999999999995,50,0.009526964789899839,0.00841991947680687
1909,23.59999999999995,60,0.009526964789898505,0.00841991947706855
1910,23.59999999999995,70,0.009526964789900734,0.008419919476645776
1911,23.59999999999995,80,0.009526964789901539,0.008419919476493232
1912,23.59999999999995,90,0.009526964789900135,0.00841991947675047
1913,23.59999999999995,100,0.00952696478989962,0.008419919476853388
1914,23.59999999999995,110,0.009526964789898796,0.008419919477003046
1915,23.59999999999995,120,0.009526964789902847,0.008419919476274185
1916,23.59999999999995,130,0.009526964789898663,0.00841991947702947
1917,23.59999999999995,140,0.009526964789898285,0.008419919477096305
1918,23.699999999999953,10,0.009526964789899919,0.008419919476775672
1919,23.699999999999953,20,0.009526964789900928,0.008419919476597593
1920,23.699999999999953,30,0.009526964789902602,0.008419919476310045
1921,23.699999999999953,40,0.009526964789901088,0.008419919476575277
1922,23.699999999999953,50,0.009526964789900201,0.00841991947674614
1923,23.699999999999953,60,0.009526964789898564,0.00841991947706644
1924,23.699999999999953,70,0.009526964789900734,0.008419919476645776
1925,23.699999999999953,80,0.009526964789901511,0.00841991947649745
1926,23.699999999999953,90,0.009526964789900344,0.008419919476711724
1927,23.699999999999953,100,0.009526964789899561,0.008419919476865712
1928,23.699999999999953,110,0.00952696478989884,0.008419919476991167
1929,23.699999999999953,120,0.009526964789902833,0.008419919476275628
1930,23.699999999999953,130,0.009526964789898701,0.008419919477027471
1931,23.699999999999953,140,0.009526964789898304,0.00841991947709142
1932,23.79999999999995,10,0.009526964789899905,0.008419919476784998
1933,23.79999999999995,20,0.009526964789900418,0.008419919476703952
1934,23.79999999999995,30,0.009526964789902562,0.008419919476317705
1935,23.79999999999995,40,0.009526964789901235,0.008419919476549187
1936,23.79999999999995,50,0.009526964789899972,0.008419919476777338
1937,23.79999999999995,60,0.009526964789898696,0.008419919477037574
1938,23.79999999999995,70,0.009526964789900734,0.008419919476645776
1939,23.79999999999995,80,0.009526964789901558,0.008419919476484794
1940,23.79999999999995,90,0.009526964789900137,0.008419919476750803
1941,23.79999999999995,100,0.00952696478989964,0.008419919476852167
1942,23.79999999999995,110,0.009526964789898857,0.008419919476990612
1943,23.79999999999995,120,0.009526964789903065,0.008419919476230109
1944,23.79999999999995,130,0.009526964789898756,0.008419919477016147
1945,23.79999999999995,140,0.009526964789898467,0.008419919477063553
1946,23.89999999999995,10,0.009526964789900137,0.008419919476739701
1947,23.89999999999995,20,0.009526964789900309,0.008419919476714832
1948,23.89999999999995,30,0.009526964789902496,0.00841991947632481
1949,23.89999999999995,40,0.009526964789901242,0.008419919476548632
1950,23.89999999999995,50,0.009526964789899941,0.008419919476796545
1951,23.89999999999995,60,0.009526964789898656,0.008419919477048787
1952,23.89999999999995,70,0.009526964789900734,0.008419919476645776
1953,23.89999999999995,80,0.009526964789901527,0.008419919476494342
1954,23.89999999999995,90,0.009526964789900295,0.008419919476721605
1955,23.89999999999995,100,0.009526964789899584,0.008419919476858495
1956,23.89999999999995,110,0.00952696478989887,0.00841991947698506
1957,23.89999999999995,120,0.009526964789902847,0.008419919476274185
1958,23.89999999999995,130,0.0095269647898987,0.008419919477026583
1959,23.89999999999995,140,0.009526964789898432,0.008419919477069326
1960,23.99999999999995,10,0.009526964789899962,0.008419919476777116
1961,23.99999999999995,20,0.009526964789900986,0.008419919476588378
1962,23.99999999999995,30,0.009526964789902547,0.00841991947632037
1963,23.99999999999995,40,0.009526964789901277,0.008419919476546522
1964,23.99999999999995,50,0.00952696478990023,0.008419919476748028
1965,23.99999999999995,60,0.00952696478989845,0.008419919477081317
1966,23.99999999999995,70,0.009526964789900628,0.00841991947666143
1967,23.99999999999995,80,0.0095269647899015,0.008419919476499338
1968,23.99999999999995,90,0.009526964789900148,0.008419919476748916
1969,23.99999999999995,100,0.009526964789899482,0.008419919476880366
1970,23.99999999999995,110,0.009526964789898833,0.008419919476993054
1971,23.99999999999995,120,0.009526964789903032,0.008419919476234772
1972,23.99999999999995,130,0.009526964789898803,0.008419919477007487
1973,23.99999999999995,140,0.009526964789898429,0.00841991947707077
1974,24.09999999999995,10,0.009526964789900038,0.00841991947675369
1975,24.09999999999995,20,0.009526964789900913,0.00841991947660492
1976,24.09999999999995,30,0.009526964789902387,0.008419919476348348
1977,24.09999999999995,40,0.009526964789900986,0.00841991947659293
1978,24.09999999999995,50,0.009526964789900037,0.008419919476781779
1979,24.09999999999995,60,0.009526964789898727,0.008419919477034132
1980,24.09999999999995,70,0.009526964789900734,0.008419919476645776
1981,24.09999999999995,80,0.009526964789901593,0.008419919476477244
1982,24.09999999999995,90,0.009526964789900318,0.008419919476717497
1983,24.09999999999995,100,0.009526964789899586,0.008419919476861604
1984,24.09999999999995,110,0.009526964789898828,0.00841991947699261
1985,24.09999999999995,120,0.009526964789903055,0.008419919476231885
1986,24.09999999999995,130,0.00952696478989867,0.008419919477034576
1987,24.09999999999995,140,0.009526964789898422,0.008419919477071658
1988,24.19999999999995,10,0.009526964789899872,0.00841991947678844
1989,24.19999999999995,20,0.009526964789900316,0.008419919476717719
1990,24.19999999999995,30,0.009526964789902418,0.008419919476345572
1991,24.19999999999995,40,0.009526964789901093,0.008419919476578053
1992,24.19999999999995,50,0.009526964789900356,0.008419919476730264
1993,24.19999999999995,60,0.009526964789898638,0.008419919477051008
1994,24.19999999999995,70,0.009526964789900734,0.008419919476645776
1995,24.19999999999995,80,0.009526964789901556,0.008419919476487014
1996,24.19999999999995,90,0.009526964789900224,0.008419919476733595
1997,24.19999999999995,100,0.009526964789899619,0.008419919476857052
1998,24.19999999999995,110,0.009526964789898838,0.008419919476996385
1999,24.19999999999995,120,0.009526964789902873,0.008419919476270743
2000,24.19999999999995,130,0.009526964789898692,0.008419919477029691
2001,24.19999999999995,140,0.009526964789898276,0.008419919477098414
2002,24.299999999999947,10,0.009526964789900111,0.008419919476743476
2003,24.299999999999947,20,0.009526964789900604,0.008419919476644888
2004,24.299999999999947,30,0.009526964789902533,0.008419919476326587
2005,24.299999999999947,40,0.009526964789901093,0.008419919476584603
2006,24.299999999999947,50,0.00952696478990012,0.008419919476767568
2007,24.299999999999947,60,0.00952696478989842,0.008419919477082094
2008,24.299999999999947,70,0.009526964789900628,0.00841991947666143
2009,24.299999999999947,80,0.009526964789901532,0.008419919476493676
2010,24.299999999999947,90,0.009526964789900304,0.008419919476720605
2011,24.299999999999947,100,0.00952696478989959,0.008419919476856053
2012,24.299999999999947,110,0.009526964789898758,0.008419919477006044
2013,24.299999999999947,120,0.009526964789903032,0.008419919476234772
2014,24.299999999999947,130,0.00952696478989861,0.008419919477044124
2015,24.299999999999947,140,0.009526964789898451,0.00841991947706533
2016,24.39999999999995,10,0.00952696478989994,0.008419919476781224
2017,24.39999999999995,20,0.009526964789900571,0.008419919476666982
2018,24.39999999999995,30,0.009526964789902535,0.008419919476320814
2019,24.39999999999995,40,0.009526964789901069,0.0084199194765876
2020,24.39999999999995,50,0.009526964789900049,0.008419919476780002
2021,24.39999999999995,60,0.009526964789898701,0.00841991947704035
2022,24.39999999999995,70,0.009526964789900734,0.008419919476645776
2023,24.39999999999995,80,0.009526964789901697,0.008419919476460369
2024,24.39999999999995,90,0.009526964789900222,0.008419919476733484
2025,24.39999999999995,100,0.009526964789899499,0.008419919476878035
2026,24.39999999999995,110,0.009526964789898805,0.008419919477003268
2027,24.39999999999995,120,0.009526964789902862,0.008419919476272186
2028,24.39999999999995,130,0.009526964789898663,0.008419919477033577
2029,24.39999999999995,140,0.00952696478989846,0.008419919477062887
2030,24.49999999999995,10,0.009526964789900077,0.008419919476748472
2031,24.49999999999995,20,0.009526964789900881,0.008419919476613025
2032,24.49999999999995,30,0.009526964789902587,0.008419919476305271
2033,24.49999999999995,40,0.00952696478990089,0.008419919476617244
2034,24.49999999999995,50,0.009526964789900085,0.008419919476755244
2035,24.49999999999995,60,0.00952696478989843,0.008419919477078541
2036,24.49999999999995,70,0.009526964789900628,0.00841991947666143
2037,24.49999999999995,80,0.009526964789901516,0.008419919476495563
2038,24.49999999999995,90,0.009526964789900305,0.008419919476720494
2039,24.49999999999995,100,0.009526964789899589,0.008419919476860938
2040,24.49999999999995,110,0.00952696478989879,0.008419919477002824
2041,24.49999999999995,120,0.009526964789902873,0.008419919476270743
2042,24.49999999999995,130,0.009526964789898777,0.008419919477015703
2043,24.49999999999995,140,0.009526964789898446,0.008419919477066773
2044,24.599999999999948,10,0.00952696478989991,0.008419919476785998
2045,24.599999999999948,20,0.009526964789899993,0.008419919476772564
2046,24.599999999999948,30,0.009526964789902568,0.008419919476310489
2047,24.599999999999948,40,0.009526964789901147,0.008419919476575166
2048,24.599999999999948,50,0.009526964789899893,0.008419919476793547
2049,24.599999999999948,60,0.009526964789898403,0.00841991947708609
2050,24.599999999999948,70,0.009526964789900628,0.00841991947666143
2051,24.599999999999948,80,0.009526964789901544,0.008419919476494786
2052,24.599999999999948,90,0.009526964789900208,0.008419919476735815
2053,24.599999999999948,100,0.009526964789899648,0.008419919476852389
2054,24.599999999999948,110,0.009526964789898833,0.008419919476993831
2055,24.599999999999948,120,0.009526964789903032,0.008419919476234772
2056,24.599999999999948,130,0.009526964789898795,0.00841991947701437
2057,24.599999999999948,140,0.009526964789898253,0.008419919477102189
2058,24.699999999999946,10,0.009526964789900205,0.008419919476728266
2059,24.699999999999946,20,0.009526964789900625,0.008419919476655213
2060,24.699999999999946,30,0.009526964789902627,0.008419919476305715
2061,24.699999999999946,40,0.009526964789901164,0.008419919476572502
2062,24.699999999999946,50,0.009526964789900488,0.008419919476694071
2063,24.699999999999946,60,0.00952696478989845,0.008419919477080873
2064,24.699999999999946,70,0.009526964789900628,0.00841991947666143
2065,24.699999999999946,80,0.00952696478990163,0.008419919476475357
2066,24.699999999999946,90,0.00952696478990029,0.008419919476721605
2067,24.699999999999946,100,0.009526964789899586,0.008419919476859494
2068,24.699999999999946,110,0.009526964789898859,0.008419919476989945
2069,24.699999999999946,120,0.009526964789903032,0.008419919476234772
2070,24.699999999999946,130,0.009526964789898758,0.008419919477020366
2071,24.699999999999946,140,0.009526964789898429,0.008419919477070104
2072,24.799999999999947,10,0.009526964789899943,0.008419919476778892
2073,24.799999999999947,20,0.009526964789900571,0.008419919476668536
2074,24.799999999999947,30,0.009526964789902432,0.008419919476338134
2075,24.799999999999947,40,0.009526964789901147,0.008419919476576165
2076,24.799999999999947,50,0.009526964789900247,0.008419919476733484
2077,24.799999999999947,60,0.009526964789898675,0.00841991947704368
2078,24.799999999999947,70,0.009526964789900734,0.008419919476645776
2079,24.799999999999947,80,0.009526964789901437,0.008419919476514548
2080,24.799999999999947,90,0.0095269647899002,0.008419919476738147
2081,24.799999999999947,100,0.00952696478989953,0.008419919476871707
2082,24.799999999999947,110,0.00952696478989889,0.008419919476981397
2083,24.799999999999947,120,0.009526964789903055,0.008419919476231885
2084,24.799999999999947,130,0.009526964789898703,0.008419919477027138
2085,24.799999999999947,140,0.009526964789898444,0.008419919477068105
2086,24.89999999999995,10,0.009526964789900033,0.008419919476753246
2087,24.89999999999995,20,0.009526964789900476,0.008419919476685522
2088,24.89999999999995,30,0.009526964789902564,0.00841991947631493
2089,24.89999999999995,40,0.009526964789900972,0.008419919476601923
2090,24.89999999999995,50,0.009526964789900312,0.00841991947675036
2091,24.89999999999995,60,0.009526964789898456,0.008419919477072879
2092,24.89999999999995,70,0.009526964789900734,0.008419919476645776
2093,24.89999999999995,80,0.009526964789901556,0.008419919476493343
2094,24.89999999999995,90,0.009526964789900292,0.008419919476721938
2095,24.89999999999995,100,0.009526964789899627,0.008419919476854498
2096,24.89999999999995,110,0.00952696478989881,0.008419919476999493
2097,24.89999999999995,120,0.009526964789903032,0.008419919476234772
2098,24.89999999999995,130,0.009526964789898696,0.008419919477033022
2099,24.89999999999995,140,0.009526964789898444,0.008419919477068216
2100,24.999999999999947,10,0.009526964789899946,0.008419919476781668
2101,24.999999999999947,20,0.009526964789900347,0.008419919476698068
2102,24.999999999999947,30,0.009526964789902483,0.00841991947632914
2103,24.999999999999947,40,0.00952696478990098,0.008419919476599258
2104,24.999999999999947,50,0.00952696478989989,0.008419919476824522
2105,24.999999999999947,60,0.009526964789898403,0.008419919477088755
2106,24.999999999999947,70,0.009526964789900734,0.008419919476645776
2107,24.999999999999947,80,0.009526964789901528,0.008419919476499449
2108,24.999999999999947,90,0.009526964789900208,0.008419919476737037
2109,24.999999999999947,100,0.009526964789899657,0.008419919476850501
2110,24.999999999999947,110,0.009526964789898815,0.00841991947699583
2111,24.999999999999947,120,0.009526964789902862,0.008419919476272186
2112,24.999999999999947,130,0.00952696478989867,0.008419919477032578
2113,24.999999999999947,140,0.0095269647898983,0.00841991947709364
