,ATPM_flux,GAM_value,Mean_Difference,R2_Score
0,1.0,10,0.008332809528884379,0.09718870725398321
1,1.0,20,0.008172191467255717,0.12215930102110872
2,1.0,30,0.008015483971637025,0.1436155430338084
3,1.0,40,0.007862545943927117,0.16178784053511197
4,1.0,50,0.007735870071326234,0.17689078148765391
5,1.0,60,0.007632389639344898,0.18912434594711014
6,1.0,70,0.0075709175998532035,0.1986750136204518
7,1.0,80,0.007527737796949661,0.2057167774947547
8,1.0,90,0.0075086161103160715,0.2104120723815338
9,1.0,100,0.0074899234222739,0.21291262630763919
10,1.0,110,0.007471645455980386,0.213360241869462
11,1.0,120,0.007453768561143017,0.21188751394432803
12,1.0,130,0.007436279680022089,0.20861848951145534
13,1.0,140,0.007419166315622903,0.2036692747622677
14,1.1,10,0.008274582231056869,0.10610550616356551
15,1.1,20,0.008114681734359601,0.13001445172043002
16,1.1,30,0.007958674333127223,0.1504577839041702
17,1.1,40,0.0078064195596180865,0.16766333543369738
18,1.1,50,0.007696256235683335,0.18184328045983666
19,1.1,60,0.007608900486590163,0.19319533427682056
20,1.1,70,0.007547701114879446,0.20190385018419077
21,1.1,80,0.00752008777196991,0.20814082329478767
22,1.1,90,0.007501052873759306,0.21206681005344463
23,1.1,100,0.0074824450270256585,0.21383177132547082
24,1.1,110,0.007464250019725219,0.21357584610581049
25,1.1,120,0.007446454263520525,0.21143006218525717
26,1.1,130,0.007429044759937784,0.2075169894725768
27,1.1,140,0.007412009068702871,0.20195134110516255
28,1.2000000000000002,10,0.008216354933230115,0.11470994528390965
29,1.2000000000000002,20,0.008057172001463494,0.13756489393345883
30,1.2000000000000002,30,0.007901864694617658,0.15700268986608168
31,1.2000000000000002,40,0.007762783911201792,0.1732486045570053
32,1.2000000000000002,50,0.00765664240004043,0.1865124108409818
33,1.2000000000000002,60,0.0075854113338354335,0.19698957101715586
34,1.2000000000000002,70,0.007531825765284285,0.20486232306502794
35,1.2000000000000002,80,0.007512437746990351,0.21030067467813873
36,1.2000000000000002,90,0.00749348963720257,0.2134633137999934
37,1.2000000000000002,100,0.0074749666317774684,0.2144984434492898
38,1.2000000000000002,110,0.007456854583470022,0.2135445478209138
39,1.2000000000000002,120,0.0074391399658980655,0.21073109594019845
40,1.2000000000000002,130,0.007421809839853471,0.206179188517567
41,1.2000000000000002,140,0.007404851821782753,0.2000021530881616
42,1.3000000000000003,10,0.008158127635402614,0.12300202461528165
43,1.3000000000000003,20,0.00799966226856739,0.14481062766019082
44,1.3000000000000003,30,0.007845055056107688,0.16325026091962624
45,1.3000000000000003,40,0.007722693636695506,0.17854364790504973
46,1.3000000000000003,50,0.007624017860641128,0.19089817263109632
47,1.3000000000000003,60,0.007561922181080708,0.2005070561681147
48,1.3000000000000003,70,0.007524086936959715,0.20755043226298087
49,1.3000000000000003,80,0.00750478772201088,0.21219633164481488
50,1.3000000000000003,90,0.0074859264006458,0.21460158362116055
51,1.3000000000000003,100,0.007467488236529243,0.21491264267911203
52,1.3000000000000003,110,0.007449459147214826,0.2132663470147682
53,1.3000000000000003,120,0.00743182566827556,0.2097906152091672
54,1.3000000000000003,130,0.007414574919769158,0.20460508664642507
55,1.3000000000000003,140,0.007397694574862714,0.19782171071124188
56,1.4000000000000004,10,0.00809990033757503,0.1309817441575466
57,1.4000000000000004,20,0.007942152535671274,0.15175165290063652
58,1.4000000000000004,30,0.007790353022013096,0.16920049706468865
59,1.4000000000000004,40,0.00768260336218907,0.18354846547784387
60,1.4000000000000004,50,0.007600249559255423,0.19500056583018
61,1.4000000000000004,60,0.007538433028325986,0.2037477897296993
62,1.4000000000000004,70,0.0075163481086351295,0.20996817777803134
63,1.4000000000000004,80,0.007497137697031185,0.21382779419488807
64,1.4000000000000004,90,0.007478363164089166,0.21548161951693212
65,1.4000000000000004,100,0.007460009841281027,0.21507436901493138
66,1.4000000000000004,110,0.007442063710959634,0.2127412436873718
67,1.4000000000000004,120,0.007424511370653094,0.2086086199921401
68,1.4000000000000004,130,0.007407339999684858,0.20279468385914867
69,1.4000000000000004,140,0.007390537327942637,0.1954100139744238
70,1.5000000000000004,10,0.008041673039748279,0.13864910391057328
71,1.5000000000000004,20,0.007884642802775151,0.1583879696547883
72,1.5000000000000004,30,0.007749774708791588,0.1748533983014492
73,1.5000000000000004,40,0.007642513087682628,0.18826305727539738
74,1.5000000000000004,50,0.007576481257869646,0.19881959043823394
75,1.5000000000000004,60,0.0075281800389467675,0.20671177170190913
76,1.5000000000000004,70,0.0075086092803105416,0.21211555961019246
77,1.5000000000000004,80,0.007489487672051649,0.215195062328277
78,1.5000000000000004,90,0.007470799927532525,0.21610342148731598
79,1.5000000000000004,100,0.007452531446032814,0.2149836224567464
80,1.5000000000000004,110,0.0074346682747044495,0.21196923783872745
81,1.5000000000000004,120,0.007417197073030662,0.20718511028912423
82,1.5000000000000004,130,0.007400105079600553,0.20074798015574002
83,1.5000000000000004,140,0.007383380081022566,0.1927670628776944
84,1.6000000000000005,10,0.007983445741920931,0.14600410387455798
85,1.6000000000000005,20,0.007827133069879021,0.16471957792264502
86,1.6000000000000005,30,0.007709196395570583,0.18020896462971214
87,1.6000000000000005,40,0.007615444705793063,0.1926874232976754
88,1.6000000000000005,50,0.007552712956483971,0.20235524645527603
89,1.6000000000000005,60,0.0075203503213618576,0.20939900208474238
90,1.6000000000000005,70,0.007500870451986015,0.21399257775945568
91,1.6000000000000005,80,0.007481837647071978,0.21629813604504444
92,1.6000000000000005,90,0.0074632366909759325,0.21646698953232935
93,1.6000000000000005,100,0.007445053050784606,0.214640403004559
94,1.6000000000000005,110,0.007427272838449267,0.21095032946883285
95,1.6000000000000005,120,0.0074098827754081895,0.20552008610013062
96,1.6000000000000005,130,0.007392870159516237,0.19846497553620024
97,1.6000000000000005,140,0.007376222834102473,0.18989285742106476
98,1.7000000000000006,10,0.00792521844409384,0.1530467440493697
99,1.7000000000000006,20,0.007777523248839795,0.1707464777042086
100,1.7000000000000006,30,0.007668618082349132,0.18526719604961417
101,1.7000000000000006,40,0.007591390541089148,0.1968215635447229
102,1.7000000000000006,50,0.007532370427015679,0.20560753388125375
103,1.7000000000000006,60,0.007512520603776956,0.21180948087820028
104,1.7000000000000006,70,0.007493131623661387,0.21559923222583366
105,1.7000000000000006,80,0.007474187622092401,0.21713701534514418
106,1.7000000000000006,90,0.007455673454419064,0.2165723236520256
107,1.7000000000000006,100,0.007437574655536369,0.21404471065837538
108,1.7000000000000006,110,0.007419877402194064,0.20968451857769166
109,1.7000000000000006,120,0.007402568477785746,0.2036135474251477
110,1.7000000000000006,130,0.007385635239431923,0.1959456700005261
111,1.7000000000000006,140,0.007369065587182408,0.18678739760452379
112,1.8000000000000007,10,0.0078669911462665,0.15977702443518726
113,1.8000000000000007,20,0.007736444868199696,0.1764686689994831
114,1.8000000000000007,30,0.007631009808380511,0.19002809256104913
115,1.8000000000000007,40,0.007567336376385496,0.20066547801645795
116,1.8000000000000007,50,0.0075244476598869845,0.20857645271623704
117,1.8000000000000007,60,0.007504690886192043,0.2139432080822835
118,1.8000000000000007,70,0.0074853927953368,0.2169355230093134
119,1.8000000000000007,80,0.007466537597112775,0.21771170022860775
120,1.8000000000000007,90,0.007448110217862406,0.21641942384627966
121,1.8000000000000007,100,0.007430096260288153,0.21319654541818267
122,1.8000000000000007,110,0.0074124819659388795,0.20817180516529765
123,1.8000000000000007,120,0.007395254180163286,0.2014654942641837
124,1.8000000000000007,130,0.007378400319347624,0.19319006354871726
125,1.8000000000000007,140,0.007361908340262324,0.18345068342807824
126,1.9000000000000008,10,0.0078087638484392215,0.16619494503186238
127,1.9000000000000008,20,0.007695366487559622,0.18188615180846013
128,1.9000000000000008,30,0.007606662820447862,0.19449165416410952
129,1.9000000000000008,40,0.00754328221168156,0.20421916671298657
130,1.9000000000000008,50,0.007516524892758465,0.21126200296018893
131,1.9000000000000008,60,0.0074968611686071366,0.2158001836969915
132,1.9000000000000008,70,0.007477653967012278,0.21800145010989558
133,1.9000000000000008,80,0.007458887572133179,0.21802219069540862
134,1.9000000000000008,90,0.007440546981305719,0.21600829011520606
135,1.9000000000000008,100,0.007422617865039929,0.21209590728399175
136,1.9000000000000008,110,0.007405086529683679,0.2064121892316576
137,1.9000000000000008,120,0.0073879398825407675,0.1990759266172456
138,1.9000000000000008,130,0.007371165399263315,0.19019815618077962
139,1.9000000000000008,140,0.007354751093342257,0.17988271489172458
140,2.000000000000001,10,0.007764373314372006,0.17230050583938772
141,2.000000000000001,20,0.007654288106919536,0.18699892613114721
142,2.000000000000001,30,0.007582315832514887,0.19865788085879055
143,2.000000000000001,40,0.00752864355646758,0.20748262963425956
144,2.000000000000001,50,0.007508602125629974,0.213664184613089
145,2.000000000000001,60,0.00748903145102223,0.21738040772232337
146,2.000000000000001,70,0.007469915138687653,0.21879701352759495
147,2.000000000000001,80,0.00745123754715362,0.2180684867455519
148,2.000000000000001,90,0.00743298374474892,0.21533892245874076
149,2.000000000000001,100,0.007415139469791719,0.21074279625579528
150,2.000000000000001,110,0.00739769109342849,0.2044056707767652
151,2.000000000000001,120,0.0073806255849183,0.19644484448431598
152,2.000000000000001,130,0.007363930479178997,0.18696994789670884
153,2.000000000000001,140,0.007347593846422178,0.17608349199546236
154,2.100000000000001,10,0.007722782387352717,0.17809370685782344
155,2.100000000000001,20,0.0076223115161086095,0.19180699196754103
156,2.100000000000001,30,0.0075579688445823546,0.2025267726450125
157,2.100000000000001,40,0.0075206255015663704,0.2104558667802463
158,2.100000000000001,50,0.007500679358501304,0.21578299767499742
159,2.100000000000001,60,0.007481201733437314,0.21868388015828366
160,2.100000000000001,70,0.00746217631036307,0.21932221326238954
161,2.100000000000001,80,0.007443587522174061,0.21785058837905646
162,2.100000000000001,90,0.007425420508192204,0.21441132087688475
163,2.100000000000001,100,0.007407661074543505,0.20913721233359872
164,2.100000000000001,110,0.007390295657173287,0.2021522498006263
165,2.100000000000001,120,0.007373311287295844,0.19357224786539784
166,2.100000000000001,130,0.0073566955590947,0.18350543869650238
167,2.100000000000001,140,0.007340436599502124,0.1720530147392938
168,2.200000000000001,10,0.007681191460333247,0.18357454808710838
169,2.200000000000001,20,0.007597664487724562,0.19631034931764113
170,2.200000000000001,30,0.007533621856649515,0.20609832952285467
171,2.200000000000001,40,0.007512607446665185,0.21313887815099197
172,2.200000000000001,50,0.007492756591372764,0.2176184421458447
173,2.200000000000001,60,0.007473372015852409,0.21971060100486584
174,2.200000000000001,70,0.007454437482038536,0.21957704931429234
175,2.200000000000001,80,0.007435937497194425,0.21736849559590532
176,2.200000000000001,90,0.007417857271635547,0.21322548536966823
177,2.200000000000001,100,0.007400182679295275,0.20727915551739917
178,2.200000000000001,110,0.007382900220918092,0.19965192630323614
179,2.200000000000001,120,0.007365996989673432,0.19045813676048828
180,2.200000000000001,130,0.007349460639010391,0.17980462858016466
181,2.200000000000001,140,0.0073332793525820355,0.16779128312321923
182,2.300000000000001,10,0.007639600533313714,0.1887430295273167
183,2.300000000000001,20,0.007573017459340527,0.20050899818144574
184,2.300000000000001,30,0.007524825947847632,0.2093725514922934
185,2.300000000000001,40,0.007504589391763775,0.21553166374649546
186,2.300000000000001,50,0.007484833824244215,0.21917051802568532
187,2.300000000000001,60,0.00746554229826751,0.2204605702620721
188,2.300000000000001,70,0.007446698653713909,0.21956152168330767
189,2.300000000000001,80,0.007428287472214817,0.2166222083961168
190,2.300000000000001,90,0.007410294035078797,0.21178141593708077
191,2.300000000000001,100,0.007392704284047065,0.2051686258071962
192,2.300000000000001,110,0.00737550478466288,0.19690470028459994
193,2.300000000000001,120,0.007358682692050918,0.18710251116961263
194,2.300000000000001,130,0.007342225718926074,0.17586751754769558
195,2.300000000000001,140,0.007326122105661988,0.16329829714723587
196,2.4000000000000012,10,0.007613396161813933,0.19359915117844662
197,2.4000000000000012,20,0.007548370430956476,0.2044029385589613
198,2.4000000000000012,30,0.007516710285203562,0.21234943855326538
199,2.4000000000000012,40,0.007496571336862518,0.21763422356671924
200,2.4000000000000012,50,0.007476911057115636,0.22043922531450866
201,2.4000000000000012,60,0.007457712580682591,0.22093378792990603
202,2.4000000000000012,70,0.007438959825389329,0.2192756303694241
203,2.4000000000000012,80,0.007420637447235244,0.21561172677966323
204,2.4000000000000012,90,0.007402730798522123,0.21007911257911804
205,2.4000000000000012,100,0.00738522588879884,0.20280562320299278
206,2.4000000000000012,110,0.007368109348407709,0.19391057174471038
207,2.4000000000000012,120,0.007351368394428472,0.18350537109274
208,2.4000000000000012,130,0.00733499079884177,0.17169410559909493
209,2.4000000000000012,140,0.0073189648587418995,0.15857405681134917
210,2.5000000000000013,10,0.00758844160560238,0.1981429130404221
211,2.5000000000000013,20,0.0075291299226474175,0.20799217045018803
212,2.5000000000000013,30,0.007508594622559191,0.2150289907058882
213,2.5000000000000013,40,0.00748855328196128,0.2194465576116943
214,2.5000000000000013,50,0.0074689882899871,0.22142456401226962
215,2.5000000000000013,60,0.007449882863097684,0.2211302540083624
216,2.5000000000000013,70,0.007431220997064806,0.21871937537264485
217,2.5000000000000013,80,0.007412987422255582,0.21433705074658693
218,2.5000000000000013,90,0.007395167561965464,0.20811857529575217
219,2.5000000000000013,100,0.007377747493550639,0.20019014770478305
220,2.5000000000000013,110,0.007360713912152511,0.190669540683574
221,2.5000000000000013,120,0.007344054096806026,0.1796667165298833
222,2.5000000000000013,130,0.007327755878757462,0.1672843927343597
223,2.5000000000000013,140,0.0073118076118218155,0.15361856211555458
224,2.6000000000000014,10,0.007563487049390539,0.20237431511327075
225,2.6000000000000014,20,0.007520914246519407,0.21127669385511583
226,2.6000000000000014,30,0.007500478959915115,0.2174112079500471
227,2.6000000000000014,40,0.007480535227059953,0.22096866588143416
228,2.6000000000000014,50,0.0074610655228583116,0.22212653411904504
229,2.6000000000000014,60,0.007442053145512776,0.22104996849744307
230,2.6000000000000014,70,0.0074234821687401776,0.2178927566929828
231,2.6000000000000014,80,0.007405337397276173,0.2127981802968032
232,2.6000000000000014,90,0.007387604325408765,0.20589980408703368
233,2.6000000000000014,100,0.0073702690983024205,0.1973221993125721
234,2.6000000000000014,110,0.007353318475897328,0.18718160710118692
235,2.6000000000000014,120,0.007336739799183533,0.17558654748105207
236,2.6000000000000014,130,0.007320520958673154,0.16263837895349031
237,2.6000000000000014,140,0.0073046503649017835,0.14843181305984798
238,2.7000000000000015,10,0.007538532493178848,0.20629335739710697
239,2.7000000000000015,20,0.0075126985703914,0.21425650877375024
240,2.7000000000000015,30,0.0074923632972705755,0.21949609028590222
241,2.7000000000000015,40,0.007472517172158851,0.22220054837585612
242,2.7000000000000015,50,0.007453142755730003,0.22254513563474332
243,2.7000000000000015,60,0.007434223427927876,0.22069293139715074
244,2.7000000000000015,70,0.00741574334041559,0.21679577433041541
245,2.7000000000000015,80,0.007397687372296552,0.2109951154304025
246,2.7000000000000015,90,0.007380041088851951,0.203422798952954
247,2.7000000000000015,100,0.007362790703054191,0.1942017780263654
248,2.7000000000000015,110,0.0073459230396421245,0.18344677099755324
249,2.7000000000000015,120,0.0073294255015610415,0.1712648639462373
250,2.7000000000000015,130,0.007313286038588845,0.15775606425649003
251,2.7000000000000015,140,0.007297493117981655,0.14301380964424448
252,2.8000000000000016,10,0.00752522311582427,0.20990003989173767
253,2.8000000000000016,20,0.007504482894263396,0.2169316152060905
254,2.8000000000000016,30,0.007484247634626409,0.22128363771323978
255,2.8000000000000016,40,0.007464499117257441,0.2231422050950903
256,2.8000000000000016,50,0.007445219988601381,0.22268036855943163
257,2.8000000000000016,60,0.007426393710342965,0.22005914270748206
258,2.8000000000000016,70,0.007408004512091043,0.21542842828495634
259,2.8000000000000016,80,0.007390037347316873,0.20892785614738285
260,2.8000000000000016,90,0.0073724778522951985,0.2006875598934964
261,2.8000000000000016,100,0.0073553123078059866,0.1908288838461457
262,2.8000000000000016,110,0.007338527603386932,0.17946503237266975
263,2.8000000000000016,120,0.00732211120393863,0.16670166592542135
264,2.8000000000000016,130,0.007306051118504534,0.15263744864335638
265,2.8000000000000016,140,0.007294457894165058,0.13736455186872365
266,2.9000000000000017,10,0.007516904930420383,0.2131943625972873
267,2.9000000000000017,20,0.007496267218135349,0.21930201315214748
268,2.9000000000000017,30,0.007476131971982163,0.22277385023220053
269,2.9000000000000017,40,0.007456481062356152,0.22379363603903824
270,2.9000000000000017,50,0.007437297221472601,0.22253223289312374
271,2.9000000000000017,60,0.007418563992758056,0.2191486024284386
272,2.9000000000000017,70,0.0074002656837664,0.21379071855661413
273,2.9000000000000017,80,0.007382387322337536,0.2065964024476451
274,2.9000000000000017,90,0.007364914615738659,0.1976940869086241
275,2.9000000000000017,100,0.007347833912557772,0.18720351677193026
276,2.9000000000000017,110,0.00733113216713174,0.17523639122653512
277,2.9000000000000017,120,0.00731479690631615,0.16189695341863142
278,2.9000000000000017,130,0.007298816198420233,0.14728253211409037
279,2.9000000000000017,140,0.007301615141085109,0.1314840397333048
280,3.0000000000000018,10,0.007508586745016837,0.21617632551367405
281,3.0000000000000018,20,0.0074880515420073564,0.22136770261190142
282,3.0000000000000018,30,0.00746801630933777,0.2239667278427766
283,3.0000000000000018,40,0.007448463007454821,0.22415484120773865
284,3.0000000000000018,50,0.007429374454344221,0.22210072863574992
285,3.0000000000000018,60,0.007410734275173141,0.21796131056002044
286,3.0000000000000018,70,0.0073925268554418475,0.21188264514536415
287,3.0000000000000018,80,0.007374737297357745,0.2040007543313216
288,3.0000000000000018,90,0.007357351379181895,0.19444237999841119
289,3.0000000000000018,100,0.00734035551730955,0.18332567680371215
290,3.0000000000000018,110,0.00732373673087654,0.170760847559153
291,3.0000000000000018,120,0.007307482608693655,0.1568507264258644
292,3.0000000000000018,130,0.00729405560158875,0.14169131466869145
293,3.0000000000000018,140,0.007308772388005198,0.12537227323797295
294,3.100000000000002,10,0.007500268559612846,0.21884592864096652
295,3.100000000000002,20,0.007479835865879336,0.22312868358536797
296,3.100000000000002,30,0.007459900646693805,0.2248622705449116
297,3.100000000000002,40,0.007440444952553638,0.22422582060117224
298,3.100000000000002,50,0.007421451687215671,0.22138585578735703
299,3.100000000000002,60,0.007402904557588228,0.21649726710222705
300,3.100000000000002,70,0.007384788027117307,0.20970420805122336
301,3.100000000000002,80,0.007367087272378296,0.20114091179830973
302,3.100000000000002,90,0.007349788142625252,0.19093243916279834
303,3.100000000000002,100,0.007332877122061322,0.17919536394149282
304,3.100000000000002,110,0.007316341294621346,0.16603840137052117
305,3.100000000000002,120,0.00730016831107121,0.15156298494710108
306,3.100000000000002,130,0.007301290521673062,0.13586379630715983
307,3.100000000000002,140,0.00731592963492524,0.11902925238274009
308,3.200000000000002,10,0.007491950374208908,0.22120317197919392
309,3.200000000000002,20,0.007471620189751323,0.22458495607253848
310,3.200000000000002,30,0.007451784984049291,0.22546047833866678
311,3.200000000000002,40,0.007432426897652264,0.2240065742193721
312,3.200000000000002,50,0.007413528920087042,0.2203876143479616
313,3.200000000000002,60,0.0073950748400033245,0.2147564720550572
314,3.200000000000002,70,0.007377049198792704,0.2072554072741969
315,3.200000000000002,80,0.0073594372473986145,0.1980168748486708
316,3.200000000000002,90,0.007342224906068588,0.18716426440180844
317,3.200000000000002,100,0.00732539872681311,0.17481257818526996
318,3.200000000000002,110,0.007308945858366166,0.16106905266063898
319,3.200000000000002,120,0.007293644481549473,0.14603372898235434
320,3.200000000000002,130,0.007308525441757368,0.12979997702949664
321,3.200000000000002,140,0.007323086881845341,0.11245497716759634
322,3.300000000000002,10,0.007483632188805245,0.22324805552821614
323,3.300000000000002,20,0.007463404513623303,0.22573652007341904
324,3.300000000000002,30,0.007443669321405153,0.22576135122397512
325,3.300000000000002,40,0.007424408842750936,0.2234971020623
326,3.300000000000002,50,0.0074056061529584865,0.2191060043174894
327,3.300000000000002,60,0.007387245122418414,0.2127389254185127
328,3.300000000000002,70,0.007369310370468111,0.20453624281426996
329,3.300000000000002,80,0.007351787222419056,0.1946286434823613
330,3.300000000000002,90,0.007334661669511724,0.1831378557154959
331,3.300000000000002,100,0.0073179203315648965,0.17017731953504456
332,3.300000000000002,110,0.007301550422110945,0.15585280142951274
333,3.300000000000002,120,0.007300958779171895,0.14026295853164217
334,3.300000000000002,130,0.007315760361841667,0.12349985683569631
335,3.300000000000002,140,0.007330244128765375,0.10564944759255201
336,3.400000000000002,10,0.007475314003401199,0.22498057928823867
337,3.400000000000002,20,0.0074551888374952925,0.22658337558800534
338,3.400000000000002,30,0.00743555365876088,0.22576488920088833
339,3.400000000000002,40,0.0074163907878496225,0.22269740412998584
340,3.400000000000002,50,0.007397683385829882,0.21754102569603218
341,3.400000000000002,60,0.0073794154048335055,0.21044462719259238
342,3.400000000000002,70,0.007361571542143582,0.20154671467144636
343,3.400000000000002,80,0.007344137197439454,0.1909762176994353
344,3.400000000000002,90,0.007327098432955083,0.178853213103766
345,3.400000000000002,100,0.007310441936316679,0.16528958799081672
346,3.400000000000002,110,0.007294154985855757,0.15038964767713214
347,3.400000000000002,120,0.007308273076794365,0.13425067359492526
348,3.400000000000002,130,0.007322995281925983,0.11696343572576551
349,3.400000000000002,140,0.0073374013756854675,0.09861266365759513
350,3.500000000000002,10,0.007466995817997313,0.2264007432590962
351,3.500000000000002,20,0.007446973161367275,0.22712552261629915
352,3.500000000000002,30,0.007427437996116564,0.22547109226942696
353,3.500000000000002,40,0.007408372732948402,0.2216074804223811
354,3.500000000000002,50,0.007389760618701276,0.21569267848353957
355,3.500000000000002,60,0.0073715856872485965,0.20787357737729928
356,3.500000000000002,70,0.007353832713818961,0.1982868228457405
357,3.500000000000002,80,0.007336487172459843,0.18705959749983359
358,3.500000000000002,90,0.007319535196398305,0.1743103365666786
359,3.500000000000002,100,0.007302963541068464,0.16014938355258534
360,3.500000000000002,110,0.007300619676529189,0.14467959140350295
361,3.500000000000002,120,0.007315587374416884,0.1279968741722235
362,3.500000000000002,130,0.007330230202010307,0.11019071369969968
363,3.500000000000002,140,0.0073445586226055255,0.09134462536273114
364,3.6000000000000023,10,0.007458677632593358,0.2275085474408708
365,3.6000000000000023,20,0.007438757485239244,0.22736296115830146
366,3.6000000000000023,30,0.0074193223334723425,0.22487996042948233
367,3.6000000000000023,40,0.007400354678047283,0.22022733093951186
368,3.6000000000000023,50,0.007381837851572609,0.21356096267999647
369,3.6000000000000023,60,0.00736375596966369,0.20502577597262983
370,3.6000000000000023,70,0.0073460938854943755,0.19475656733713154
371,3.6000000000000023,80,0.00732883714748027,0.18287878288358805
372,3.6000000000000023,90,0.007311971959841625,0.1695092261041925
373,3.6000000000000023,100,0.007295485145820235,0.15475670622034932
374,3.6000000000000023,110,0.007308015112784405,0.13872263260861584
375,3.6000000000000023,120,0.007322901672039304,0.12150156026355285
376,3.6000000000000023,130,0.007337465122094601,0.10318169075750594
377,3.6000000000000023,140,0.0073517158695256294,0.0838453327079598
378,3.7000000000000024,10,0.007450359447189742,0.22830399183348304
379,3.7000000000000024,20,0.007430541809111238,0.2272956912140074
380,3.7000000000000024,30,0.007411206670828154,0.22399149368118731
381,3.7000000000000024,40,0.007392336623145915,0.21855695568142064
382,3.7000000000000024,50,0.007373915084444056,0.2111458782854495
383,3.7000000000000024,60,0.007355926252078779,0.20190122297858148
384,3.7000000000000024,70,0.007338355057169841,0.19095594814562777
385,3.7000000000000024,80,0.007321187122500613,0.17843377385067993
386,3.7000000000000024,90,0.007304408723284994,0.16444988171633246
387,3.7000000000000024,100,0.007300272966055851,0.14911155599411485
388,3.7000000000000024,110,0.007315410549039587,0.13251877129249134
389,3.7000000000000024,120,0.007330215969661749,0.11476473186888736
390,3.7000000000000024,130,0.007344700042178898,0.09593636689918561
391,3.7000000000000024,140,0.007358873116445676,0.07611478569328312
392,3.8000000000000025,10,0.007442041261785686,0.22878707643699037
393,3.8000000000000025,20,0.007422326132983198,0.22692371278342804
394,3.8000000000000025,30,0.007403091008183791,0.22280569202445488
395,3.8000000000000025,40,0.007384318568244561,0.21659635464807758
396,3.8000000000000025,50,0.007365992317315712,0.20844742529985139
397,3.8000000000000025,60,0.007348096534493879,0.19849991839516523
398,3.8000000000000025,70,0.007330616228845203,0.18688496527124188
399,3.8000000000000025,80,0.0073135370975211745,0.17372457040111922
400,3.8000000000000025,90,0.007296845486728296,0.15913230340311946
401,3.8000000000000025,100,0.007307751361304055,0.14321393287388018
402,3.8000000000000025,110,0.007322805985294781,0.12606800745511504
403,3.8000000000000025,120,0.007337530267284241,0.10778638898823345
404,3.8000000000000025,130,0.007351934962263208,0.0884547421247246
405,3.8000000000000025,140,0.007366030363365797,0.06815298431869743
406,3.9000000000000026,10,0.007433723076381514,0.2289578012514789
407,3.9000000000000026,20,0.007414110456855199,0.226247025866547
408,3.9000000000000026,30,0.007394975345539701,0.2213225554593069
409,3.9000000000000026,40,0.00737630051334327,0.2143455278394778
410,3.9000000000000026,50,0.00735806955018703,0.20546560372324518
411,3.9000000000000026,60,0.007340266816908968,0.19482186222236952
412,3.9000000000000026,70,0.0073228774005206386,0.18254361871395042
413,3.9000000000000026,80,0.0073058870725414985,0.1687511725349472
414,3.9000000000000026,90,0.007299918388822516,0.15355649116450398
415,3.9000000000000026,100,0.007315229756552281,0.1370638368596393
416,3.9000000000000026,110,0.007330201421549964,0.11937034109648981
417,3.9000000000000026,120,0.00734484456490671,0.10056653162160001
418,3.9000000000000026,130,0.007359169882347513,0.08073681643413211
419,3.9000000000000026,140,0.007373187610285843,0.059959928584206956
420,4.000000000000003,10,0.007425404890977923,0.22881616627675117
421,4.000000000000003,20,0.007405894780727183,0.22526563046337722
422,4.000000000000003,30,0.007386859682895585,0.21954208398575847
423,4.000000000000003,40,0.007368282458442007,0.2118044752556124
424,4.000000000000003,50,0.0073501467830582885,0.20220041355562135
425,4.000000000000003,60,0.007332437099324057,0.19086705446020025
426,4.000000000000003,70,0.007315138572196097,0.17793190847376728
427,4.000000000000003,80,0.007298237047561844,0.16351358025210527
428,4.000000000000003,90,0.007307481625379043,0.14772244500057152
429,4.000000000000003,100,0.0073227081518004835,0.1306612679514002
430,4.000000000000003,110,0.00733759685780517,0.11242577221661387
431,4.000000000000003,120,0.007352158862529155,0.09310515976899558
432,4.000000000000003,130,0.007366404802431823,0.0727825898274056
433,4.000000000000003,140,0.007393122096873576,0.05153561848981092
434,4.100000000000003,10,0.007417086705573934,0.2283621715129227
435,4.100000000000003,20,0.007397679104599161,0.22397952657391262
436,4.100000000000003,30,0.007378744020251267,0.21746427760379272
437,4.100000000000003,40,0.007360264403540771,0.20897319689646243
438,4.100000000000003,50,0.007342224015929919,0.19865185479690306
439,4.100000000000003,60,0.007324607381739148,0.18663549510865318
440,4.100000000000003,70,0.007307399743871466,0.17304983455069944
441,4.100000000000003,80,0.007299555674014945,0.1580117935525981
442,4.100000000000003,90,0.0073150448619358184,0.1416301649112024
443,4.100000000000003,100,0.007330186547048722,0.12400622614915213
444,4.100000000000003,110,0.00734499229406037,0.1052343008154889
445,4.100000000000003,120,0.00735947316015161,0.08540227343039453
446,4.100000000000003,130,0.007373639722516142,0.0645920623045445
447,4.100000000000003,140,0.007414593837633802,0.04288005403550332
448,4.200000000000003,10,0.0074087685201699284,0.22759581696004905
449,4.200000000000003,20,0.007389463428471154,0.22238871419815687
450,4.200000000000003,30,0.0073706283576071875,0.2150891363133801
451,4.200000000000003,40,0.007352246348639489,0.20585169276207183
452,4.200000000000003,50,0.007334301248801292,0.19481992744723742
453,4.200000000000003,60,0.007316777664154242,0.18212718416773244
454,4.200000000000003,70,0.007299660915546923,0.16789739694472505
455,4.200000000000003,80,0.007307205698994401,0.1522458124364766
456,4.200000000000003,90,0.007322608098492532,0.1352796508964731
457,4.200000000000003,100,0.007337664942296932,0.11709871145290751
458,4.200000000000003,110,0.007352387730315538,0.09779592689312
459,4.200000000000003,120,0.007366787457774129,0.07745787260580173
460,4.200000000000003,130,0.007392592130359348,0.05616523386555283
461,4.200000000000003,140,0.007436065578394001,0.03399323522129771
462,4.3000000000000025,10,0.007400450334766049,0.22651710261806346
463,4.3000000000000025,20,0.007381247752343142,0.22049319333610562
464,4.3000000000000025,30,0.007362512694962651,0.21241666011468208
465,4.3000000000000025,40,0.007344228293738222,0.20243996285243615
466,4.3000000000000025,50,0.007326378481672706,0.19070463150648786
467,4.3000000000000025,60,0.0073089479465693295,0.17734212163743712
468,4.3000000000000025,70,0.007299184538244593,0.16247459565586175
469,4.3000000000000025,80,0.007314855723974123,0.1462156369036529
470,4.3000000000000025,90,0.007330171335049302,0.12867090295638617
471,4.3000000000000025,100,0.007345143337545144,0.1099387238626599
472,4.3000000000000025,110,0.007359783166570727,0.09011065044950084
473,4.3000000000000025,120,0.007374101755396574,0.06927195729523217
474,4.3000000000000025,130,0.007414296890612278,0.04750210451042758
475,4.3000000000000025,140,0.007457537319154235,0.02487516204717477
476,4.400000000000003,10,0.007392132149362229,0.2251260284868668
477,4.400000000000003,20,0.007373032076215121,0.21829296398776432
478,4.400000000000003,30,0.007354397032318332,0.20944684900748722
479,4.400000000000003,40,0.0073362102388370015,0.19873800716753787
480,4.400000000000003,50,0.007318455714544042,0.18630596697476687
481,4.400000000000003,60,0.0073011182289844205,0.17228030751776524
482,4.400000000000003,70,0.007306923366569115,0.15678143068411288
483,4.400000000000003,80,0.007322505748953667,0.1399212669542158
484,4.400000000000003,90,0.007337734571605997,0.12180392109089111
485,4.400000000000003,100,0.007352621732793375,0.10252626337839843
486,4.400000000000003,110,0.0073671786028259075,0.08217847148463109
487,4.400000000000003,120,0.0073920505348463875,0.06084452749867353
488,4.400000000000003,130,0.007436001650865204,0.03860267423916941
489,4.400000000000003,140,0.007479009059914437,0.01552583451315448
490,4.5000000000000036,10,0.007383813963958438,0.22342259456661384
491,4.5000000000000036,20,0.007364816400087106,0.2157880261531313
492,4.5000000000000036,30,0.007346281369674246,0.20617970299187582
493,4.5000000000000036,40,0.007328192183935645,0.19474582570740662
494,4.5000000000000036,50,0.0073105329474156214,0.1816239338519754
495,4.5000000000000036,60,0.007298804684809435,0.1669417418087169
496,4.5000000000000036,70,0.007314662194893749,0.150817902029457
497,4.5000000000000036,80,0.007330155773933285,0.13336270258810412
498,4.5000000000000036,90,0.007345297808162624,0.11467870530006774
499,4.5000000000000036,100,0.007360100128041589,0.09486133000014807
500,4.5000000000000036,110,0.007374574039081145,0.07399938999849942
501,4.5000000000000036,120,0.007413993427713794,0.05217558321613547
502,4.5000000000000036,130,0.00745770641111813,0.02946694305178066
503,4.5000000000000036,140,0.007500480800674668,0.005945252619218411
504,4.600000000000003,10,0.007375495778554694,0.22140680085722897
505,4.600000000000003,20,0.007356600723959084,0.21297837983220314
506,4.600000000000003,30,0.007338165707030096,0.20261522206784277
507,4.600000000000003,40,0.007320174129034361,0.190463418472001
508,4.600000000000003,50,0.007302610180286993,0.17665853213816618
509,4.600000000000003,60,0.007306634402394334,0.16132642451029733
510,4.600000000000003,70,0.007322401023218319,0.14458400969191432
511,4.600000000000003,80,0.007337805798912653,0.12653994380538924
512,4.600000000000003,90,0.007352861044719463,0.1072952555837956
513,4.600000000000003,100,0.0073675785232898165,0.08694392372788917
514,4.600000000000003,110,0.007391496923328083,0.06557340599112993
515,4.600000000000003,120,0.007435936320581164,0.04326512444761765
516,4.600000000000003,130,0.007479411171371052,0.020094910948258327
517,4.600000000000003,140,0.00752195254143487,-0.0038665836346152282
518,4.700000000000003,10,0.007367177593150425,0.2190786473588079
519,4.700000000000003,20,0.007348385047831074,0.20986402502498358
520,4.700000000000003,30,0.007330050044385804,0.19875340623546445
521,4.700000000000003,40,0.007312156074133123,0.18589078546132187
522,4.700000000000003,50,0.007298415802903339,0.17140976183330114
523,4.700000000000003,60,0.007314464119979251,0.15543435562249863
524,4.700000000000003,70,0.007330139851542866,0.13807975367148373
525,4.700000000000003,80,0.0073454558238924975,0.11945299060596226
526,4.700000000000003,90,0.0073604242812762045,0.0996535719421916
527,4.700000000000003,100,0.007375056918538029,0.07877404456163506
528,4.700000000000003,110,0.007413683232093677,0.05690051946250951
529,4.700000000000003,120,0.0074578792134485485,0.03411315119311542
530,4.700000000000003,130,0.007501115931623956,0.010486577928612073
531,4.700000000000003,140,0.007550779638596594,-0.013909674248359316
532,4.800000000000003,10,0.00735885940774648,0.2164381340712166
533,4.800000000000003,20,0.007340169371703068,0.2064449617314681
534,4.800000000000003,30,0.0073219343817414045,0.19459425549466614
535,4.800000000000003,40,0.0073041380192317385,0.181027926675431
536,4.800000000000003,50,0.0073063385700316555,0.1658776229374921
537,4.800000000000003,60,0.007322293837564155,0.1492655351453268
538,4.800000000000003,70,0.007337878679867492,0.1313051339681477
539,4.800000000000003,80,0.007353105848872097,0.11210184298991466
540,4.800000000000003,90,0.0073679875178326824,0.09175365437526739
541,4.800000000000003,100,0.0073909308914329635,0.07035169250137319
542,4.800000000000003,110,0.007435869540859244,0.04798073041264794
543,4.800000000000003,120,0.0074798221063159314,0.02471966345262855
544,4.800000000000003,130,0.007522820691876884,0.0006419439928238013
545,4.800000000000003,140,0.0075865658731969505,-0.024184019222006192
546,4.900000000000004,10,0.007350541222342863,0.21348526099446585
547,4.900000000000004,20,0.007331953695575029,0.2027211899516641
548,4.900000000000004,30,0.0073138187190973205,0.1901377698453841
549,4.900000000000004,40,0.0072980175667678275,0.17587484211423732
550,4.900000000000004,50,0.007314261337160453,0.1600621154505587
551,4.900000000000004,60,0.007330123555149072,0.14281996307877787
552,4.900000000000004,70,0.007345617508192066,0.12426015058192208
553,4.900000000000004,80,0.0073607558738515814,0.10448650095722967
554,4.900000000000004,90,0.007375550754389474,0.08359550288289208
555,4.900000000000004,100,0.007413366077177619,0.06167686754711277
556,4.900000000000004,110,0.0074580558496248305,0.038814038841526344
557,4.900000000000004,120,0.007501764999183364,0.015084661226148821
558,4.900000000000004,130,0.007551707965372737,-0.009438990859098384
559,4.900000000000004,140,0.0076223521077973125,-0.034689618555565405
560,5.0000000000000036,10,0.0073422230369388315,0.21022002812867535
561,5.0000000000000036,20,0.007323738019447018,0.1986927096855695
562,5.0000000000000036,30,0.0073057030564530785,0.18538394928775326
563,5.0000000000000036,40,0.007306035621669165,0.1704315317777857
564,5.0000000000000036,50,0.007322184104288898,0.15396323937265133
565,5.0000000000000036,60,0.007337953272733977,0.1360976394228557
566,5.0000000000000036,70,0.007353356336516598,0.11694480351281145
567,5.0000000000000036,80,0.00736840589883134,0.09660696450784967
568,5.0000000000000036,90,0.007390352016438252,0.07517911746517336
569,5.0000000000000036,100,0.007435801262922267,0.0527495696988457
570,5.0000000000000036,110,0.00748024215839041,0.029400444749157595
571,5.0000000000000036,120,0.007523707892050758,0.0052081445136871185
572,5.0000000000000036,130,0.007587882565794287,-0.019756226627151596
573,5.0000000000000036,140,0.007658138342397697,-0.04542647224903251
574,5.100000000000003,10,0.007333904851535038,0.20664243547374683
575,5.100000000000003,20,0.007315522343318995,0.19435952093317677
576,5.100000000000003,30,0.007297609634782009,0.18033279382172307
577,5.100000000000003,40,0.007314053676570636,0.16469799566607302
578,5.100000000000003,50,0.007330106871417506,0.1475809947036849
579,5.100000000000003,60,0.007345782990318889,0.12909856417755772
580,5.100000000000003,70,0.007361095164841235,0.10935909276079336
581,5.100000000000003,80,0.00737605592381089,0.08846323364185815
582,5.100000000000003,90,0.007413041726108365,0.06650449812206372
583,5.100000000000003,100,0.007458236448666898,0.04356979895658275
584,5.100000000000003,110,0.007502428467156004,0.019739948135540142
585,5.100000000000003,120,0.007552656662323378,-0.004909886684753895
586,5.100000000000003,130,0.0076240571662158285,-0.030309763311338056
587,5.100000000000003,140,0.007693924576998068,-0.05639458030240663
588,5.200000000000004,10,0.007325586666131269,0.20275248302967774
589,5.200000000000004,20,0.007307306667190989,0.1897216236944873
590,5.200000000000004,30,0.007305725297426253,0.17498430344725502
591,5.200000000000004,40,0.007322071731471668,0.15867423377916368
592,5.200000000000004,50,0.00733802963854609,0.14091538144371574
593,5.200000000000004,60,0.007353612707903796,0.12182273734288407
594,5.200000000000004,70,0.007368833993165799,0.10150301832588837
595,5.200000000000004,80,0.007389759856219097,0.08005530835922581
596,5.200000000000004,90,0.007435731435778442,0.05757164485359856
597,5.200000000000004,100,0.007480671634411578,0.03413755532030205
598,5.200000000000004,110,0.007524614775921575,0.009832549000677648
599,5.200000000000004,120,0.007589228150435725,-0.01526943236918421
600,5.200000000000004,130,0.0076602317666373786,-0.04109960091165843
601,5.200000000000004,140,0.007729710811598436,-0.06759394271568597
602,5.300000000000004,10,0.007317268480727354,0.19855017079656323
603,5.300000000000004,20,0.007299090991062982,0.18477901796951257
604,5.300000000000004,30,0.007313840960070413,0.16933847816433945
605,5.300000000000004,40,0.007330089786372984,0.1523602461169813
606,5.300000000000004,50,0.007345952405674582,0.13396639959273138
607,5.300000000000004,60,0.007361442425488714,0.11427015891883463
608,5.300000000000004,70,0.007376572821490333,0.09337658020809725
609,5.300000000000004,80,0.00741270993115785,0.07138318865994331
610,5.300000000000004,90,0.007458421145448548,0.0483805576597387
611,5.300000000000004,100,0.007503106820156234,0.02445283879002902
612,5.300000000000004,110,0.007553626407357453,-0.0003217526554386563
613,5.300000000000004,120,0.007625799638548038,-0.02587049253959295
614,5.300000000000004,130,0.007696406367058924,-0.052125739428111384
615,5.300000000000004,140,0.007765497046198813,-0.0790245594888721
616,5.400000000000004,10,0.007308950295323478,0.19403549877426562
617,5.400000000000004,20,0.007305407324612954,0.1795317037582438
618,5.400000000000004,30,0.0073219566227146525,0.16339531797306672
619,5.400000000000004,40,0.007338107841274285,0.14575603267951387
620,5.400000000000004,50,0.007353875172803362,0.1267340491506168
621,5.400000000000004,60,0.0073692721430736055,0.10644082890542028
622,5.400000000000004,70,0.007389153948120978,0.0849797784073909
623,5.400000000000004,80,0.007435660006096697,0.0624468745439648
624,5.400000000000004,90,0.007481110855118694,0.03893123654051345
625,5.400000000000004,100,0.007525542005900872,0.014515649365762218
626,5.400000000000004,110,0.007590603588633413,-0.010722956832800445
627,5.400000000000004,120,0.007662371126660368,-0.0367130671959921
628,5.400000000000004,130,0.007732580967480461,-0.06338817886069426
629,5.400000000000004,140,0.007801283280799148,-0.09068643062196391
630,5.5000000000000036,10,0.007300632109919336,0.18920846696293903
631,5.5000000000000036,20,0.0073136230007409654,0.17397968106068473
632,5.5000000000000036,30,0.007330072285358787,0.1571548228734293
633,5.5000000000000036,40,0.0073461258961754735,0.13886159346681026
634,5.5000000000000036,50,0.007361797939931786,0.1192183301176073
635,5.5000000000000036,60,0.00737710186065852,0.09833474730262126
636,5.5000000000000036,70,0.007412370433094673,0.07631261292381297
637,5.5000000000000036,80,0.007458610081035391,0.05324636601138988
638,5.5000000000000036,90,0.007503800564788773,0.02922368149592014
639,5.5000000000000036,100,0.007554617908802108,0.004325987047487434
640,5.5000000000000036,110,0.00762758076990938,-0.021371063531415935
641,5.5000000000000036,120,0.007698942614772691,-0.047797156338365454
642,5.5000000000000036,130,0.007768755567902003,-0.0748869192094106
643,5.5000000000000036,140,0.007837069515399538,-0.10257955611496428
644,5.600000000000004,10,0.007305081416928817,0.1840690753624601
645,5.600000000000004,20,0.007321838676868991,0.16812294987682586
646,5.600000000000004,30,0.007338187948003178,0.15061699286526942
647,5.600000000000004,40,0.00735414395107679,0.13167692847882917
648,5.600000000000004,50,0.007369720707060388,0.1114192424935253
649,5.600000000000004,60,0.007388533807755088,0.089951914110448
650,5.600000000000004,70,0.007435586918068384,0.06737508375733803
651,5.600000000000004,80,0.007481560155974194,0.04378166306213427
652,5.600000000000004,90,0.007526490274458923,0.019257892525946563
653,5.600000000000004,100,0.007592009885043244,-0.006116148164806656
654,5.600000000000004,110,0.0076645579511853594,-0.03226607275127957
655,5.600000000000004,120,0.0077355141028850145,-0.059122759966731886
656,5.600000000000004,130,0.007804930168323553,-0.08662196047426196
657,5.600000000000004,140,0.007872855749999906,-0.11470393596787343
658,5.700000000000005,10,0.007313399602332843,0.1786173239728711
659,5.700000000000005,20,0.007330054352997015,0.16196151020667415
660,5.700000000000005,30,0.007346303610647396,0.1437818279487919
661,5.700000000000005,40,0.0073621620059781834,0.12420203771558869
662,5.700000000000005,50,0.007377643474188968,0.10333678627839527
663,5.700000000000005,60,0.00741202296050981,0.08129232932889996
664,5.700000000000005,70,0.007458803403042193,0.058167190907950195
665,5.700000000000005,80,0.0075045102309128945,0.0340527656962486
666,5.700000000000005,90,0.007555631907126347,0.009033869630569513
667,5.700000000000005,100,0.007629401861284329,-0.01681075627108819
668,5.700000000000005,110,0.0077015351324613394,-0.04340798449239225
669,5.700000000000005,120,0.007772085590997371,-0.07068987808108673
670,5.700000000000005,130,0.007841104768745102,-0.0985933026552459
671,5.700000000000005,140,0.00790864198460025,-0.12705957018067937
672,5.800000000000004,10,0.007321717787736691,0.17285321279421328
673,5.800000000000004,20,0.007338270029125022,0.15549536205023817
674,5.800000000000004,30,0.007354419273291581,0.1366493281238671
675,5.800000000000004,40,0.007370180060879387,0.1164369211771118
676,5.800000000000004,50,0.0073878989277057746,0.09497096147225226
677,5.800000000000004,60,0.007435512113264546,0.07235599295797368
678,5.800000000000004,70,0.007482019888015888,0.048688934375693216
679,5.800000000000004,80,0.00752746030585163,0.02405967391370467
680,5.800000000000004,90,0.0075934480899097715,-0.0014483871901580514
681,5.800000000000004,100,0.007666793837525417,-0.02775783727137271
682,5.800000000000004,110,0.0077385123137373255,-0.05479679875475818
683,5.800000000000004,120,0.007808657079109678,-0.082498510681414
684,5.800000000000004,130,0.007877279369166606,-0.11080094575234978
685,5.800000000000004,140,0.007944428219200626,-0.1396464587534072
686,5.900000000000004,10,0.0073300359731407186,0.1667767418263545
687,5.900000000000004,20,0.007346485705253051,0.1487245054074997
688,5.900000000000004,30,0.007362534935935833,0.12921949339052452
689,5.900000000000004,40,0.0073781981157807425,0.10838157886336441
690,5.900000000000004,50,0.0074116672290915194,0.08632176807507275
691,5.900000000000004,60,0.007459001266019265,0.06314290499767639
692,5.900000000000004,70,0.007505236372989604,0.03894031416053623
693,5.900000000000004,80,0.007556669176788091,0.013802387714530462
694,5.900000000000004,90,0.007631264272693362,-0.012188877936244014
695,5.900000000000004,100,0.007704185813766501,-0.03895739116565888
696,5.900000000000004,110,0.007775489495013269,-0.0664325155383656
697,5.900000000000004,120,0.007845228567222015,-0.09454865776773302
698,5.900000000000004,130,0.007913453969588152,-0.12324488976559689
699,5.900000000000004,140,0.007980214453800986,-0.1524646016860285
700,6.000000000000004,10,0.0073383541585445265,0.16038791106943873
701,6.000000000000004,20,0.007354701381381062,0.14164894027847164
702,6.000000000000004,30,0.007370650598580424,0.12149232374878438
703,6.000000000000004,40,0.007387248776147944,0.10003601077436342
704,6.000000000000004,50,0.0074354355304773,0.07738920608685296
705,6.000000000000004,60,0.007482490418774004,0.05365306544799964
706,6.000000000000004,70,0.007528452857963397,0.028921330262468348
707,6.000000000000004,80,0.007594919301686051,0.003280907098668351
708,6.000000000000004,90,0.007669080455476962,-0.023187602607751767
709,6.000000000000004,100,0.007741577790007574,-0.05040941795394427
710,6.000000000000004,110,0.0078124666762892335,-0.07831513484322272
711,6.000000000000004,120,0.007881800055334351,-0.1068403193400369
712,6.000000000000004,130,0.007949628570009696,-0.13592513469497725
713,6.000000000000004,140,0.008016000688401336,-0.165513998978565
714,6.100000000000005,10,0.007346672343948201,0.15368672052342058
715,6.100000000000005,20,0.007362917057509064,0.13426866666315718
716,6.100000000000005,30,0.0073787662612244485,0.11346781919858118
717,6.100000000000005,40,0.007411302940851692,0.09140021691014055
718,6.100000000000005,50,0.007459203831862927,0.06817327550764285
719,6.100000000000005,60,0.0075059795715287266,0.04388647430895076
720,6.100000000000005,70,0.007557730528205347,0.018631982681527992
721,6.100000000000005,80,0.0076331694265841,-0.00750476793383803
722,6.100000000000005,90,0.007706896638260525,-0.03444456120461559
723,6.100000000000005,100,0.007778969766248678,-0.0621139176362393
724,6.100000000000005,110,0.007849443857565213,-0.09044465666933177
725,6.100000000000005,120,0.007918371543446672,-0.1193734953983212
726,6.100000000000005,130,0.007985803170431236,-0.1488416805404893
727,6.100000000000005,140,0.008051786923001705,-0.17879465063100053
728,6.200000000000005,10,0.007354990529352298,0.14667317018824233
729,6.200000000000005,20,0.007371132733637098,0.126583684561541
730,6.200000000000005,30,0.007386881923868434,0.10514597974004591
731,6.200000000000005,40,0.007435357105555454,0.08247419727065108
732,6.200000000000005,50,0.007482972133248587,0.05867397633737814
733,6.200000000000005,60,0.007529468724283459,0.033843131580524544
734,6.200000000000005,70,0.007596424669828198,0.008072271417691845
735,6.200000000000005,80,0.007671419551481924,-0.01855463738297347
736,6.200000000000005,90,0.007744712821043905,-0.045959753726809494
737,6.200000000000005,100,0.007816361742489746,-0.07407089021253066
738,6.200000000000005,110,0.007886421038841188,-0.10282108101668963
739,6.200000000000005,120,0.007954943031558994,-0.13214818594258815
740,6.200000000000005,130,0.008021977770852779,-0.16199452730213548
741,6.200000000000005,140,0.008087573157602062,-0.19230655664334861
742,6.300000000000004,10,0.007363308714756106,0.13934726006402198
743,6.300000000000004,20,0.007379348409765107,0.11859399397364001
744,6.300000000000004,30,0.007410929783290222,0.09652680537309444
745,6.300000000000004,40,0.00745941127025925,0.07325795185588102
746,6.300000000000004,50,0.0075067404346344235,0.04889130857607771
747,6.300000000000004,60,0.0075588168098683056,0.023523037262725754
748,6.300000000000004,70,0.0076351188114511526,-0.0027578035290554137
749,6.300000000000004,80,0.007709669676379814,-0.029868701248770835
750,6.300000000000004,90,0.007782529003827412,-0.05773318017441098
751,6.300000000000004,100,0.007853753718730835,-0.08628033568282456
752,6.300000000000004,110,0.007923398220117147,-0.1154444078852952
753,6.300000000000004,120,0.007991514519671316,-0.14516439097284328
754,6.300000000000004,130,0.008058152371274326,-0.1753836749799167
755,6.300000000000004,140,0.008123359392202429,-0.2060497170155995
756,6.400000000000005,10,0.007371626900159879,0.1317089901506241
757,6.400000000000005,20,0.007387564085893134,0.11029959489943009
758,6.400000000000005,30,0.007435276771222665,0.08761029609773452
759,6.400000000000005,40,0.007483465434963108,0.06375148066584435
760,6.400000000000005,50,0.007530508736020224,0.03882527222374921
761,6.400000000000005,60,0.007597965397792857,0.012926191355548844
762,6.400000000000005,70,0.007673812953074023,-0.01385824215867748
763,6.400000000000005,80,0.007747919801277796,-0.04144695953122235
764,6.400000000000005,90,0.007820345186611127,-0.06976484054741139
765,6.400000000000005,100,0.007891145694971909,-0.09874225404712211
766,6.400000000000005,110,0.007960375401393108,-0.1283146372751509
767,6.400000000000005,120,0.00802808600778365,-0.15842211048908728
768,6.400000000000005,130,0.008094326971695867,-0.18900912357382782
769,6.400000000000005,140,0.008159145626802792,-0.22002413174776514
770,6.500000000000005,10,0.007379945085564158,0.12375836044809285
771,6.500000000000005,20,0.007410547428503933,0.10170048733894499
772,6.500000000000005,30,0.007459623759155668,0.07839645191388422
773,6.500000000000005,40,0.00750751959966694,0.05395478370056361
774,6.500000000000005,50,0.007559928910600699,0.02847586728043161
775,6.500000000000005,60,0.007637113985717407,0.002052593858998142
776,6.500000000000005,70,0.007712507094696887,-0.02522904447119556
777,6.500000000000005,80,0.007786169926175614,-0.05328941223030603
778,6.500000000000005,90,0.007858161369394738,-0.08205473484579273
779,6.500000000000005,100,0.007928537671212986,-0.11145664530541977
780,6.500000000000005,110,0.007997352582669067,-0.14143176918625433
781,6.500000000000005,120,0.008064657495895975,-0.17192134449130148
782,6.500000000000005,130,0.008130501572117447,-0.20287087308388463
783,6.500000000000005,140,0.00819493186140317,-0.23422980083982758
784,6.600000000000005,10,0.007388263270967845,0.11549537095653806
785,6.600000000000005,20,0.007435194456888003,0.09279667129215108
786,6.600000000000005,30,0.007483970747088646,0.06888527282163603
787,6.600000000000005,40,0.007531573764371003,0.04386786095999473
788,6.600000000000005,50,0.007599542746243612,0.01784309374604165
789,6.600000000000005,60,0.007676262573641941,-0.009097755226926685
790,6.600000000000005,70,0.007751201236319846,-0.036870210466626085
791,6.600000000000005,80,0.007824420051073526,-0.06539605934604897
792,6.600000000000005,90,0.007895977552178147,-0.09460286306948884
793,6.600000000000005,100,0.007965929647454083,-0.12442350945772418
794,6.600000000000005,110,0.008034329763945032,-0.15479580361860745
795,6.600000000000005,120,0.008101228984008295,-0.18566209297950964
796,6.600000000000005,130,0.008166676172538991,-0.21696892351006292
797,6.600000000000005,140,0.008230718096003535,-0.2486667242918026
798,6.700000000000005,10,0.007410155532223092,0.10692002167578929
799,6.700000000000005,20,0.007459841485272058,0.08358814675907655
800,6.700000000000005,30,0.007508317735021049,0.05907675882108687
801,6.700000000000005,40,0.007561067761988288,0.03349071244422319
802,6.700000000000005,50,0.0076391565818865765,0.006926951620618627
803,6.700000000000005,60,0.007715411161566489,-0.0205248559022273
804,6.700000000000005,70,0.007789895377942719,-0.04878174014492864
805,6.700000000000005,80,0.007862670175971575,-0.07776690087844895
806,6.700000000000005,90,0.007933793734961763,-0.10740922521862051
807,6.700000000000005,100,0.00800332162369517,-0.13764284650403003
808,6.700000000000005,110,0.008071306945220999,-0.16840674057221205
809,6.700000000000005,120,0.008137800472120649,-0.19964435595370777
810,6.700000000000005,130,0.008202850772960533,-0.23130327485237334
811,6.700000000000005,140,0.008274014525137246,-0.2633349021036857
812,6.800000000000005,10,0.007435110088434898,0.09803231260597822
813,6.800000000000005,20,0.007484488513656071,0.07407491373971375
814,6.800000000000005,30,0.0075326647229537295,0.04897090991210418
815,6.800000000000005,40,0.007601158036494595,0.022823338153203143
816,6.800000000000005,50,0.007678770417529471,-0.004272559095815698
817,6.800000000000005,60,0.007754559749491042,-0.03222870816690526
818,6.800000000000005,70,0.007828589519565585,-0.06096363350612699
819,6.800000000000005,80,0.00790092030086964,-0.0904019368275597
820,6.800000000000005,90,0.007971609917745082,-0.1204738212930705
821,6.800000000000005,100,0.008040713599936264,-0.15111465644433908
822,6.800000000000005,110,0.008108284126496952,-0.18226458004706325
823,6.800000000000005,120,0.00817437196023296,-0.21386813341387767
824,6.800000000000005,130,0.008239025373382081,-0.24587392711081635
825,6.800000000000005,140,0.00832411525357775,-0.2782343342754716
826,6.900000000000006,10,0.007460064644646522,0.08883224374700116
827,6.900000000000006,20,0.007509135542040163,0.06425697223403903
828,6.900000000000006,30,0.007562234340976384,0.038567726094580035
829,6.900000000000006,40,0.007641248311001146,0.011865738086861644
830,6.900000000000006,50,0.007718384253172217,-0.015755438403254773
831,6.900000000000006,60,0.007793708337415545,-0.04420931202094347
832,6.900000000000006,70,0.00786728366118855,-0.07341589055023845
833,6.900000000000006,80,0.007939170425767398,-0.10330116719321736
834,6.900000000000006,90,0.008009426100528797,-0.1337966512929467
835,6.900000000000006,100,0.00807810557617734,-0.16483893927864712
836,6.900000000000006,110,0.008145261307772931,-0.19636932204316726
837,6.900000000000006,120,0.008210943448345293,-0.22833342536003842
838,6.900000000000006,130,0.008280622798395011,-0.26068088028539216
839,6.900000000000006,140,0.008374215982018257,-0.29336502080716964
840,7.000000000000005,10,0.00748501920085825,0.07931981509896768
841,7.000000000000005,20,0.007533782570424184,0.05413432224209169
842,7.000000000000005,30,0.007602812654197677,0.02786720736875914
843,7.000000000000005,40,0.0076813385855073885,0.0006179122453320307
844,7.000000000000005,50,0.007757998088815036,-0.027521686301718695
845,7.000000000000005,60,0.007832856925340088,-0.05646666746436946
846,7.000000000000005,70,0.007905977802811397,-0.08613851127721839
847,7.000000000000005,80,0.007977420550665476,-0.11646459197555137
848,7.000000000000005,90,0.00804724228331228,-0.14737771521815923
849,7.000000000000005,100,0.008115497552418414,-0.17881569500695593
850,7.000000000000005,110,0.008182238489048912,-0.21072096656052253
851,7.000000000000005,120,0.008247514936457616,-0.24304023179218426
852,7.000000000000005,130,0.00833126723898517,-0.27572413437610055
853,7.000000000000005,140,0.008424316710458778,-0.30872696169876956
854,7.100000000000005,10,0.007509973757069606,0.06949502666185736
855,7.100000000000005,20,0.007563429672670244,0.04370696376384575
856,7.100000000000005,30,0.007643390967418719,0.01686935373450249
857,7.100000000000005,40,0.007721428860013835,-0.010920139371505266
858,7.100000000000005,50,0.007797611924457935,-0.03957130279126275
859,7.100000000000005,60,0.007872005513264634,-0.0690007744971719
860,7.100000000000005,70,0.007944671944434286,-0.09913149568710411
861,7.100000000000005,80,0.00801567067556344,-0.12989221117455352
862,7.100000000000005,90,0.008085058466095878,-0.16121701306879088
863,7.100000000000005,100,0.008152889528659496,-0.1930449236292704
864,7.100000000000005,110,0.00821921567032488,-0.22531951359912306
865,7.100000000000005,120,0.00828737607628414,-0.2579885527103196
866,7.100000000000005,130,0.008381911679575332,-0.29100368938294174
867,7.100000000000005,140,0.008474417438899283,-0.3243201569502796
868,7.2000000000000055,10,0.007534928313281394,0.059357878435550626
869,7.2000000000000055,20,0.007604508053310381,0.03297489679929233
870,7.2000000000000055,30,0.007683969280640016,0.005574165191865488
871,7.2000000000000055,40,0.007761519134520293,-0.022748416763582746
872,7.2000000000000055,50,0.007837225760100706,-0.05190428787178747
873,7.2000000000000055,60,0.007911154101189184,-0.0818116331193488
874,7.2000000000000055,70,0.007983366086057226,-0.11239484377989295
875,7.2000000000000055,80,0.008053920800461311,-0.14358402479020094
876,7.2000000000000055,90,0.008122874648879428,-0.17531454484477327
877,7.2000000000000055,100,0.008190281504900645,-0.2075266251456107
878,7.2000000000000055,110,0.008256192851600843,-0.24016496315897218
879,7.2000000000000055,120,0.008338576159641353,-0.27317838811442074
880,7.2000000000000055,130,0.008432556120165495,-0.3065195453059151
881,7.2000000000000055,140,0.008524518167339777,-0.34014460656168977
882,7.300000000000006,10,0.007564654833335423,0.04890837042011886
883,7.300000000000006,20,0.0076455864339504236,0.021938121348465844
884,7.300000000000006,30,0.007724547593861187,-0.0060183582592188145
885,7.300000000000006,40,0.007801609409026646,-0.034866919930906626
886,7.300000000000006,50,0.00787683959574365,-0.0645206415433821
887,7.300000000000006,60,0.00795030268911373,-0.09489924333090172
888,7.300000000000006,70,0.008022060227680095,-0.12592855555555582
889,7.300000000000006,80,0.008092170925359295,-0.1575400328224934
890,7.300000000000006,90,0.008160690831662888,-0.18967031054611305
891,7.300000000000006,100,0.008227673481141732,-0.2222607995559287
892,7.300000000000006,110,0.00829427918448165,-0.25525731524007034
893,7.300000000000006,120,0.008389776242998614,-0.28860973800451983
894,7.300000000000006,130,0.008483200560755555,-0.32227170214499234
895,7.300000000000006,140,0.008574618895780317,-0.3562003105330189
896,7.400000000000006,10,0.007606245760354543,0.03814650261572994
897,7.400000000000006,20,0.007686664814590487,0.010596637411344423
898,7.400000000000006,30,0.00776512590708242,-0.017908216618718775
899,7.400000000000006,40,0.007841699683533066,-0.04727564887349778
900,7.400000000000006,50,0.007916453431386462,-0.07742036380594342
901,7.400000000000006,60,0.007989451277038316,-0.10826360513184263
902,7.400000000000006,70,0.008060754369302975,-0.1397326310141187
903,7.400000000000006,80,0.008130421050257214,-0.17176023527144602
904,7.400000000000006,90,0.008198507014446516,-0.2042843101728804
905,7.400000000000006,100,0.008265065457382812,-0.23724744686025012
906,7.400000000000006,110,0.008346047238268007,-0.2705965698424171
907,7.400000000000006,120,0.008440976326355902,-0.30428260238060756
908,7.400000000000006,130,0.00853384500134572,-0.3382601599002306
909,7.400000000000006,140,0.008624719624220787,-0.37248726886423955
910,7.500000000000005,10,0.007647836687374055,0.027072275022050674
911,7.500000000000005,20,0.00772774319523054,-0.001049555012065495
912,7.500000000000005,30,0.00780570422030362,-0.030095409886621072
913,7.500000000000005,40,0.007881789958039464,-0.05997460359131468
914,7.500000000000005,50,0.007956067267029377,-0.0906034546595973
915,7.500000000000005,60,0.008028599864962821,-0.12190471852213158
916,7.500000000000005,70,0.008099448510925903,-0.1538070701555878
917,7.500000000000005,80,0.008168671175155042,-0.18624463213700704
918,7.500000000000005,90,0.008236323197230033,-0.2191565437249976
919,7.500000000000005,100,0.0083024574336239,-0.25248656705857386
920,7.500000000000005,110,0.008397815292054378,-0.2861827269660202
921,7.500000000000005,120,0.008492176409713144,-0.3201969812426615
922,7.500000000000005,130,0.008584489441935884,-0.3544849185716019
923,7.500000000000005,140,0.008674820352661327,-0.38900548155538295
924,7.600000000000006,10,0.007689427614393687,0.015685687639373946
925,7.600000000000006,20,0.00776882157587067,-0.013000455921792886
926,7.600000000000006,30,0.007846282533524797,-0.04257993806287086
927,7.600000000000006,40,0.007921880232545812,-0.07296378408439996
928,7.600000000000006,50,0.007995681102672045,-0.10406991410421096
929,7.600000000000006,60,0.008067748452887324,-0.13582258350179433
930,7.600000000000006,70,0.008138142652548799,-0.16815187297993583
931,7.600000000000006,80,0.008206921300053016,-0.20099322341925752
932,7.600000000000006,90,0.008274139380013656,-0.2342870112025004
933,7.600000000000006,100,0.008353685931932229,-0.2679781601508959
934,7.600000000000006,110,0.008449583345840736,-0.30201578661086703
935,7.600000000000006,120,0.008543376493070406,-0.3363528745907183
936,7.600000000000006,130,0.00863513388252604,-0.3709459781591058
937,7.600000000000006,140,0.008724921081101818,-0.4057549486064187
938,7.700000000000006,10,0.007731018541412906,0.003986740467539995
939,7.700000000000006,20,0.007809899956510737,-0.02525606531779201
940,7.700000000000006,30,0.00788686084674592,-0.05536180114754563
941,7.700000000000006,40,0.007961970507052269,-0.08624319035276806
942,7.700000000000006,50,0.00803529493831495,-0.11781974213991608
943,7.700000000000006,60,0.008106897040811908,-0.15001720007086172
944,7.700000000000006,70,0.008176836794171671,-0.18276703948718032
945,7.700000000000006,80,0.008245171424950992,-0.21600600911818035
946,7.700000000000006,90,0.008311955562797147,-0.24967571260534882
947,7.700000000000006,100,0.008406034698669759,-0.2837222261372261
948,7.700000000000006,110,0.008501351399627089,-0.3180957487769631
949,7.700000000000006,120,0.008594576576427681,-0.3527502824247559
950,7.700000000000006,130,0.008685778323116209,-0.3876433386627447
951,7.700000000000006,140,0.00877502180954234,-0.4227356700173692
952,7.800000000000006,10,0.007772609468432373,-0.008024566493383789
953,7.800000000000006,20,0.007850978337150795,-0.03781638320008196
954,7.800000000000006,30,0.007927439159967218,-0.06844099914069868
955,7.800000000000006,40,0.008002060781558552,-0.09981282239637457
956,7.800000000000006,50,0.00807490877395798,-0.13185293876664983
957,7.800000000000006,60,0.008146045628736413,-0.16448856822927405
958,7.800000000000006,70,0.008215530935794602,-0.19765256967733036
959,7.800000000000006,80,0.008283421549848841,-0.23128298923372803
960,7.800000000000006,90,0.008361497945337344,-0.265322647933544
961,7.800000000000006,100,0.008458383465407266,-0.299718765017555
962,7.800000000000006,110,0.008553119453413437,-0.3344226134643067
963,7.800000000000006,120,0.008645776659784927,-0.36938920474476933
964,7.800000000000006,130,0.008736422763706373,-0.4045770000825162
965,7.800000000000006,140,0.008825122537982837,-0.43994764578822143
966,7.900000000000006,10,0.007814200395451961,-0.020348233243407954
967,7.900000000000006,20,0.007892056717790938,-0.05068140956869027
968,7.900000000000006,30,0.0079680174731883,-0.0818175320422847
969,7.900000000000006,40,0.008042151056064937,-0.11367268021524901
970,7.900000000000006,50,0.008114522609600721,-0.14616950398436002
971,7.900000000000006,60,0.008185194216661,-0.17923668797709436
972,7.900000000000006,70,0.008254225077417491,-0.21280846355035843
973,7.900000000000006,80,0.008321671674746832,-0.24682416376593497
974,7.900000000000006,90,0.008414440601234413,-0.2812278171871829
975,7.900000000000006,100,0.008510732232144795,-0.3159677767918909
976,7.900000000000006,110,0.008604887507199798,-0.35099638067290106
977,7.900000000000006,120,0.008696976743142178,-0.38626964155076915
978,7.900000000000006,130,0.008787067204296537,-0.421746962418418
979,7.900000000000006,140,0.00887522326642335,-0.457390875918982
980,8.000000000000007,10,0.007855791322471144,-0.03298425978256336
981,8.000000000000007,20,0.00793313509843099,-0.06385114442356654
982,8.000000000000007,30,0.00800859578641003,-0.09549139985222954
983,8.000000000000007,40,0.008082241330571383,-0.12782276380938384
984,8.000000000000007,50,0.008154136445243581,-0.16076943779314146
985,8.000000000000007,60,0.008224342804585503,-0.19426155931425582
986,8.000000000000007,70,0.008292919219040372,-0.2282347211062863
987,8.000000000000007,80,0.008369489245035824,-0.26262953271475453
988,8.000000000000007,90,0.008467383257131304,-0.2973912203661455
989,8.000000000000007,100,0.008563080998882304,-0.3324692614602216
990,8.000000000000007,110,0.008656655560986147,-0.3678170504027434
991,8.000000000000007,120,0.008748176826499438,-0.4033915928427596
992,8.000000000000007,130,0.00883771164488669,-0.439153225670452
993,8.000000000000007,140,0.008925323994863883,-0.4750653604096553
994,8.100000000000007,10,0.007897382249491042,-0.04593264611086734
995,8.100000000000007,20,0.007974213479071056,-0.07732558776473586
996,8.100000000000007,30,0.008049174099630864,-0.10946260257054896
997,8.100000000000007,40,0.008122331605078012,-0.14226307317879194
998,8.100000000000007,50,0.00819375028088639,-0.1756527401929222
999,8.100000000000007,60,0.008263491392510099,-0.20956318224082682
1000,8.100000000000007,70,0.008331613360663284,-0.24393134234511282
1001,8.100000000000007,80,0.00842303941989293,-0.2786990960802884
1002,8.100000000000007,90,0.008520325913028209,-0.31381285747050547
1003,8.100000000000007,100,0.008615429765619822,-0.34922321902256104
1004,8.100000000000007,110,0.008708423614772485,-0.3848846226538334
1005,8.100000000000007,120,0.00879937690985671,-0.4207550586207349
1006,8.100000000000007,130,0.008888356085476857,-0.45679578983862057
1007,8.100000000000007,140,0.008975424723304377,-0.49297109926023075
1008,8.200000000000006,10,0.007938973176510126,-0.059193392228237274
1009,8.200000000000006,20,0.008015291859711192,-0.09110473959222265
1010,8.200000000000006,30,0.00808975241285208,-0.12373114019730536
1011,8.200000000000006,40,0.008162421879584332,-0.15699360832342069
1012,8.200000000000006,50,0.008233364116529342,-0.19081941118373402
1013,8.200000000000006,60,0.008302639980434599,-0.2251415567567392
1014,8.200000000000006,70,0.008377666074623265,-0.25989832726682294
1015,8.200000000000006,80,0.008476589594749962,-0.29503285386238653
1016,8.200000000000006,90,0.008573268568925239,-0.33049272850025235
1017,8.200000000000006,100,0.00866777853235735,-0.3662296494789037
1018,8.200000000000006,110,0.008760191668558851,-0.40219909742617466
1019,8.200000000000006,120,0.008850576993213958,-0.4383600388846791
1020,8.200000000000006,130,0.008939000526067014,-0.4746746549229206
1021,8.200000000000006,140,0.009025525451744898,-0.5111080924707156
1022,8.300000000000006,10,0.007980564103529987,-0.0727664981347893
1023,8.300000000000006,20,0.008056370240351237,-0.10518859990597362
1024,8.300000000000006,30,0.0081303307260733,-0.13829701273250805
1025,8.300000000000006,40,0.008202512154090727,-0.17201436924330737
1026,8.300000000000006,50,0.008272977952172135,-0.2062694507656131
1027,8.300000000000006,60,0.008341788568359187,-0.24099668286206
1028,8.300000000000006,70,0.008431837872895302,-0.2761356758714315
1029,8.300000000000006,80,0.008530139769607021,-0.31163080606118587
1030,8.300000000000006,90,0.008626211224821998,-0.3474308334553544
1031,8.300000000000006,100,0.008720127299094849,-0.3834885528292413
1032,8.300000000000006,110,0.008811959722345216,-0.41976047471976785
1033,8.300000000000006,120,0.008901777076571202,-0.4562065336346215
1034,8.300000000000006,130,0.008989644966657181,-0.4927898209233561
1035,8.300000000000006,140,0.009075626180185417,-0.5294763400411069
1036,8.400000000000006,10,0.008022155030549183,-0.08665196383033158
1037,8.400000000000006,20,0.008097448620991304,-0.11957716870602231
1038,8.400000000000006,30,0.00817090903929478,-0.15316022017613262
1039,8.400000000000006,40,0.008242602428597092,-0.18732535593845068
1040,8.400000000000006,50,0.008312591787815,-0.22200285893847616
1041,8.400000000000006,60,0.008386034971010288,-0.2571285605567215
1042,8.400000000000006,70,0.008486009671167388,-0.2926433881589414
1043,8.400000000000006,80,0.008583689944464274,-0.32849295267664314
1044,8.400000000000006,90,0.00867915388071911,-0.36462717233586095
1045,8.400000000000006,100,0.008772476065832376,-0.40099992907358684
1046,8.400000000000006,110,0.008863727776131565,-0.4375687545346074
1047,8.400000000000006,120,0.008952977159928504,-0.4742945428705547
1048,8.400000000000006,130,0.009040289407247333,-0.5111412878399195
1049,8.400000000000006,140,0.009125726908625916,-0.5480758419714029
1050,8.500000000000007,10,0.00806374595756902,-0.10084978931512811
1051,8.500000000000007,20,0.008138527001631427,-0.1342704459923878
1052,8.500000000000007,30,0.00821148735251579,-0.1683207625280505
1053,8.500000000000007,40,0.008282692703103472,-0.20292656840885104
1054,8.500000000000007,50,0.008352205623457917,-0.2380196357023947
1055,8.500000000000007,60,0.008440842994104716,-0.273537189840795
1056,8.500000000000007,70,0.008540181469439427,-0.3094214641293298
1057,8.500000000000007,80,0.008637240119321344,-0.34561929370877364
1058,8.500000000000007,90,0.008732096536616014,-0.38208174514172466
1059,8.500000000000007,100,0.008824824832569885,-0.418763778211932
1060,8.500000000000007,110,0.00891549582991793,-0.45562393687070113
1061,8.500000000000007,120,0.009004177243285751,-0.4926240665924526
1062,8.500000000000007,130,0.009090933847837499,-0.5297290556726197
1063,8.500000000000007,140,0.009175827637066414,-0.5669065982616053
1064,8.600000000000007,10,0.008105336884588678,-0.11535997458898306
1065,8.600000000000007,20,0.008179605382271492,-0.1492684317650208
1066,8.600000000000007,30,0.008252065665737008,-0.18377863978850928
1067,8.600000000000007,40,0.008322782977609959,-0.21881800665455775
1068,8.600000000000007,50,0.008394602781848382,-0.254319781057325
1069,8.600000000000007,60,0.008495651017199023,-0.2902225707142079
1070,8.600000000000007,70,0.008594353267711463,-0.326469903782618
1071,8.600000000000007,80,0.008690790294178337,-0.3630098291574706
1072,8.600000000000007,90,0.008785039192513071,-0.3997945518729915
1073,8.600000000000007,100,0.008877173599307392,-0.4367801002442795
1074,8.600000000000007,110,0.008967263883704278,-0.47392602172804055
1075,8.600000000000007,120,0.009055377326643,-0.5111951048003478
1076,8.600000000000007,130,0.009141578288427665,-0.5485531244214528
1077,8.600000000000007,140,0.009225928365506949,-0.5859686089117184
1078,8.700000000000006,10,0.008146927811607836,-0.1301825196518751
1079,8.700000000000006,20,0.00822068376291156,-0.16457112602394464
1080,8.700000000000006,30,0.00829264397895819,-0.19953385195723228
1081,8.700000000000006,40,0.008362873252116291,-0.23499967067545868
1082,8.700000000000006,50,0.008450062151748435,-0.2709032950032799
1083,8.700000000000006,60,0.008550459040293442,-0.3071847031770285
1084,8.700000000000006,70,0.008648525065983553,-0.3437887071188115
1085,8.700000000000006,80,0.008744340469035414,-0.38066455902285457
1086,8.700000000000006,90,0.008837981848409988,-0.417765592529562
1087,8.700000000000006,100,0.008929522366044912,-0.4550488951706302
1088,8.700000000000006,110,0.009019031937490627,-0.49247500910662656
1089,8.700000000000006,120,0.009106577410000267,-0.530007657494227
1090,8.700000000000006,130,0.009192222729017823,-0.5676134940864161
1091,8.700000000000006,140,0.009276029093947431,-0.6052618739217299
1092,8.800000000000008,10,0.00818851873862706,-0.14531742450389906
1093,8.800000000000008,20,0.008261762143551683,-0.18017852876919038
1094,8.800000000000008,30,0.008333222292179025,-0.21558639903437649
1095,8.800000000000008,40,0.0084033766842205,-0.25147156047160846
1096,8.800000000000008,50,0.008505521521648324,-0.2877701775402579
1097,8.800000000000008,60,0.008605267063387755,-0.32442358722919185
1098,8.800000000000008,70,0.008702696864255585,-0.3613778741378779
1099,8.800000000000008,80,0.008797890643892642,-0.3985834833049482
1100,8.800000000000008,90,0.008890924504306903,-0.43599486711156166
1101,8.800000000000008,100,0.008981871132782515,-0.4735701629910152
1102,8.800000000000008,110,0.009070799991276994,-0.5112708990064636
1103,8.800000000000008,120,0.00915777749335753,-0.5490617246740848
1104,8.800000000000008,130,0.009242867169607979,-0.5869101646675128
1105,8.800000000000008,140,0.009326129822387978,-0.624786393291662
1106,8.900000000000007,10,0.008230109665647262,-0.16076468914518793
1107,8.900000000000007,20,0.008302840524191746,-0.19609064000070142
1108,8.900000000000007,30,0.008373800605400486,-0.23193628102013109
1109,8.900000000000007,40,0.0084595030685295,-0.2682336760430182
1110,8.900000000000007,50,0.008560980891548354,-0.3049204286682736
1111,8.900000000000007,60,0.008660075086482179,-0.3419392228707663
1112,8.900000000000007,70,0.008756868662527622,-0.379237404839851
1113,8.900000000000007,80,0.008851440818749582,-0.4167666020035725
1114,8.900000000000007,90,0.00894386716020384,-0.454482375618914
1115,8.900000000000007,100,0.009034219899520036,-0.4923439037053723
1116,8.900000000000007,110,0.009122568045063343,-0.5303136914275488
1117,8.900000000000007,120,0.009208977576714766,-0.5683573063399254
1118,8.900000000000007,130,0.009293511610198146,-0.6064431361647435
1119,8.900000000000007,140,0.00938584068081082,-0.6445421670214841
1120,9.000000000000007,10,0.008271700592666211,-0.17652431357538068
1121,9.000000000000007,20,0.0083439189048318,-0.21230745971850196
1122,9.000000000000007,30,0.008414378918621792,-0.24858349791416012
1123,9.000000000000007,40,0.008515629452838442,-0.2852860173897216
1124,9.000000000000007,50,0.008616440261448303,-0.32235404838732795
1125,9.000000000000007,60,0.008714883109576485,-0.3597316101016783
1126,9.000000000000007,70,0.008811040460799717,-0.39736729922472325
1127,9.000000000000007,80,0.00890499099360665,-0.4352139151189369
1128,9.000000000000007,90,0.008996809816100845,-0.47322811805164955
1129,9.000000000000007,100,0.009086568666257544,-0.5113701173137248
1130,9.000000000000007,110,0.009174336098849708,-0.5496033863698835
1131,9.000000000000007,120,0.00926017766007203,-0.5878944024917583
1132,9.000000000000007,130,0.00934415605078831,-0.6262124085781073
1133,9.000000000000007,140,0.009453956634623327,-0.6645291951112304
1134,9.100000000000007,10,0.008313291519685517,-0.1925962977947584
1135,9.100000000000007,20,0.008384997285471867,-0.22882898792259998
1136,9.100000000000007,30,0.008469173843196941,-0.2655280497165964
1137,9.100000000000007,40,0.008571755837147373,-0.3026285845116812
1138,9.100000000000007,50,0.00867189963134838,-0.3400710366974169
1139,9.100000000000007,60,0.008769691132670902,-0.37780074892200144
1140,9.100000000000007,70,0.008865212259071742,-0.4157675572924733
1141,9.100000000000007,80,0.008958541168463858,-0.45392542265094704
1142,9.100000000000007,90,0.009049752471997696,-0.4922320944097407
1143,9.100000000000007,100,0.009138917432995072,-0.5306488038160901
1144,9.100000000000007,110,0.009226104152636062,-0.5691399838334661
1145,9.100000000000007,120,0.009311377743429298,-0.607673013129576
1146,9.100000000000007,130,0.009402346040716623,-0.6462179819076042
1147,9.100000000000007,140,0.00953268635074411,-0.6847474775608693
1148,9.200000000000006,10,0.008354882446705124,-0.2089806418032616
1149,9.200000000000006,20,0.008426075666112004,-0.2456552246130177
1150,9.200000000000006,30,0.008525983481706719,-0.28276993642751846
1151,9.200000000000006,40,0.008627882221456445,-0.3202613774088723
1152,9.200000000000006,50,0.008727359001248278,-0.3580713935984954
1153,9.200000000000006,60,0.00882449915576521,-0.3961466393316653
1154,9.200000000000006,70,0.008919384057343797,-0.4344381790431262
1155,9.200000000000006,80,0.009012091343320887,-0.47290112459956846
1156,9.200000000000006,90,0.009102695127894765,-0.5114943046932678
1157,9.200000000000006,100,0.009191266199732574,-0.5501799632124498
1158,9.200000000000006,110,0.009277872206422417,-0.5889234838183
1159,9.200000000000006,120,0.009362577826786548,-0.6276931382533633
1160,9.200000000000006,130,0.009473086801945762,-0.6664598561532287
1161,9.200000000000006,140,0.009611416066864931,-0.7051970143704227
1162,9.300000000000008,10,0.008396473373724515,-0.2256773456008987
1163,9.300000000000008,20,0.008479082973722908,-0.2627861697896974
1164,9.300000000000008,30,0.008582793120216595,-0.3003091580467603
1165,9.300000000000008,40,0.00868400860576541,-0.3381843960813491
1166,9.300000000000008,50,0.008782818371148244,-0.37635511909062225
1167,9.300000000000008,60,0.008879307178859515,-0.41476928133070134
1168,9.300000000000008,70,0.008973555855615881,-0.4533791644766805
1169,9.300000000000008,80,0.009065641518177996,-0.49214102096487267
1170,9.300000000000008,90,0.009155637783791732,-0.5310147489021384
1171,9.300000000000008,100,0.0092436149664701,-0.5699635955028179
1172,9.300000000000008,110,0.00932964026020877,-0.6089538863243842
1173,9.300000000000008,120,0.009419213575965573,-0.6479547778631483
1174,9.300000000000008,130,0.00955267092287316,-0.6869380313149909
1175,9.300000000000008,140,0.009702560420188803,-0.7258778055398747
1176,9.400000000000007,10,0.008438064300743928,-0.24268640918757933
1177,9.400000000000007,20,0.00853659270661898,-0.28022182345266855
1178,9.400000000000007,30,0.008639602758726182,-0.31814571457450436
1179,9.400000000000007,40,0.008740134990074385,-0.3563976405290563
1180,9.400000000000007,50,0.008838277741048346,-0.39492221317379794
1181,9.400000000000007,60,0.008934115201953939,-0.4336686749191532
1182,9.400000000000007,70,0.009027727653887931,-0.47259051359311277
1183,9.400000000000007,80,0.009119191693035052,-0.5116451117467917
1184,9.400000000000007,90,0.009208580439688667,-0.5507934270363983
1185,9.400000000000007,100,0.009295963733207615,-0.5899997006871842
1186,9.400000000000007,110,0.009381408313995107,-0.6292311913517146
1187,9.400000000000007,120,0.00949263674047916,-0.6684579319589226
1188,9.400000000000007,130,0.009632255043800412,-0.7076525073928459
1189,9.400000000000007,140,0.00979560463014976,-0.7467898510692459
1190,9.500000000000007,10,0.008489239382202116,-0.26000783256337257
1191,9.500000000000007,20,0.008594102439515174,-0.29796218560196763
1192,9.500000000000007,30,0.008696412397235927,-0.3362796060104851
1193,9.500000000000007,40,0.008796261374383321,-0.37490111075202615
1194,9.500000000000007,50,0.00889373711094831,-0.41377267584796984
1195,9.500000000000007,60,0.008988923225048243,-0.45284482009693816
1196,9.500000000000007,70,0.00908189945215996,-0.4920722263924444
1197,9.500000000000007,80,0.009172741867892235,-0.5314133969454067
1198,9.500000000000007,90,0.009261523095585467,-0.5708303390959844
1199,9.500000000000007,100,0.009348312499945137,-0.6102882787655555
1200,9.500000000000007,110,0.009436455339559727,-0.6497553989002982
1201,9.500000000000007,120,0.009573094014326237,-0.6892026005406635
1202,9.500000000000007,130,0.009722219656865068,-0.7286032843868706
1203,9.500000000000007,140,0.009888648840110696,-0.7679331509585114
1204,9.600000000000009,10,0.008547466680029552,-0.2776416157283843
1205,9.600000000000009,20,0.008651612172411267,-0.31600725623752823
1206,9.600000000000009,30,0.008753222035745595,-0.3547108323550039
1207,9.600000000000009,40,0.008852387758692178,-0.39369480675026214
1208,9.600000000000009,50,0.008949196480848213,-0.43290650711317924
1209,9.600000000000009,60,0.009043731248142662,-0.47229771686414046
1210,9.600000000000009,70,0.009136071250432034,-0.511824302874675
1211,9.600000000000009,80,0.009226292042749282,-0.5514458765606296
1212,9.600000000000009,90,0.009314465751482589,-0.5911254850809651
1213,9.600000000000009,100,0.009400661266682646,-0.6308293297379279
1214,9.600000000000009,110,0.009512620419985152,-0.6705265089701264
1215,9.600000000000009,120,0.009653551288173369,-0.7101887836084027
1216,9.600000000000009,130,0.009816273617961079,-0.7497903622970292
1217,9.600000000000009,140,0.009981693050071645,-0.78930770520769
1218,9.700000000000008,10,0.008605693977856991,-0.29558775868245224
1219,9.700000000000008,20,0.00870912190530734,-0.3343570353593781
1220,9.700000000000008,30,0.008810031674255214,-0.37343939360791567
1221,9.700000000000008,40,0.00890851414300122,-0.41277872852374875
1222,9.700000000000008,50,0.009004655850748137,-0.45232370696938906
1223,9.700000000000008,60,0.00909853927123697,-0.4920273652206759
1224,9.700000000000008,70,0.009190243048704106,-0.5318467430397964
1225,9.700000000000008,80,0.009279842217606487,-0.5717425505925551
1226,9.700000000000008,90,0.009367408407379435,-0.6116788649913427
1227,9.700000000000008,100,0.009454083925323715,-0.6516228536043005
1228,9.700000000000008,110,0.009593970218792292,-0.6915445215612113
1229,9.700000000000008,120,0.009742310274064485,-0.7314164811621227
1230,9.700000000000008,130,0.009910327579057097,-0.7712137411233211
1231,9.700000000000008,140,0.010084070163908006,-0.8109135138167773
1232,9.800000000000008,10,0.008663921275684027,-0.31384626142555616
1233,9.800000000000008,20,0.008766631638203527,-0.3530115229675541
1234,9.800000000000008,30,0.008866841312764896,-0.39246528976924067
1235,9.800000000000008,40,0.00896464052731006,-0.4321528760724507
1236,9.800000000000008,50,0.009060115220648183,-0.4720242754166799
1237,9.800000000000008,60,0.009153347294331397,-0.5120337651666307
1238,9.800000000000008,70,0.009244414846976143,-0.5521395468878088
1239,9.800000000000008,80,0.009333392392463518,-0.5923034190410765
1240,9.800000000000008,90,0.009420351063276544,-0.6324904788271075
1241,9.800000000000008,100,0.009533052437054067,-0.6726688503646772
1242,9.800000000000008,110,0.009675320017599416,-0.7128094366735407
1243,9.800000000000008,120,0.009837396143156544,-0.7528856932018264
1244,9.800000000000008,130,0.010004381540153115,-0.7928734208657457
1245,9.800000000000008,140,0.010191428867709105,-0.8327505767857666
1246,9.900000000000007,10,0.00872214857351152,-0.332417123957957
1247,9.900000000000007,20,0.00882414137109961,-0.3719707190619925
1248,9.900000000000007,30,0.008923650951274485,-0.4117885208390335
1249,9.900000000000007,40,0.00902076691161916,-0.4518172493964774
1250,9.900000000000007,50,0.009115574590548212,-0.4920082124549907
1251,9.900000000000007,60,0.0092081553174257,-0.5323169167019153
1252,9.900000000000007,70,0.009298586645248196,-0.5727027144187173
1253,9.900000000000007,80,0.009386942567320625,-0.6131284819062786
1254,9.900000000000007,90,0.00947329371917328,-0.6535603265881671
1255,9.900000000000007,100,0.00961531478478444,-0.6939673200190544
1256,9.900000000000007,110,0.009762846627900213,-0.7343212543071189
1257,9.900000000000007,120,0.00993248201224856,-0.7745964197275064
1258,9.900000000000007,130,0.010110232450271045,-0.8147694015243034
1259,9.900000000000007,140,0.010298787571510194,-0.8548188941146666
1260,10.000000000000007,10,0.008780375871338283,-0.351300346279229
1261,10.000000000000007,20,0.008881651103995693,-0.3912346236427202
1262,10.000000000000007,30,0.008980460589784226,-0.4314090868170506
1263,10.000000000000007,40,0.009076893295928175,-0.4717718484957534
1264,10.000000000000007,50,0.009171033960448213,-0.5122755180843346
1265,10.000000000000007,60,0.009262963340520125,-0.552876819826621
1266,10.000000000000007,70,0.009352758443520258,-0.5935362456325244
1267,10.000000000000007,80,0.009440492742177667,-0.6342177391880996
1268,10.000000000000007,90,0.009553948050657327,-0.6748884082746629
1269,10.000000000000007,100,0.009697577132514838,-0.7155182625674354
1270,10.000000000000007,110,0.009858987299217732,-0.7560799744619453
1271,10.000000000000007,120,0.010027567881340632,-0.7965486607391823
1272,10.000000000000007,130,0.010218756251535666,-0.836901683098991
1273,10.000000000000007,140,0.010406146275311284,-0.8771184658034707
1274,10.100000000000009,10,0.008838603169165644,-0.37049592838974155
1275,10.100000000000009,20,0.008939160836891879,-0.4108032367097769
1276,10.100000000000009,30,0.009037270228293927,-0.4513269877036259
1277,10.100000000000009,40,0.009133019680237085,-0.4920166733702569
1278,10.100000000000009,50,0.009226493330348223,-0.5328261923046733
1279,10.100000000000009,60,0.009317771363614424,-0.5737134745406547
1280,10.100000000000009,70,0.009406930241792325,-0.6146401405292212
1281,10.100000000000009,80,0.009494661033474773,-0.6555711908865989
1282,10.100000000000009,90,0.009637143652781104,-0.6964747238865012
1283,10.100000000000009,100,0.009783843718650308,-0.7373216780098191
1284,10.100000000000009,110,0.009955127970535264,-0.7780855971380267
1285,10.100000000000009,120,0.010136968812879605,-0.8187424162368457
1286,10.100000000000009,130,0.010327280052800304,-0.8592702655898132
1287,10.100000000000009,140,0.010513504979112385,-0.8996492918521861
1288,10.200000000000008,10,0.008896830466993176,-0.39000387028944994
1289,10.200000000000008,20,0.008996670569787963,-0.4306765582630925
1290,10.200000000000008,30,0.009094079866803457,-0.47154222349857644
1291,10.200000000000008,40,0.009189146064546039,-0.5125517240200061
1292,10.200000000000008,50,0.00928195270024832,-0.5536602351160842
1293,10.200000000000008,60,0.009372579386708855,-0.594826880844112
1294,10.200000000000008,70,0.009461102040064362,-0.6360143991088012
1295,10.200000000000008,80,0.009575323220159034,-0.6771888370017609
1296,10.200000000000008,90,0.00972033925490483,-0.7183192734237638
1297,10.200000000000008,100,0.009881062856877136,-0.7593775663462075
1298,10.200000000000008,110,0.010053366812856195,-0.8003381223353545
1299,10.200000000000008,120,0.010246683277216541,-0.841177686220473
1300,10.200000000000008,130,0.010435803854064932,-0.8818751489967696
1301,10.200000000000008,140,0.010620863682913482,-0.9224113722608054
1302,10.300000000000008,10,0.008955057764820508,-0.409824171978175
1303,10.300000000000008,20,0.009054180302684043,-0.4508545883026973
1304,10.300000000000008,30,0.00915088950531325,-0.49205479420195086
1305,10.300000000000008,40,0.009245272448854905,-0.5333770004449816
1306,10.300000000000008,50,0.009337412070148212,-0.57477764651847
1307,10.300000000000008,60,0.009427387409803166,-0.6162170387368986
1308,10.300000000000008,70,0.00951791604733531,-0.6576590213712918
1309,10.300000000000008,80,0.00965947349493443,-0.6990706775335467
1310,10.300000000000008,90,0.00980531722729227,-0.74042205688637
1311,10.300000000000008,100,0.009978281995103939,-0.7816859275765959
1312,10.300000000000008,110,0.0101642983566841,-0.8228375500539293
1313,10.300000000000008,120,0.010356397741553554,-0.8638544706901046
1314,10.300000000000008,130,0.01054432765532956,-0.9047163333198569
1315,10.300000000000008,140,0.01072822238671458,-0.945404707029335
1316,10.40000000000001,10,0.009013285062647543,-0.4299568334559458
1317,10.40000000000001,20,0.009111690035580234,-0.47133732682863694
1318,10.40000000000001,30,0.009207699143823281,-0.5128646998137782
1319,10.40000000000001,40,0.00930139883316391,-0.5544925026452501
1320,10.40000000000001,50,0.009392871440048137,-0.5961784265119021
1321,10.40000000000001,60,0.009482195432897578,-0.6378839482191028
1322,10.40000000000001,70,0.009597194645961947,-0.6795740073166687
1323,10.40000000000001,80,0.009743623769709822,-0.7212167124819944
1324,10.40000000000001,90,0.00990363930252961,-0.7627830742743933
1325,10.40000000000001,100,0.010080065115158797,-0.8042467617010214
1326,10.40000000000001,110,0.010275229900511997,-0.8455838802937514
1327,10.40000000000001,120,0.010466112205890549,-0.8867727696457184
1328,10.40000000000001,130,0.010652851456594203,-0.9277938185590795
1329,10.40000000000001,140,0.010835581090515665,-0.9686292961577614
1330,10.500000000000009,10,0.009071512360475228,-0.45040185472300953
1331,10.500000000000009,20,0.009169199768476324,-0.49212477384083075
1332,10.500000000000009,30,0.009264508782332804,-0.5339719403339165
1333,10.500000000000009,40,0.009357525217472894,-0.5758982306208185
1334,10.500000000000009,50,0.009448330809948191,-0.617862575096392
1335,10.500000000000009,60,0.009541717301768947,-0.659827609290639
1336,10.500000000000009,70,0.009682321757532293,-0.7017593569449319
1337,10.500000000000009,80,0.009827774044485277,-0.7436269418470627
1338,10.500000000000009,90,0.01000196137776679,-0.7854023255877107
1339,10.500000000000009,100,0.01019224104388204,-0.827060068719415
1340,10.500000000000009,110,0.010386161444339894,-0.8685771130548254
1341,10.500000000000009,120,0.010575826670227497,-0.9099325830873022
1342,10.500000000000009,130,0.010761375257858833,-0.9511076047144311
1343,10.500000000000009,140,0.010942939794316785,-0.9920851396461106
1344,10.600000000000009,10,0.00912973965830221,-0.4711592357790273
1345,10.600000000000009,20,0.009226709501372396,-0.5132169293393143
1346,10.600000000000009,30,0.009321318420842804,-0.5553765157626405
1347,10.600000000000009,40,0.009413651601781842,-0.5975941843716008
1348,10.600000000000009,50,0.00950379017984817,-0.6398300922718829
1349,10.600000000000009,60,0.00961957981302702,-0.6820480219515979
1350,10.600000000000009,70,0.009767448869102687,-0.7242150702560999
1351,10.600000000000009,80,0.009926733879301984,-0.7663013656288085
1352,10.600000000000009,90,0.010107369194187926,-0.8082798108264906
1353,10.600000000000009,100,0.010304416972605292,-0.8501258486318104
1354,10.600000000000009,110,0.0104970929881678,-0.8918172483371478
1355,10.600000000000009,120,0.010685541134564483,-0.9333339110148786
1356,10.600000000000009,130,0.010869899059123467,-0.974657691785918
1357,10.600000000000009,140,0.011050298498117856,-1.01577223749435
1358,10.700000000000008,10,0.00918796695612915,-0.49222897662419274
1359,10.700000000000008,20,0.009284219234268476,-0.5346137933240902
1360,10.700000000000008,30,0.00937812805935242,-0.5770784260995954
1361,10.700000000000008,40,0.009469777986090661,-0.6195803638976243
1362,10.700000000000008,50,0.009566084271590556,-0.6620809780384072
1363,10.700000000000008,60,0.00970570670646093,-0.7045451862018819
1364,10.700000000000008,70,0.009852575980673068,-0.7469411472501548
1365,10.700000000000008,80,0.01002618420403663,-0.7892399838272188
1366,10.700000000000008,90,0.010220817742538317,-0.8314155299905768
1367,10.700000000000008,100,0.010416592901328365,-0.8734441014381706
1368,10.700000000000008,110,0.010608024531995709,-0.9153042861407175
1369,10.700000000000008,120,0.010795255598901493,-0.9569767534284455
1370,10.700000000000008,130,0.010978422860388094,-0.9984440797735359
1371,10.700000000000008,140,0.011157657201918953,-1.0396905897025044
1372,10.800000000000008,10,0.009246194253956539,-0.5136110772585041
1373,10.800000000000008,20,0.00934172896716467,-0.5563153657952018
1374,10.800000000000008,30,0.009434937697861807,-0.5990776713449102
1375,10.800000000000008,40,0.009525904370399692,-0.6418567691989208
1376,10.800000000000008,50,0.00964249703748823,-0.684615232395946
1377,10.800000000000008,60,0.009791833599894838,-0.7273191020415424
1378,10.800000000000008,70,0.009950364630968659,-0.7699375879271027
1379,10.800000000000008,80,0.01013529990387735,-0.8124427964422516
1380,10.800000000000008,90,0.010334266290889077,-0.8548094830801158
1381,10.800000000000008,100,0.010528768830051608,-0.8970148271385674
1382,10.800000000000008,110,0.010718956075823618,-0.9390382264655392
1383,10.800000000000008,120,0.0109049700632385,-0.9808611103279992
1384,10.800000000000008,130,0.011086946661652726,-1.0224667686772877
1385,10.800000000000008,140,0.011265015905720042,-1.0638401962705588
1386,10.90000000000001,10,0.009304421551783954,-0.5353055376819038
1387,10.90000000000001,20,0.009399238700060741,-0.578321646752562
1388,10.90000000000001,30,0.009491747336371481,-0.6213742514988503
1389,10.90000000000001,40,0.009591037368518867,-0.6644234002754623
1390,10.90000000000001,50,0.009729647475902522,-0.7074328553445339
1391,10.90000000000001,60,0.009877960493328935,-0.7503697694706244
1392,10.90000000000001,70,0.01005096939918822,-0.7932043922869538
1393,10.90000000000001,80,0.01025005027857124,-0.8359098034739758
1394,10.90000000000001,90,0.010447714839239642,-0.8784616700949353
1395,10.90000000000001,100,0.010640944758774855,-0.9208380257329698
1396,10.90000000000001,110,0.010829887619651533,-0.9630190693116145
1397,10.90000000000001,120,0.011014684527575428,-1.0049869817135124
1398,10.90000000000001,130,0.011195470462917363,-1.0467257584971725
1399,10.90000000000001,140,0.011372374609521152,-1.0882210571985302
1400,11.000000000000009,10,0.00936264884961121,-0.5573123578944703
1401,11.000000000000009,20,0.009456748432956833,-0.6006326361962193
1402,11.000000000000009,30,0.009548556974881417,-0.6439681665611414
1403,11.000000000000009,40,0.009665965516642947,-0.6872802571273164
1404,11.000000000000009,50,0.009816797914316706,-0.7305338468841169
1405,11.000000000000009,60,0.009974550448971371,-0.7736971884890362
1406,11.000000000000009,70,0.010163879066468222,-0.8167415603296899
1407,11.000000000000009,80,0.010364800653265076,-0.8596410049223255
1408,11.000000000000009,90,0.010561163387590274,-0.9023720910352173
1409,11.000000000000009,100,0.010753120687498112,-0.9449136972213732
1410,11.000000000000009,110,0.010940819163479432,-0.9872468146789313
1411,11.000000000000009,120,0.01112439899191243,-1.0293543675850318
1412,11.000000000000009,130,0.011303994264181988,-1.0712210492331886
1413,11.000000000000009,140,0.011479733313322221,-1.1128331724863978
1414,11.100000000000009,10,0.009420876147438216,-0.579631537895934
1415,11.100000000000009,20,0.00951425816585302,-0.6232483341262081
1416,11.100000000000009,30,0.00961659799819637,-0.6668594165317028
1417,11.100000000000009,40,0.009754164120557041,-0.7104273397543921
1418,11.100000000000009,50,0.009903948352731062,-0.7539182070147774
1419,11.100000000000009,60,0.010076336777575292,-0.7973013590968687
1420,11.100000000000009,70,0.010279961491336895,-0.840549092055318
1421,11.100000000000009,80,0.010479551027958714,-0.8836364007873045
1422,11.100000000000009,90,0.010674611935940841,-0.9265407459007804
1423,11.100000000000009,100,0.010865296616221359,-0.9692418416037822
1424,11.100000000000009,110,0.011051750707307325,-1.0117214625675017
1425,11.100000000000009,120,0.011234113456249436,-1.053963267942538
1426,11.100000000000009,130,0.011412518065446632,-1.0959526408853408
1427,11.100000000000009,140,0.011587092017123334,-1.137676542134181
1428,11.20000000000001,10,0.009479103445265676,-0.602263077686763
1429,11.20000000000001,20,0.009571767898749096,-0.6461687405424494
1430,11.20000000000001,30,0.009690005382575641,-0.6900480014107067
1431,11.20000000000001,40,0.009842362724471075,-0.7338646481566786
1432,11.20000000000001,50,0.009999311122784505,-0.7775859357364436
1433,11.20000000000001,60,0.010193129529375296,-0.8211822812940293
1434,11.20000000000001,70,0.010396043916205588,-0.8646269874638504
1435,11.20000000000001,80,0.010594301402652467,-0.9078959910689215
1436,11.20000000000001,90,0.010788060484291538,-0.9509676346918134
1437,11.20000000000001,100,0.010977472544944961,-0.9938224588802678
1438,11.20000000000001,110,0.011162682251135252,-1.0364430129773217
1439,11.20000000000001,120,0.011343827920586396,-1.0788136827860133
1440,11.20000000000001,130,0.011521041866711256,-1.1209205334536212
1441,11.20000000000001,140,0.011694450720924404,-1.1627511661418661
1442,11.30000000000001,10,0.009537330743093004,-0.6252069772666784
1443,11.30000000000001,20,0.00964278862143982,-0.6693938554449841
1444,11.30000000000001,30,0.009779277671662442,-0.7135339211982714
1445,11.30000000000001,40,0.009930561328385056,-0.7575921823342213
1446,11.30000000000001,50,0.010104233719170592,-0.8015370330491223
1447,11.30000000000001,60,0.01031057529314906,-0.8453399550806153
1448,11.30000000000001,70,0.01051212634107429,-0.8889752465552663
1449,11.30000000000001,80,0.010709051777346204,-0.9324197757672295
1450,11.30000000000001,90,0.010901509032642077,-0.9756527574081595
1451,11.30000000000001,100,0.011089648473668218,-1.0186555490506817
1452,11.30000000000001,110,0.01127361379496315,-1.061411465908387
1453,11.30000000000001,120,0.0114535423849234,-1.1039056121154838
1454,11.30000000000001,130,0.011629565667975886,-1.1461247269380364
1455,11.30000000000001,140,0.011801809424725506,-1.1880570445094607
1456,11.40000000000001,10,0.009595558040920245,-0.6484632366355703
1457,11.40000000000001,20,0.00971672970659205,-0.6929236788338502
1458,11.40000000000001,30,0.009868549960749174,-0.737317175894163
1459,11.40000000000001,40,0.010024667393925669,-0.7816099422871208
1460,11.40000000000001,50,0.010223075226099217,-0.8257714989528575
1461,11.40000000000001,60,0.010428021056922577,-0.869774380456525
1462,11.40000000000001,70,0.010628208765942969,-0.9135938693295762
1463,11.40000000000001,80,0.010823802152039994,-0.9572077548821765
1464,11.40000000000001,90,0.011014957580992643,-1.000596114049932
1465,11.40000000000001,100,0.011201824402391465,-1.0437411121150966
1466,11.40000000000001,110,0.011384545338791052,-1.0866268213607042
1467,11.40000000000001,120,0.011563256849260383,-1.1292390559309364
1468,11.40000000000001,130,0.011738089469240522,-1.171565221338585
1469,11.40000000000001,140,0.0119091681285266,-1.2135941772369638
1470,11.500000000000009,10,0.009669632820062028,-0.6720318557936737
1471,11.500000000000009,20,0.00980501019717575,-0.7167582107089714
1472,11.500000000000009,30,0.00995782224983575,-0.7613977654984223
1473,11.500000000000009,40,0.010133470418027136,-0.8059179280152351
1474,11.500000000000009,50,0.010341916733027671,-0.8502893334475825
1475,11.500000000000009,60,0.010545466820696337,-0.894485557421862
1476,11.500000000000009,70,0.010744291190811666,-0.938482855786789
1477,11.500000000000009,80,0.010938552526733853,-0.982259928413783
1478,11.500000000000009,90,0.01112840612934338,-1.0257977046170503
1479,11.500000000000009,100,0.011314000331114713,-1.0690791480735111
1480,11.500000000000009,110,0.011495476882618958,-1.1120890793342681
1481,11.500000000000009,120,0.011672971313597366,-1.154814014232373
1482,11.500000000000009,130,0.011846613270504954,-1.1972420166552182
1483,11.500000000000009,140,0.012016526832327677,-1.2393625643243658
1484,11.600000000000009,10,0.00974449648869687,-0.6959128347408088
1485,11.600000000000009,20,0.009895382634583878,-0.7408974510703827
1486,11.600000000000009,30,0.010050641013893304,-0.7857756900110708
1487,11.600000000000009,40,0.010253741241546387,-0.8305161395185992
1488,11.600000000000009,50,0.010460758239956259,-0.8750905365333934
1489,11.600000000000009,60,0.010662912584469848,-0.9194734859765195
1490,11.600000000000009,70,0.010860373615680374,-0.9636422059268883
1491,11.600000000000009,80,0.011053302901427519,-1.0075762963619925
1492,11.600000000000009,90,0.011241854677693881,-1.051257529109519
1493,11.600000000000009,100,0.011426176259837958,-1.0946696569259293
1494,11.600000000000009,110,0.011606408426446852,-1.1377982398290842
1495,11.600000000000009,120,0.011782685777934319,-1.1806304870197826
1496,11.600000000000009,130,0.011955137071769586,-1.2231551128880298
1497,11.600000000000009,140,0.012123885536128793,-1.265362205771687
1498,11.70000000000001,10,0.009831384866441853,-0.7201061734771661
1499,11.70000000000001,20,0.009985755071992165,-0.7653413999181304
1500,11.70000000000001,30,0.010163418942437248,-0.8104509494322651
1501,11.70000000000001,40,0.010374012065065401,-0.8554045767971528
1502,11.70000000000001,50,0.01057959974688488,-0.9001751082102105
1503,11.70000000000001,60,0.010780358348243606,-0.9447381661206085
1504,11.70000000000001,70,0.010976456040549051,-0.9890719197498841
1505,11.70000000000001,80,0.011168053276121224,-1.0331568587268647
1506,11.70000000000001,90,0.011355303226044553,-1.0769755875274072
1507,11.70000000000001,100,0.011538352188561212,-1.1205126386723534
1508,11.70000000000001,110,0.011717339970274762,-1.1637543028451467
1509,11.70000000000001,120,0.01189240024227134,-1.206688474293193
1510,11.70000000000001,130,0.01206366087303421,-1.249304510036974
1511,11.70000000000001,140,0.012231244239929889,-1.2915931015789055
1512,11.80000000000001,10,0.009922884905884615,-0.7446118720024866
1513,11.80000000000001,20,0.010077254806411003,-0.7900900572521286
1514,11.80000000000001,30,0.010285153882100467,-0.835423543761715
1515,11.80000000000001,40,0.010494282888584599,-0.880583239851001
1516,11.80000000000001,50,0.01069844125381337,-0.9255430484780174
1517,11.80000000000001,60,0.010897804112017124,-0.9702795978540162
1518,11.80000000000001,70,0.011092538465417735,-1.0147719972557727
1519,11.80000000000001,80,0.011282803650815059,-1.0590016155084312
1520,11.80000000000001,90,0.01146875177439517,-1.1029518798706768
1521,11.80000000000001,100,0.011650528117284458,-1.146608093312775
1522,11.80000000000001,110,0.011828271514102668,-1.1899572683824604
1523,11.80000000000001,120,0.012002114706608339,-1.2329879760525868
1524,11.80000000000001,130,0.012172184674298848,-1.2756902081020551
1525,11.80000000000001,140,0.012338602943730986,-1.3180552517460398
1526,11.90000000000001,10,0.010014384945327455,-0.7694299303170704
1527,11.90000000000001,20,0.010194105608979336,-0.8151434230724155
1528,11.90000000000001,30,0.010406888821764295,-0.8606934729996154
1529,11.90000000000001,40,0.010614553712103821,-0.9060521286801346
1530,11.90000000000001,50,0.010817282760741906,-0.9511943573368782
1531,11.90000000000001,60,0.011015249875790886,-0.9960977811768563
1532,11.90000000000001,70,0.011208620890286443,-1.0407424384445503
1533,11.90000000000001,80,0.011397554025508903,-1.085110566706637
1534,11.90000000000001,90,0.01158220032274579,-1.1291864061392598
1535,11.90000000000001,100,0.011762704046007705,-1.1729560208471983
1536,11.90000000000001,110,0.011939203057930576,-1.216407136441021
1537,11.90000000000001,120,0.01211182917094527,-1.2595289922979465
1538,11.90000000000001,130,0.012280708475563477,-1.3023122070832662
1539,11.90000000000001,140,0.012445961647532098,-1.3447486562730733
1540,12.00000000000001,10,0.010105884984770032,-0.7945603484206978
1541,12.00000000000001,20,0.010317340750899733,-0.8405014973790448
1542,12.00000000000001,30,0.01052862376142782,-0.8862607371459237
1543,12.00000000000001,40,0.010734824535623171,-0.9318112432845691
1544,12.00000000000001,50,0.010936124267670527,-0.9771290347867791
1545,12.00000000000001,60,0.011132695639564405,-1.022192716089017
1546,12.00000000000001,70,0.011324703315155117,-1.0669832433162267
1547,12.00000000000001,80,0.011512304400202714,-1.1114837123214878
1548,12.00000000000001,90,0.011695648871096347,-1.155679166333253
1549,12.00000000000001,100,0.01187487997473096,-1.199556421275628
1550,12.00000000000001,110,0.012050134601758489,-1.2431039070208332
1551,12.00000000000001,120,0.01222154363528228,-1.2863115230293078
1552,12.00000000000001,130,0.012389232276828109,-1.329170506980609
1553,12.00000000000001,140,0.012553320351333183,-1.3716733151600184
1554,12.10000000000001,10,0.010225558047664866,-0.8200031263134859
1555,12.10000000000001,20,0.010440575892819909,-0.8661642801719196
1556,12.10000000000001,30,0.010650358701091486,-0.9121253362007087
1557,12.10000000000001,40,0.010855095359142291,-0.9578605836641869
1558,12.10000000000001,50,0.011054965774599128,-1.0033470808277012
1559,12.10000000000001,60,0.011250141403338161,-1.0485644025906051
1560,12.10000000000001,70,0.01144078574002382,-1.0934944118708003
1561,12.10000000000001,80,0.011627054774896384,-1.1381210523529495
1562,12.10000000000001,90,0.011809097419446904,-1.1824301604526073
1563,12.10000000000001,100,0.011987055903454212,-1.226409294598061
1564,12.10000000000001,110,0.012161066145586397,-1.2700475801218927
1565,12.10000000000001,120,0.012331258099619272,-1.3133355682466523
1566,12.10000000000001,130,0.012497756078092741,-1.3562651077940853
1567,12.10000000000001,140,0.012660679055134285,-1.398829228406866
1568,12.20000000000001,10,0.01035033082872291,-0.8457582639952881
1569,12.20000000000001,20,0.01056381103474009,-0.8921317714510881
1570,12.20000000000001,30,0.010772093640755678,-0.9382872701639975
1571,12.20000000000001,40,0.010975366182661504,-0.9842001498190631
1572,12.20000000000001,50,0.011173807281527668,-1.0298484954596496
1573,12.20000000000001,60,0.01136758716711168,-1.0752128406815147
1574,12.20000000000001,70,0.01155686816489252,-1.120275944108259
1575,12.20000000000001,80,0.01174180514959025,-1.1650225868011135
1576,12.20000000000001,90,0.01192254596779757,-1.209439388497397
1577,12.20000000000001,100,0.012099231832177452,-1.2535146408144908
1578,12.20000000000001,110,0.012271997689414301,-1.2972381557442043
1579,12.20000000000001,120,0.012440972563956236,-1.3406011279499732
1580,12.20000000000001,130,0.012606279879357371,-1.3835960095236959
1581,12.20000000000001,140,0.012768037758935372,-1.4262163960136247
1582,12.30000000000001,10,0.010475103609781298,-0.871825761466184
1583,12.30000000000001,20,0.010687046176660494,-0.9184039712165952
1584,12.30000000000001,30,0.010893828580418844,-0.9647465390354732
1585,12.30000000000001,40,0.011095637006180752,-1.0108299417492312
1586,12.30000000000001,50,0.011292648788456046,-1.0566332786825776
1587,12.30000000000001,60,0.011485032930885188,-1.1021380303617971
1588,12.30000000000001,70,0.011672950589761191,-1.1473278400286158
1589,12.30000000000001,80,0.011856555524283989,-1.1921883156658861
1590,12.30000000000001,90,0.012035994516148089,-1.2367068504674803
1591,12.30000000000001,100,0.012211407760900704,-1.2808724599249248
1592,12.30000000000001,110,0.01238292923324221,-1.3246756338877672
1593,12.30000000000001,120,0.012550687028293234,-1.3681082021392847
1594,12.30000000000001,130,0.01271480368062201,-1.4111632121694395
1595,12.30000000000001,140,0.01287539646273647,-1.4538348179802845
1596,12.40000000000001,10,0.010599876390839985,-0.8982056187263578
1597,12.40000000000001,20,0.01081028131858066,-0.9449808794683443
1598,12.40000000000001,30,0.011015563520082315,-0.9915031428153596
1599,12.40000000000001,40,0.011215907829699839,-1.0377499594545894
1600,12.40000000000001,50,0.011411490295384744,-1.0837014304966064
1601,12.40000000000001,60,0.01160247869465895,-1.1293399716315133
1602,12.40000000000001,70,0.011789033014629888,-1.1746500996318647
1603,12.40000000000001,80,0.011971305898977729,-1.219618238947314
1604,12.40000000000001,90,0.012149443064498805,-1.264232546362987
1605,12.40000000000001,100,0.012323583689623949,-1.308482751929363
1606,12.40000000000001,110,0.012493860777070109,-1.3523600145525747
1607,12.40000000000001,120,0.012660401492630239,-1.3958567908145838
1608,12.40000000000001,130,0.012823327481886629,-1.4389667157313109
1609,12.40000000000001,140,0.012982755166537548,-1.4816844943068488
1610,12.50000000000001,10,0.010724649171898186,-0.9248978357754918
1611,12.50000000000001,20,0.010933516460500833,-0.9718624962063904
1612,12.50000000000001,30,0.0111372984597462,-1.018557081503857
1613,12.50000000000001,40,0.011336178653219188,-1.064960202935315
1614,12.50000000000001,50,0.011530331802313273,-1.1110529509016365
1615,12.50000000000001,60,0.011719924458432463,-1.1568186644905474
1616,12.50000000000001,70,0.011905115439498595,-1.2022427229180108
1617,12.50000000000001,80,0.01208605627367157,-1.2473123566454327
1618,12.50000000000001,90,0.012262891612849302,-1.2920164761838429
1619,12.50000000000001,100,0.012435759618347201,-1.3363455168278024
1620,12.50000000000001,110,0.012604792320898003,-1.3802912977386308
1621,12.50000000000001,120,0.012770115956967202,-1.4238468939758597
1622,12.50000000000001,130,0.012931851283151273,-1.467006520209321
1623,12.50000000000001,140,0.013090113870338645,-1.5097654249933208
1624,12.60000000000001,10,0.010849421952956878,-0.9519024126138536
1625,12.60000000000001,20,0.011056751602421014,-0.9990488214307311
1626,12.60000000000001,30,0.011259033399410003,-1.045908355100618
1627,12.60000000000001,40,0.011456449476738354,-1.0924606721912231
1628,12.60000000000001,50,0.011649173309241787,-1.1386878398976865
1629,12.60000000000001,60,0.011837370222206234,-1.1845741089390143
1630,12.60000000000001,70,0.012021197864367257,-1.2301057098870438
1631,12.60000000000001,80,0.012200806648365448,-1.2752706687601938
1632,12.60000000000001,90,0.012376340161200056,-1.3200586399301018
1633,12.60000000000001,100,0.012547935547070448,-1.3644607546202434
1634,12.60000000000001,110,0.012715723864725905,-1.4084694834459368
1635,12.60000000000001,120,0.012879830421304165,-1.4520785116231125
1636,12.60000000000001,130,0.013040375084415901,-1.4952826256034597
1637,12.60000000000001,140,0.013197472574139711,-1.538077610039697
1638,12.70000000000001,10,0.01097419473401494,-0.9792193492412167
1639,12.70000000000001,20,0.011179986744341409,-1.0265398551414089
1640,12.70000000000001,30,0.011380768339074173,-1.073556963606007
1641,12.70000000000001,40,0.01157672030025757,-1.1202513672223802
1642,12.70000000000001,50,0.011768014816170586,-1.1666060974848311
1643,12.70000000000001,60,0.011954815985979743,-1.212606304976796
1644,12.70000000000001,70,0.012137280289235967,-1.258239060538977
1645,12.70000000000001,80,0.01231555702305918,-1.3034931752915728
1646,12.70000000000001,90,0.012489788709550587,-1.3483590376017234
1647,12.70000000000001,100,0.012660111475793694,-1.3928284653066871
1648,12.70000000000001,110,0.012826655408553822,-1.4368945716744999
1649,12.70000000000001,120,0.012989544885641184,-1.480551643756367
1650,12.70000000000001,130,0.01314889888568054,-1.523795031913735
1651,12.70000000000001,140,0.013304831277940826,-1.5666210494459931
1652,12.800000000000011,10,0.011098967515073775,-1.0068486456578145
1653,12.800000000000011,20,0.011303221886261821,-1.0543355973383854
1654,12.800000000000011,30,0.011502503278737223,-1.1015029070193667
1655,12.800000000000011,40,0.011696991123776633,-1.148332288028746
1656,12.800000000000011,50,0.011886856323099104,-1.1948077236629344
1657,12.800000000000011,60,0.012072261749753503,-1.240915252604013
1658,12.800000000000011,70,0.012253362714104658,-1.286642774873803
1659,12.800000000000011,80,0.01243030739775297,-1.3319798762395982
1660,12.800000000000011,90,0.012603237257901237,-1.3769176691987401
1661,12.800000000000011,100,0.012772287404516948,-1.4214486488871336
1662,12.800000000000011,110,0.01293758695238174,-1.4655665624243093
1663,12.800000000000011,120,0.013099259349978179,-1.5092662903756024
1664,12.800000000000011,130,0.013257422686945176,-1.552543739140141
1665,12.800000000000011,140,0.013412189981741903,-1.5953957432121824
1666,12.900000000000011,10,0.011223740296131969,-1.034790301863337
1667,12.900000000000011,20,0.011426457028182227,-1.0824360480216542
1668,12.900000000000011,30,0.011624238218401034,-1.1297461853415238
1669,12.900000000000011,40,0.011817261947295842,-1.1767034346104541
1670,12.900000000000011,50,0.012005697830027702,-1.2232927184320754
1671,12.900000000000011,60,0.01218970751352702,-1.2695009518205476
1672,12.900000000000011,70,0.012369445138973336,-1.3153168528915216
1673,12.900000000000011,80,0.012545057772446843,-1.3607307716043162
1674,12.900000000000011,90,0.012716685806251878,-1.4057345347211432
1675,12.900000000000011,100,0.012884463333240203,-1.4503213053615882
1676,12.900000000000011,110,0.013048518496209638,-1.4944854556953633
1677,12.900000000000011,120,0.01320897381431513,-1.5382224514808063
1678,12.900000000000011,130,0.013365946488209799,-1.581528747282679
1679,12.900000000000011,140,0.013519548685543004,-1.6244016913382904
1680,13.00000000000001,10,0.01134851307719044,-1.0630443178581603
1681,13.00000000000001,20,0.01154969217010216,-1.110841207191109
1682,13.00000000000001,30,0.011745973158064983,-1.1582867985720489
1683,13.00000000000001,40,0.011937532770815166,-1.2053648069674403
1684,13.00000000000001,50,0.012124539336956132,-1.252061081792223
1685,13.00000000000001,60,0.012307153277300783,-1.2983634026265154
1686,13.00000000000001,70,0.012485527563842028,-1.344261294592131
1687,13.00000000000001,80,0.012659808147140487,-1.3897458613856246
1688,13.00000000000001,90,0.012830134354602469,-1.434809634168833
1689,13.00000000000001,100,0.012996639261963455,-1.4794464347300362
1690,13.00000000000001,110,0.013159450040037539,-1.523651251487666
1691,13.00000000000001,120,0.013318688278652136,-1.5674201270720127
1692,13.00000000000001,130,0.013474470289474638,-1.6107500563414043
1693,13.00000000000001,140,0.013626907389344084,-1.6536388938242959
1694,13.10000000000001,10,0.011473285858248972,-1.0916106936420298
1695,13.10000000000001,20,0.011672927312022578,-1.1395510748469642
1696,13.10000000000001,30,0.011867708097728856,-1.1871247467108956
1697,13.10000000000001,40,0.012057803594334338,-1.2343164050996323
1698,13.10000000000001,50,0.012243380843884726,-1.28111281374346
1699,13.10000000000001,60,0.012424599041074293,-1.3275026050217993
1700,13.10000000000001,70,0.012601609988710733,-1.3734760999756372
1701,13.10000000000001,80,0.01277455852183432,-1.4190251455836247
1702,13.10000000000001,90,0.012943582902953128,-1.4641429675420023
1703,13.10000000000001,100,0.013108815190686695,-1.508824036992488
1704,13.10000000000001,110,0.013270381583865435,-1.5530639498012166
1705,13.10000000000001,120,0.013428402742989115,-1.5968593171491974
1706,13.10000000000001,130,0.013582994090739271,-1.6402076663162108
1707,13.10000000000001,140,0.013734266093145202,-1.6831073506702188
1708,13.20000000000001,10,0.01159805863930711,-1.1204894292149428
1709,13.20000000000001,20,0.011796162453942972,-1.1685656509891107
1710,13.20000000000001,30,0.01198944303739275,-1.2162600297582782
1711,13.20000000000001,40,0.012178074417853468,-1.263558229007069
1712,13.20000000000001,50,0.012362222350813374,-1.3104479142856822
1713,13.20000000000001,60,0.012542044804848057,-1.3569185590065196
1714,13.20000000000001,70,0.012717692413579415,-1.4029612690420423
1715,13.20000000000001,80,0.012889308896528081,-1.4485686241982885
1716,13.20000000000001,90,0.01305703145130367,-1.4937345348405033
1717,13.20000000000001,100,0.01322099111940996,-1.5384541121489472
1718,13.20000000000001,110,0.013381313127693327,-1.582723550636016
1719,13.20000000000001,120,0.013538117207326101,-1.6265400217123682
1720,13.20000000000001,130,0.013691517892003898,-1.669901577207145
1721,13.20000000000001,140,0.013841624796946289,-1.7128070618760387
1722,13.300000000000011,10,0.011722831420365787,-1.1496805245771116
1723,13.300000000000011,20,0.011919397595862925,-1.197884935617446
1724,13.300000000000011,30,0.012111177977055675,-1.245692647713696
1725,13.300000000000011,40,0.012298345241372667,-1.2930902786897578
1726,13.300000000000011,50,0.01248106385774199,-1.3400663834189595
1727,13.300000000000011,60,0.012659490568621569,-1.386611264580552
1728,13.300000000000011,70,0.012833774838448102,-1.4327168017913285
1729,13.300000000000011,80,0.013004059271221951,-1.4783762972295906
1730,13.300000000000011,90,0.013170479999654417,-1.5235843360643826
1731,13.300000000000011,100,0.013333167048133206,-1.5683366601994027
1732,13.300000000000011,110,0.013492244671521263,-1.612630053992072
1733,13.300000000000011,120,0.013647831671663068,-1.6564622407615106
1734,13.300000000000011,130,0.013800041693268535,-1.6998317890142172
1735,13.300000000000011,140,0.013948983500747384,-1.7427380274417734
1736,13.400000000000011,10,0.011847604201424068,-1.1791839797282844
1737,13.400000000000011,20,0.012042632737783327,-1.2275089287321785
1738,13.400000000000011,30,0.012232912916719452,-1.2754226005778913
1739,13.400000000000011,40,0.01241861606489188,-1.3229125541477278
1740,13.400000000000011,50,0.012599905364670483,-1.369968221143231
1741,13.400000000000011,60,0.012776936332395331,-1.416580721744023
1742,13.400000000000011,70,0.012949857263316794,-1.4627426982235145
1743,13.400000000000011,80,0.013118809645915656,-1.5084481646775303
1744,13.400000000000011,90,0.013283928548005038,-1.553692371213617
1745,13.400000000000011,100,0.013445342976856449,-1.5984716811438635
1746,13.400000000000011,110,0.013603176215349157,-1.642783459869372
1747,13.400000000000011,120,0.013757546136000076,-1.686625974296652
1748,13.400000000000011,130,0.013908565494533167,-1.7299983017374192
1749,13.400000000000011,140,0.01405634220454849,-1.7729002473674105
1750,13.50000000000001,10,0.011972376982482684,-1.2089997946686033
1751,13.50000000000001,20,0.01216586787970372,-1.2574376303332033
1752,13.50000000000001,30,0.01235464785638302,-1.3054498883503665
1753,13.50000000000001,40,0.012538886888411127,-1.3530250553809924
1754,13.50000000000001,50,0.01271874687159903,-1.400153427458537
1755,13.50000000000001,60,0.012894382096168843,-1.4468269304968064
1756,13.50000000000001,70,0.013065939688185474,-1.4930389583385972
1757,13.50000000000001,80,0.013233560020609577,-1.5387842265421492
1758,13.50000000000001,90,0.013397377096355476,-1.5840586402882173
1759,13.50000000000001,100,0.013557518905579706,-1.6288591749823276
1760,13.50000000000001,110,0.013714107759177056,-1.673183768267922
1761,13.50000000000001,120,0.013867260600337055,-1.7170312223177797
1762,13.50000000000001,130,0.014017089295797803,-1.7604011153767547
1763,13.50000000000001,140,0.014163700908349584,-1.8032937216529596
1764,13.600000000000012,10,0.0120971497635409,-1.2391279693979844
1765,13.600000000000012,20,0.012289103021623674,-1.287671040420416
1766,13.600000000000012,30,0.012476382796047248,-1.3357745110313886
1767,13.600000000000012,40,0.012659157711930304,-1.38342778238948
1768,13.600000000000012,50,0.012837588378527548,-1.430622002364856
1769,13.600000000000012,60,0.013011827859942612,-1.477349890839029
1770,13.600000000000012,70,0.013182022113054177,-1.5236055821365708
1771,13.600000000000012,80,0.013348310395303447,-1.5693844828234158
1772,13.600000000000012,90,0.01351082564470615,-1.6146831432882345
1773,13.600000000000012,100,0.013669694834302944,-1.6594991417147895
1774,13.600000000000012,110,0.013825039303004955,-1.703830979187718
1775,13.600000000000012,120,0.013976975064674017,-1.74767798482487
1776,13.600000000000012,130,0.014125613097062431,-1.7910402299322237
1777,13.600000000000012,140,0.014271059612150687,-1.833918450298409
1778,13.700000000000012,10,0.012221922544599192,-1.2695685039165006
1779,13.700000000000012,20,0.012412338163544078,-1.3182091589940286
1780,13.700000000000012,30,0.012598117735710833,-1.3663964686207177
1781,13.700000000000012,40,0.012779428535449477,-1.414120735173181
1782,13.700000000000012,50,0.012956429885456025,-1.4613739458622113
1783,13.700000000000012,60,0.013129273623716122,-1.5081496027705614
1784,13.700000000000012,70,0.013298104537922868,-1.5544425696174358
1785,13.700000000000012,80,0.013463060769997249,-1.6002489335213008
1786,13.700000000000012,90,0.013624274193056765,-1.6455658802136166
1787,13.700000000000012,100,0.0137818707630262,-1.6903915813412564
1788,13.700000000000012,110,0.01393597084683287,-1.7347250926287723
1789,13.700000000000012,120,0.014086689529011017,-1.7785662618179638
1790,13.700000000000012,130,0.014234136898327062,-1.8219156454038234
1791,13.700000000000012,140,0.014378418315951779,-1.8647744333037704
1792,13.800000000000011,10,0.012346695325657847,-1.3003213982242334
1793,13.800000000000011,20,0.01253557330546449,-1.3490519860539378
1794,13.800000000000011,30,0.012719852675373655,-1.3973157611182119
1795,13.800000000000011,40,0.012899699358968694,-1.4451039137322002
1796,13.800000000000011,50,0.01307527139238458,-1.4924092579506048
1797,13.800000000000011,60,0.013246719387489631,-1.5392260662914676
1798,13.800000000000011,70,0.013414186962791548,-1.5855499207812005
1799,13.800000000000011,80,0.013577811144691056,-1.6313775786358509
1800,13.800000000000011,90,0.013737722741407391,-1.67670685106437
1801,13.800000000000011,100,0.013894046691749446,-1.7215364938617261
1802,13.800000000000011,110,0.014046902390660773,-1.7658661085910654
1803,13.800000000000011,120,0.014196403993348015,-1.8096960532970425
1804,13.800000000000011,130,0.014342660699591699,-1.853027361791559
1805,13.800000000000011,140,0.014485777019752873,-1.8958616706690314
1806,13.900000000000011,10,0.012471468106716184,-1.3313866523209112
1807,13.900000000000011,20,0.012658808447384425,-1.3801995216000185
1808,13.900000000000011,30,0.01284158761503792,-1.428532388524511
1809,13.900000000000011,40,0.013019970182487742,-1.4763773180663833
1810,13.900000000000011,50,0.013194112899313234,-1.5237279386300626
1811,13.900000000000011,60,0.013364165151263398,-1.5705792814018165
1812,13.900000000000011,70,0.013530269387660254,-1.6169276356278544
1813,13.900000000000011,80,0.013692561519384775,-1.6627704181670286
1814,13.900000000000011,90,0.013851171289757883,-1.708106055840457
1815,13.900000000000011,100,0.014006222620472698,-1.7529338792762013
1816,13.900000000000011,110,0.014157833934488677,-1.7972540270746147
1817,13.900000000000011,120,0.014306118457684962,-1.8410673592620879
1818,13.900000000000011,130,0.014451184500856322,-1.8843753790954212
1819,13.900000000000011,140,0.014593135723553951,-1.927180162394197
1820,14.00000000000001,10,0.012596240887774508,-1.3627642662068316
1821,14.00000000000001,20,0.012782043589304827,-1.411651765632513
1822,14.00000000000001,30,0.01296332255470169,-1.4600463508390153
1823,14.00000000000001,40,0.013140241006007027,-1.5079409481759294
1824,14.00000000000001,50,0.013312954406241763,-1.5553299879004854
1825,14.00000000000001,60,0.013481610915036912,-1.6022092481014725
1826,14.00000000000001,70,0.013646351812528918,-1.6485757141573978
1827,14.00000000000001,80,0.01380731189407861,-1.694427452114898
1828,14.00000000000001,90,0.013964619838108542,-1.7397634945419642
1829,14.00000000000001,100,0.014118398549195948,-1.7845837375846743
1830,14.00000000000001,110,0.014268765478316575,-1.8288888480794077
1831,14.00000000000001,120,0.014415832922021966,-1.872680179713134
1832,14.00000000000001,130,0.014559708302120961,-1.9159596973154231
1833,14.00000000000001,140,0.01470049442735505,-1.9587299084792718
1834,14.100000000000012,10,0.012721013668833414,-1.3944542398819157
1835,14.100000000000012,20,0.012905278731225238,-1.4434087181513005
1836,14.100000000000012,30,0.013085057494365206,-1.4918576480620125
1837,14.100000000000012,40,0.013260511829526282,-1.5397948040607115
1838,14.100000000000012,50,0.013431795913170315,-1.587215405761981
1839,14.100000000000012,60,0.013599056678810674,-1.634115966390572
1840,14.100000000000012,70,0.013762434237397623,-1.6804941563698494
1841,14.100000000000012,80,0.013922062268772333,-1.7263486804793584
1842,14.100000000000012,90,0.014078068386459332,-1.771679167168879
1843,14.100000000000012,100,0.01423057447791919,-1.8164860687871487
1844,14.100000000000012,110,0.014379697022144484,-1.860770571605455
1845,14.100000000000012,120,0.014525547386358955,-1.9045345146501678
1846,14.100000000000012,130,0.014668232103385592,-1.9477803164515546
1847,14.100000000000012,140,0.014807853131156134,-1.9905109089242563
1848,14.200000000000012,10,0.012845786449891507,-1.4264565733459
1849,14.200000000000012,20,0.013028513873145183,-1.4754703791562616
1850,14.200000000000012,30,0.013206792434028765,-1.5239662801933331
1851,14.200000000000012,40,0.013380782653045544,-1.5719388857207326
1852,14.200000000000012,50,0.013550637420098866,-1.61938419221448
1853,14.200000000000012,60,0.013716502442584192,-1.6662994362689796
1854,14.200000000000012,70,0.013878516662266327,-1.7126829622651805
1855,14.200000000000012,80,0.014036812643466108,-1.758534103260518
1856,14.200000000000012,90,0.014191516934809726,-1.8038530737210974
1857,14.200000000000012,100,0.01434275040664245,-1.8486408728836303
1858,14.200000000000012,110,0.014490628565972384,-1.8928991976527487
1859,14.200000000000012,120,0.014635261850695958,-1.9366303640731806
1860,14.200000000000012,130,0.014776755904650218,-1.979837236503819
1861,14.200000000000012,140,0.014915211834957223,-2.022523163729145
1862,14.300000000000011,10,0.012970559230949806,-1.4587712665990864
1863,14.300000000000011,20,0.013151749015065585,-1.5078367486476347
1864,14.300000000000011,30,0.013328527373692212,-1.5563722472330364
1865,14.300000000000011,40,0.013501053476564695,-1.604373193155984
1866,14.300000000000011,50,0.013669478927027369,-1.6518363472579867
1867,14.300000000000011,60,0.013833948206357949,-1.698759657736828
1868,14.300000000000011,70,0.013994599087135007,-1.745142131843409
1869,14.300000000000011,80,0.014151563018159955,-1.7909837204583208
1870,14.300000000000011,90,0.014304965483160436,-1.8362852141987616
1871,14.300000000000011,100,0.014454926335365699,-1.8810481498741125
1872,14.300000000000011,110,0.014601560109800297,-1.9252747262212937
1873,14.300000000000011,120,0.014744976315032899,-1.9689677279821596
1874,14.300000000000011,130,0.014885279705914857,-2.012130457472218
1875,14.300000000000011,140,0.015022570538758318,-2.054766672893944
1876,14.400000000000013,10,0.013095332012008373,-1.4913983196413878
1877,14.400000000000013,20,0.013274984156986004,-1.5405078266253045
1878,14.400000000000013,30,0.013450262313356299,-1.5890755491813562
1879,14.400000000000013,40,0.013621324300083929,-1.6370977263665183
1880,14.400000000000013,50,0.013788320433955992,-1.6845718708925705
1881,14.400000000000013,60,0.013951393970131475,-1.7314966307939859
1882,14.400000000000013,70,0.014110681512003715,-1.7778716651045436
1883,14.400000000000013,80,0.014266313392853685,-1.8236975320727344
1884,14.400000000000013,90,0.01441841403151107,-1.8689755886017374
1885,14.400000000000013,100,0.014567102264089303,-1.9137078997586987
1886,14.400000000000013,110,0.014712491653628196,-1.9578971573110833
1887,14.400000000000013,120,0.014854690779369925,-2.001546606377152
1888,14.400000000000013,130,0.014993803507179488,-2.0446599793567484
1889,14.400000000000013,140,0.0151299292425594,-2.0872414364186485
1890,14.500000000000012,10,0.01322010479306645,-1.5243377324727474
1891,14.500000000000012,20,0.013398219298905941,-1.5734836130891403
1892,14.500000000000012,30,0.013571997253019556,-1.6220761860377917
1893,14.500000000000012,40,0.013741595123603102,-1.6701124853523175
1894,14.500000000000012,50,0.013907161940884585,-1.717590763118197
1895,14.500000000000012,60,0.014068839733905224,-1.7645103554405868
1896,14.500000000000012,70,0.014226763936872399,-1.8108715620485518
1897,14.500000000000012,80,0.01438106376754741,-1.8566755381038091
1898,14.500000000000012,90,0.014531862579861714,-1.9019241969301413
1899,14.500000000000012,100,0.014679278192812542,-1.9466201225371815
1900,14.500000000000012,110,0.014823423197456111,-1.9907664909221263
1901,14.500000000000012,120,0.014964405243706907,-2.0343669992581193
1902,14.500000000000012,130,0.01510232730844412,-2.0774258021574097
1903,14.500000000000012,140,0.015237287946360504,-2.1199474543032624
1904,14.600000000000012,10,0.01334487757412507,-1.5575895050933197
1905,14.600000000000012,20,0.013521454440826343,-1.6067641080393944
1906,14.600000000000012,30,0.013693732192683364,-1.6553741578028274
1907,14.600000000000012,40,0.013861865947122349,-1.7034174701133904
1908,14.600000000000012,50,0.014026003447813065,-1.7508930239347764
1909,14.600000000000012,60,0.014186285497678742,-1.797800831676494
1910,14.600000000000012,70,0.014342846361741083,-1.8441418226754624
1911,14.600000000000012,80,0.014495814142241294,-1.8899177385515689
1912,14.600000000000012,90,0.014645311128212242,-1.9351310391838688
1913,14.600000000000012,100,0.0147914541215358,-1.9797848182096711
1914,14.600000000000012,110,0.014934354741284022,-2.023882727054418
1915,14.600000000000012,120,0.015074119708043865,-2.0674289066250524
1916,14.600000000000012,130,0.015210851109708335,-2.1104279258740783
1917,14.600000000000012,140,0.015344646650161596,-2.152884726547777
1918,14.700000000000012,10,0.013469650355183466,-1.5911536375029653
1919,14.700000000000012,20,0.013644689582746743,-1.640349311475937
1920,14.700000000000012,30,0.013815467132347294,-1.6889694644763074
1921,14.700000000000012,40,0.013982136770641468,-1.737012680649665
1922,14.700000000000012,50,0.014144844954741722,-1.7844786533424628
1923,14.700000000000012,60,0.01430373126145225,-1.831368059501774
1924,14.700000000000012,70,0.014458928786609765,-1.8776824469852706
1925,14.700000000000012,80,0.014610564516935123,-1.9234241334159794
1926,14.700000000000012,90,0.014758759676562908,-1.9685961153630087
1927,14.700000000000012,100,0.014903630050259046,-2.013201986776164
1928,14.700000000000012,110,0.015045286285111908,-2.057245865707954
1929,14.700000000000012,120,0.015183834172380865,-2.1007323284779886
1930,14.700000000000012,130,0.015319374910972973,-2.1436663505070093
1931,14.700000000000012,140,0.015452005353962696,-2.186053253152203
1932,14.800000000000011,10,0.013594423136241996,-1.6250301297018277
1933,14.800000000000011,20,0.013767924724666692,-1.674239223398652
1934,14.800000000000011,30,0.013937202072011042,-1.7228621060581277
1935,14.800000000000011,40,0.014102407594160633,-1.7708981169611708
1936,14.800000000000011,50,0.014263686461670262,-1.8183476513411305
1937,14.800000000000011,60,0.014421177025226262,-1.865212038916574
1938,14.800000000000011,70,0.014575011211478464,-1.911493434977964
1939,14.800000000000011,80,0.01472531489162893,-1.957194722697018
1940,14.800000000000011,90,0.014872208224913998,-2.0023194254676246
1941,14.800000000000011,100,0.01501580597898229,-2.046871628236654
1942,14.800000000000011,110,0.015156217828939816,-2.090855906882743
1943,14.800000000000011,120,0.01529354863671784,-2.134277264816907
1944,14.800000000000011,130,0.015427898712237603,-2.1771410760560657
1945,14.800000000000011,140,0.015559364057763791,-2.219453034116535
1946,14.900000000000013,10,0.013719195917300626,-1.6592189816896545
1947,14.900000000000013,20,0.013891159866587092,-1.7084338438077835
1948,14.900000000000013,30,0.014058937011674344,-1.7570520825482903
1949,14.900000000000013,40,0.014222678417679942,-1.8050737790480214
1950,14.900000000000013,50,0.014382527968598778,-1.8525000179308266
1951,14.900000000000013,60,0.014538622788999773,-1.8993327699206048
1952,14.900000000000013,70,0.014691093636347153,-1.9455747866535562
1953,14.900000000000013,80,0.014840065266322703,-1.9912295063947139
1954,14.900000000000013,90,0.01498565677326438,-2.036300969497486
1955,14.900000000000013,100,0.015127981907705552,-2.0807937425911556
1956,14.900000000000013,110,0.015267149372767746,-2.1247128505787933
1957,14.900000000000013,120,0.015403263101054828,-2.168063715641803
1958,14.900000000000013,130,0.015536422513502238,-2.210852102521262
1959,14.900000000000013,140,0.015666722761564885,-2.253084069440778
1960,15.000000000000012,10,0.01384396869835872,-1.6937201934665982
1961,15.000000000000012,20,0.014014395008507045,-1.7429331727030841
1962,15.000000000000012,30,0.01418067195133781,-1.7915393939468518
1963,15.000000000000012,40,0.014342949241199169,-1.8395396669101247
1964,15.000000000000012,50,0.014501369475527305,-1.8869357531115631
1965,15.000000000000012,60,0.014656068552773294,-1.9337302525140116
1966,15.000000000000012,70,0.014807176061215845,-1.9799265020120473
1967,15.000000000000012,80,0.014954815641016661,-2.0255284845091075
1968,15.000000000000012,90,0.015099105321615073,-2.0705407474527515
1969,15.000000000000012,100,0.015240157836428795,-2.114968329839649
1970,15.000000000000012,110,0.015378080916595637,-2.158816696796078
1971,15.000000000000012,120,0.015512977565391807,-2.2020916809526856
1972,15.000000000000012,130,0.015644946314766876,-2.2447994299025864
1973,15.000000000000012,140,0.015774081465365977,-2.286946359124921
1974,15.100000000000012,10,0.013968741479417133,-1.7285337650327346
1975,15.100000000000012,20,0.014137630150427441,-1.7777372100848021
1976,15.100000000000012,30,0.014302406891001488,-1.8263240402539158
1977,15.100000000000012,40,0.014463220064718407,-1.8742957805474743
1978,15.100000000000012,50,0.014620210982455872,-1.9216548568833116
1979,15.100000000000012,60,0.014773514316546804,-1.9684044866967914
1980,15.100000000000012,70,0.014923258486084537,-2.0145485810534205
1981,15.100000000000012,80,0.015069566015710313,-2.0600916570400654
1982,15.100000000000012,90,0.015212553869965754,-2.105038759333413
1983,15.100000000000012,100,0.01535233376515205,-2.149395389982151
1984,15.100000000000012,110,0.015489012460423533,-2.193167445534613
1985,15.100000000000012,120,0.01562269202972882,-2.236361160749565
1986,15.100000000000012,130,0.015753470116031506,-2.2789830582000454
1987,15.100000000000012,140,0.015881440169167076,-2.321039903168976
1988,15.200000000000014,10,0.0140935142604758,-1.7636596963879212
1989,15.200000000000014,20,0.01426086529234785,-1.8128459559528127
1990,15.200000000000014,30,0.014424141830665418,-1.8614060214694699
1991,15.200000000000014,40,0.014583490888237516,-1.9093421199600078
1992,15.200000000000014,50,0.014739052489384369,-1.956657329246101
1993,15.200000000000014,60,0.014890960080320313,-2.0033554724689453
1994,15.200000000000014,70,0.01503934091095322,-2.0494410237776908
1995,15.200000000000014,80,0.01518431639040408,-2.094919023987699
1996,15.200000000000014,90,0.015326002418316323,-2.139795005139393
1997,15.200000000000014,100,0.015464509693875295,-2.1840749230186516
1998,15.200000000000014,110,0.015599944004251437,-2.2277650967943985
1999,15.200000000000014,120,0.01573240649406579,-2.270872155032414
2000,15.200000000000014,130,0.015861993917296136,-2.3134029874136366
2001,15.200000000000014,140,0.015988798872968175,-2.3553647015729378
2002,15.300000000000013,10,0.014218287041533727,-1.7990979875321589
2003,15.300000000000013,20,0.014384100434267794,-1.848259410306985
2004,15.300000000000013,30,0.014545876770328736,-1.896785337593208
2005,15.300000000000013,40,0.014703761711756786,-1.9446786851478763
2006,15.300000000000013,50,0.014857893996312967,-1.9919431701999155
2007,15.300000000000013,60,0.01500840584409433,-2.0385832098306276
2008,15.300000000000013,70,0.01515542333582191,-2.0846038301848626
2009,15.300000000000013,80,0.015299066765097801,-2.130010585351967
2010,15.300000000000013,90,0.01543945096666685,-2.1748094848707584
2011,15.300000000000013,100,0.015576685622598533,-2.2190069289491556
2012,15.300000000000013,110,0.015710875548079362,-2.262609650575445
2013,15.300000000000013,120,0.015842120958402744,-2.3056246638012383
2014,15.300000000000013,130,0.015970517718560766,-2.348059217543359
2015,15.300000000000013,140,0.016096157576769268,-2.389920754336806
2016,15.400000000000013,10,0.01434305982259264,-1.8348486384657594
2017,15.400000000000013,20,0.014507335576188203,-1.883977573147586
2018,15.400000000000013,30,0.014667611709992532,-1.9324619886255627
2019,15.400000000000013,40,0.014824032535275844,-1.9803054761109102
2020,15.400000000000013,50,0.014976735503241518,-2.027512379744741
2021,15.400000000000013,60,0.015125851607867842,-2.0740876987815327
2022,15.400000000000013,70,0.015271505760690607,-2.120037000274919
2023,15.400000000000013,80,0.015413817139791553,-2.165366341132927
2024,15.400000000000013,90,0.015552899515017466,-2.2100821985275005
2025,15.400000000000013,100,0.015688861551321782,-2.254191407773661
2026,15.400000000000013,110,0.01582180709190727,-2.2977011068777293
2027,15.400000000000013,120,0.015951835422739775,-2.3406186870560752
2028,15.400000000000013,130,0.0160790415198254,-2.382951748589217
2029,15.400000000000013,140,0.016203516280570363,-2.4247080614605787
2030,15.500000000000012,10,0.014467832603650886,-1.8709116491882014
2031,15.500000000000012,20,0.014630570718108605,-1.920000444474475
2032,15.500000000000012,30,0.0147893466496559,-1.9684359745662205
2033,15.500000000000012,40,0.014944303358795047,-2.016222492849282
2034,15.500000000000012,50,0.015095577010170096,-2.063364957880635
2035,15.500000000000012,60,0.015243297371641358,-2.1098689393218137
2036,15.500000000000012,70,0.015387588185559293,-2.1557405340478724
2037,15.500000000000012,80,0.015528567514485283,-2.2009862913304845
2038,15.500000000000012,90,0.01566634806336824,-2.2456131461096733
2039,15.500000000000012,100,0.015801037480045035,-2.289628359492173
2040,15.500000000000012,110,0.01593273863573517,-2.3330394657012636
2041,15.500000000000012,120,0.016061549887076747,-2.375854224796882
2042,15.500000000000012,130,0.016187565321090034,-2.4180805805512073
2043,15.500000000000012,140,0.01631087498437146,-2.4597266229442574
2044,15.600000000000012,10,0.01459260538470906,-1.9072870196998117
2045,15.600000000000012,20,0.014753805860028548,-1.9563280242875258
2046,15.600000000000012,30,0.014911081589319908,-2.0047072954154177
2047,15.600000000000012,40,0.015064574182314367,-2.05242973536293
2048,15.600000000000012,50,0.015214418517098545,-2.099500904607499
2049,15.600000000000012,60,0.015360743135414868,-2.1459269314514686
2050,15.600000000000012,70,0.015503670610427988,-2.191714431503725
2051,15.600000000000012,80,0.015643317889179175,-2.236870435944781
2052,15.600000000000012,90,0.015779796611718643,-2.2814023276171196
2053,15.600000000000012,100,0.015913213408768292,-2.3253177841046857
2054,15.600000000000012,110,0.016043670179563065,-2.3686247270460425
2055,15.600000000000012,120,0.016171264351413712,-2.411331277023657
2056,15.600000000000012,130,0.016296089122354664,-2.4534457134293293
2057,15.600000000000012,140,0.016418233688172537,-2.494976438787841
2058,15.700000000000014,10,0.014717378165767644,-1.9439747500006543
2059,15.700000000000014,20,0.014877041001948957,-1.9929603125870057
2060,15.700000000000014,30,0.015032816528983608,-2.0412759511729432
2061,15.700000000000014,40,0.015184845005833598,-2.0889272036517883
2062,15.700000000000014,50,0.015333260024027158,-2.1359202199254326
2063,15.700000000000014,60,0.015478188899188883,-2.182261675170654
2064,15.700000000000014,70,0.015619753035296684,-2.2279586926424653
2065,15.700000000000014,80,0.01575806826387301,-2.273018774975682
2066,15.700000000000014,90,0.015893245160069302,-2.3174497430500414
2067,15.700000000000014,100,0.016025389337491532,-2.3612596816111977
2068,15.700000000000014,110,0.016154601723390966,-2.404456890912075
2069,15.700000000000014,120,0.016280978815750708,-2.4470498437364396
2070,15.700000000000014,130,0.016404612923619298,-2.4890471472235847
2071,15.700000000000014,140,0.016525592391973633,-2.530457508991335
2072,15.800000000000013,10,0.014842150946825958,-1.980974840090516
2073,15.800000000000013,20,0.015000276143869359,-2.0298973093727746
2074,15.800000000000013,30,0.015154551468647097,-2.07814194183878
2075,15.800000000000013,40,0.01530511582935275,-2.125714897715883
2076,15.800000000000013,50,0.015452101530955683,-2.1726229038343834
2077,15.800000000000013,60,0.015595634662962392,-2.2188731704790574
2078,15.800000000000013,70,0.015735835460165357,-2.264473317464094
2079,15.800000000000013,80,0.01587281863856654,-2.3094313084231386
2080,15.800000000000013,90,0.016006693708419933,-2.3537553924082673
2081,15.800000000000013,100,0.016137565266214793,-2.3974540520117174
2082,15.800000000000013,110,0.016265533267218867,-2.4405359572993537
2083,15.800000000000013,120,0.01639069328008768,-2.483009924935197
2084,15.800000000000013,130,0.016513136724883925,-2.5248848819339704
2085,15.800000000000013,140,0.01663295109577474,-2.5661698335547394
2086,15.900000000000013,10,0.014966923727884501,-2.0182872899694932
2087,15.900000000000013,20,0.015123511285789303,-2.067139014644703
2088,15.900000000000013,30,0.015276286408310628,-2.1153052674130652
2089,15.900000000000013,40,0.015425386652871919,-2.162792817555269
2090,15.900000000000013,50,0.015570943037884298,-2.2096089563343835
2091,15.900000000000013,60,0.015713080426735908,-2.255761417376838
2092,15.900000000000013,70,0.015851917885034063,-2.301258305968631
2093,15.900000000000013,80,0.015987569013260428,-2.3461080362873648
2094,15.900000000000013,90,0.016120142256770668,-2.3903192756919593
2095,15.900000000000013,100,0.01624974119493804,-2.4339008953062344
2096,15.900000000000013,110,0.01637646481104679,-2.476861926207888
2097,15.900000000000013,120,0.016500407744424683,-2.51921152061994
2098,15.900000000000013,130,0.016621660526148562,-2.560958917560491
2099,15.900000000000013,140,0.016740309799575834,-2.602113412478047
2100,16.000000000000014,10,0.015091696508942843,-2.055912099637529
2101,16.000000000000014,20,0.015246746427709703,-2.104685428403059
2102,16.000000000000014,30,0.015398021347974798,-2.152765927895949
2103,16.000000000000014,40,0.015545657476391113,-2.2001609631698957
2104,16.000000000000014,50,0.01568978454481289,-2.24687837742542
2105,16.000000000000014,60,0.015830526190509422,-2.2929264158639944
2106,16.000000000000014,70,0.015968000309902745,-2.3383136581560486
2107,16.000000000000014,80,0.016102319387954186,-2.3830489585681915
2108,16.000000000000014,90,0.016233590805121115,-2.4271413929009196
2109,16.000000000000014,100,0.016361917123661286,-2.4706002114947547
2110,16.000000000000014,110,0.01648739635487469,-2.513434797637666
2111,16.000000000000014,120,0.016610122208761655,-2.5556546307906616
2112,16.000000000000014,130,0.016730184327413196,-2.5972692541031446
2113,16.000000000000014,140,0.01684766850337692,-2.638288245761259
2114,16.100000000000016,10,0.015216469290001398,-2.093849269094827
2115,16.100000000000016,20,0.015369981569630108,-2.14253655064771
2116,16.100000000000016,30,0.015519756287638064,-2.190523923287034
2117,16.100000000000016,40,0.015665928299910703,-2.2378193345599255
2118,16.100000000000016,50,0.015808626051741374,-2.284431167107429
2119,16.100000000000016,60,0.01594797195428344,-2.330368165940682
2120,16.100000000000016,70,0.016084082734771445,-2.375639374026365
2121,16.100000000000016,80,0.01621706976264802,-2.4202540752657025
2122,16.100000000000016,90,0.01634703935347187,-2.4642217440353464
2123,16.100000000000016,100,0.016474093052384533,-2.5075520005772796
2124,16.100000000000016,110,0.01659832789870259,-2.5502545715886966
2125,16.100000000000016,120,0.016719836673098662,-2.592339255447384
2126,16.100000000000016,130,0.01683870812867782,-2.633815891561927
2127,16.100000000000016,140,0.016955027207178015,-2.6746943334043802
2128,16.200000000000014,10,0.015341242071059798,-2.1320987983411697
2129,16.200000000000014,20,0.015493216711550057,-2.180692381378513
2130,16.200000000000014,30,0.01564149122730149,-2.2285792535864855
2131,16.200000000000014,40,0.015786199123429896,-2.275767931725072
2132,16.200000000000014,50,0.015927467558669913,-2.3222673253804924
2133,16.200000000000014,60,0.016065417718056946,-2.368086667606586
2134,16.200000000000014,70,0.016200165159640137,-2.4132354535795795
2135,16.200000000000014,80,0.01633182013734171,-2.457723386379813
2136,16.200000000000014,90,0.016460487901822467,-2.5015603290950597
2137,16.200000000000014,100,0.01658626898110779,-2.544756262553806
2138,16.200000000000014,110,0.016709259442530495,-2.5873212480609755
2139,16.200000000000014,120,0.01682955113743565,-2.629265394590084
2140,16.200000000000014,130,0.016947231929942463,-2.67059882993685
2141,16.200000000000014,140,0.017062385910979114,-2.711331675407406
2142,16.30000000000001,10,0.015466014852118381,-2.1706606873766345
2143,16.30000000000001,20,0.015616451853470461,-2.219152920595751
2144,16.30000000000001,30,0.015763226166965787,-2.266931918794743
2145,16.30000000000001,40,0.015906469946949064,-2.314006754665435
2146,16.30000000000001,50,0.016046309065598428,-2.3603868522445883
2147,16.30000000000001,60,0.01618286348183046,-2.4060819208618653
2148,16.30000000000001,70,0.01631624758450882,-2.4511018968156737
2149,16.30000000000001,80,0.016446570512035564,-2.495456891910637
2150,16.30000000000001,90,0.016573936450172924,-2.5391571480801898
2151,16.30000000000001,100,0.016698444909831033,-2.582212997424331
2152,16.30000000000001,110,0.016820190986358393,-2.6246348270545
2153,16.30000000000001,120,0.016939265601772592,-2.6664330482187433
2154,16.30000000000001,130,0.01705575573120709,-2.707618069227898
2155,16.30000000000001,140,0.017169744614780196,-2.7482002717703327
2156,16.400000000000013,10,0.015590787633176352,-2.2095349362010244
2157,16.400000000000013,20,0.015739686995390863,-2.2579181682992813
2158,16.400000000000013,30,0.01588496110662919,-2.3055819189109714
2159,16.400000000000013,40,0.016026740770468263,-2.352535803381095
2160,16.400000000000013,50,0.01616515057252699,-2.3987897476997206
2161,16.400000000000013,60,0.016300309245603977,-2.444353925706522
2162,16.400000000000013,70,0.016432330009377525,-2.489238703734683
2163,16.400000000000013,80,0.01656132088672928,-2.5334545918580416
2164,16.400000000000013,90,0.01668738499852364,-2.577012200990747
2165,16.400000000000013,100,0.01681062083855429,-2.6199222051888644
2166,16.400000000000013,110,0.016931122530186308,-2.662195308569283
2167,16.400000000000013,120,0.017048980066109606,-2.703842216333419
2168,16.400000000000013,130,0.017164279532471724,-2.7448736094350825
2169,16.400000000000013,140,0.017277103318581285,-2.7853001224931737
2170,16.500000000000014,10,0.015715560414235052,-2.248721544814725
2171,16.500000000000014,20,0.015862922137310814,-2.296988124488961
2172,16.500000000000014,30,0.01600669604629304,-2.344529253935838
2173,16.500000000000014,40,0.01614701159398742,-2.391355077871995
2174,16.500000000000014,50,0.016283992079455602,-2.4374760117458845
2175,16.500000000000014,60,0.016417755009377984,-2.482902682140712
2176,16.500000000000014,70,0.0165484124342462,-2.5276458743365686
2177,16.500000000000014,80,0.016676071261423044,-2.5717164862221296
2178,16.500000000000014,90,0.01680083354687438,-2.615125487826635
2179,16.500000000000014,100,0.016922796767277537,-2.6578838858473945
2180,16.500000000000014,110,0.017042054074014205,-2.7000026926053087
2181,16.500000000000014,120,0.017158694530446585,-2.741492898934066
2182,16.500000000000014,130,0.017272803333736354,-2.782365450558402
2183,16.500000000000014,140,0.01738446202238238,-2.8226312275759247
2184,16.600000000000016,10,0.015840333195293415,-2.2882205132175737
2185,16.600000000000016,20,0.015986157279231215,-2.3363627891650753
2186,16.600000000000016,30,0.016128430985956198,-2.3837739238688394
2187,16.600000000000016,40,0.016267282417506804,-2.43046457813826
2188,16.600000000000016,50,0.016402833586384256,-2.4764456443831127
2189,16.600000000000016,60,0.0165352007731515,-2.5217281901641195
2190,16.600000000000016,70,0.0166644948591149,-2.5663234086213507
2191,16.600000000000016,80,0.016790821636116938,-2.61024257500291
2192,16.600000000000016,90,0.016914282095224897,-2.6534970085878444
2193,16.600000000000016,100,0.017034972696000784,-2.696098039399928
2194,16.600000000000016,110,0.017152985617842124,-2.7380569791625855
2195,16.600000000000016,120,0.017268408994783567,-2.7793850960206963
2196,16.600000000000016,130,0.01738132713500098,-2.8200935925978503
2197,16.600000000000016,140,0.017491820726183487,-2.86019358701858
2198,16.700000000000014,10,0.015965105976351743,-2.3280318414093797
2199,16.700000000000014,20,0.01610939242115162,-2.3760421623274866
2200,16.700000000000014,30,0.01625016592562016,-2.4233159287105113
2201,16.700000000000014,40,0.01638755324102593,-2.4698643041796564
2202,16.700000000000014,50,0.01652167509331273,-2.5156986456112866
2203,16.700000000000014,60,0.01665264653692501,-2.560830449776897
2204,16.700000000000014,70,0.016780577283983574,-2.605271306589024
2205,16.700000000000014,80,0.01690557201081074,-2.6490328582003095
2206,16.700000000000014,90,0.017027730643575333,-2.6921267632744446
2207,16.700000000000014,100,0.017147148624724037,-2.734564665846469
2208,16.700000000000014,110,0.017263917161670025,-2.7763581682411087
2209,16.700000000000014,120,0.017378123459120546,-2.8175188075933097
2210,16.700000000000014,130,0.017489850936265615,-2.8580580355534337
2211,16.700000000000014,140,0.017599179429984565,-2.8979872008211403
2212,16.800000000000015,10,0.01608987875741023,-2.3681555293903864
2213,16.800000000000015,20,0.016232627563071554,-2.416026243976041
2214,16.800000000000015,30,0.016371900865283614,-2.463155268460435
2215,16.800000000000015,40,0.01650782406454519,-2.5095542559963517
2216,16.800000000000015,50,0.01664051660024126,-2.5552350154305112
2217,16.800000000000015,60,0.016770092300698522,-2.6002094609790505
2218,16.800000000000015,70,0.016896659708852277,-2.6444895682396035
2219,16.800000000000015,80,0.017020322385504372,-2.6880873358142936
2220,16.800000000000015,90,0.017141179191926075,-2.7310147518865007
2221,16.800000000000015,100,0.017259324553447287,-2.7732837651870086
2222,16.800000000000015,110,0.017374848705497933,-2.8149062598408854
2223,16.800000000000015,120,0.017487837923457535,-2.8558940336519156
2224,16.800000000000015,130,0.017598374737530245,-2.8962587794251435
2225,16.800000000000015,140,0.017706538133785664,-2.9360120689836107
2226,16.900000000000013,10,0.016214651538468537,-2.4085915771605357
2227,16.900000000000013,20,0.01635586270499197,-2.4563150341110394
2228,16.900000000000013,30,0.016493635804947157,-2.503291943118854
2229,16.900000000000013,40,0.016628094888064267,-2.5495344335882444
2230,16.900000000000013,50,0.016759358107169775,-2.5950547538407474
2231,16.900000000000013,60,0.016887538064472036,-2.639865223770581
2232,16.900000000000013,70,0.017012742133720955,-2.6839781935730627
2233,16.900000000000013,80,0.017135072760198385,-2.7274060078450466
2234,16.900000000000013,90,0.017254627740276727,-2.770160974423895
2235,16.900000000000013,100,0.017371500482170524,-2.812255337421546
2236,16.900000000000013,110,0.01748578024932583,-2.8537012539619053
2237,16.900000000000013,120,0.017597552387794528,-2.8945107741965037
2238,16.900000000000013,130,0.01770689853879488,-2.934695824212995
2239,16.900000000000013,140,0.017813896837586767,-2.974268191505987
2240,17.000000000000014,10,0.01633942431952714,-2.4493399847198107
2241,17.000000000000014,20,0.016479097846912368,-2.496908532732329
2242,17.000000000000014,30,0.016615370744611113,-2.5437259526858496
2243,17.000000000000014,40,0.01674836571158347,-2.589804836955437
2244,17.000000000000014,50,0.0168781996140983,-2.6351578608420465
2245,17.000000000000014,60,0.017004983828246053,-2.6797977381516547
2246,17.000000000000014,70,0.01712882455858966,-2.7237371825894297
2247,17.000000000000014,80,0.01724982313489207,-2.7669888742923754
2248,17.000000000000014,90,0.017368076288627226,-2.80956543088663
2249,17.000000000000014,100,0.017483676410893788,-2.8514793825500937
2250,17.000000000000014,110,0.017596711793153728,-2.8927431506041756
2251,17.000000000000014,120,0.017707266852131486,-2.933369029227064
2252,17.000000000000014,130,0.017815422340059516,-2.973369169916976
2253,17.000000000000014,140,0.017921255541387855,-3.012755568388271
2254,17.100000000000016,10,0.016464197100585512,-2.49040075206811
2255,17.100000000000016,20,0.016602332988832312,-2.537806739839758
2256,17.100000000000016,30,0.01673710568427451,-2.584457297160982
2257,17.100000000000016,40,0.016868636535102725,-2.6303654660979374
2258,17.100000000000016,50,0.01699704112102691,-2.675544336434383
2259,17.100000000000016,60,0.017122429592019563,-2.7200070041219324
2260,17.100000000000016,70,0.017244906983458354,-2.7637665352886813
2261,17.100000000000016,80,0.017364573509585875,-2.806835935156352
2262,17.100000000000016,90,0.017481524836977822,-2.849228121274753
2263,17.100000000000016,100,0.017595852339617028,-2.8909559005726395
2264,17.100000000000016,110,0.017707643336981643,-2.9320319497676963
2265,17.100000000000016,120,0.017816981316468503,-2.972468798743627
2266,17.100000000000016,130,0.017923946141324143,-3.012278816537089
2267,17.100000000000016,140,0.018028614245188958,-3.0514741996304604
2268,17.200000000000014,10,0.016588969881643857,-2.5317738792054665
2269,17.200000000000014,20,0.016725568130752714,-2.579009655433633
2270,17.200000000000014,30,0.016858840623938512,-2.6254859765447347
2271,17.200000000000014,40,0.01698890735862198,-2.6712163210156636
2272,17.200000000000014,50,0.017115882627955468,-2.716214180617729
2273,17.200000000000014,60,0.017239875355793074,-2.7604930216815857
2274,17.200000000000014,70,0.01736098940832704,-2.804066251670822
2275,17.200000000000014,80,0.017479323884279717,-2.8469471904370187
2276,17.200000000000014,90,0.017594973385328557,-2.8891490455882822
2277,17.200000000000014,100,0.017708028268340285,-2.9306848914891885
2278,17.200000000000014,110,0.017818574880809533,-2.971567651452464
2279,17.200000000000014,120,0.017926695780805486,-3.0118100827461634
2280,17.200000000000014,130,0.018032469942588777,-3.0514247640733334
2281,17.200000000000014,140,0.018135972948990036,-3.0904240852325495
2282,17.300000000000015,10,0.016713742662702372,-2.573459366132107
2283,17.300000000000015,20,0.016848803272673126,-2.620517279513805
2284,17.300000000000015,30,0.016980575563601268,-2.6668119908365666
2285,17.300000000000015,40,0.017109178182141145,-2.712357401708591
2286,17.300000000000015,50,0.017234724134884003,-2.7571673933920993
2287,17.300000000000015,60,0.017357321119566598,-2.8012557908306155
2288,17.300000000000015,70,0.017477071833195728,-2.844636331735864
2289,17.300000000000015,80,0.017594074258973514,-2.8873226401343204
2290,17.300000000000015,90,0.017708421933679185,-2.9293282038271995
2291,17.300000000000015,100,0.01782020419706354,-2.970666355299739
2292,17.300000000000015,110,0.01792950642463745,-3.0113502556584884
2293,17.300000000000015,120,0.018036410245142458,-3.0513928812346833
2294,17.300000000000015,130,0.018140993743853407,-3.090807012525712
2295,17.300000000000015,140,0.01824333165279113,-3.129605225194555
2296,17.400000000000013,10,0.01683851544376055,-2.6154572128477027
2297,17.400000000000013,20,0.016972038414593063,-2.6623296120801103
2298,17.400000000000013,30,0.0171023105032651,-2.708435340037066
2299,17.400000000000013,40,0.01722944900566026,-2.7537887081767796
2300,17.400000000000013,50,0.017353565641812632,-2.7984039747575435
2301,17.400000000000013,60,0.0174747668833406,-2.8422953115691914
2302,17.400000000000013,70,0.017593154258064424,-2.8854767754838018
2303,17.400000000000013,80,0.017708824633667155,-2.927962284248231
2304,17.400000000000013,90,0.017821870482029614,-2.9697655959914018
2305,17.400000000000013,100,0.017932380125786778,-3.0109002920042904
2306,17.400000000000013,110,0.01804043796846533,-3.0513797623857517
2307,17.400000000000013,120,0.01814612470947943,-3.091217194209187
2308,17.400000000000013,130,0.018249517545118044,-3.1304255618942234
2309,17.400000000000013,140,0.018350690356592234,-3.1690176195164677
2310,17.500000000000014,10,0.01696328822481939,-2.657767419352577
2311,17.500000000000014,20,0.017095273556513472,-2.7044466531328704
2312,17.500000000000014,30,0.017224045442929214,-2.750356024146064
2313,17.500000000000014,40,0.017349719829179537,-2.7955102404202994
2314,17.500000000000014,50,0.017472407148741112,-2.8399239247139376
2315,17.500000000000014,60,0.017592212647114115,-2.8836115838969705
2316,17.500000000000014,70,0.0177092366829331,-2.926587582914623
2317,17.500000000000014,80,0.017823575008360914,-2.9688661227787994
2318,17.500000000000014,90,0.017935319030380432,-3.01046122208112
2319,17.500000000000014,100,0.01804455605451003,-3.0513867016028495
2320,17.500000000000014,110,0.01815136951229327,-3.091656171634285
2321,17.500000000000014,120,0.01825583917381642,-3.1312830216696783
2322,17.500000000000014,130,0.018358041346382675,-3.170280412178868
2323,17.500000000000014,140,0.018458049060393326,-3.2086612681982816
2324,17.600000000000016,10,0.017088061005877474,-2.7003899856463858
2325,17.600000000000016,20,0.017218508698433877,-2.7468684026719177
2326,17.600000000000016,30,0.01734578038259208,-2.792574043163107
2327,17.600000000000016,40,0.017469990652698695,-2.837521998439024
2328,17.600000000000016,50,0.017591248655669647,-2.8817272432613916
2329,17.600000000000016,60,0.01770965841088763,-2.9252046078141256
2330,17.600000000000016,70,0.01782531910780179,-2.9679687540283437
2331,17.600000000000016,80,0.017938325383054735,-3.01003415572604
2332,17.600000000000016,90,0.018048767578731015,-3.0514150820960673
2333,17.600000000000016,100,0.018156731983233636,-3.092125584095532
2334,17.600000000000016,110,0.01826230105612117,-3.132179483404049
2335,17.600000000000016,120,0.01836555363815342,-3.1715903636161578
2336,17.600000000000016,130,0.01846656514764732,-3.210371563379649
2337,17.600000000000016,140,0.018565407764194426,-3.2485361712400076
2338,17.700000000000014,10,0.017212833786935874,-2.7433249117293586
2339,17.700000000000014,20,0.01734174384035382,-2.7895948606971017
2340,17.700000000000014,30,0.017467515322255826,-2.835089397088864
2341,17.700000000000014,40,0.01759026147621791,-2.8798239822330416
2342,17.700000000000014,50,0.01771009016259822,-2.923813930399905
2343,17.700000000000014,60,0.017827104174661147,-2.967074383320656
2344,17.700000000000014,70,0.017941401532670497,-3.009620288824963
2345,17.700000000000014,80,0.01805307575774847,-3.051466383089938
2346,17.700000000000014,90,0.018162216127081483,-3.092627176036437
2347,17.700000000000014,100,0.01826890791195688,-3.1331169394820932
2348,17.700000000000014,110,0.01837323259994907,-3.1729496976950626
2349,17.700000000000014,120,0.018475268102490384,-3.2121392200486074
2350,17.700000000000014,130,0.018575088948911935,-3.2506990154965543
2351,17.700000000000014,140,0.01867276646799552,-3.288642328641635
2352,17.800000000000015,10,0.017337606567994688,-2.78657219760161
2353,17.800000000000015,20,0.01746497898227423,-2.832626027208736
2354,17.800000000000015,30,0.017589250261919803,-2.8779020859230897
2355,17.800000000000015,40,0.01771053229973713,-2.922416191802265
2356,17.800000000000015,50,0.01782893166952677,-2.966183986129419
2357,17.800000000000015,60,0.01794454993843516,-3.0092209104167367
2358,17.800000000000015,70,0.018057483957539193,-3.0515421873044684
2359,17.800000000000015,80,0.018167826132442225,-3.0931628048704463
2360,17.800000000000015,90,0.018275664675432107,-3.1340975039022068
2361,17.800000000000015,100,0.018381083840680122,-3.174360767762656
2362,17.800000000000015,110,0.018484164143776974,-3.2139668145073266
2363,17.800000000000015,120,0.018584982566827387,-3.252929590967063
2364,17.800000000000015,130,0.01868361275017657,-3.291262768529596
2365,17.800000000000015,140,0.018780125171796617,-3.328979740403171
2366,17.900000000000016,10,0.017462379349052714,-2.830131843262719
2367,17.900000000000016,20,0.017588214124194635,-2.875961902206668
2368,17.900000000000016,30,0.017710985201583342,-2.9210121096655746
2369,17.900000000000016,40,0.017830803123256283,-2.9652986271467525
2370,17.900000000000016,50,0.01794777317645544,-3.0088374104499866
2371,17.900000000000016,60,0.018061995702208664,-3.0516441891020127
2372,17.900000000000016,70,0.018173566382407882,-3.0937344494668757
2373,17.900000000000016,80,0.01828257650713603,-3.1351234210676457
2374,17.900000000000016,90,0.01838911322378285,-3.175826065693398
2375,17.900000000000016,100,0.01849325976940338,-3.215857068937222
2376,17.900000000000016,110,0.018595095687604875,-3.2552308338408418
2377,17.900000000000016,120,0.018694697031164352,-3.2939614763714813
2378,17.900000000000016,130,0.018792136551441206,-3.332062822478771
2379,17.900000000000016,140,0.0188874838755977,-3.3695484065246104
2380,18.000000000000014,10,0.017587152130111267,-2.8740038487131105
2381,18.000000000000014,20,0.017711449266114575,-2.919602485690727
2382,18.000000000000014,30,0.01783272014124736,-2.9644194683166663
2383,18.000000000000014,40,0.01795107394677547,-3.0084712882665245
2384,18.000000000000014,50,0.01806661468338387,-3.051774203361515
2385,18.000000000000014,60,0.018179441465982178,-3.094344219376665
2386,18.000000000000014,70,0.018289648807276564,-3.1361970753121673
2387,18.000000000000014,80,0.01839732688182956,-3.1773482316814077
2388,18.000000000000014,90,0.018502561772133455,-3.2178128614098798
2389,18.000000000000014,100,0.018605435698126616,-3.2576058430057877
2390,18.000000000000014,110,0.018706027231432783,-3.2967417556956047
2391,18.000000000000014,120,0.018804411495501345,-3.3352348762618984
2392,18.000000000000014,130,0.01890066035270584,-3.3730991773440797
2393,18.000000000000014,140,0.018994842579398784,-3.4103483270059556
2394,18.100000000000016,10,0.01771192491116968,-2.9181882139524755
2395,18.100000000000016,20,0.01783468440803498,-2.9635477776612404
2396,18.100000000000016,30,0.01795445508091081,-3.0081241618759424
2397,18.100000000000016,40,0.01807134477029485,-3.05193417516164
2398,18.100000000000016,50,0.018185456190312525,-3.094994364864175
2399,18.100000000000016,60,0.0182968872297557,-3.1373210012406947
2400,18.100000000000016,70,0.01840573123214527,-3.178930064840361
2401,18.100000000000016,80,0.018512077256523256,-3.2198372367118493
2402,18.100000000000016,90,0.018616010320483857,-3.260057891051704
2403,18.100000000000016,100,0.01871761162684988,-3.2996070899683625
2404,18.100000000000016,110,0.018816958775260684,-3.338499580071617
2405,18.100000000000016,120,0.01891412595983834,-3.3767497906382973
2406,18.100000000000016,130,0.019009184153970477,-3.4143718331255224
2407,18.100000000000016,140,0.019102201283199893,-3.451379501847218
2408,18.200000000000017,10,0.017836697692227833,-2.962684938980962
2409,18.200000000000017,20,0.017957919549954928,-3.0077977781178866
2410,18.200000000000017,30,0.01807619002057403,-3.0521261903435484
2411,18.200000000000017,40,0.018191615593813805,-3.095687287831823
2412,18.200000000000017,50,0.01830429769724102,-3.1384978949577764
2413,18.200000000000017,60,0.018414332993529712,-3.180574534694281
2414,18.200000000000017,70,0.01852181365701394,-3.221933418051438
2415,18.200000000000017,80,0.018626827631217042,-3.2625904361589937
2416,18.200000000000017,90,0.018729458868834613,-3.3025611546190428
2417,18.200000000000017,100,0.01882978755557313,-3.3418608098249347
2418,18.200000000000017,110,0.0189278903190886,-3.3805043069688834
2419,18.200000000000017,120,0.019023840424175306,-3.418506219500668
2420,18.200000000000017,130,0.0191177079552351,-3.4558807898230928
2421,18.200000000000017,140,0.019209559987000982,-3.4926419310483814
2422,18.300000000000015,10,0.017961470473286386,-3.007494023798702
2423,18.300000000000015,20,0.01808115469187533,-3.0523524870609853
2424,18.300000000000015,30,0.018197924960238063,-3.0964255537198744
2425,18.300000000000015,40,0.018311886417333074,-3.1397306262773546
2426,18.300000000000015,50,0.01842313920416949,-3.182284793642374
2427,18.300000000000015,60,0.018531778757303215,-3.2241048197370574
2428,18.300000000000015,70,0.01863789608188263,-3.265207134945415
2429,18.300000000000015,80,0.01874157800591091,-3.3056078300228204
2430,18.300000000000015,90,0.018842907417185258,-3.345322652111669
2431,18.300000000000015,100,0.018941963484296366,-3.3843670025755053
2432,18.300000000000015,110,0.0190388218629165,-3.4227559363874
2433,18.300000000000015,120,0.01913355488851231,-3.460504162849044
2434,18.300000000000015,130,0.019226231756499734,-3.4976260474367997
2435,18.300000000000015,140,0.01931691869080208,-3.5341356146094514
2436,18.400000000000016,10,0.018086243254344835,-3.052615468405544
2437,18.400000000000016,20,0.018204389833795732,-3.097211904490382
2438,18.400000000000016,30,0.018319659899901235,-3.1410222520042073
2439,18.400000000000016,40,0.018432157240852225,-3.1840641904981064
2440,18.400000000000016,50,0.01854198071109813,-3.2263550609181193
2441,18.400000000000016,60,0.01864922452107674,-3.2679118563692127
2442,18.400000000000016,70,0.01875397850675133,-3.308751215522288
2443,18.400000000000016,80,0.01885632838060469,-3.3488894183032683
2444,18.400000000000016,90,0.018956355965535934,-3.3883423835297055
2445,18.400000000000016,100,0.01905413941301962,-3.427125668220085
2446,18.400000000000016,110,0.019149753406744414,-3.4652544683271618
2447,18.400000000000016,120,0.019243269352849278,-3.5027436206833835
2448,18.400000000000016,130,0.019334755557764365,-3.539607605966639
2449,18.400000000000016,140,0.01942427739460317,-3.575860552530431
2450,18.500000000000014,10,0.01821101603540314,-3.098049272801405
2451,18.500000000000014,20,0.018327624975715683,-3.1423760304059023
2452,18.500000000000014,30,0.018441394839565847,-3.1859162851975498
2453,18.500000000000014,40,0.018552428064371563,-3.228687980494202
2454,18.500000000000014,50,0.01866082221802661,-3.270708696784805
2455,18.500000000000014,60,0.01876667028485025,-3.3119956445907386
2456,18.500000000000014,70,0.018870060931620018,-3.352565659782055
2457,18.500000000000014,80,0.018971078755298434,-3.39243520100034
2458,18.500000000000014,90,0.019069804513886388,-3.431620348873053
2459,18.500000000000014,100,0.019166315341742877,-3.4701368067586644
2460,18.500000000000014,110,0.019260684950572312,-3.5079999027881694
2461,18.500000000000014,120,0.019352983817186267,-3.545224593003719
2462,18.500000000000014,130,0.019443279359029,-3.581825465412609
2463,18.500000000000014,140,0.019531636098404255,-3.6178167448113134
2464,18.600000000000016,10,0.018335788816461873,-3.143795436986471
2465,18.600000000000016,20,0.018450860117636088,-3.1878448648078823
2466,18.600000000000016,30,0.018563129779228898,-3.231107653298734
2467,18.600000000000016,40,0.018672698887890814,-3.273601996265544
2468,18.600000000000016,50,0.01877966372495524,-3.315345701242575
2469,18.600000000000016,60,0.018884116048623764,-3.3563561844016414
2470,18.600000000000016,70,0.018986143356488717,-3.3966504677247134
2471,18.600000000000016,80,0.019085829129992207,-3.436245178114077
2472,18.600000000000016,90,0.01918325306223706,-3.4751565481418147
2473,18.600000000000016,100,0.01927849127046612,-3.513400418191246
2474,18.600000000000016,110,0.019371616494400213,-3.550992239770429
2475,18.600000000000016,120,0.01946269828152326,-3.58794707981004
2476,18.600000000000016,130,0.019551803160293632,-3.624279625774715
2477,18.600000000000016,140,0.019638994802205365,-3.6600041914521038
2478,18.700000000000017,10,0.018460561597519853,-3.18985396096054
2479,18.700000000000017,20,0.01857409525955649,-3.2336184076961576
2480,18.700000000000017,30,0.01868486471889304,-3.276596356308734
2481,18.700000000000017,40,0.01879296971140986,-3.318806237812045
2482,18.700000000000017,50,0.01889850523188383,-3.3602660742913653
2483,18.700000000000017,60,0.019001561812397778,-3.4009934758021094
2484,18.700000000000017,70,0.019102225781357413,-3.4410056393502684
2485,18.700000000000017,80,0.019200579504686028,-3.480319349644451
2486,18.700000000000017,90,0.019296701610587653,-3.518950981335956
2487,18.700000000000017,100,0.01939066719918938,-3.556916502517833
2488,18.700000000000017,110,0.019482548038228114,-3.5942314792739385
2489,18.700000000000017,120,0.019572412745860232,-3.630911081102334
2490,18.700000000000017,130,0.01966032696155826,-3.66697008705295
2491,18.700000000000017,140,0.01974635350600644,-3.7024228924528018
2492,18.800000000000015,10,0.018585334378578355,-3.2362248447236386
2493,18.800000000000015,20,0.018697330401476434,-3.279696659070553
2494,18.800000000000015,30,0.018806599658555943,-3.322382394226681
2495,18.800000000000015,40,0.018913240534929113,-3.364300705133874
2496,18.800000000000015,50,0.019017346738812297,-3.4054698159311254
2497,18.800000000000015,60,0.019119007576171285,-3.445907518791759
2498,18.800000000000015,70,0.0192183082062261,-3.485631174658713
2499,18.800000000000015,80,0.01931532987937975,-3.524657715591479
2500,18.800000000000015,90,0.01941015015893815,-3.5630036484554406
2501,18.800000000000015,100,0.019502843127912617,-3.6006850597384155
2502,18.800000000000015,110,0.019593479582056025,-3.637717621298699
2503,18.800000000000015,120,0.019682127210197235,-3.674116596880628
2504,18.800000000000015,130,0.019768850762822483,-3.7098968492471593
2505,18.800000000000015,140,0.019853712209807545,-3.7450728478134074
2506,18.900000000000016,10,0.018710107159636856,-3.282908088276044
2507,18.900000000000016,20,0.018820565543396835,-3.326079618931413
2508,18.900000000000016,30,0.01892833459822018,-3.3684657670535554
2509,18.900000000000016,40,0.0190335113584482,-3.410085398230856
2510,18.900000000000016,50,0.01913618824574084,-3.4509569261619504
2511,18.900000000000016,60,0.019236453339944802,-3.491098313370788
2512,18.900000000000016,70,0.019334390631094787,-3.530527073650049
2513,18.900000000000016,80,0.019430080254073712,-3.5692602759552203
2514,18.900000000000016,90,0.019523598707289015,-3.6073145495004395
2515,18.900000000000016,100,0.01961501905663587,-3.6447060898530053
2516,18.900000000000016,110,0.019704411125883926,-3.6814506658447055
2517,18.900000000000016,120,0.019791841674534197,-3.71756362714489
2518,18.900000000000016,130,0.019877374564087117,-3.753059912357661
2519,18.900000000000016,140,0.019961070913608644,-3.7879540575339234
2520,19.000000000000014,10,0.018834879940695094,-3.32990369161754
2521,19.000000000000014,20,0.01894380068531724,-3.3727672872785677
2522,19.000000000000014,30,0.019050069537883893,-3.41484647478854
2523,19.000000000000014,40,0.01915378218196751,-3.456160317103241
2524,19.000000000000014,50,0.019255029752669402,-3.496727404983809
2525,19.000000000000014,60,0.019353899103718313,-3.5365658595391904
2526,19.000000000000014,70,0.019450473055963476,-3.5756933363242798
2527,19.000000000000014,80,0.019544830628767326,-3.61412703073551
2528,19.000000000000014,90,0.019637047255639504,-3.6518836844706275
2529,19.000000000000014,100,0.01972719498535912,-3.6889795928615943
2530,19.000000000000014,110,0.019815342669711838,-3.7254306129119605
2531,19.000000000000014,120,0.019901556138871186,-3.761252171895147
2532,19.000000000000014,130,0.01998589836535174,-3.796459276384292
2533,19.000000000000014,140,0.020068429617409744,-3.83106652161434
2534,19.100000000000016,10,0.018959652721753602,-3.3772116547480433
2535,19.100000000000016,20,0.01906703582723718,-3.4197596641118384
2536,19.100000000000016,30,0.019171804477547832,-3.461524517432191
2537,19.100000000000016,40,0.019274053005486718,-3.5025254617508352
2538,19.100000000000016,50,0.019373871259598083,-3.5427812523967264
2539,19.100000000000016,60,0.01947134486749232,-3.582310157297159
2540,19.100000000000016,70,0.01956655548083216,-3.6211299626814046
2541,19.100000000000016,80,0.019659581003461105,-3.6592579799325087
2542,19.100000000000016,90,0.019750495803990162,-3.6967110533662915
2543,19.100000000000016,100,0.019839370914082374,-3.7335055687641887
2544,19.100000000000016,110,0.019926274213539746,-3.7696574625004677
2545,19.100000000000016,120,0.02001127060320818,-3.805182231131389
2546,19.100000000000016,130,0.02009442216661638,-3.840094941327062
2547,19.100000000000016,140,0.020175788321210825,-3.8744102400546643
2548,19.200000000000017,10,0.019084425502812,-3.4248319776677194
2549,19.200000000000017,20,0.019190270969157597,-3.467056749431583
2550,19.200000000000017,30,0.01929353941721083,-3.5084998949837214
2551,19.200000000000017,40,0.019394323829005956,-3.5491808321737093
2552,19.200000000000017,50,0.019492712766526653,-3.5891184684006676
2553,19.200000000000017,60,0.019588790631265833,-3.6283312066443125
2554,19.200000000000017,70,0.019682637905700847,-3.6668369527214235
2555,19.200000000000017,80,0.019774331378154986,-3.7046531235461675
2556,19.200000000000017,90,0.019863944352340648,-3.741796656187274
2557,19.200000000000017,100,0.019951546842805614,-3.7782840175607832
2558,19.200000000000017,110,0.02003720575736765,-3.8141312146102218
2559,19.200000000000017,120,0.020120985067545158,-3.8493538048536085
2560,19.200000000000017,130,0.020202945967881015,-3.883966907185962
2561,19.200000000000017,140,0.020283147025011928,-3.917985212854898
2562,19.300000000000015,10,0.019209198283870698,-3.472764660376603
2563,19.300000000000015,20,0.019313506111077995,-3.514658543237614
2564,19.300000000000015,30,0.019415274356874568,-3.5557726074440046
2565,19.300000000000015,40,0.01951459465252519,-3.596126428371795
2566,19.300000000000015,50,0.01961155427345511,-3.6357390529955804
2567,19.300000000000015,60,0.019706236395039354,-3.6746290075808394
2568,19.300000000000015,70,0.01979872033056955,-3.7128143064443417
2569,19.300000000000015,80,0.019889081752848745,-3.750312461576443
2570,19.300000000000015,90,0.01997739290069138,-3.787140492933709
2571,19.300000000000015,100,0.020063722771528868,-3.8233149392513814
2572,19.300000000000015,110,0.020148137301195548,-3.8588518692412226
2573,19.300000000000015,120,0.02023069953188215,-3.8937668930618186
2574,19.300000000000015,130,0.02031146976914564,-3.928075173960991
2575,19.300000000000015,140,0.020390505728813006,-3.961791440015026
2576,19.400000000000016,10,0.019333971064928884,-3.5210097028744256
2577,19.400000000000016,20,0.019436741252997932,-3.5625650455297624
2578,19.400000000000016,30,0.01953700929653778,-3.6033426548125007
2579,19.400000000000016,40,0.019634865476044296,-3.6433622503450946
2580,19.400000000000016,50,0.019730395780383592,-3.6826430061814532
2581,19.400000000000016,60,0.019823682158812868,-3.7212035601067397
2582,19.400000000000016,70,0.01991480275543823,-3.7590620238501433
2583,19.400000000000016,80,0.02000383212754246,-3.796235994023352
2584,19.400000000000016,90,0.020090841449041982,-3.832742563605464
2585,19.400000000000016,100,0.020175898700252118,-3.8685983338359833
2586,19.400000000000016,110,0.020259068845023452,-3.903819426393479
2587,19.400000000000016,120,0.020340413996219126,-3.9384214957560078
2588,19.400000000000016,130,0.020419993570410275,-3.972419741652158
2589,19.400000000000016,140,0.020497864432614105,-4.00582892153507
2590,19.500000000000018,10,0.01945874384598737,-3.5695671051614832
2591,19.500000000000018,20,0.019559976394918348,-3.610776256308384
2592,19.500000000000018,30,0.019658744236202286,-3.651210037089915
2593,19.500000000000018,40,0.01975513629956351,-3.690888298093724
2594,19.500000000000018,50,0.0198492372873122,-3.729830327958524
2595,19.500000000000018,60,0.01994112792258688,-3.7680548642222176
2596,19.500000000000018,70,0.02003088518030692,-3.8055801049388425
2597,19.500000000000018,80,0.020118582502236394,-3.842423720887007
2598,19.500000000000018,90,0.020204289997392478,-3.8786028682025595
2599,19.500000000000018,100,0.020288074628975368,-3.914134201314586
2600,19.500000000000018,110,0.020370000388851357,-3.9490338860669807
2601,19.500000000000018,120,0.020450128460556112,-3.983317612936185
2602,19.500000000000018,130,0.020528517371674913,-4.017000610259457
2603,19.500000000000018,140,0.02060522313641518,-4.0500976574150185
2604,19.600000000000016,10,0.01958351662704583,-3.618436867237617
2605,19.600000000000016,20,0.019683211536838743,-3.6592921755732952
2606,19.600000000000016,30,0.019780479175865572,-3.699374754275291
2607,19.600000000000016,40,0.01987540712308284,-3.7387045716176583
2608,19.600000000000016,50,0.01996807879424061,-3.777301018326459
2609,19.600000000000016,60,0.020058573686360392,-3.815182919926868
2610,19.600000000000016,70,0.02014696760517561,-3.852368549710441
2611,19.600000000000016,80,0.02023333287693007,-3.8888756421672097
2612,19.600000000000016,90,0.020317738545743178,-3.9247214067251273
2613,19.600000000000016,100,0.020400250557698618,-3.95992254168719
2614,19.600000000000016,110,0.020480931932679268,-3.994495248261737
2615,19.600000000000016,120,0.020559842924893098,-4.028455244602344
2616,19.600000000000016,130,0.020637041172939543,-4.06181777978289
2617,19.600000000000016,140,0.020712581840216283,-4.094597647654879
2618,19.700000000000017,10,0.019708289408104266,-3.667618989102766
2619,19.700000000000017,20,0.019806446678758693,-3.7081128033243234
2620,19.700000000000017,30,0.019902214115529074,-3.747836806369129
2621,19.700000000000017,40,0.019995677946601953,-3.786811070916741
2622,19.700000000000017,50,0.020086920301169285,-3.8250550772855485
2623,19.700000000000017,60,0.02017601945013391,-3.8625877272208964
2624,19.700000000000017,70,0.02026305003004432,-3.899427358164937
2625,19.700000000000017,80,0.020348083251623846,-3.9355917578641124
2626,19.700000000000017,90,0.020431187094093424,-3.971098179172855
2627,19.700000000000017,100,0.020512426486421872,-4.0059633549537965
2628,19.700000000000017,110,0.020591863476507176,-4.0402035129777385
2629,19.700000000000017,120,0.020669557389230084,-4.073834390754491
2630,19.700000000000017,130,0.020745564974204166,-4.106871250222449
2631,19.700000000000017,140,0.020819940544017382,-4.139328892254648
2632,19.80000000000002,10,0.019833062189162608,-3.7171134707571882
2633,19.80000000000002,20,0.019929681820679102,-3.7572381395618226
2634,19.80000000000002,30,0.02002394905519296,-3.7965961933715855
2635,19.80000000000002,40,0.020115948770121128,-3.835207795991092
2636,19.80000000000002,50,0.020205761808097935,-3.873092504835717
2637,19.80000000000002,60,0.020293465213907423,-3.910269286104297
2638,19.80000000000002,70,0.020379132454913,-3.9467565303023138
2639,19.80000000000002,80,0.020462833626317636,-3.982572067977653
2640,19.80000000000002,90,0.020544635642444183,-4.017733185546182
2641,19.80000000000002,100,0.020624602415145125,-4.052256641114408
2642,19.80000000000002,110,0.020702795020335073,-4.086158680214986
2643,19.80000000000002,120,0.020779271853567077,-4.119455051392622
2644,19.80000000000002,130,0.02085408877546881,-4.152161021578148
2645,19.80000000000002,140,0.020927299247818484,-4.184291391214322
2646,19.900000000000016,10,0.019957834970221165,-3.7669203122006625
2647,19.900000000000016,20,0.0200529169625995,-3.8066681842856145
2648,19.900000000000016,30,0.020145683994856247,-3.845652915282085
2649,19.900000000000016,40,0.020236219593640324,-3.8838947468407197
2650,19.900000000000016,50,0.0203246033150264,-3.9214133009767265
2651,19.900000000000016,60,0.02041091097768093,-3.9582275965770704
2652,19.900000000000016,70,0.020495214879781697,-3.9943560661225916
2653,19.900000000000016,80,0.020577584001011374,-4.029816572507808
2654,19.900000000000016,90,0.02065808419079461,-4.064626425844759
2655,19.900000000000016,100,0.02073677834386837,-4.098802400169019
2656,19.900000000000016,110,0.02081372656416298,-4.132360749973488
2657,19.900000000000016,120,0.020888986317904045,-4.165317226516726
2658,19.900000000000016,130,0.02096261257673344,-4.197687093849977
2659,19.900000000000016,140,0.021034657951619573,-4.229485144533899
2660,20.000000000000018,10,0.02008260775127945,-3.817039513433209
2661,20.000000000000018,20,0.020176152104519448,-3.856402937495517
2662,20.000000000000018,30,0.020267418934520155,-3.8950069721013305
2663,20.000000000000018,40,0.020356490417159513,-3.9328719234656067
2664,20.000000000000018,50,0.020443444821954995,-3.970017465708927
2665,20.000000000000018,60,0.02052835674145494,-4.0064626586394265
2666,20.000000000000018,70,0.020611297304650385,-4.042225965625762
2667,20.000000000000018,80,0.02069233437570511,-4.077325271454624
2668,20.000000000000018,90,0.020771532739145306,-4.111777900068804
2669,20.000000000000018,100,0.020848954272591612,-4.145600632117633
2670,20.000000000000018,110,0.020924658107990886,-4.178809722253235
2671,20.000000000000018,120,0.020998700782241034,-4.211420916126826
2672,20.000000000000018,130,0.021071136377998064,-4.2434494670379355
2673,20.000000000000018,140,0.02114201665542067,-4.274910152213388
