ID,time 0sec
EX_25dkglcn_e,0.0
EX_2ameph_e,0.0
EX_2m35mdntha_e,0.0
EX_2pglyc_e,0.0
EX_34dhbz_e,0.0
EX_35dnta_e,0.0
EX_3cmp_e,0.0
EX_3h4atb_e,0.0
EX_4abut_e,0.0
EX_4abz_e,0.0
EX_4hba_e,0.0
EX_4hoxpac_e,0.0
EX_4hphac_e,0.0
EX_4hpro_DC_e,0.0
EX_4hpro_LT_e,0.0
EX_4oxptn_e,0.0
EX_5drib_e,0.0
EX_5mcsn_e,0.0
EX_6atha_e,0.0
EX_LalaDgluMdapDala_e,0.0
EX_LalaLglu_e,0.0
EX_Lcyst_e,0.0
EX_Ncbmpts_e,0.0
EX_R_3hhpa_e,0.0
EX_R_3hnonaa_e,0.0
EX_R_3hpba_e,0.0
EX_R_3hpdeca_e,0.0
EX_R_3hphpa_e,0.0
EX_R_3hpnona_e,0.0
EX_R_3hpocta_e,0.0
EX_R_3hpt_e,0.0
EX_R_3htd58e_e,0.0
EX_abt_e,0.0
EX_ac_e,0.0
EX_acald_e,0.0
EX_acgam_e,0.0
EX_acmana_e,0.0
EX_acnam_e,0.0
EX_acon_C_e,0.0
EX_actn__R_e,0.0
EX_ade_e,0.0
EX_agm_e,0.0
EX_ala__D_e,0.0
EX_ala__L_e,0.0
EX_alahis_e,0.0
EX_alaleu_e,0.0
EX_alathr_e,0.0
EX_alatrp_e,0.0
EX_anhgm_e,0.0
EX_apc_e,0.0
EX_arab__L_e,0.0
EX_arbt6p_e,0.0
EX_arbt_e,0.0
EX_arg__L_e,0.0
EX_ascb__L_e,0.0
EX_asn__L_e,0.0
EX_aso3_e,0.0
EX_aso4_e,0.0
EX_asp__L_e,0.0
EX_bhb_e,0.0
EX_bz_e,0.0
EX_ca2_e,-0.00014856
EX_carn_e,0.0
EX_cd2_e,0.0
EX_cellb_e,0.0
EX_cgly_e,0.0
EX_chol_e,0.0
EX_chols_e,0.0
EX_chtbs_e,0.0
EX_cinnm_e,0.0
EX_cl_e,-0.00014856
EX_cm_e,0.0
EX_co2_e,-1.6836071337481844
EX_co_e,0.0
EX_coa_e,0.0
EX_cobalt2_e,-7.2e-07
EX_crn_e,0.0
EX_csn_e,0.0
EX_cu2_e,-0.00020232
EX_cyan_e,0.0
EX_cynt_e,0.0
EX_cys__L_e,0.0
EX_dca_e,0.0
EX_ddca_e,0.0
EX_dextrin_e,0.0
EX_drib_e,0.0
EX_dxyl_e,0.0
EX_enter_e,0.0
EX_fald_e,0.0
EX_fe2_e,-0.00043454999999999996
EX_fe3_e,0.0
EX_fe3dcit_e,0.0
EX_fe3pyovd_kt_e,0.0
EX_feenter_e,0.0
EX_fol_e,0.0
EX_for_e,0.0
EX_frmd_e,0.0
EX_fru_e,0.0
EX_fuc_e,0.0
EX_gal_bD_e,0.0
EX_gal_e,0.0
EX_galt_e,0.0
EX_galur_e,0.0
EX_gam_e,0.0
EX_glc__D_e,0.0
EX_glc__aD_e,0.0
EX_glcr_e,0.0
EX_glcur_e,0.0
EX_gln__L_e,0.0
EX_glu__L_e,0.0
EX_gly_e,0.0
EX_glyb_e,0.0
EX_glyc2p_e,0.0
EX_glyc3p_e,0.0
EX_glyclt_e,0.0
EX_glygln_e,0.0
EX_glyglu_e,0.0
EX_glygly_e,0.0
EX_glymet_e,0.0
EX_glyphe_e,0.0
EX_glyser_e,0.0
EX_gthrd_e,0.0
EX_gua_e,0.0
EX_h2_e,-16.709641002176568
EX_h2o2_e,0.0
EX_h2o_e,17.999237019205513
EX_h2s_e,0.0
EX_h_e,0.0
EX_hco3_e,0.0
EX_hdca_e,0.0
EX_hdcea_e,0.0
EX_hexs_e,0.0
EX_his__L_e,0.0
EX_hisgly_e,0.0
EX_hishis_e,0.0
EX_hpta_e,0.0
EX_hxa_e,0.0
EX_icit_e,0.0
EX_ile__L_e,0.0
EX_ind3ac_e,0.0
EX_indole_e,0.0
EX_inost_e,0.0
EX_k_e,-0.0055707
EX_lcts_e,0.0
EX_leu__D_e,0.0
EX_leu__L_e,0.0
EX_leuleu_e,0.0
EX_lnlc_e,0.0
EX_lys__L_e,0.0
EX_m_xyl_e,0.0
EX_malt_e,0.0
EX_malthp_e,0.0
EX_malthx_e,0.0
EX_malttr_e,0.0
EX_maltttr_e,0.0
EX_man_e,0.0
EX_melib_e,0.0
EX_met__D_e,0.0
EX_met__L_e,0.0
EX_metox__R_e,0.0
EX_metox_e,0.0
EX_mg2_e,-0.00024759
EX_mn2_e,-1.9739999999999997e-05
EX_mnl_e,0.0
EX_mobd_e,-2.1e-07
EX_mso3_e,0.0
EX_na1_e,0.0
EX_nh4_e,-0.32571539963962104
EX_nmn_e,0.0
EX_no2_e,0.0
EX_no3_e,0.0
EX_no_e,0.0
EX_nona_e,0.0
EX_novbcn_e,0.0
EX_o2_e,-6.554738180388085
EX_ocdca_e,0.0
EX_ocdcea_e,0.0
EX_octa_e,0.0
EX_orn__D_e,0.0
EX_orn_e,0.0
EX_p_xyl_e,0.0
EX_pea_e,0.0
EX_peamn_e,0.0
EX_pentso3_e,0.0
EX_phe__L_e,0.0
EX_phedca_e,0.0
EX_phehpa_e,0.0
EX_phehxa_e,0.0
EX_pheme_e,0.0
EX_phenona_e,0.0
EX_pheocta_e,0.0
EX_phept_e,0.0
EX_pi_e,-0.00954128765085453
EX_ppap_e,0.0
EX_pro__L_e,0.0
EX_progly_e,0.0
EX_pta_e,0.0
EX_ptrc_e,0.0
EX_ptsla_e,0.0
EX_pydam_e,0.0
EX_pydxn_e,0.0
EX_pyovd_kt_e,0.0
EX_raffin_e,0.0
EX_rib__D_e,0.0
EX_rmn_e,0.0
EX_rnam_e,0.0
EX_s_e,0.0
EX_salchs4_e,0.0
EX_salchs4fe_e,0.0
EX_sbt__D_e,0.0
EX_sel_e,0.0
EX_ser__L_e,0.0
EX_sheme_e,0.0
EX_slnt_e,0.0
EX_so3_e,0.0
EX_so4_e,-0.008949863598331831
EX_spmd_e,0.0
EX_sucr_e,0.0
EX_tartr__D_e,0.0
EX_taur_e,0.0
EX_tcynt_e,0.0
EX_tet_e,0.0
EX_thr__L_e,0.0
EX_tnt_e,0.0
EX_tol_e,0.0
EX_tre_e,0.0
EX_trp__L_e,0.0
EX_tsul_e,0.0
EX_ttdca_e,0.0
EX_ttdcea_e,0.0
EX_ttrcyc_e,0.0
EX_tyr__D_e,0.0
EX_tyr__L_e,0.0
EX_urate_e,0.0
EX_urea_e,0.0
EX_vacc_e,0.0
EX_val__D_e,0.0
EX_val__L_e,0.0
EX_vanln_e,0.0
EX_xyl__D_e,0.0
EX_zn2_e,-9.720000000000388e-06
EX_glcn_e,0.0
EX_n2_e,0.0
EX_succ_e,0.0
EX_etoh_e,0.0
12DGR120tipp,0.0
12DGR140tipp,0.0
12DGR141tipp,0.0
12DGR160tipp,0.0
12DGR161tipp,0.0
12DGR180tipp,0.0
12DGR181tipp,0.0
12PPDRDH,0.0
13PPDH,0.0
1P2CBXLCYCL,0.0
1P2CBXLR,0.0
1PY4h3cAH,0.0
25DKGLCNt2rpp,0.0
25DKGLCNtex,0.0
2AGPE161tipp,0.0
2AGPE181tipp,0.0
2AGPG120tipp,0.0
2AGPG140tipp,0.0
2AGPG141tipp,0.0
2AGPG160tipp,0.07819092417793393
2AGPG161tipp,0.06653297488007821
2AGPG180tipp,0.0001880143536970485
2AGPG181tipp,0.0
2AGPGAT120,0.0
2AGPGAT140,0.0
2AGPGAT141,0.0
2AGPGAT180,0.0001880143536970485
2DGLCNRx,0.0
2DGLCNRy,0.0
2DGULRGx,0.0
2DGULRGy,0.0
2DGULRx,0.0
2DGULRy,0.0
2DHGLCNkt_tpp,0.0
2DHPFALDL,0.0
2HH24DDH,0.0
2HH24DDH1,0.0
2PGLYCt6,0.0
34DHPACDO,0.0
3A2OA,-1.9862813874949037e-05
3AIBT2,0.0
3CMPt6,0.0
3HAACOAT140,-0.00233472
3HACPH,0.0
3HAD140,0.0
3HAD40,0.0
3HBCOAHL,0.0
3HOXTPP,0.0
3NUCLE3,0.0
3NUCLE4,0.0
3OADPCOAT,0.0
3OAR40,0.0
3OXCOAT,0.0
3PEPTabcpp,0.0
3SALATAi,0.0
3_4DHBZ1t_pp,0.0
3_4DHBZt2,0.0
4ABUTD,0.0
4ABUTabcpp,0.0
4ABZt,0.0
4CMLCL_kt,0.0
4H2KPILY,0.0
4HBADH,7.084629205006311e-06
4HBAt,0.0
4HBZt3pp,0.0
4HDPROO,0.0
4HOXPACMOF,0.0
4HOXPACMOF_1,0.0
4HOXPACMON,0.0
4HOXPACt2pp_1,0.0
4HPRODCabcpp,0.0
4HPRODCtex,0.0
4HPROE,0.0
4HPROLTabcpp,0.0
4HPROLTtex,0.0
4HPRO_LT_Et,0.0
4HPTNCOAK,0.0
4HTHRK,0.0
4HTHRS,0.0
4OXPTCOADHx,0.0
4OXPTCOADHy,0.0
4OXPTNtex,0.0
4OXPTNtpp,0.0
4PEPTabcpp,0.0
4PEPTtex,0.0
4POPCOAM,0.0
4POPCOAM2,0.0
4POPCOAM3,0.0
4hoxpactex,0.0
5DGLCNR,15.09128278934659
5DKGR,15.09128278934659
5DOAN,0.0
6ATHAtexi,0.0
6HNACMO,0.0
A5PISO,0.00116736
A6PAG,0.0
A6PAG2,0.0
AAAN,0.0
AACLAM,0.0
AACOAR_syn,0.0
AACPS3,0.14972060905801216
AACPS5,0.00120384
AACT,-0.0026877335281298206
AACTOOR,0.0
AADa,0.0
AADb,0.0
AALDH,0.0
AASAD3,0.0026877335281298206
AATA,-0.0026877335281298206
ABFPT2,0.0
ABTA,0.0
ABTt,0.0
ABUTD,0.0
ABUTtex,0.0
ACACT1r,0.0
ACACT2r,0.0
ACACT3r,0.0
ACACT4r,0.0
ACACT5r,0.0
ACACT5r_1,0.0
ACACT6r,0.0
ACACT6r_1,0.0
ACACT7r,0.0
ACACT8r,0.0
ACALDt,0.0
ACALDtpp,0.0
ACCOAC,0.14056488737131612
ACCOAL,0.3476222937710526
ACGAMK,0.0
ACGAMPM,0.0
ACGApts,0.0
ACGAptspp,0.0
ACGAtex,0.0
ACGK,0.020453582398129472
ACGS,0.0
ACHBS,0.0
ACHBS2,0.0
ACKr,0.22755132000062417
ACLS,0.0
ACLS_b,0.010177447247241397
ACLS_d,0.0
ACLSa_1,0.0
ACLSb,0.04712336910913613
ACLSb_1,0.0
ACM6PH,0.0
ACMANApts,0.0
ACNAMt2,0.0
ACNML,0.0
ACOAD1,0.0
ACOAD10f,0.0
ACOAD11f,0.0
ACOAD12f,0.0
ACOAD13f,0.0
ACOAD14f,0.0
ACOAD15f,0.0
ACOAD16f,0.0
ACOAD17f,0.0
ACOAD18f,0.0
ACOAD19f,0.0
ACOAD1f,0.0
ACOAD1fr,0.0
ACOAD2,0.0
ACOAD20,0.0
ACOAD20f,0.0
ACOAD21f,0.0
ACOAD22f,0.0
ACOAD23f,0.0
ACOAD29f,0.0
ACOAD2f,0.0
ACOAD3,0.0
ACOAD30f,0.0
ACOAD31f,0.0
ACOAD32f,0.0
ACOAD33f,0.0
ACOAD3f,0.0
ACOAD4_1,0.0
ACOAD4f,0.0
ACOAD5_1,0.0
ACOAD5f,0.0
ACOAD6,0.00233472
ACOAD6f,0.0
ACOAD7,0.0
ACOAD7f,0.0
ACOAD8f,0.0
ACOADH2,0.0
ACOAM,0.0
ACODA,0.0
ACONCt4pp,0.0
ACONCtex,0.0
ACONCtupp,0.0
ACONT,0.04331914406276927
ACONTa,0.0
ACONTb,0.0
ACOTA,-0.020453582398129472
ACOXT,0.0
ACPPAT140,0.0
ACPPAT160,0.0
ACPPAT181,0.00060192
ACPS,0.0
ACS,0.0
ACS2,0.0
ACSERL,0.0
ACSPHAC100,0.0
ACSPHAC101,0.0
ACSPHAC120,0.0
ACSPHAC121,0.0
ACSPHAC121d6,0.0
ACSPHAC140,0.0
ACSPHAC141,0.0
ACSPHAC141d5,0.0
ACSPHAC160,0.0
ACSPHAC60,0.0
ACSPHAC80,0.0
ACSPHACP50,0.0
ACSPHACP60,0.0
ACSPHACT40,0.0
ACSPHACT60,0.0
ACS_1,0.0
ACTD,0.0
ACTD2,0.0
ACTD_1,0.0
ACTDa,0.0
ACTNabc,0.0
ACTNabc1,0.0
ACt4pp,0.0
ACtex,0.0
ADA,0.0
ADADir,0.0
ADAPAT,0.0
ADCL,2.6759999999998937e-05
ADCPS1,0.0
ADCPS2,0.0
ADCS,2.6759999999998937e-05
ADEt2rpp,0.0
ADEtex,0.0
ADK1,0.0
ADK2,0.0
ADK3,0.0
ADK4,0.0
ADKd,0.0
ADNCYC,0.0
ADNK1,2.007e-05
ADOCBIAH,0.0
ADOCBIK,0.0
ADPGLC,0.0
ADPRDP,0.0
ADPT,0.0
ADSELK,0.0
ADSELR,0.0
ADSELR2,0.0
ADSK,0.0
ADSL1r,0.003914783188787173
ADSL2r,0.0018036569709155323
ADSS,0.003914783188787173
AEPPYRTA,0.0
AEPabcpp,0.0
AEPtex,0.0
AGM3PApp,0.0
AGM3PH,0.0
AGM3Pt2pp,0.0
AGM4PApp,0.0
AGM4PH,0.0
AGM4Pt2pp,0.0
AGMH,0.0
AGMPTRCtpp,0.0
AGMT,0.0
AGMt2pp,0.0
AGMtex,0.0
AGPAT160,0.14972060905801216
AGPAT181,0.00060192
AGPOP,0.0
AGPR,-0.020453582398129472
AGTi,0.0
AHCi,2.007e-05
AHGDx,0.0
AHMMPS_1,0.0
AHSERL2,0.005699689577253215
AHSERL4,0.0
AICART,0.005174420767661886
AIRC1,0.0018036569709155323
AIRC2,0.0
AIRC3,0.0
AKGDH,0.0
AKGDa,0.0
AKGDb,0.0
ALAALAD_1,0.0
ALAALAabcpp,1.8149999999999997e-05
ALAALAr,0.0016428
ALAGLUE,0.0
ALAGLUabcpp,0.0
ALAHISabcpp,0.0
ALAHIStex,0.0
ALALEUabcpp,0.0
ALALEUtex,0.0
ALAR,0.00368022
ALAS,0.00016056
ALATA_D,0.00166095
ALATA_D2,0.0
ALATA_L,-0.3948362496477665
ALATA_L2,3.3449999999999997e-06
ALATHRabcpp,0.0
ALATHRtex,0.0
ALATRPabcpp,0.0
ALATRPtex,0.0
ALAabc,0.0
ALAabcpp,0.0
ALAt2r,0.0
ALAt4,0.0
ALAt4pp,0.0
ALAtpp,0.0
ALCD19,0.0
ALCD19y,0.0
ALCD2ir,0.0
ALCD2x,0.0
ALCD2y,0.0
ALCD4,0.0
ALCDpp,0.0
ALDD1,0.0
ALDD19xr,0.0
ALDD20x,0.0
ALDD20y,0.0
ALDD2x,0.2175578764023246
ALDD2y,0.0
ALDD3,0.0
ALDD31,0.0
ALDD31_1,0.0
ALDD3y,0.0
ALDD4,0.0
ALDD4x,0.0
ALDD5,0.0
ALDD6,0.0
ALDH_1,0.0
ALLTAMH,0.0
ALLTN,0.0
ALPHNH,0.0
ALR2,0.0
ALR3,0.0
ALR4x,0.0
AM3PA,0.0
AM4PA,0.0
AMANAPEr,0.0
AMID2,0.0
AMMQLT8,0.0
AMMQT8_2,6.6899999999999995e-06
AMPMS2,7.084629205006311e-06
AMPTASEAH,0.0
AMPTASEAL,0.0
AMPTASEAT,0.0
AMPTASEATRP,0.0
AMPTASECG,0.0
AMPTASEGGLN,0.0
AMPTASEGGLU,0.0
AMPTASEGM,0.0
AMPTASEGS,0.0
AMPTASEHG,0.0
AMPTASEHH,0.0
AMPTASEPG,0.0
ANDO1,0.0
ANHGMtex,0.0
ANHMK,0.0
ANPRT,0.0029944066879836434
ANS,0.0
ANS2,0.0
ANSN,0.0029944066879836434
APAT_1,-0.33083446246577985
APATr,0.0
APCt6,0.0
APCtex,0.0
APG3PAT160,0.0
APG3PAT181,0.00060192
APH140,0.0
APPAT,0.0
APPLDHr,0.0
APRAUR,1.5008656156187587e-05
APSR,0.0
APSR2,0.0
APTNAT,0.0
ARABR,0.0
ARABRr,0.0
ARBT6Pt,0.0
ARBTpts,0.0
ARBabcpp,0.0
ARBt2r,0.0
ARBt3ipp,0.0
ARGR,0.0
ARGSL,0.008521593383161377
ARGSS,0.008521593383161377
ARGabc,0.0
ARGabcpp,0.0
ARGt3pp,0.0
AROH,0.0
ASAD,-0.30962447262087633
ASCBPL,0.0
ASCBpts,0.0
ASNS1,0.009001539602845384
ASNabc,0.0
ASO3tex_1,0.0
ASO4rt2rpp,0.0
ASO4tex,0.0
ASPA2,0.0
ASPCT,0.0013913823607623018
ASPK,0.30962447262087633
ASPO5,8.343942666216853e-05
ASPO6,0.0
ASPTA,0.0
ASPTA6,0.34475516617915863
ASPabc,0.0
ASPabcpp,0.0
ASPtex,0.0
ASR,0.0
ATHRDHr,0.0
ATPHs,0.0
ATPPRT,0.003370763796746354
ATPS4rpp,25.677732129108794
BCT1_syn,0.0
BDH,0.0
BETALDHx,0.0
BETALDHy,0.0
BHBtpp,0.0
BNOCA,0.0
BPNT,0.0
BSCT,-1.3379999999999999e-05
BTS3r,0.0
BTS4,0.0
BUP,0.0
BUTCT,0.0
BZDH,1.3379999999999999e-05
BZt,0.0
CA2abc,0.00014856
CA2abc1,0.0
CA2abcpp,0.0
CA2t3pp,0.0
CARNabcpp,0.0
CARNtex,0.0
CAT,0.0
CATDOX,0.0
CBPAH,0.0
CBPS,0.009912975743923679
CCPpp,0.0
CD2abc1,0.0
CD2abcpp,0.0
CD2t3pp,0.0
CD2t4,0.0
CD2t4pp,0.0
CD2t5,0.0
CD2t6,0.0
CD2tex,0.0
CD2tpp,0.0
CDGUNPD,0.0
CDPMEK,0.00012711
CELBt2,0.0
CEPA,0.0
CGLYabcpp,0.0
CHLabc,0.0
CHLabcpp,0.0
CHLt3pp,0.0
CHOLD,0.0
CHOLSH,0.0
CHOLSabc_1,0.0
CHORM,0.013914530735611696
CHORS,0.01693530279439033
CHTBSptspp,0.0
CHTBStex,0.0
CINNMCOAH,0.0
CINNMtex,0.0
CINNMtpp,0.0
CITL,0.0
CITt3pp,0.0
CITt4pp_1,0.0
CITtupp,0.0
CLPNH120pp,0.0
CLPNH140pp,0.0
CLPNH141pp,0.0
CLPNH160pp,0.0
CLPNH161pp,0.0
CLPNH180pp,0.0
CLPNH181pp,0.0
CLPNS120pp,0.0
CLPNS140pp,0.0
CLPNS141pp,0.0
CLPNS160pp,8.832e-05
CLPNS161pp,6.869999999999999e-05
CLPNS180pp,0.0
CLPNS181pp,3.54e-05
CLt3_2pp,0.0
CLtipp,0.0
CMCBTFL,0.0
CMCBTFU,0.0
CMCMSAD,0.0
CMHMI,0.0
CMLDC,0.0
CMt2ex,0.0
CMt2ppi,0.0
CMtex,0.0
CMtexabc,0.0
CMtpp,0.0
CO23OC,0.0
CO2tex,1.6836071337481844
CO2tpp,1.6836071337481844
COAt,0.0
COBALT2abcpp,0.0
COBALT2t3pp,0.0
COBALT2tpp,0.0
COBALTt4pp,0.0
COCO2,0.0
COabc,7.2e-07
COt_1,0.0
CPK1,-0.1516342790580122
CPPPGO,1.3379999999999999e-05
CPPPGO2,0.0
CRNDH,0.0
CRNDabcpp,0.0
CRNDt2rpp,0.0
CRNabc,0.0
CRNabcpp,0.0
CRNt2rpp,0.0
CRNt8pp,0.0
CRNtex,0.0
CRO4abcpp,0.0
CRO4t3pp,0.0
CS,0.04331914406276927
CSND,0.0
CSNt2,0.0
CTBTabcpp,0.0
CTBTt2rpp,0.0
CTECOAI6,0.0
CTECOAI7,0.0
CTECOAI8,0.0
CTI1,0.0
CTPS1,0.0007870959949120143
CTPS2,0.0
CU2abcpp,0.0
CU2t4pp,0.0
CU2tonex,0.00020232
CUabcpp,0.00020232
CYANST,0.0
CYANt2pp,0.0
CYANtex,0.0
CYNTAH_1,0.0
CYNTt2pp,0.0
CYNTtex,0.0
CYO4pp,0.0
CYSDDS,0.0
CYSDS,0.0
CYSDSF,0.0
CYSS,0.0031263940210463437
CYSTA,0.0
CYSTL,0.0
CYSabc,0.0
CYSabc2pp,0.0
CYSabcpp,0.0
CYStpp,0.0
CYTBD,0.007555993825427265
CYTBD2pp,6.6899999999999995e-06
CYTBDpp,12.81551494822156
CYTCBB3pp,0.0
CYTK1,0.3032685581160244
CYTK2,0.0
CYTK2_1,0.0
Clt,0.00014856
Cobalt2abcppI,0.0
Cotpp,0.0
Cuabc,0.0
Cut1,0.0
DAAD,0.0
DAAD11,0.0
DAAD12,0.0
DAAD2,0.0
DAAD3,0.0
DAAD4,0.0
DAAD5,0.0
DAAD7,0.0
DAAD8,0.0
DABAAT2,0.0
DADK,0.0
DADNK,0.0
DAGK120,0.0
DAGK140,0.0
DAGK141,0.0
DAGK160,0.0
DAGK161,0.0
DAGK180,0.0
DAGK181,0.0
DALAabcpp,0.0012663299999999998
DALAt2r,0.0
DAPDC,0.014936621305272702
DAPE,0.0165975713052727
DARBt2rpp,0.0
DARBt3ipp,0.0
DASYN120,0.0
DASYN140,0.0
DASYN141,0.0
DASYN160,0.14972060905801216
DASYN161,0.0
DASYN180,0.0
DASYN181,0.00060192
DATPHs,0.0
DB4PS,3.0017312312375174e-05
DC6PH,0.0
DCAtex,0.0
DDCAtexi,0.0
DDGLK,0.0
DDPA,0.01693530279439033
DDPGA,0.0
DESATPE160,0.00225642
DESATPG160,0.06691769488007822
DEXTRINt2,0.0
DGK1,0.0
DGNSK,0.0
DGTUP,0.0
DGUNC,0.0
DHACOAH,0.0
DHAD1,0.03694592186189473
DHAD2,0.010177447247241397
DHAPT,0.0
DHDPRx_r,0.0
DHDPRy,0.0165975713052727
DHDPS,0.0165975713052727
DHEDAA,0.0
DHFR,0.00042778426301507295
DHFS,2.6759999999998937e-05
DHGLYH,0.0
DHNAOT,1.3379999999999999e-05
DHNCOAS,0.0
DHNCOAT,0.0
DHNPA2r,0.0
DHNPA_1,2.6759999999998937e-05
DHORDfum,0.0013913823607623018
DHORTS,-0.0013913823607623018
DHPDO,0.0
DHPM2,0.0
DHPPDA,0.0
DHPPDA2,1.5008656156187587e-05
DHPS2,0.0
DHQS,0.01693530279439033
DHQTi,0.01693530279439033
DIPEPabc15,0.0
DKGLCNR1,0.0
DKGLCNR2x,0.0
DKGLCNR2y,0.0
DLCYSR,0.0
DLEUabcpp,0.0
DLEUtex,0.0
DLYSAD,0.0
DLYSOXGAT,0.0
DMATT,2.007e-05
DMGDH2,0.0
DMPPS,0.00012711
DNADDP,0.0
DNMPPA,2.6759999999998937e-05
DNTAep,0.0
DNTPPA,2.6759999999998937e-05
DOPDH,0.0
DORNabcpp,0.0
DORNtex,0.0
DPCOAK,1.728000000002072e-05
DPR,1.9862813874949037e-05
DRBK_1,0.0
DRIBabc,0.0
DRIBtex_1,0.0
DRPA,0.0
DSERDHr,0.0
DTARTD,0.0
DTMPK,0.000401024263015074
DTYRt2rpp,0.0
DTYRtex,0.0
DURAD2,0.0
DURIK1_1,0.0
DURIPP_1,0.0
DUTPDP,0.000401024263015074
DVALabcpp,0.0
DVALtex,0.0
DXPRIi,0.00012711
DXPS,0.00014088462920500632
DXYLUDtex,0.0
DXYLUDtpp,0.0
E4PD,6.6899999999999995e-06
EAR140x,0.0
EAR140y,0.0
ECOAH1,0.0
ECOAH12,0.0
ECOAH14,0.0
ECOAH15,0.0
ECOAH16,0.0
ECOAH17,0.0
ECOAH18,0.0
ECOAH19,0.0
ECOAH1_1,0.0
ECOAH2,0.0
ECOAH20,0.0
ECOAH21,0.0
ECOAH22,0.0
ECOAH23,0.0
ECOAH24,0.0
ECOAH25,0.0
ECOAH26,0.0
ECOAH27,0.0
ECOAH28,0.0
ECOAH3,0.0
ECOAH31,0.0
ECOAH32,0.0
ECOAH33,0.0
ECOAH34,0.0
ECOAH35,0.0
ECOAH36,0.0
ECOAH37,0.0
ECOAH38,0.0
ECOAH4,0.0
ECOAH5,0.0
ECOAH5_1,0.0
ECOAH6,0.0
ECOAH7,0.0
ECOAH8,0.0
ECOAH9ir,0.0
EDA,0.0
EDD,0.0
EHGLAT,0.0
ENO,0.41071007228784384
ETHAAL,0.0
ETOHtrpp,0.0
FACOAE100,0.0
FACOAE120,0.0
FACOAE140,0.0
FACOAE141,0.0
FACOAE160,0.07819092417793393
FACOAE161,0.06653297488007821
FACOAE180,0.0
FACOAE181,0.0
FACOAE1829Z12Z,0.00017708858882545798
FACOAE50,0.0
FACOAE60,0.0
FACOAE70,0.0
FACOAE80,0.0
FACOAE90,0.0
FACOAL100t2pp,0.0
FACOAL120t2pp,0.0
FACOAL140,0.00233472
FACOAL140t2pp,0.0
FACOAL141t2pp,0.0
FACOAL160,0.0
FACOAL160t2pp,0.07819092417793393
FACOAL161,0.0
FACOAL161t2pp,0.06653297488007821
FACOAL180t2pp,0.0001880143536970485
FACOAL181,0.0
FACOAL1812,0.0
FACOAL181d11tpp,0.0
FACOAL181d6t2pp,0.0
FACOAL181t2pp,0.0
FACOAL1821,0.0
FACOAL182t2pp,0.0
FACOAL50i,0.0
FACOAL50t2pp,0.0
FACOAL60t2pp,0.0
FACOAL70t2pp,0.0
FACOAL80t2pp,0.0
FACOAL90i,0.0
FACOAL90t2pp,0.0
FACOALP100t2pp,0.0
FACOALP50t2pp,0.0
FACOALP60t2pp,0.0
FACOALP70t2pp,0.0
FACOALP80t2pp,0.0
FACOALP90t2pp,0.0
FACOALT60t2pp,0.0
FACOAL_70_c,0.0
FADMQOR,0.0
FADRx2,0.0
FALDep,0.0
FAO3,0.0
FAS100,0.019218205031604797
FAS120,0.019218205031604797
FAS140,0.019218205031604797
FAS160,0.0
FAS161,0.016865657635051847
FAS180,0.0
FAS181,0.00516320219375295
FAS80_L,0.019218205031604797
FBA,-1.0654269450293212
FBA2,0.0
FBA3,0.0
FBP,1.0654269450293212
FCLPA,0.0
FCLT,1.3379999999999999e-05
FDH,0.0
FDMO2,0.0
FDMO3_1,0.0
FDMO4_1,0.0
FDMO5,0.0
FE2abc,0.00043454999999999996
FE2abcpp,0.0
FE2t2pp,0.0
FE2t3pp,0.0
FE2t4pp,0.0
FE3DCITCH,0.0
FE3DCITR3,0.0
FE3DCITabcpp,0.0
FE3DCITtonex,0.0
FE3PYOVD2tonex,0.0
FE3PYOVDDR2,0.0
FE3PYOVDL2,0.0
FE3abc,0.0
FE3abcpp,0.0
FEENTER2tpp,0.0
FEENTERR3,0.0
FEENTERabcpp,0.0
FEENTERtex,0.0
FEENTERtonex,0.0
FEENTERtpp,0.0
FEROc,5.5709999999999993e-05
FEROpp,0.0
FFSD_2,0.0
FLDR,0.0
FLVR,1.628656156187589e-06
FMNAT,6.689999999999999e-06
FMNRx2,0.0
FMNRy,0.0
FNOR,16.709577447176564
FOAMtex,0.0
FOAMtrpp,0.0
FOLD3,2.6759999999998937e-05
FOLR2,0.0
FOLt,0.0
FOMETRi,0.0
FORAMD,0.0
FORCT,4.0139999999998935e-05
FORt,0.0
FORt2,0.0
FRD,0.0
FRD3,0.0
FRDx,0.0
FRUpts,0.0
FRUpts2pp,0.0
FRUptspp,0.0
FRUtex,0.0
FTHFD,0.0
FTHFLi,0.00012609522687857325
FUCpts,0.0
FUM,0.01406315354286408
FUMAC,0.0
G1PACT,0.00448926
G1SAT,0.0
G2PP,0.0
G3PD1ir,0.00635634
G3PD2,0.0
G3PD4,0.0
G3PD5,0.0
G3PD6,0.0
G3PEabcpp,0.0
G3PGabcpp,0.0
G5SD,0.0
G6PBDH,0.0
G6PDH2r,0.0
G6PI,0.0
G6PI3,0.0
GAD2ktpp,0.0
GAL6PI,0.0
GALCTD,0.0
GALTpts,0.0
GALURDH,0.0
GALURt2r,0.0
GALUi,0.011428836706776494
GALabc,0.0
GALpts,0.0
GALt2_3,0.0
GALt2pp,0.0
GAMpts,0.0
GAPD,-2.6617626236639067
GARFT,0.0018107416001205386
GBDM,0.0
GCALDD,2.6759999999998937e-05
GCCa,0.0
GCCa_1,0.1275889938166895
GCCb,0.0
GCCb_1,0.1275889938166895
GCCc,0.0
GCCc_1,0.1275889938166895
GCDH,0.0
GCVHADPr,0.0
GCVHRADPr,0.0
GDBTALDH,0.0
GDOCBIK,0.0
GDPDPK,0.0
GDPMNP,0.0
GDPTPDP,0.0
GF6PTA,0.00448926
GG15DAPAH,0.0
GG15DAPDxr,0.0
GG15DAPO,0.0
GG15DAPS,0.0
GGDAPAH,0.0
GGDAPDxr,0.0
GGDAPO,0.0
GGDAPS,0.0
GGGABADr,0.0
GGGABADxr,0.0
GGGABAH,0.0
GGLUCT2,0.0
GGPTRCO,0.0
GGPTRCS,0.0
GGSPMDO,0.0
GGSPMDS,0.0
GHMT2r,-0.11456921002164241
GK1,0.0012596375788747126
GK2,0.0
GLCAt2,0.0
GLCDpp,0.0
GLCOAS,0.0
GLCOASYNT,0.0
GLCP3,0.0
GLCRAL,0.0
GLCRt1,0.0
GLCURDH,0.0
GLCURt2r,0.0
GLCURt2rpp,0.0
GLCURtex,0.0
GLCabc,0.0
GLCabcpp,0.0
GLCpts,0.0
GLCptspp,0.0
GLCt2pp,0.0
GLGC,0.0
GLNS,0.5539592754596656
GLNS_1,0.007939482326984448
GLNabc,0.0
GLNabcpp,0.0
GLNtex,0.0
GLTPD,0.0
GLU5K,0.0
GLUCYS,0.0
GLUDxi,0.0
GLUKA_1,0.0
GLUN,0.0
GLUPRT,0.0018107416001205386
GLUR,0.0
GLUSfx,0.0
GLUSx,0.0
GLUSy,0.5203908382598905
GLUTCOADHc,0.0
GLUTRR,0.0
GLUTRS,0.0
GLUTRS_3,0.0
GLUabc,0.0
GLUabcpp,0.0
GLUt2rpp,0.0
GLUt4pp,0.0
GLXCL,0.0
GLXO1,2.6759999999998937e-05
GLXO3r,0.0
GLYALDDr,0.0
GLYBACT1r,0.0
GLYBCOAT,0.0
GLYBabc,0.0
GLYBabcpp,0.0
GLYBt2pp,0.0
GLYBt3pp,0.0
GLYC2Pabcpp,0.0
GLYC2Ptex,0.0
GLYC3Pabc,0.0
GLYC3Pabcpp,0.0
GLYCDx,0.0
GLYCL,0.0
GLYCLTDx,0.0
GLYCLTDy,0.0
GLYCLTt4pp,0.0
GLYCLTtex,0.0
GLYCL_2,0.0
GLYCTO1,0.0
GLYCTO2,2.006999999999894e-05
GLYCTO3,0.0
GLYCTO4,6.6899999999999995e-06
GLYCtpp,-0.00019241999999999998
GLYGLNabcpp,0.0
GLYGLNtex,0.0
GLYGLUabcpp,0.0
GLYGLUtex,0.0
GLYGLYCNc,0.0
GLYGLYabcpp,0.0
GLYGLYtex,0.0
GLYK,0.14491631905801217
GLYK1,0.0
GLYMETabcpp,0.0
GLYMETtex,0.0
GLYOX,0.0
GLYOX_1,0.0
GLYPHEHYc,0.0
GLYPHEabcpp,0.0
GLYPHEtex,0.0
GLYSERabcpp,0.0
GLYSERtex,0.0
GLYTA,0.0
GLYabc,0.0
GLYabcpp,0.0
GLYt4pp,0.0
GLYtpp,0.0
GMPS,0.0012596375788747126
GMPS2,0.0
GND,0.0
GNK_1,0.0
GOX,0.0
GPDDA2,0.0
GPDDA4,0.14472389905801217
GRTT,2.007e-05
GRXR,0.0
GSNK,0.0
GTHOr,0.0
GTHPi,0.0
GTHRDH_syn,0.0
GTHRDHpp,0.0
GTHRDabc2pp,0.0
GTHRDabcpp,0.0
GTHRDt2_1,0.0
GTHS,0.0
GTMLT,0.0
GTPCI,2.6759999999998937e-05
GTPCII,0.0
GTPCII2,1.5008656156187587e-05
GTPDPK,0.0
GTPHs,0.0
GUACYC,0.0
GUAPRT,0.0
GUAt2pp,0.0
GUAtex,0.0
GUDBUTNAH,0.0
GUI1,0.0
NAD_H2,0.0
H2CO3D,0.0
H2CO3D2,0.0
H2O2tex,0.0
H2Ot,0.0
H2Otex,-17.999237019205513
H2Otpp,-18.144865422617222
H2St1,0.0
H2tex,16.709641002176564
H2tpp,16.709641002176564
HACD1,0.0
HACD10i,0.0
HACD11i,0.0
HACD12i,0.0
HACD13i,0.0
HACD14i,0.0
HACD15i,0.0
HACD16i,0.0
HACD17i,0.0
HACD18i,0.0
HACD19i,0.0
HACD1_1,0.0
HACD1i,0.0
HACD2,0.0
HACD20i,0.0
HACD21i,0.0
HACD22i,0.0
HACD23i,0.0
HACD26i,0.0
HACD27i,0.0
HACD28i,0.0
HACD29i,0.0
HACD2i,0.0
HACD3,0.0
HACD30i,0.0
HACD31i,0.0
HACD32i,0.0
HACD33i,0.0
HACD3i,0.0
HACD4,0.0
HACD4i,0.0
HACD5,0.0
HACD5i,0.0
HACD6,0.0
HACD6i,0.0
HACD7,0.0
HACD7i,0.0
HACD8,0.0
HACD8i,0.0
HACD9,0.0
HACOADr,0.0
HADPCOADH,0.0
HADPCOADH3,0.0
HAT40tex,0.0
HAT40tpp,0.0
HATBH,0.0
HBCH,0.0
HBCHLR,0.0
HBCO_nadp,0.0
HBRCH,0.0
HBZOPT,0.0
HCITI,-0.0026877335281298206
HCITS,0.0
HCO3E,0.15047786311523978
HCO3abc,0.0
HCO3tex,0.0
HCYSMT,0.0
HDCAtexi,0.0
HDCEAtexi,0.0
HDECH,-0.14972060905801216
HDH,0.0
HEMEOS,6.6899999999999995e-06
HEMEti,0.0
HETZK,0.0
HEX1,0.0
HEX4,0.0
HEX7_1,0.0
HEXSabc,0.0
HG2abcpp,0.0
HG2t3pp,0.0
HG2tppi,0.0
HGNTOR,0.0
HHDDI,0.0
HIBD,0.0
HIBDkt,0.0
HICITD,-0.0026877335281298206
HISGLYabcpp,0.0
HISGLYtex,0.0
HISHISabcpp,0.0
HISHIStex,0.0
HISTD,0.003370763796746354
HISTP,0.003370763796746354
HISabc,0.0
HISabcpp,0.0
HIStex,0.0
HKtpp,0.0
HMBS,2.007e-05
HMEDR,0.0
HMEDS,0.0
HMGCOAS,0.0
HMGL,0.0
HMGL_2,0.0
HMPK1,0.0
HMPSCD,0.0
HMR_0260,0.0
HMSH,0.0
HOPNTAL,0.0
HPA3MO,0.0
HPACt2r,0.0
HPAtexi,0.0
HPHACA,0.0
HPPK,2.6759999999998937e-05
HPPK2,0.0
HPROa,0.0
HPROb,0.0
HPYRI,0.0
HPYRP,0.0
HPYRRx,0.0
HPYRRy,0.0
HSDxi,0.0
HSDy,-0.29302690131560366
HSERTA,0.005699689577253215
HSK,0.28732721173835046
HSTPT,0.003370763796746354
HSTPTr,0.0
HVCD,0.0
HXAND,0.0
HXAtex,0.0
HXCT,0.0
HXPRT,0.0
HYD1pp,0.0
HYD2,0.0
HYD2pp,0.0
HYD3pp,0.0
HYPOE,3.3449999999999997e-06
ICDHyr,0.04331914406276927
ICITt4pp,0.0
ICITtex,0.0
ICITtupp,0.0
IDOND,0.0
IDPh_1,0.0
IG3PS,0.003370763796746354
IGPDH,0.003370763796746354
IGPDH_1,0.0
IGPS,0.0029944066879836434
ILETA,-0.010177447247241397
ILETA2,0.0
ILEabc,0.0
ILEabcpp,0.0
ILEtex,0.0
IMPC,-0.005174420767661886
IMPD,0.0012596375788747126
IND3ACtex,0.0
IND3ACtpp,0.0
INDOLEt2pp,0.0
INDOLEt5,0.0
INDOLEt6,0.0
INDOLEtex,0.0
INDPYRD,0.0
INS2D,1.9862813874949037e-05
INSCR,1.9862813874949037e-05
INSH,0.0
INSTt2,0.0
IPDDI,-0.00010704
IPDPS,0.0
IPMD,0.02205705978060804
IPPMIa,-0.02205705978060804
IPPMIb,-0.02205705978060804
IPPS,0.02205705978060804
IVCS,0.0
K2L4Aabcpp,0.00058368
KARA1,-0.03694592186189473
KARA2,0.010177447247241397
KARI_1,0.0
KARI_23dhmp_1,0.0
KAS13,0.0004032334191103152
KAS17,0.0
KAS2,0.0
KAS7,0.0
KAS8,0.0
KAT16,0.0
KAT17,0.0
KAT19,0.0
KAT20,0.0
KAT21,0.0
KAT27,0.0
KAT28,0.0
KAT29,0.0
KAT30,0.0
KDOCT2,0.00116736
KDOPP,0.00116736
KDOPS,0.00116736
KG6PDC,0.0
Kabc,0.0
Kabcpp,0.0
Kt2pp,0.0
Kt3pp,0.0
LACZpp,0.0
LADGMDH,0.0
LALALGLUtex,0.0
LALDO2x,0.0
LALGP,0.0
LASP2OA,0.0
LAT,0.0026877335281298206
LCADi,0.0
LCARS,0.0
LCTSabc,0.0
LCTSt3ipp,0.0
LCYSTabc,0.0
LDGUNPD,0.0
LDH_D,0.0
LDH_D2,0.0
LDH_L,0.0
LEULEULAPc,0.0
LEULEUabcpp,0.0
LEULEUtex,0.0
LEUTA,-0.02205705978060804
LEUabc,0.0
LEUabcpp,0.0
LEUt4rpp,0.0
LEVUACOAL,0.0
LGTHL,0.0
LNLCtexi,0.0
LPADSS,0.00058368
LPLIPAL1A181pp,0.0
LPLIPAL1E181d11pp,0.0
LPLIPAL1G181d11pp,0.0
LPLIPAL2E160,0.0
LPLIPAL2E161,0.0
LPLIPAL2E181,0.0
LPLIPAL2G160,0.07819092417793393
LPLIPAL2G161,0.06653297488007821
LPLIPAL2G181,0.0
LSERDHr,0.0
LYSDC,0.0
LYSabc,0.0
LYSabcpp,0.0
LYSt3pp,0.0
L_LACD2,0.0
L_LACD3,0.0
M1PD,0.0
MACACI,0.0
MACCOAT,0.0
MAK,0.0
MAL6PG,0.0
MALEI,0.0
MALS,0.0
MALT,0.011428836706776494
MALTHPabc,0.0
MALTHXabc,0.0
MALTHXabcpp,0.0
MALTHXtexi,0.0
MALTT,0.0
MALTTRabc,0.0
MALTTTRabc,0.0
MALTabc,0.0
MALTabcpp,0.0
MALTpts,0.0
MALTptspp,0.0
MALTt2,0.0
MALTtexi,0.0
MAN1PT,0.0
MAN1PT2,0.0001443034937724306
MAN6PI,-0.0001443034937724306
MANAO,0.0
MANpts,0.0
MANptspp,0.0
MANt2,0.0
MANtex,0.0
MB2CFO,0.0
MBCOAi,0.0
MCCC,0.0
MCD,0.0
MCITD,0.0
MCITL2,0.0
MCITS,0.0
MCPST,0.0
MCSNAH,0.0
MCSNtex,0.0
MCSNtpp,0.0
MCTP1App,0.00059841
MCTP1Bpp,0.0
MCTP2App,2.0189999999999998e-05
MDDCP1pp,0.00016344
MDDCP2pp,2.0189999999999998e-05
MDDCP3pp,0.00020178
MDDCP4pp,0.00020178
MDDCP5pp,0.0
MDDEP1pp,0.0
MDDEP2pp,0.0
MDDEP3pp,0.0
MDDEP4pp,0.0
MDH,0.01406315354286408
MDNTHAep,0.0
ME1,0.0
ME2,0.0
MECDPDH2,0.0
MECDPDH3_syn,0.0
MECDPDH4E,0.00012711
MECDPDH_syn,0.0
MECDPS,0.00012711
MELIBabc,0.0
MELIBt3ipp,0.0
MELIBtex,0.0
MEPCT,0.00012711
METAT,2.6759999999999998e-05
METDabc,0.0
METOX1s,0.0
METOX2s,0.0
METS,0.0057197595772532145
METSOXR1,0.0
METSOXR2,0.0
METSR_R1,0.0
METSR_S1,0.0
METSRabc,0.0
METSabc,0.0
METabc,0.0
METabcpp,0.0
METt3pp,0.0
MG2tex,0.00024759
MG2tpp,0.00024759
MG2uabcpp,0.0
MGCH,0.0
MGSA,0.0
MGt2pp,0.0
MI1PP,1.9862813874949037e-05
MI1PS,1.9862813874949037e-05
MICITDr,0.0
MLDCP1App,1.8149999999999997e-05
MLDCP1Bpp,4.035e-05
MLDCP2App,0.0
MLDCP2Bpp,0.0
MLDCP3App,0.0
MLDEP1pp,0.0
MLDEP2pp,0.0
MLTG1,0.0
MLTG2,0.0
MLTG3,0.0
MLTG4,0.0
MLTG5,0.0
MLTG6,0.0
MLTGY1pp,0.0
MLTGY2pp,0.0
MLTGY3pp,0.0
MLTGY4pp,0.0
MMCD,0.0
MME,0.0
MMM,0.0
MMM2,0.0
MMSAD1,0.0
MMSAD3,0.0
MMTSAO,0.0
MN2t3pp,0.0
MNLpts,0.0
MNNH,0.0
MNabc,1.9739999999999997e-05
MNabc_1,0.0
MNt2,0.0
MNt2pp,0.0
MOAT,0.00058368
MOAT2,0.00058368
MOBDabc,2.1e-07
MOBDabc_rev,0.0
MOBDabcpp,0.0
MOBDtex,0.0
MOHMT,1.9862813874949037e-05
MOTH1,0.0
MOTS1,0.0
MPTG,0.00082038
MPTG2,2.0189999999999998e-05
MSO3abc,0.0
MS_1,0.0
MTHFC,0.006865757140903851
MTHFD,0.006865757140903851
MTHFR2,0.005726449577253215
MTI,0.011428836706776494
MUCCYCI,0.0
MUCCY_kt,0.0
MUCLI,0.0
MXYLt5,0.0
MXYLt6,0.0
M_XYLtpp,0.0
M_Xylt1,0.0
NACHY,0.0
NACODA,0.0
NADDP,0.0
NADH10,0.0
NADH5,12.821752930259562
NADH9,0.0
NADHHR,0.0
NADHPO,0.0
NADHXD,0.0
NADHXE,0.0
NADK,1.3409999999991484e-05
NADPHHR,0.0
NADPHQR2,0.0
NADPHXD,0.0
NADPHXE,0.0
NADS1,6.837000000000775e-05
NADS2,0.0
NADTRHD,0.0
NAMNPP,0.0
NAPRT,-1.5069426662160781e-05
NARK,0.0
NAabc,0.0
NAabcO,0.0
NAt3_2pp,0.0
NAt3pp,0.0
NBAHH_ir,0.0
NCBMPTSabcpp,0.0
NCBMPTStex,0.0
NDPK1,0.005174420767661886
NDPK2,0.017309479067538797
NDPK3,0.0
NDPK4,0.000401024263015074
NDPK5,0.0
NDPK6,0.0
NDPK7,0.0
NDPK8,0.0
NDPK9,0.0
NFMLDF,0.0
NH3c,0.0
NH4OHDs,0.0
NH4t,0.0
NH4t3pp,0.0
NH4tex,0.32571539963962104
NH4tpp,0.32571539963962104
NH4tpp_1,0.0
NI2abcpp,0.0
NI2t3pp,0.0
NI2t4pp,0.0
NI2tpp,0.0
NI2uabcpp,0.0
NITR,0.0
NMNDA,0.0
NMNR,0.0
NMO,0.0
NNAM,0.0
NNATr,6.837000000000775e-05
NNDPR,8.343942666216853e-05
NO3R2,0.0
NO3abc,0.0
NO3abcpp,0.0
NO3tex,0.0
NODOx,0.0
NODOy,0.0
NONAtexi,0.0
NOR_syn_1,0.0
NOVBCNtex,0.0
NOVBCNtpp,0.0
NOt,0.0
NPHS,1.3379999999999999e-05
NTD1,0.0
NTD10,0.0
NTD12,0.0
NTD2,0.0
NTD3,0.0
NTD4,0.0
NTD5,0.0
NTD6,0.0
NTD7,0.0
NTD8,0.0
NTD9,0.0
NTP1,0.0
NTP3,0.0
NTP5,0.0
NTPP1,0.0
NTPP10,0.0
NTPP11,0.0
NTPP2,0.0
NTPP3,0.0
NTPP4,0.0
NTPP5,0.0
NTPP6,0.0
NTPP7,0.0
NTPP8,0.0
NTPP9,0.0
NTPTP1,0.0
NTR3B,0.0
NTRIR2x,0.0
NTRIR2y,0.0
NTRIRx,0.0
NTRIRy,0.0
O2tex,6.554738180388085
O2tpp,6.554738180388123
OAADC,0.0
OARGDC,0.0
OCBT,0.01945548239812947
OCBT_1,-0.010933889014968091
OCDCAtexi,0.0
OCDCEAtexi,0.0
OCOAT1,0.0
OCOAT2r,0.0
OCOAT4,0.0
OCTAtex,0.0
OCTDPS,1.3379999999999999e-05
ODH2E,0.0
OGDE1,0.0
OHEDH,0.0
OHPBAT,6.6899999999999995e-06
OIVD1r,0.0
OIVD2,0.0
OIVD2E,0.0
OIVD3,0.0
OMCDC,0.02205705978060804
OMPDC,0.0013913823607623018
OP4ENH,0.0
OPAH,0.0
OPETDC,0.0
OPHBDC,0.0
OPHHX,0.0
OPTCCL,0.0
ORNCD_1,0.010933889014968091
ORNDC,0.0009981
ORNTA,0.0
ORNTAC,0.020453582398129472
ORNabcpp,0.0
ORNtex,0.0
ORPT,-0.0013913823607623018
OXCDC,4.0139999999998935e-05
OXCOAHDH,0.0
OXDHCOAT,0.0
OXFOt4pp,0.0
OXGDC,0.0
OXOADLR,0.0
OXOAEL,0.0
OXPTNDH,0.0
P5CD,0.0
P5CR,0.0
P5CRx,0.0
P9DH,1.3379999999999999e-05
PA120abcpp,0.0
PA140abcpp,0.0
PA141abcpp,0.0
PA160abcpp,0.0
PA161abcpp,0.0
PA180abcpp,0.0
PA181abcpp,0.0
PACALtabcpp,0.0
PACCOAE,0.0
PACCOAL,0.0
PACPT_1,-0.33083446246577985
PACt3,0.0
PALDH,0.0
PANTS,1.9862813874949037e-05
PAPA120pp,0.0
PAPA140pp,0.0
PAPA141pp,0.0
PAPA160pp,0.0
PAPA161pp,0.0
PAPA180pp,0.0
PAPA181pp,0.0
PAPPT3,0.00166095
PAPSR,0.0
PAPSR2,0.0
PBUTT,0.0
PC,0.0
PCADYOX,0.0
PCNO,0.0
PDC,-0.04712336910913613
PDE1,0.0
PDE4,0.0
PDH,0.006616033520526622
PDHa,0.0
PDHcr,0.0
PDX5POi,6.6899999999999995e-06
PDX5PS,6.6899999999999995e-06
PE160abcpp,0.00132492
PE161abcpp,0.0006318
PE181abcpp,0.00053112
PEALtabc,0.0
PEALtex,0.0
PEAMNO,0.0
PEAMNtex,0.0
PEAOpp,0.0
PEAtabcpp,0.0
PENTSOtex,0.0
PEPCK_re,0.0
PERD,6.6899999999999995e-06
PFOR,0.002031156214427478
PG120abcpp,0.0
PG140abcpp,0.0
PG141abcpp,0.0
PG160abcpp,0.07868553417793393
PG161abcpp,0.06691769488007822
PG180abcpp,0.0001880143536970485
PG181abcpp,0.0
PGAMT,-0.00448926
PGCD,0.0
PGI,-0.02305069622742794
PGI1c,0.0
PGK,2.6617626236639067
PGL,0.0
PGLYCP,0.0
PGM,-0.41071007228784384
PGMT,-0.011601996706776495
PGP120abcpp,0.0
PGP140abcpp,0.0
PGP141abcpp,0.0
PGP160abcpp,0.0
PGP161abcpp,0.0
PGP180abcpp,0.0
PGP181abcpp,7.08e-05
PGPP120pp,0.0
PGPP140pp,0.0
PGPP141pp,0.0
PGPP160,0.14560322905801215
PGPP160pp,0.0
PGPP161pp,0.0
PGPP180pp,0.0
PGPP181,0.0
PGPP181pp,7.08e-05
PGSA120,0.0
PGSA140,0.0
PGSA141,0.0
PGSA160,0.14560322905801215
PGSA161,0.0
PGSA180,0.0
PGSA181,7.08e-05
PHCD,0.0
PHEDCAtexi,0.0
PHEHPAtexi,0.0
PHEHXAtexi,0.0
PHEME2abcpp,0.0
PHEMEabcpp,0.0
PHEMEtonex,0.0
PHENONAtexi,0.0
PHEOCTAtexi,0.0
PHEOR,0.0
PHEPTtexi,0.0
PHER,0.0
PHET,0.0
PHETA1,-0.007984083555637634
PHEabc,0.0
PICH,0.0
PIuabcpp,7.08e-05
PLIPA1E160,0.0
PLIPA1E161pp,0.0
PLIPA1E181pp,0.0
PLIPA1G120pp,0.0
PLIPA1G140pp,0.0
PLIPA1G141pp,0.0
PLIPA1G160pp,0.07819092417793393
PLIPA1G161pp,0.06653297488007821
PLIPA1G180pp,0.0001880143536970485
PLIPA1G181pp,0.0
PLIPA2A181pp,0.0
PLIPA2E181pp,0.0
PLIPA2G181pp,0.0
PMANM,-0.0001443034937724306
PMDPHT,1.5008656156187587e-05
PMPK,7.084629205006311e-06
PNCDC,0.0
PNCDC_1,0.0
PNTK,1.728000000002072e-05
PPA,0.0
PPA2,0.0
PPAKr,0.0
PPAP_Et,0.0
PPA_1pp,0.1709958061089752
PPBNGS,8.028e-05
PPC,0.3740111566990632
PPCDC,1.728000000002072e-05
PPCK,0.0
PPCOAC,0.0
PPCSCT,0.016787831305272703
PPDK,0.0
PPDOy,0.0
PPGPPDP,0.0
PPK,0.0
PPK2,0.0
PPM,0.0
PPNCL2,1.728000000002072e-05
PPND,0.0059170671799740615
PPNDH,0.007997463555637635
PPNDH2,0.0
PPOR,0.0
PRAGSr,0.0018107416001205386
PRAIS,0.0018107416001205386
PRAIi,0.0029944066879836434
PRAMPC,0.003370763796746354
PRASCSi,0.0018036569709155323
PRATPP,0.003370763796746354
PRFGS,0.0018107416001205386
PRFGS_1,0.0
PRMICI,0.003370763796746354
PROD2,0.0
PROD3,0.0
PROGLYabcpp,0.0
PROGLYtex,0.0
PROR,0.0
PROabc,0.0
PROabcpp,0.0
PROt2r,0.0
PROt2rpp,0.0
PROtex,0.0
PRPPS,0.009635664445612846
PSCVT,0.01693530279439033
PSD160,0.0041173799999999995
PSD181,0.00053112
PSERT,0.0
PSP_L,0.0
PSSA160,0.0041173799999999995
PSSA181,0.00053112
PSUDS,0.0
PTA2,0.0
PTAr,-0.22755132000062417
PTAtex,0.0
PTHRP,0.0
PTPATi,1.728000000002072e-05
PTRCTA,0.0
PTRCTA2,0.0
PTRCabc,0.0
PTRCabcpp,0.0
PTSLAtexi,0.0
PUNP6,0.0
PUTA3,0.0
PXYLt5,0.0
PXYLt6,0.0
PY5CCR,0.0
PY5CCR2,0.0
PYAM5PO,0.0
PYDAMK,0.0
PYDAMtex,0.0
PYDAMtpp,0.0
PYDXK,3.3449999999999997e-06
PYDXNK,0.0
PYDXNO,0.0
PYDXNtr,0.0
PYDXO,-3.3449999999999997e-06
PYK,0.0
PYOVD2tex,0.0
PYRDOX,0.0
PYRZAM,0.0
P_XYLtpp,0.0
P_Xylt1,0.0
QMO3,0.0
QUIN2tpp,0.0
QUINtpp,0.0
QULNS,8.343942666216853e-05
RAFFabc,0.0
RAFH,0.0
RBFK,6.689999999999999e-06
RBFSa,3.0017312312375174e-05
RBFSb,1.5008656156187587e-05
RBP4E,-0.000900473793897381
RECOAH10,0.0
RECOAH11,0.0
RECOAH12,0.0
RECOAH13,0.0
RECOAH14,0.0
RECOAH15,0.0
RECOAH16,0.0
RECOAH17,0.0
RECOAH19,0.0
RECOAH2,0.0
RECOAH20,0.0
RECOAH21,0.0
RECOAH22,0.0
RECOAH23,0.0
RECOAH24,0.0
RECOAH25,0.0
RECOAH26,0.0
RECOAH3,0.0
RECOAH4,0.0
RECOAH5,0.0
RECOAH6,-0.00233472
RECOAH7,0.0
RECOAH8,0.0
RECOAH9,0.0
REPHACCOAI,0.0
RHA142tex,0.0
RHA142tpp,0.0
RHA40tex,0.0
RHA50tex,0.0
RHA50tpp,0.0
RHA70tex,0.0
RHA70tpp,0.0
RHA90tex,0.0
RHA90tpp,0.0
RHACOAE100,0.0
RHACOAE120,0.0
RHACOAE121,0.0
RHACOAE121d6,0.0
RHACOAE140,0.0
RHACOAE141,0.0
RHACOAE141d5,0.0
RHACOAE142,0.0
RHACOAE160,0.0
RHACOAE50,0.0
RHACOAE60,0.0
RHACOAE70,0.0
RHACOAE80,0.0
RHACOAE90,0.0
RHACOAEP100,0.0
RHACOAEP101,0.0
RHACOAEP40,0.0
RHACOAEP50,0.0
RHACOAEP60,0.0
RHACOAEP70,0.0
RHACOAEP80,0.0
RHACOAEP90,0.0
RHACOAET40,0.0
RHACOAET60,0.0
RHACOAR100,0.0
RHACOAR101,0.0
RHACOAR120,0.0
RHACOAR121d5,0.0
RHACOAR121d6,0.0
RHACOAR140,0.0
RHACOAR141d5,0.0
RHACOAR141d7,0.0
RHACOAR142,0.0
RHACOAR60,0.0
RHACOAR70,0.0
RHACOAR80,0.0
RHACOAR90,0.0
RHACOARP100,0.0
RHACOARP40,0.0
RHACOARP50,0.0
RHACOARP60,0.0
RHACOARP70,0.0
RHACOARP80,0.0
RHACOARP90,0.0
RHACOART60,0.0
RHAP100tex,0.0
RHAP100tpp,0.0
RHAP40tex,0.0
RHAP40tpp,0.0
RHAP70tex,0.0
RHAP70tpp,0.0
RHAP80tex,0.0
RHAP80tpp,0.0
RHAP90tex,0.0
RHAP90tpp,0.0
RIBabc,0.0
RIBabc1,0.0
RIBabcpp,0.0
RIBtex,0.0
RMN_Et,0.0
RMNabc,0.0
RNDR1,0.0
RNDR1b,0.0
RNDR2,0.0
RNDR2b,0.0
RNDR3,0.0
RNDR3b,0.0
RNDR4,0.0
RNDR4b,0.0
RNTR1c,0.000444989392052166
RNTR2c,0.000720164076617757
RNTR3c,0.000464978482742481
RNTR4c,0.000401024263015074
RPE,-1.0368422115142235
RPI,0.5007646818112524
SADT,0.0
SADT2,0.0
SALADC2,0.0
SALCHS4FER1,0.0
SALCHS4FEabcpp,0.0
SALCHS4FEtonex,0.0
SALCHS4abcpp,0.0
SALCHS4tex,0.0
SAOR,0.0
SARCOX,0.0
SARCOX2,0.0
SBTD_D2,0.0
SBTPD,0.0
SBTpts,0.0
SBTt2,0.0
SDPDS,0.0165975713052727
SDPTA,-0.0165975713052727
SELADT,0.0
SELCYSLY3,0.0
SELTt,0.0
SELabcpp,0.0
SELtex,0.0
SELtpp,0.0
SERAT,0.0031263940210463437
SERD_L,0.09286527467374414
SERabc,0.0
SERabcpp,0.0
SERtex,0.0
SHCHD2,6.6899999999999995e-06
SHCHF,6.6899999999999995e-06
SHEME2abcpp,0.0
SHEMEtonex,0.0
SHK3Dr,0.01693530279439033
SHKK,0.01693530279439033
SHSL1,0.0
SHSL2r,0.0
SLNTabcpp,0.0
SLNTtex,0.0
SLNTtpp,0.0
SO3abcpp,0.0
SO3tex,0.0
SO4t2,0.0
SO4t2pp,0.008949863598299558
SO4t4pp_1,0.0
SO4tex,0.008949863598299558
SPMDabc,0.0
SPMDabcpp,0.0
SPMDt3pp,0.0
SPODM,0.0
SPT_syn,0.0
SPTc,0.0
SSALx,0.0
SSALy,0.0
SSCOARy,0.0
SUCBZT1,1.3379999999999999e-05
SUCD1,0.0
SUCD4,0.0
SUCDi,0.0012979417874244702
SUCOAS,0.0
SUCR,0.0
SUCRabcpp_syn,0.0
SUCRt2,0.0
SUCRtex,0.0
SUCpts,0.0
SUCptspp,0.0
SULR,0.0
SULR_1,0.0
SULabc,0.0
SULabcpp,0.0
Sulfurt,0.0
T2ECR,0.0
TALA,-0.5104003462568653
TARTR_D_Et,0.0
TAUDO,0.0
TAURabc,0.0
TCYNTtex,0.0
TCYNTtpp,0.0
TDSK,0.00058368
TETDHpp2,0.0
TETtex,0.0
THD2pp,0.0
THDPS,0.0165975713052727
THFAT,0.0
THIORDXi,0.0
THRA,0.26468124551146077
THRA2,0.0
THRD,0.0
THRD_L,0.010177447247241397
THRPDC,0.0
THRS,0.28732721173835046
THRabc,0.0
THRabcpp,0.0
THRt2pp,0.0
THZPSN,7.084629205006311e-06
THZSN_1,0.0
TKT1,-0.5104003462568653
TKT2,-0.5273423390512556
TMDK1,0.0
TMDS,0.000401024263015074
TMPK,6.690000000000168e-06
TMPPP,7.084629205006311e-06
TNTHAC1,0.0
TNTHAC2,0.0
TNTR1,0.0
TNTR2,0.0
TNTR3,0.0
TNTR4,0.0
TNTep,0.0
TNTtex,0.0
TNTtpp,0.0
TOLt5,0.0
TOLt6,0.0
TOLt7,0.0
TOLtex,0.0
TOLtpp,0.0
TPI,-1.0718468616421084
TRDR,0.0
TRE6PH,0.0
TRE6PP,0.011428836706776494
TRE6PS,0.011428836706776494
TREHpp,0.0
TREabc,0.0
TREpts,0.0
TREptspp,0.0
TREtex,0.0
TRPS1,0.0029944066879836434
TRPS2,0.0
TRPS3,0.0
TRPTA,0.0
TRPabc,0.0
TRSARr,0.0
TRSARyr,0.0
TSULabc,0.0
TSULabcpp,0.0
TTDCAtexi,0.0
TTDCEAtexi,0.0
TTRCYCt2pp,0.0
TTRCYCt5,0.0
TTRCYCt7pp,0.0
TTRCYCtex,0.0
TTRCYCtpp,0.0
TYRL,0.0
TYRTA,-0.0059170671799740615
TYRTAi,0.0
TYRabc,0.0
U23GAAT,0.00116736
UAAGDS,0.00166095
UAG2EMA,0.0
UAGAAT,0.00116736
UAGCVT,0.00166095
UAGCVT_1,0.0
UAGDP,0.0
UAGDP_1,0.00448926
UAGPT3,0.00166095
UAMAGS,0.00166095
UAMAS,0.00166095
UAPGR,0.00166095
UDCPDP,0.00166095
UDPACGLP,0.0
UDPG4E,0.00017316
UGLYCH,0.0
UGMDDS,0.00166095
UHBZ1t_pp,0.0
UHGADA,0.00116736
UM4PCP,0.0
UM4PL,0.0
UMPK,0.003636012360762302
UNK5,0.0
UPP3MT,6.6899999999999995e-06
UPP3S,2.007e-05
UPPDC1,1.3379999999999999e-05
URATEtex,0.0
URATEtpp,0.0
URAt2pp,0.0
URAtpp,0.0
UREA,0.0
UREASE,0.0
UREA_1,0.0
UREAabcpp,0.0
UREAtex,0.0
UREAtpp,0.0
URIC,0.0
URIDK2r,0.0
USHD,0.00058368
UUPP,0.0
VACCtex,0.0
VACOAI,0.0
VACOAI_2,0.0
VALabc,0.0
VALabcpp,0.0
VALt3pp,0.0
VANLNtex,0.0
VCACT,0.0
VCOAD,0.0
VECOAH,0.0
VNDH,0.0
VNDH_2,7.084629205006311e-06
VNLNpp,0.0
VNTDM,0.0
VPAMTr,0.01486899926741174
X5PL3E,0.0
XAND,0.0
XANt2pp,0.0
XANtpp,0.0
XTSNH,0.0
XYLabc,0.0
XYLt,0.0
XYLt2,0.0
YUMPS,0.0
ZN2abcpp,0.0
ZN2t3pp,0.0
ZN2t4,0.0055707
ZN2t4pp,0.0
ZN2t5,0.0
ZN2t6,0.0
ZN2tpp,0.0
ilvg,0.010177447247241397
pentso3abcpp,0.0
r2465_1,-0.00558042
sink_2ohph_c,0.0
sink_4crsol_c,0.0
sink_hemeO_c,0.0
ATPM,15.430679000000001
GLCNtex,0.0
H2SO,-0.008826083598299558
N2OR,0.0
N2tex,0.0
N2trpp,0.0
NHFRBO,0.0
PHPYROX,1.3379999999999999e-05
PIt2r,0.00954128765085453
CHRPL,-7.084629205006311e-06
SUCCt2r,0.0
5DH4DGLCD,0.0
ETOHt,0.0
RBPC,1.5362363479758754
SBP,0.0
PRUK,1.5362363479758754
PROHEXADECA,0.0014980371041027698
PROHEXADECE,0.0002109983371961292
PROOCTADECE,0.00395936219375295
PROOCTADECA,0.0002152190654132667
DGAK,0.01933666816550568
GalMr_2,-0.01933666816550568
UGLT,-0.00017316
GALKr,-0.00017316
XYLI1,-0.0001731680372879577
AL4D,0.0001731680372879577
ALDR,0.0001731680372879577
ARABDI,-0.0001731680372879577
RU5PP,0.0001731680372879577
GDPMNH,0.0001443034937724306
RBK_L1,0.000900473793897381
ARAI,0.000900473793897381
NACEGLUA,0.0
THMP,3.9462920500614296e-07
STEA_9_DESA,0.0001880143536970485
OLEO_12_DESA,0.0001880143536970485
LINO_6_DESA,1.0925764871590529e-05
FACOAE1836Z9Z12Z,1.0925764871590529e-05
NIT,0.0
FERHYD,-16.709641002176564
CYTHYD,0.0
Growth,0.03
CE_12DGR120tipp_Enzyme_12DGR120tipp,0.0
CE_12DGR140tipp_Enzyme_12DGR140tipp,0.0
CE_12DGR141tipp_Enzyme_12DGR141tipp,0.0
CE_12DGR160tipp_Enzyme_12DGR160tipp,0.0
CE_12DGR161tipp_Enzyme_12DGR161tipp,0.0
CE_12DGR180tipp_Enzyme_12DGR180tipp,0.0
CE_12DGR181tipp_Enzyme_12DGR181tipp,0.0
CE_12PPDRDH_Enzyme_12PPDRDH_4,0.0
CE_13PPDH_Enzyme_AAFOLC_10300,0.0
CE_1P2CBXLR_Enzyme_1P2CBXLR_1,0.0
CE_1PY4h3cAH_Enzyme_1PY4h3cAH,0.0
CE_25DKGLCNt2rpp_Enzyme_25DKGLCNt2rpp,0.0
CE_2AGPE161tipp_Enzyme_2AGPE161tipp,0.0
CE_2AGPE181tipp_Enzyme_2AGPE181tipp,0.0
CE_2AGPG120tipp_Enzyme_2AGPG120tipp,0.0
CE_2AGPG140tipp_Enzyme_2AGPG140tipp,0.0
CE_2AGPG141tipp_Enzyme_2AGPG141tipp,0.0
CE_2AGPG160tipp_Enzyme_2AGPG160tipp,0.07819092417793393
CE_2AGPG161tipp_Enzyme_2AGPG161tipp,0.06653297488007821
CE_2AGPG180tipp_Enzyme_2AGPG180tipp,0.0001880143536970485
CE_2AGPG181tipp_Enzyme_2AGPG181tipp,0.0
CE_2AGPGAT120_Enzyme_2AGPGAT120,0.0
CE_2AGPGAT140_Enzyme_2AGPGAT140,0.0
CE_2AGPGAT141_Enzyme_2AGPGAT141,0.0
CE_2AGPGAT180_Enzyme_2AGPGAT180,0.0001880143536970485
CE_2DGLCNRx_Enzyme_AAFOLC_20345,0.0
CE_2DGLCNRy_Enzyme_AAFOLC_20345,0.0
CE_2DGULRGx_Enzyme_AAFOLC_20345,0.0
CE_2DGULRGy_Enzyme_AAFOLC_20345,0.0
CE_2DGULRx_Enzyme_AAFOLC_20345,0.0
CE_2DGULRy_Enzyme_AAFOLC_20345,0.0
CE_2DHPFALDL_A7IF97,0.0
CE_2HH24DDH_Enzyme_AAFOLC_18640,0.0
CE_2HH24DDH1_Enzyme_AAFOLC_18640,0.0
CE_2PGLYCt6_Enzyme_2PGLYCt6,0.0
CE_34DHPACDO_Enzyme_34DHPACDO_1,0.0
CE_3A2OA_Enzyme_AAFOLC_10795,-1.9862813874949037e-05
CE_3AIBT2_Enzyme_AAFOLC_10325,0.0
CE_3CMPt6_Enzyme_3CMPt6,0.0
CE_3HAACOAT140_Enzyme_3HAACOAT140,-0.00233472
CE_3HACPH_Enzyme_3HACPH,0.0
CE_3HAD140_A7IBC0,0.0
CE_3HAD140_A7INQ6,0.0
CE_3HAD40_A7IBC0,0.0
CE_3HAD40_A7INQ6,0.0
CE_3HBCOAHL_A0A974PLH4,0.0
CE_3HOXTPP_A7IJZ4,0.0
CE_3NUCLE3_Enzyme_AAFOLC_07175,0.0
CE_3NUCLE4_Enzyme_AAFOLC_07175,0.0
CE_3OADPCOAT_A0A974SK62_A7IEC6,0.0
CE_3OAR40_A0A974SL76,0.0
CE_3OAR40_A7IER5,0.0
CE_3OAR40_A7IK02,0.0
CE_3OAR40_Enzyme_AAFOLC_02595,0.0
CE_3OAR40_Enzyme_AAFOLC_07995,0.0
CE_3OXCOAT_A7IEC8,0.0
CE_3OXCOAT_A7IJZ5,0.0
CE_3PEPTabcpp_A7IIN3,0.0
CE_3PEPTabcpp_A7IIN4,0.0
CE_3PEPTabcpp_A7IIN5,0.0
CE_3PEPTabcpp_Enzyme_AAFOLC_03585,0.0
CE_3PEPTabcpp_Enzyme_AAFOLC_10565,0.0
CE_3SALATAi_Enzyme_AAFOLC_04000,0.0
CE_3_4DHBZ1t_pp_Enzyme_AAFOLC_04680,0.0
CE_3_4DHBZt2_Enzyme_3_4DHBZt2,0.0
CE_4ABUTD_A7IC81,0.0
CE_4ABUTD_Enzyme_AAFOLC_16740,0.0
CE_4ABUTD_Enzyme_AAFOLC_20965,0.0
CE_4ABUTabcpp_Enzyme_AAFOLC_02605,0.0
CE_4ABZt_Enzyme_4ABZt,0.0
CE_4CMLCL_kt_Enzyme_AAFOLC_16940,0.0
CE_4H2KPILY_Enzyme_AAFOLC_18675,0.0
CE_4HBADH_Enzyme_4HBADH,7.084629205006311e-06
CE_4HBAt_Enzyme_4HBAt,0.0
CE_4HBZt3pp_Enzyme_4HBZt3pp,0.0
CE_4HDPROO_Enzyme_4HDPROO,0.0
CE_4HOXPACMOF_A7IC92,0.0
CE_4HOXPACMOF_1_A7IC92,0.0
CE_4HOXPACMON_A7IC92,0.0
CE_4HOXPACt2pp_1_Enzyme_4HOXPACt2pp_1,0.0
CE_4HPRODCabcpp_Enzyme_AAFOLC_18310,0.0
CE_4HPROE_Enzyme_4HPROE,0.0
CE_4HPROLTabcpp_Enzyme_AAFOLC_18310,0.0
CE_4HPRO_LT_Et_Enzyme_4HPRO_LT_Et,0.0
CE_4HPTNCOAK_Enzyme_4HPTNCOAK,0.0
CE_4HTHRK_Enzyme_4HTHRK_2,0.0
CE_4HTHRS_A7IL60,0.0
CE_4OXPTCOADHx_Enzyme_AAFOLC_03765,0.0
CE_4OXPTCOADHy_Enzyme_AAFOLC_03765,0.0
CE_4PEPTabcpp_A7IIN3,0.0
CE_4PEPTabcpp_A7IIN4,0.0
CE_4PEPTabcpp_A7IIN5,0.0
CE_4PEPTabcpp_Enzyme_AAFOLC_03585,0.0
CE_4PEPTabcpp_Enzyme_AAFOLC_10565,0.0
CE_4POPCOAM_A0A974PPA0,0.0
CE_4POPCOAM2_A0A974PPA0,0.0
CE_4POPCOAM3_A0A974PPA0,0.0
CE_5DGLCNR_A7ICI3,15.09128278934659
CE_5DH4DGLCD_Enzyme_5DH4DGLCD_4,0.0
CE_5DKGR_A7ICI3,15.09128278934659
CE_5DOAN_Enzyme_5DOAN,0.0
CE_6HNACMO_Enzyme_AAFOLC_10815,0.0
CE_A5PISO_A7IGJ7,0.00116736
CE_A5PISO_Enzyme_AAFOLC_16430,0.0
CE_A6PAG_Enzyme_A6PAG,0.0
CE_A6PAG2_Enzyme_A6PAG2,0.0
CE_AAAN_A0A974PU59,0.0
CE_AACLAM_A0A974PQF0,0.0
CE_AACOAR_syn_Enzyme_AAFOLC_08105,0.0
CE_AACPS3_Enzyme_AACPS3_6,0.14972060905801216
CE_AACPS5_Enzyme_AACPS5,0.00120384
CE_AACT_A7IBL6,-0.0026877335281298206
CE_AACTOOR_Enzyme_AACTOOR_1,0.0
CE_AADa_A7IFD4,0.0
CE_AADb_A7IFD4,0.0
CE_AALDH_Enzyme_AAFOLC_20975,0.0
CE_AASAD3_Enzyme_AAFOLC_16305,0.0026877335281298206
CE_AATA_Enzyme_AATA_2,-0.0026877335281298206
CE_ABFPT2_Enzyme_ABFPT2,0.0
CE_ABTA_A7IEM4,0.0
CE_ABTA_Enzyme_AAFOLC_10795,0.0
CE_ABTt_Enzyme_ABTt,0.0
CE_ABUTD_A7IC81,0.0
CE_ABUTD_A7IIX2,0.0
CE_ABUTD_Enzyme_AAFOLC_08760,0.0
CE_ABUTD_Enzyme_AAFOLC_10255,0.0
CE_ABUTD_Enzyme_AAFOLC_16740,0.0
CE_ABUTD_Enzyme_AAFOLC_20965,0.0
CE_ACACT1r_A7IEC8,0.0
CE_ACACT1r_A7IJZ5,0.0
CE_ACACT1r_Enzyme_AAFOLC_04670,0.0
CE_ACACT1r_Enzyme_AAFOLC_07790,0.0
CE_ACACT1r_Enzyme_AAFOLC_08035,0.0
CE_ACACT1r_Enzyme_AAFOLC_10505,0.0
CE_ACACT1r_Enzyme_AAFOLC_12210,0.0
CE_ACACT2r_A7INS0,0.0
CE_ACACT2r_Enzyme_AAFOLC_08035,0.0
CE_ACACT3r_A7INS0,0.0
CE_ACACT3r_Enzyme_AAFOLC_08035,0.0
CE_ACACT4r_A7INS0,0.0
CE_ACACT4r_Enzyme_AAFOLC_08035,0.0
CE_ACACT5r_Enzyme_AAFOLC_08035,0.0
CE_ACACT5r_1_A7INS0,0.0
CE_ACACT6r_Enzyme_AAFOLC_08035,0.0
CE_ACACT6r_1_A7INS0,0.0
CE_ACACT7r_A7INS0,0.0
CE_ACACT7r_Enzyme_AAFOLC_08035,0.0
CE_ACACT8r_Enzyme_AAFOLC_08035,0.0
CE_ACCOAC_A7ICM4,0.0
CE_ACCOAC_A7ICM4_Enzyme_AAFOLC_16750,0.14056488737131612
CE_ACCOAL_A7IFD4,0.3476222937710526
CE_ACGAMK_Enzyme_ACGAMK_2,0.0
CE_ACGAMPM_Enzyme_ACGAMPM_5,0.0
CE_ACGApts_A7IIM3,0.0
CE_ACGAptspp_A7IIM3,0.0
CE_ACGK_A7IB79,0.020453582398129472
CE_ACGS_A7III3,0.0
CE_ACHBS_A7IFE3,0.0
CE_ACHBS_A7IFE3_A7IFE4,0.0
CE_ACHBS_Enzyme_AAFOLC_07030,0.0
CE_ACHBS_Enzyme_AAFOLC_18280,0.0
CE_ACHBS_Enzyme_AAFOLC_19745,0.0
CE_ACHBS2_Enzyme_AAFOLC_18280_Enzyme_AAFOLC_19745,0.0
CE_ACKr_Enzyme_AAFOLC_10190,0.0
CE_ACKr_Enzyme_AAFOLC_15495,0.22755132000062417
CE_ACLS_A7IFE3,0.0
CE_ACLS_A7IFE3_A7IFE4,0.0
CE_ACLS_Enzyme_AAFOLC_07030,0.0
CE_ACLS_Enzyme_AAFOLC_07145,0.0
CE_ACLS_Enzyme_AAFOLC_08635,0.0
CE_ACLS_Enzyme_AAFOLC_18280,0.0
CE_ACLS_Enzyme_AAFOLC_19745,0.0
CE_ACLS_b_Enzyme_AAFOLC_07030,0.010177447247241397
CE_ACLS_d_A0A974PTV5,0.0
CE_ACLS_d_Enzyme_AAFOLC_02020,0.0
CE_ACLSa_1_Enzyme_AAFOLC_18280_Enzyme_AAFOLC_19745,0.0
CE_ACLSb_A0A974PTV5,0.0
CE_ACLSb_A7IFE3,0.0
CE_ACLSb_Enzyme_AAFOLC_02020,0.04712336910913613
CE_ACLSb_1_Enzyme_AAFOLC_18280_Enzyme_AAFOLC_19745,0.0
CE_ACM6PH_Enzyme_ACM6PH_4,0.0
CE_ACMANApts_A7IIM3,0.0
CE_ACNAMt2_A0A974SIV8,0.0
CE_ACNML_Enzyme_ACNML_4,0.0
CE_ACOAD1_Enzyme_AAFOLC_10690,0.0
CE_ACOAD10f_Enzyme_ACOAD10f,0.0
CE_ACOAD11f_Enzyme_ACOAD11f,0.0
CE_ACOAD12f_A7INS2,0.0
CE_ACOAD13f_A7INS2,0.0
CE_ACOAD14f_A7INS2,0.0
CE_ACOAD15f_A7INS2,0.0
CE_ACOAD16f_A7INS2,0.0
CE_ACOAD17f_A7INS2,0.0
CE_ACOAD18f_A7INS2,0.0
CE_ACOAD19f_A7INS2,0.0
CE_ACOAD1f_Enzyme_AAFOLC_00800,0.0
CE_ACOAD1f_Enzyme_AAFOLC_07155,0.0
CE_ACOAD1f_Enzyme_AAFOLC_07800,0.0
CE_ACOAD1f_Enzyme_AAFOLC_10525,0.0
CE_ACOAD1f_Enzyme_AAFOLC_10690,0.0
CE_ACOAD1f_Enzyme_AAFOLC_20905,0.0
CE_ACOAD1fr_Enzyme_AAFOLC_10690,0.0
CE_ACOAD2_Enzyme_AAFOLC_10690,0.0
CE_ACOAD20_Enzyme_AAFOLC_10690,0.0
CE_ACOAD20f_Enzyme_ACOAD20f,0.0
CE_ACOAD21f_Enzyme_ACOAD21f,0.0
CE_ACOAD22f_Enzyme_ACOAD22f,0.0
CE_ACOAD23f_Enzyme_ACOAD23f,0.0
CE_ACOAD29f_Enzyme_ACOAD29f,0.0
CE_ACOAD2f_A7INS2,0.0
CE_ACOAD2f_Enzyme_AAFOLC_00800,0.0
CE_ACOAD2f_Enzyme_AAFOLC_07155,0.0
CE_ACOAD2f_Enzyme_AAFOLC_07800,0.0
CE_ACOAD2f_Enzyme_AAFOLC_10525,0.0
CE_ACOAD2f_Enzyme_AAFOLC_10690,0.0
CE_ACOAD2f_Enzyme_AAFOLC_20905,0.0
CE_ACOAD3_Enzyme_AAFOLC_10690,0.0
CE_ACOAD30f_Enzyme_ACOAD30f,0.0
CE_ACOAD31f_Enzyme_ACOAD31f,0.0
CE_ACOAD32f_Enzyme_ACOAD32f,0.0
CE_ACOAD33f_Enzyme_ACOAD33f,0.0
CE_ACOAD3f_A7INS2,0.0
CE_ACOAD3f_Enzyme_AAFOLC_07155,0.0
CE_ACOAD3f_Enzyme_AAFOLC_07800,0.0
CE_ACOAD3f_Enzyme_AAFOLC_10525,0.0
CE_ACOAD3f_Enzyme_AAFOLC_10690,0.0
CE_ACOAD3f_Enzyme_AAFOLC_20905,0.0
CE_ACOAD4_1_Enzyme_AAFOLC_10690,0.0
CE_ACOAD4f_A7INS2,0.0
CE_ACOAD4f_Enzyme_AAFOLC_07155,0.0
CE_ACOAD4f_Enzyme_AAFOLC_07800,0.0
CE_ACOAD4f_Enzyme_AAFOLC_10525,0.0
CE_ACOAD4f_Enzyme_AAFOLC_10690,0.0
CE_ACOAD4f_Enzyme_AAFOLC_20905,0.0
CE_ACOAD5_1_Enzyme_AAFOLC_10690,0.0
CE_ACOAD5f_A7INS2,0.0
CE_ACOAD5f_Enzyme_AAFOLC_07155,0.0
CE_ACOAD5f_Enzyme_AAFOLC_07800,0.0
CE_ACOAD5f_Enzyme_AAFOLC_10525,0.0
CE_ACOAD5f_Enzyme_AAFOLC_10690,0.0
CE_ACOAD5f_Enzyme_AAFOLC_20905,0.0
CE_ACOAD6_Enzyme_AAFOLC_10690,0.00233472
CE_ACOAD6f_A7INS2,0.0
CE_ACOAD6f_Enzyme_AAFOLC_07155,0.0
CE_ACOAD6f_Enzyme_AAFOLC_07800,0.0
CE_ACOAD6f_Enzyme_AAFOLC_10525,0.0
CE_ACOAD6f_Enzyme_AAFOLC_10690,0.0
CE_ACOAD6f_Enzyme_AAFOLC_20905,0.0
CE_ACOAD7_Enzyme_AAFOLC_10690,0.0
CE_ACOAD7f_A7INS2,0.0
CE_ACOAD7f_Enzyme_AAFOLC_07155,0.0
CE_ACOAD7f_Enzyme_AAFOLC_07800,0.0
CE_ACOAD7f_Enzyme_AAFOLC_10525,0.0
CE_ACOAD7f_Enzyme_AAFOLC_10690,0.0
CE_ACOAD7f_Enzyme_AAFOLC_20905,0.0
CE_ACOAD8f_A7INS2,0.0
CE_ACOAD8f_Enzyme_AAFOLC_07155,0.0
CE_ACOAD8f_Enzyme_AAFOLC_07800,0.0
CE_ACOAD8f_Enzyme_AAFOLC_10525,0.0
CE_ACOAD8f_Enzyme_AAFOLC_10690,0.0
CE_ACOAD8f_Enzyme_AAFOLC_20905,0.0
CE_ACOADH2_Enzyme_AAFOLC_10690,0.0
CE_ACOAM_A0A974PQF0,0.0
CE_ACODA_A7III3,0.0
CE_ACODA_Enzyme_AAFOLC_12265,0.0
CE_ACODA_Enzyme_AAFOLC_14555,0.0
CE_ACODA_Enzyme_AAFOLC_14890,0.0
CE_ACONCt4pp_A7IEY8,0.0
CE_ACONCtupp_A7IEY8,0.0
CE_ACONT_A7IM33,0.04331914406276927
CE_ACONTa_A7IM33,0.0
CE_ACONTb_A7IM33,0.0
CE_ACOTA_A7IEM4,-0.020453582398129472
CE_ACOTA_Enzyme_AAFOLC_10795,0.0
CE_ACOXT_A7IPI6,0.0
CE_ACPPAT140_A7INL1,0.0
CE_ACPPAT160_A7INL1,0.0
CE_ACPPAT181_A7INL1,0.00060192
CE_ACPS_Enzyme_AAFOLC_06425,0.0
CE_ACS_A7IFD4,0.0
CE_ACS_A7IL63,0.0
CE_ACS_Enzyme_AAFOLC_16260,0.0
CE_ACS2_A0A974PQF0,0.0
CE_ACS2_A7II63,0.0
CE_ACS2_A7IL63,0.0
CE_ACSERL_Enzyme_ACSERL_2,0.0
CE_ACSPHAC100_Enzyme_ACSPHAC100,0.0
CE_ACSPHAC101_Enzyme_ACSPHAC101,0.0
CE_ACSPHAC120_Enzyme_ACSPHAC120,0.0
CE_ACSPHAC121_Enzyme_ACSPHAC121,0.0
CE_ACSPHAC121d6_Enzyme_ACSPHAC121d6,0.0
CE_ACSPHAC140_Enzyme_ACSPHAC140,0.0
CE_ACSPHAC141_Enzyme_ACSPHAC141,0.0
CE_ACSPHAC141d5_Enzyme_ACSPHAC141d5,0.0
CE_ACSPHAC160_Enzyme_ACSPHAC160,0.0
CE_ACSPHAC60_Enzyme_ACSPHAC60,0.0
CE_ACSPHAC80_Enzyme_ACSPHAC80,0.0
CE_ACSPHACP50_Enzyme_ACSPHACP50,0.0
CE_ACSPHACP60_Enzyme_ACSPHACP60,0.0
CE_ACSPHACT40_Enzyme_ACSPHACT40,0.0
CE_ACSPHACT60_Enzyme_ACSPHACT60,0.0
CE_ACS_1_A7IL63,0.0
CE_ACTD_A0A974SLD8,0.0
CE_ACTD2_A0A974PTV5,0.0
CE_ACTD2_A0A974PTV5_Enzyme_AAFOLC_17625,0.0
CE_ACTD_1_Enzyme_AAFOLC_07995,0.0
CE_ACTDa_A0A974SLD8,0.0
CE_ACTNabc_Enzyme_AAFOLC_02800,0.0
CE_ACTNabc1_Enzyme_AAFOLC_02800,0.0
CE_ACt4pp_A7II30,0.0
CE_ADA_A7IJY2,0.0
CE_ADADir_Enzyme_ADADir_2,0.0
CE_ADAPAT_A7IEM4,0.0
CE_ADCL_Enzyme_ADCL_4,2.6759999999998937e-05
CE_ADCPS1_Enzyme_AAFOLC_14580,0.0
CE_ADCPS2_Enzyme_AAFOLC_14580,0.0
CE_ADCS_A7INK4,2.6759999999998937e-05
CE_ADCS_A7INK4_Enzyme_AAFOLC_16655,0.0
CE_ADCS_Enzyme_AAFOLC_16655,0.0
CE_ADEt2rpp_Enzyme_AAFOLC_15620,0.0
CE_ADK1_A7IPP9,0.0
CE_ADK2_A7IPP9,0.0
CE_ADK3_A7IPP9,0.0
CE_ADK4_A7IPP9,0.0
CE_ADKd_A7IPP9,0.0
CE_ADNCYC_Enzyme_AAFOLC_03395,0.0
CE_ADNK1_A7IPP9,2.007e-05
CE_ADOCBIAH_Enzyme_ADOCBIAH_3,0.0
CE_ADOCBIK_Enzyme_AAFOLC_14565,0.0
CE_ADPGLC_Enzyme_ADPGLC_3,0.0
CE_ADPRDP_Enzyme_AAFOLC_03560,0.0
CE_ADPT_A0A974PT83,0.0
CE_ADSELK_A0A974PIV6_Enzyme_AAFOLC_15415,0.0
CE_ADSELR_A0A974PQ83_Enzyme_AAFOLC_11570,0.0
CE_ADSELR_A7IKI7_Enzyme_AAFOLC_11570,0.0
CE_ADSELR_Enzyme_AAFOLC_11570_Enzyme_AAFOLC_18240,0.0
CE_ADSELR2_A7IJX6_Enzyme_AAFOLC_11570,0.0
CE_ADSELR2_Enzyme_AAFOLC_11570,0.0
CE_ADSK_A0A974PIV6_Enzyme_AAFOLC_15415,0.0
CE_ADSL1r_A7IM30,0.003914783188787173
CE_ADSL2r_A7IM30,0.0018036569709155323
CE_ADSS_A7IBA3,0.003914783188787173
CE_AEPPYRTA_Enzyme_AEPPYRTA_2,0.0
CE_AEPabcpp_Enzyme_AAFOLC_10770_Enzyme_AAFOLC_10775_Enzyme_AAFOLC_10780,0.0
CE_AGM3PApp_Enzyme_AAFOLC_02765,0.0
CE_AGM3PApp_Enzyme_AAFOLC_17370,0.0
CE_AGM3PH_Enzyme_AAFOLC_01990,0.0
CE_AGM3PH_Enzyme_AAFOLC_15670,0.0
CE_AGM3Pt2pp_Enzyme_AAFOLC_06185,0.0
CE_AGM4PApp_Enzyme_AAFOLC_02765,0.0
CE_AGM4PApp_Enzyme_AAFOLC_17370,0.0
CE_AGM4PH_Enzyme_AAFOLC_01990,0.0
CE_AGM4PH_Enzyme_AAFOLC_15670,0.0
CE_AGM4Pt2pp_Enzyme_AAFOLC_06185,0.0
CE_AGMH_Enzyme_AAFOLC_01990,0.0
CE_AGMH_Enzyme_AAFOLC_15670,0.0
CE_AGMT_A7IL28,0.0
CE_AGMt2pp_Enzyme_AAFOLC_06185,0.0
CE_AGPAT160_Enzyme_AAFOLC_03885,0.14972060905801216
CE_AGPAT181_Enzyme_AAFOLC_03885,0.00060192
CE_AGPOP_A7IHX0,0.0
CE_AGPR_A7IPM9,-0.020453582398129472
CE_AGTi_Enzyme_AAFOLC_20155,0.0
CE_AHCi_A7IBQ2,2.007e-05
CE_AHGDx_A7IM03,0.0
CE_AHMMPS_1_A7IL51,0.0
CE_AHSERL2_A0A974PLR8,0.005699689577253215
CE_AHSERL4_Enzyme_AHSERL4_2,0.0
CE_AHSERL4_Enzyme_AHSERL4_4,0.0
CE_AICART_A7IG34,0.005174420767661886
CE_AIRC1_A7IER1,0.0018036569709155323
CE_AIRC2_A7IER1,0.0
CE_AIRC3_A7IER2,0.0
CE_AKGDH_A7IBM2_A7IBM4,0.0
CE_AKGDH_A7IBM2_A7IBM4_Enzyme_AAFOLC_02010,0.0
CE_AKGDH_A7IBM4,0.0
CE_AKGDa_A7IBM2,0.0
CE_AKGDb_A7IBM4,0.0
CE_AL4D_Enzyme_AL4D,0.0001731680372879577
CE_ALAALAD_1_Enzyme_AAFOLC_10080,0.0
CE_ALAALAabcpp_A7IPD2_A7IPD3_A7IPD4_Enzyme_AAFOLC_10565,1.8149999999999997e-05
CE_ALAALAabcpp_A7IPD2_A7IPD4_Enzyme_AAFOLC_10565,0.0
CE_ALAALAabcpp_A7IPD3_Enzyme_AAFOLC_10560_Enzyme_AAFOLC_10565,0.0
CE_ALAALAabcpp_A7IPD3_Enzyme_AAFOLC_10560_Enzyme_AAFOLC_10570,0.0
CE_ALAALAabcpp_Enzyme_AAFOLC_10560_Enzyme_AAFOLC_10565,0.0
CE_ALAALAr_A7IC40,0.0016428
CE_ALAGLUE_Enzyme_AAFOLC_16075,0.0
CE_ALAGLUabcpp_A7IPD3_Enzyme_AAFOLC_10560_Enzyme_AAFOLC_10570,0.0
CE_ALAHISabcpp_A7IPD3_Enzyme_AAFOLC_10560_Enzyme_AAFOLC_10570,0.0
CE_ALALEUabcpp_A7IPD3_Enzyme_AAFOLC_10560_Enzyme_AAFOLC_10570,0.0
CE_ALAR_Enzyme_AAFOLC_09375,0.00368022
CE_ALAR_Enzyme_AAFOLC_10310,0.0
CE_ALAS_Enzyme_ALAS_2,0.00016056
CE_ALATA_D_Enzyme_AAFOLC_15040,0.00166095
CE_ALATA_D2_A7INA3,0.0
CE_ALATA_L_A7ICB6,0.0
CE_ALATA_L_A7IL58,-0.3948362496477665
CE_ALATA_L2_A7INA3,3.3449999999999997e-06
CE_ALATHRabcpp_A7IPD3_Enzyme_AAFOLC_10560_Enzyme_AAFOLC_10570,0.0
CE_ALATRPabcpp_A7IPD3_Enzyme_AAFOLC_10560_Enzyme_AAFOLC_10570,0.0
CE_ALAabc_A7ID02_A7ID04_A7ID05_A7IFL8_A7IM84,0.0
CE_ALAabc_Enzyme_AAFOLC_05565,0.0
CE_ALAabc_Enzyme_AAFOLC_08165,0.0
CE_ALAabc_Enzyme_AAFOLC_11340,0.0
CE_ALAabcpp_A0A974PJA8_A0A974PJG0_A0A974PJK3_A0A974SGG3_Enzyme_AAFOLC_11090,0.0
CE_ALAabcpp_A7ID05_A7IM81_A7IM84_Enzyme_AAFOLC_13240_Enzyme_AAFOLC_13245,0.0
CE_ALAabcpp_A7IM81_A7IM84_Enzyme_AAFOLC_13240_Enzyme_AAFOLC_13245,0.0
CE_ALAabcpp_A7IM84_Enzyme_AAFOLC_13240_Enzyme_AAFOLC_13245,0.0
CE_ALAt2r_A7IEP7,0.0
CE_ALAt4_A7IEP7,0.0
CE_ALAt4pp_A7IEP7,0.0
CE_ALCD19_A0A974PJM1,0.0
CE_ALCD19_A0A974PKT9,0.0
CE_ALCD19_A7IC81,0.0
CE_ALCD19_A7IEZ0,0.0
CE_ALCD19_Enzyme_AAFOLC_04685,0.0
CE_ALCD19_Enzyme_AAFOLC_10300,0.0
CE_ALCD19_Enzyme_AAFOLC_20975,0.0
CE_ALCD19y_A7IHT0,0.0
CE_ALCD2ir_A0A974PJM1,0.0
CE_ALCD2x_A0A974PKT9,0.0
CE_ALCD2y_A7ID28,0.0
CE_ALCD2y_A7IER4,0.0
CE_ALCD2y_A7IEZ0,0.0
CE_ALCD2y_Enzyme_AAFOLC_06955,0.0
CE_ALCD4_Enzyme_AAFOLC_10300,0.0
CE_ALCDpp_A0A974PM23,0.0
CE_ALDD1_A0A974PKT9,0.0
CE_ALDD1_A7IEZ0,0.0
CE_ALDD1_Enzyme_AAFOLC_08760,0.0
CE_ALDD19xr_A7IC81,0.0
CE_ALDD19xr_Enzyme_AAFOLC_10255,0.0
CE_ALDD19xr_Enzyme_AAFOLC_17480,0.0
CE_ALDD20x_A7IC81,0.0
CE_ALDD20x_Enzyme_AAFOLC_10255,0.0
CE_ALDD20x_Enzyme_AAFOLC_17480,0.0
CE_ALDD20x_Enzyme_AAFOLC_20965,0.0
CE_ALDD20y_A7IC81,0.0
CE_ALDD20y_Enzyme_AAFOLC_16815,0.0
CE_ALDD20y_Enzyme_AAFOLC_20965,0.0
CE_ALDD2x_A7IC81,0.0
CE_ALDD2x_A7IIX2,0.0
CE_ALDD2x_Enzyme_AAFOLC_08760,0.0
CE_ALDD2x_Enzyme_AAFOLC_10255,0.2175578764023246
CE_ALDD2x_Enzyme_AAFOLC_16305,0.0
CE_ALDD2x_Enzyme_AAFOLC_16740,0.0
CE_ALDD2x_Enzyme_AAFOLC_16815,0.0
CE_ALDD2x_Enzyme_AAFOLC_17480,0.0
CE_ALDD2x_Enzyme_AAFOLC_20965,0.0
CE_ALDD2y_A7IC81,0.0
CE_ALDD3_Enzyme_AAFOLC_08760,0.0
CE_ALDD31_Enzyme_AAFOLC_16740,0.0
CE_ALDD31_1_Enzyme_AAFOLC_08760,0.0
CE_ALDD3y_A7IC81,0.0
CE_ALDD4_Enzyme_AAFOLC_08760,0.0
CE_ALDD4x_Enzyme_AAFOLC_08760,0.0
CE_ALDD5_Enzyme_AAFOLC_08760,0.0
CE_ALDD6_Enzyme_AAFOLC_08760,0.0
CE_ALDH_1_Enzyme_ALDH_1_1,0.0
CE_ALDR_Enzyme_ALDR,0.0001731680372879577
CE_ALLTAMH_Enzyme_AAFOLC_08155,0.0
CE_ALLTN_A7IKH6,0.0
CE_ALLTN_Enzyme_AAFOLC_08655,0.0
CE_ALPHNH_A7IEM8,0.0
CE_ALR2_A0A974PPS0,0.0
CE_ALR2_Enzyme_AAFOLC_06955,0.0
CE_ALR2_Enzyme_AAFOLC_14345,0.0
CE_ALR2_Enzyme_AAFOLC_14915,0.0
CE_ALR2_Enzyme_AAFOLC_20985,0.0
CE_ALR3_Enzyme_AAFOLC_06955,0.0
CE_ALR4x_Enzyme_AAFOLC_02815,0.0
CE_AM3PA_Enzyme_AM3PA,0.0
CE_AM4PA_Enzyme_AM4PA,0.0
CE_AMANAPEr_Enzyme_AMANAPEr_5,0.0
CE_AMID2_Enzyme_AAFOLC_08440,0.0
CE_AMID2_Enzyme_AAFOLC_11030,0.0
CE_AMMQLT8_A0A974PQ46,0.0
CE_AMMQT8_2_A0A974PQ46,6.6899999999999995e-06
CE_AMPMS2_A7IL51,7.084629205006311e-06
CE_AMPTASEAH_A7IFB7,0.0
CE_AMPTASEAH_A7IPM2,0.0
CE_AMPTASEAL_A7IFB7,0.0
CE_AMPTASEAL_A7IPM2,0.0
CE_AMPTASEAT_A7IFB7,0.0
CE_AMPTASEAT_A7IPM2,0.0
CE_AMPTASEATRP_A7IFB7,0.0
CE_AMPTASEATRP_A7IPM2,0.0
CE_AMPTASECG_A7IFB7,0.0
CE_AMPTASECG_A7IJU0,0.0
CE_AMPTASECG_A7IPM2,0.0
CE_AMPTASECG_Enzyme_AAFOLC_00045,0.0
CE_AMPTASECG_Enzyme_AAFOLC_04550,0.0
CE_AMPTASEGGLN_A7IFB7,0.0
CE_AMPTASEGGLN_A7IPM2,0.0
CE_AMPTASEGGLU_A7IFB7,0.0
CE_AMPTASEGGLU_A7IPM2,0.0
CE_AMPTASEGM_A7IFB7,0.0
CE_AMPTASEGM_A7IPM2,0.0
CE_AMPTASEGS_A7IFB7,0.0
CE_AMPTASEGS_A7IPM2,0.0
CE_AMPTASEHG_A7IFB7,0.0
CE_AMPTASEHG_A7IPM2,0.0
CE_AMPTASEHH_A7IFB7,0.0
CE_AMPTASEHH_A7IPM2,0.0
CE_AMPTASEPG_A7IFB7,0.0
CE_AMPTASEPG_A7IPM2,0.0
CE_AMPTASEPG_Enzyme_AAFOLC_00045,0.0
CE_ANDO1_Enzyme_ANDO1_1,0.0
CE_ANHMK_Enzyme_AAFOLC_18305,0.0
CE_ANPRT_A7INK3,0.0029944066879836434
CE_ANS_A7INK4,0.0
CE_ANS_A7INK4_A7INK5,0.0
CE_ANS2_A7INK4,0.0
CE_ANS2_A7INK4_A7INK5,0.0
CE_ANSN_A7INK4,0.0029944066879836434
CE_APAT_1_A7IFD4,-0.33083446246577985
CE_APATr_A7IHP9,0.0
CE_APATr_Enzyme_AAFOLC_10325,0.0
CE_APCt6_A0A974SLE2_A7IMU3,0.0
CE_APCt6_A7IE65_Enzyme_AAFOLC_08680_Enzyme_AAFOLC_12945,0.0
CE_APG3PAT160_Enzyme_AAFOLC_13060,0.0
CE_APG3PAT181_Enzyme_AAFOLC_13060,0.00060192
CE_APH140_Enzyme_APH140,0.0
CE_APPAT_A7ILW9,0.0
CE_APPLDHr_Enzyme_AAFOLC_02815,0.0
CE_APRAUR_A7INA5,1.5008656156187587e-05
CE_APSR_A0A974PQ83_Enzyme_AAFOLC_11570,0.0
CE_APSR_A7IKI7_Enzyme_AAFOLC_11570,0.0
CE_APSR_Enzyme_AAFOLC_11570,0.0
CE_APSR_Enzyme_AAFOLC_11570_Enzyme_AAFOLC_18240,0.0
CE_APSR2_A7IJX6_Enzyme_AAFOLC_11570,0.0
CE_APSR2_Enzyme_AAFOLC_11570,0.0
CE_APTNAT_Enzyme_AAFOLC_10795,0.0
CE_ARABDI_Enzyme_ARABDI_5,-0.0001731680372879577
CE_ARABR_Enzyme_AAFOLC_06955,0.0
CE_ARABRr_Enzyme_AAFOLC_06955,0.0
CE_ARAI_Enzyme_ARAI,0.000900473793897381
CE_ARBT6Pt_Enzyme_ARBT6Pt,0.0
CE_ARBTpts_A7IIM3,0.0
CE_ARBabcpp_A7ICE3,0.0
CE_ARBt2r_A0A974SIV8,0.0
CE_ARBt3ipp_Enzyme_AAFOLC_18690,0.0
CE_ARGR_Enzyme_ARGR_5,0.0
CE_ARGSL_A7IG40,0.008521593383161377
CE_ARGSS_A7IGW4,0.008521593383161377
CE_ARGabc_Enzyme_AAFOLC_05565,0.0
CE_ARGabc_Enzyme_AAFOLC_08160,0.0
CE_ARGabc_Enzyme_AAFOLC_08165,0.0
CE_ARGabc_Enzyme_AAFOLC_11340,0.0
CE_ARGabcpp_A0A974PKL7_A7IP24_Enzyme_AAFOLC_12990_Enzyme_AAFOLC_12995,0.0
CE_ARGabcpp_Enzyme_AAFOLC_05570_Enzyme_AAFOLC_11340,0.0
CE_ARGabcpp_Enzyme_AAFOLC_08160,0.0
CE_ARGabcpp_Enzyme_AAFOLC_08950,0.0
CE_ARGt3pp_Enzyme_ARGt3pp,0.0
CE_AROH_A7IIM8,0.0
CE_ASAD_A7IHG5,-0.30962447262087633
CE_ASCBPL_Enzyme_ASCBPL_3,0.0
CE_ASCBpts_A7IIM3,0.0
CE_ASNS1_Enzyme_AAFOLC_18820,0.009001539602845384
CE_ASNabc_Enzyme_AAFOLC_05565,0.0
CE_ASNabc_Enzyme_AAFOLC_08165,0.0
CE_ASNabc_Enzyme_AAFOLC_11340,0.0
CE_ASO4rt2rpp_Enzyme_ASO4rt2rpp,0.0
CE_ASPA2_A7IIY4,0.0
CE_ASPCT_A7IM99_A7IMA0,0.0013913823607623018
CE_ASPCT_A7IMA0,0.0
CE_ASPK_A7IIM4,0.30962447262087633
CE_ASPO5_Enzyme_AAFOLC_00365,8.343942666216853e-05
CE_ASPO6_Enzyme_AAFOLC_00365,0.0
CE_ASPTA_A7ICB6,0.0
CE_ASPTA_A7IIY4,0.0
CE_ASPTA_Enzyme_AAFOLC_04000,0.0
CE_ASPTA6_Enzyme_AAFOLC_20155,0.34475516617915863
CE_ASPabc_Enzyme_AAFOLC_05565,0.0
CE_ASPabc_Enzyme_AAFOLC_08160_Enzyme_AAFOLC_08170,0.0
CE_ASPabc_Enzyme_AAFOLC_08165,0.0
CE_ASPabc_Enzyme_AAFOLC_11340,0.0
CE_ASPabc_Enzyme_AAFOLC_13355,0.0
CE_ASPabcpp_A0A974PKL7_A7IP24_Enzyme_AAFOLC_12990_Enzyme_AAFOLC_12995,0.0
CE_ASPabcpp_Enzyme_AAFOLC_08160,0.0
CE_ASR_Enzyme_AAFOLC_03490,0.0
CE_ASR_Enzyme_AAFOLC_03810,0.0
CE_ATHRDHr_A7IJ59,0.0
CE_ATPPRT_Enzyme_ATPPRT_2,0.003370763796746354
CE_ATPS4rpp_Enzyme_AAFOLC_15465,25.677732129108794
CE_BCT1_syn_Enzyme_AAFOLC_11220_Enzyme_AAFOLC_11225,0.0
CE_BDH_A7ICE7,0.0
CE_BDH_A7IGI9,0.0
CE_BETALDHx_Enzyme_AAFOLC_08760,0.0
CE_BETALDHx_Enzyme_AAFOLC_10255,0.0
CE_BETALDHx_Enzyme_AAFOLC_17480,0.0
CE_BETALDHy_Enzyme_AAFOLC_08760,0.0
CE_BETALDHy_Enzyme_AAFOLC_17480,0.0
CE_BNOCA_Enzyme_BNOCA_1,0.0
CE_BPNT_A7INN0,0.0
CE_BPNT_Enzyme_AAFOLC_10915,0.0
CE_BSCT_Enzyme_AAFOLC_19135,-1.3379999999999999e-05
CE_BTS3r_Enzyme_AAFOLC_10765,0.0
CE_BTS4_Enzyme_AAFOLC_10765,0.0
CE_BUP_Enzyme_BUP_3,0.0
CE_BUTCT_A7IEC6_A7IHV0,0.0
CE_BZDH_Enzyme_AAFOLC_10255,1.3379999999999999e-05
CE_CA2abc_Enzyme_AAFOLC_10105,0.00014856
CE_CA2abc1_Enzyme_AAFOLC_10735,0.0
CE_CA2abcpp_Enzyme_AAFOLC_10105,0.0
CE_CA2abcpp_Enzyme_AAFOLC_10180,0.0
CE_CA2t3pp_Enzyme_AAFOLC_10955,0.0
CE_CARNabcpp_A7IPD3_Enzyme_AAFOLC_10560_Enzyme_AAFOLC_10570,0.0
CE_CAT_A0A974PTI6,0.0
CE_CATDOX_A0A974PNM4,0.0
CE_CBPAH_A7IEG1,0.0
CE_CBPS_A7IEP9,0.009912975743923679
CE_CBPS_A7IEP9_A7IIZ7,0.0
CE_CBPS_A7IIZ7,0.0
CE_CCPpp_Enzyme_AAFOLC_18100,0.0
CE_CD2abc1_Enzyme_AAFOLC_00825,0.0
CE_CD2abcpp_Enzyme_AAFOLC_00825,0.0
CE_CD2t3pp_A0A974SH13,0.0
CE_CD2t3pp_A7IBB6,0.0
CE_CD2t4_A0A974SH13,0.0
CE_CD2t4pp_A0A974SH13,0.0
CE_CD2t4pp_A7IKU2,0.0
CE_CD2t5_A7IKU2,0.0
CE_CD2t6_A7IKU2,0.0
CE_CDGUNPD_A7IHD5,0.0
CE_CDGUNPD_Enzyme_AAFOLC_02905,0.0
CE_CDGUNPD_Enzyme_AAFOLC_13450,0.0
CE_CDGUNPD_Enzyme_AAFOLC_13510,0.0
CE_CDGUNPD_Enzyme_AAFOLC_16165,0.0
CE_CDGUNPD_Enzyme_AAFOLC_21900,0.0
CE_CDPMEK_Enzyme_AAFOLC_22080,0.00012711
CE_CELBt2_A0A974SIV8,0.0
CE_CEPA_A0A974SGA8,0.0
CE_CGLYabcpp_A7IPD3_Enzyme_AAFOLC_10560_Enzyme_AAFOLC_10565,0.0
CE_CGLYabcpp_A7IPD3_Enzyme_AAFOLC_10560_Enzyme_AAFOLC_10570,0.0
CE_CGLYabcpp_Enzyme_AAFOLC_10560_Enzyme_AAFOLC_10565,0.0
CE_CHLabc_Enzyme_AAFOLC_16870,0.0
CE_CHLabcpp_Enzyme_CHLabcpp,0.0
CE_CHLt3pp_Enzyme_AAFOLC_20310,0.0
CE_CHOLD_Enzyme_AAFOLC_10300,0.0
CE_CHOLSH_Enzyme_CHOLSH_3,0.0
CE_CHOLSabc_1_Enzyme_AAFOLC_16870,0.0
CE_CHORM_A7IIM8,0.013914530735611696
CE_CHORS_A7IMW7,0.01693530279439033
CE_CHRPL_Enzyme_CHRPL_4,-7.084629205006311e-06
CE_CHTBSptspp_A7IIM3,0.0
CE_CINNMCOAH_Enzyme_CINNMCOAH,0.0
CE_CITL_A7IGS5,0.0
CE_CITL_Enzyme_AAFOLC_04725,0.0
CE_CITL_Enzyme_AAFOLC_16780,0.0
CE_CITt3pp_Enzyme_CITt3pp,0.0
CE_CITt4pp_1_A7IEY8,0.0
CE_CITtupp_A7IEY8,0.0
CE_CLPNH120pp_Enzyme_CLPNH120pp,0.0
CE_CLPNH140pp_Enzyme_CLPNH140pp,0.0
CE_CLPNH141pp_Enzyme_CLPNH141pp,0.0
CE_CLPNH160pp_Enzyme_CLPNH160pp,0.0
CE_CLPNH161pp_Enzyme_CLPNH161pp,0.0
CE_CLPNH180pp_Enzyme_CLPNH180pp,0.0
CE_CLPNH181pp_Enzyme_CLPNH181pp,0.0
CE_CLPNS120pp_A7IDV4,0.0
CE_CLPNS140pp_A7IDV4,0.0
CE_CLPNS141pp_A7IDV4,0.0
CE_CLPNS160pp_A7IDV4,8.832e-05
CE_CLPNS161pp_A7IDV4,6.869999999999999e-05
CE_CLPNS180pp_A7IDV4,0.0
CE_CLPNS181pp_A7IDV4,3.54e-05
CE_CLtipp_Enzyme_CLtipp,0.0
CE_CMCBTFL_Enzyme_AAFOLC_07165_Enzyme_AAFOLC_18485,0.0
CE_CMCBTFU_Enzyme_AAFOLC_07165_Enzyme_AAFOLC_18485,0.0
CE_CMCMSAD_Enzyme_CMCMSAD_1,0.0
CE_CMHMI_Enzyme_CMHMI_5,0.0
CE_CMLDC_Enzyme_AAFOLC_15215,0.0
CE_CMt2ex_A0A974SLE2_A7IMU3,0.0
CE_CMt2ex_A7IE65_Enzyme_AAFOLC_08680_Enzyme_AAFOLC_12945,0.0
CE_CMt2ppi_Enzyme_CMt2ppi,0.0
CE_CO23OC_Enzyme_AAFOLC_00695,0.0
CE_COAt_Enzyme_COAt,0.0
CE_COBALT2abcpp_Enzyme_AAFOLC_00780_Enzyme_AAFOLC_17405,0.0
CE_COBALT2abcpp_Enzyme_AAFOLC_00825,0.0
CE_COBALT2t3pp_A0A974SH13,0.0
CE_COBALT2t3pp_A7IBB6,0.0
CE_COBALTt4pp_A0A974SH13,0.0
CE_COBALTt4pp_A7IKU2,0.0
CE_COCO2_A0A974PLC1_A0A974SGW0_Enzyme_AAFOLC_19770,0.0
CE_COabc_A7IL10,0.0
CE_COabc_Enzyme_AAFOLC_17405,7.2e-07
CE_CPK1_A7IPP9,-0.1516342790580122
CE_CPPPGO_A7IJJ7,1.3379999999999999e-05
CE_CPPPGO2_A7IID6,0.0
CE_CPPPGO2_Enzyme_AAFOLC_02875,0.0
CE_CRNDH_Enzyme_AAFOLC_15560,0.0
CE_CRNDabcpp_Enzyme_AAFOLC_16870,0.0
CE_CRNDt2rpp_A7IKN9,0.0
CE_CRNabc_Enzyme_AAFOLC_16870,0.0
CE_CRNabcpp_Enzyme_AAFOLC_16870,0.0
CE_CRNt2rpp_A7IKN9,0.0
CE_CRNt8pp_Enzyme_CRNt8pp,0.0
CE_CRO4abcpp_Enzyme_AAFOLC_18160_Enzyme_AAFOLC_18165_Enzyme_AAFOLC_18170_Enzyme_AAFOLC_18175,0.0
CE_CRO4abcpp_Enzyme_AAFOLC_18165_Enzyme_AAFOLC_18175,0.0
CE_CRO4t3pp_Enzyme_AAFOLC_19345,0.0
CE_CS_A7INQ2,0.04331914406276927
CE_CSND_A7IJY2,0.0
CE_CSND_Enzyme_AAFOLC_11035,0.0
CE_CSNt2_Enzyme_CSNt2,0.0
CE_CTBTabcpp_Enzyme_AAFOLC_16870,0.0
CE_CTBTt2rpp_A7IKN9,0.0
CE_CTECOAI6_A0A974PK76,0.0
CE_CTECOAI6_A0A974PT72,0.0
CE_CTECOAI6_Enzyme_AAFOLC_10700,0.0
CE_CTECOAI6_Enzyme_AAFOLC_14765,0.0
CE_CTECOAI6_Enzyme_AAFOLC_19700,0.0
CE_CTECOAI6_Enzyme_AAFOLC_20950,0.0
CE_CTECOAI7_A0A974PK76,0.0
CE_CTECOAI7_A0A974PT72,0.0
CE_CTECOAI7_Enzyme_AAFOLC_10700,0.0
CE_CTECOAI7_Enzyme_AAFOLC_14765,0.0
CE_CTECOAI7_Enzyme_AAFOLC_19700,0.0
CE_CTECOAI7_Enzyme_AAFOLC_20950,0.0
CE_CTECOAI8_A0A974PK76,0.0
CE_CTECOAI8_A0A974PT72,0.0
CE_CTECOAI8_Enzyme_AAFOLC_10700,0.0
CE_CTECOAI8_Enzyme_AAFOLC_14765,0.0
CE_CTECOAI8_Enzyme_AAFOLC_19700,0.0
CE_CTECOAI8_Enzyme_AAFOLC_20950,0.0
CE_CTI1_Enzyme_CTI1,0.0
CE_CTPS1_A7IN28,0.0007870959949120143
CE_CTPS2_A7IN28,0.0
CE_CU2abcpp_A7ICI0,0.0
CE_CU2abcpp_Enzyme_AAFOLC_00825,0.0
CE_CU2t4pp_A0A974SH13,0.0
CE_CU2tonex_Enzyme_AAFOLC_15875_Enzyme_AAFOLC_15880,0.00020232
CE_CUabcpp_Enzyme_AAFOLC_00825,0.00020232
CE_CUabcpp_Enzyme_AAFOLC_06590,0.0
CE_CYANST_Enzyme_AAFOLC_13120,0.0
CE_CYANt2pp_Enzyme_CYANt2pp,0.0
CE_CYNTAH_1_A7IIL9,0.0
CE_CYNTt2pp_Enzyme_CYNTt2pp,0.0
CE_CYO4pp_Enzyme_CYO4pp,0.0
CE_CYSDDS_Enzyme_RN69_01230,0.0
CE_CYSDS_Enzyme_AAFOLC_12980,0.0
CE_CYSDS_Enzyme_RN69_01230,0.0
CE_CYSDSF_Enzyme_AAFOLC_04550,0.0
CE_CYSS_A7IBE1,0.0031263940210463437
CE_CYSTA_A7ICB6,0.0
CE_CYSTA_A7IIY4,0.0
CE_CYSTA_Enzyme_AAFOLC_04000,0.0
CE_CYSTL_Enzyme_AAFOLC_12980,0.0
CE_CYSabc_Enzyme_AAFOLC_05565,0.0
CE_CYSabc_Enzyme_AAFOLC_08160,0.0
CE_CYSabc_Enzyme_AAFOLC_08165,0.0
CE_CYSabc_Enzyme_AAFOLC_11340,0.0
CE_CYSabc2pp_Enzyme_AAFOLC_18250,0.0
CE_CYSabc2pp_Enzyme_AAFOLC_18255,0.0
CE_CYSabcpp_Enzyme_AAFOLC_05565_Enzyme_AAFOLC_08165,0.0
CE_CYSabcpp_Enzyme_AAFOLC_08160_Enzyme_AAFOLC_08165,0.0
CE_CYTBD_Enzyme_AAFOLC_18260_Enzyme_AAFOLC_18265,0.007555993825427265
CE_CYTBD2pp_Enzyme_AAFOLC_18250_Enzyme_AAFOLC_18255,6.6899999999999995e-06
CE_CYTBD2pp_Enzyme_AAFOLC_18260_Enzyme_AAFOLC_18265,0.0
CE_CYTBD2pp_Enzyme_AAFOLC_18265,0.0
CE_CYTBDpp_Enzyme_AAFOLC_18270,12.81551494822156
CE_CYTCBB3pp_A7ICH4_A7ICH5_A7ICH7,0.0
CE_CYTHYD_A7IHC4_A7IHC5,0.0
CE_CYTK1_Enzyme_AAFOLC_19255,0.3032685581160244
CE_CYTK2_Enzyme_AAFOLC_19255,0.0
CE_CYTK2_1_A7IPP9,0.0
CE_Clt_Enzyme_AAFOLC_15160,0.00014856
CE_Cobalt2abcppI_Enzyme_AAFOLC_00780,0.0
CE_Cobalt2abcppI_Enzyme_AAFOLC_00780_Enzyme_AAFOLC_17405,0.0
CE_Cuabc_A7ICI0,0.0
CE_Cuabc_Enzyme_AAFOLC_06590,0.0
CE_Cut1_A7ICI0,0.0
CE_Cut1_Enzyme_AAFOLC_06590,0.0
CE_DAAD_A7IHQ4,0.0
CE_DAAD_Enzyme_AAFOLC_12295,0.0
CE_DAAD_Enzyme_AAFOLC_19200,0.0
CE_DAAD11_A7IHQ4,0.0
CE_DAAD12_A7IHQ4,0.0
CE_DAAD2_A7IHQ4,0.0
CE_DAAD3_A7IHQ4,0.0
CE_DAAD4_A7IHQ4,0.0
CE_DAAD5_A7IHQ4,0.0
CE_DAAD7_A7IHQ4,0.0
CE_DAAD8_A7IHQ4,0.0
CE_DABAAT2_Enzyme_AAFOLC_00200,0.0
CE_DADK_A7IPP9,0.0
CE_DADNK_Enzyme_DADNK_2,0.0
CE_DAGK120_Enzyme_DAGK120_2,0.0
CE_DAGK140_Enzyme_DAGK140,0.0
CE_DAGK141_Enzyme_DAGK141_2,0.0
CE_DAGK160_Enzyme_AAFOLC_00425,0.0
CE_DAGK161_Enzyme_DAGK161_2,0.0
CE_DAGK180_Enzyme_DAGK180,0.0
CE_DAGK181_Enzyme_DAGK181_2,0.0
CE_DALAabcpp_A7IM81_A7IM84_A7IM86_Enzyme_AAFOLC_12280_Enzyme_AAFOLC_13240,0.0012663299999999998
CE_DALAt2r_A7IEP7,0.0
CE_DAPDC_A7IG42,0.014936621305272702
CE_DAPE_A7ICC6,0.0165975713052727
CE_DARBt2rpp_Enzyme_DARBt2rpp,0.0
CE_DARBt3ipp_Enzyme_AAFOLC_18690,0.0
CE_DASYN120_Enzyme_DASYN120_2,0.0
CE_DASYN140_Enzyme_DASYN140_2,0.0
CE_DASYN141_Enzyme_DASYN141_2,0.0
CE_DASYN160_Enzyme_DASYN160_2,0.14972060905801216
CE_DASYN161_Enzyme_DASYN161_2,0.0
CE_DASYN180_Enzyme_DASYN180_2,0.0
CE_DASYN181_Enzyme_DASYN181_2,0.00060192
CE_DB4PS_A7IMW5,0.0
CE_DB4PS_Enzyme_AAFOLC_01495,3.0017312312375174e-05
CE_DC6PH_Enzyme_DC6PH,0.0
CE_DDGLK_A0A974PRC6,0.0
CE_DDPA_A7IKB3,0.01693530279439033
CE_DDPGA_Enzyme_DDPGA_4,0.0
CE_DESATPE160_Enzyme_DESATPE160,0.00225642
CE_DESATPG160_Enzyme_DESATPG160,0.06691769488007822
CE_DEXTRINt2_Enzyme_DEXTRINt2,0.0
CE_DGAK_Enzyme_DGAK_5,0.01933666816550568
CE_DGK1_Enzyme_AAFOLC_04925,0.0
CE_DGNSK_Enzyme_AAFOLC_04925,0.0
CE_DGTUP_Enzyme_DGTUP_2,0.0
CE_DGUNC_Enzyme_AAFOLC_02905,0.0
CE_DGUNC_Enzyme_AAFOLC_03405,0.0
CE_DGUNC_Enzyme_AAFOLC_05800,0.0
CE_DGUNC_Enzyme_AAFOLC_06095,0.0
CE_DGUNC_Enzyme_AAFOLC_07285,0.0
CE_DGUNC_Enzyme_AAFOLC_10110,0.0
CE_DGUNC_Enzyme_AAFOLC_10945,0.0
CE_DGUNC_Enzyme_AAFOLC_13510,0.0
CE_DGUNC_Enzyme_AAFOLC_16165,0.0
CE_DGUNC_Enzyme_AAFOLC_17315,0.0
CE_DGUNC_Enzyme_AAFOLC_18215,0.0
CE_DGUNC_Enzyme_AAFOLC_21900,0.0
CE_DHACOAH_A0A974PT72,0.0
CE_DHACOAH_Enzyme_AAFOLC_20950,0.0
CE_DHAD1_A7IBD6,0.03694592186189473
CE_DHAD2_A7IBD6,0.010177447247241397
CE_DHAPT_A7IIM3,0.0
CE_DHDPRx_r_A7IC74,0.0
CE_DHDPRy_A7IC74,0.0165975713052727
CE_DHDPS_A7IM10,0.0
CE_DHDPS_Enzyme_AAFOLC_19185,0.0165975713052727
CE_DHEDAA_Enzyme_AAFOLC_06970_Enzyme_AAFOLC_18675,0.0
CE_DHEDAA_Enzyme_AAFOLC_18675,0.0
CE_DHFR_Enzyme_AAFOLC_06030,0.00042778426301507295
CE_DHFR_Enzyme_AAFOLC_17590,0.0
CE_DHFS_Enzyme_AAFOLC_22475,2.6759999999998937e-05
CE_DHNAOT_Enzyme_DHNAOT,1.3379999999999999e-05
CE_DHNCOAS_A7IDS0,0.0
CE_DHNCOAT_Enzyme_DHNCOAT_3,0.0
CE_DHNPA2r_Enzyme_DHNPA2r_4,0.0
CE_DHNPA_1_Enzyme_AAFOLC_09005,2.6759999999998937e-05
CE_DHORDfum_Enzyme_DHORDfum_1,0.0013913823607623018
CE_DHORTS_A7ID10,-0.0013913823607623018
CE_DHPDO_Enzyme_DHPDO_1,0.0
CE_DHPM2_Enzyme_DHPM2_3,0.0
CE_DHPPDA_A7INA5,0.0
CE_DHPPDA2_A7INA5,1.5008656156187587e-05
CE_DHPS2_A0A974SKI8,0.0
CE_DHQS_Enzyme_AAFOLC_06065,0.01693530279439033
CE_DHQTi_A7IGK4,0.0
CE_DHQTi_A7IL36,0.01693530279439033
CE_DIPEPabc15_Enzyme_AAFOLC_10565,0.0
CE_DKGLCNR1_Enzyme_DKGLCNR1_1,0.0
CE_DKGLCNR2x_Enzyme_AAFOLC_20345,0.0
CE_DKGLCNR2y_Enzyme_AAFOLC_20345,0.0
CE_DLCYSR_Enzyme_DLCYSR_5,0.0
CE_DLEUabcpp_Enzyme_DLEUabcpp,0.0
CE_DLYSAD_A7IHQ4,0.0
CE_DLYSAD_Enzyme_AAFOLC_13200,0.0
CE_DLYSOXGAT_Enzyme_DLYSOXGAT,0.0
CE_DMATT_A0A974PQM1,2.007e-05
CE_DMGDH2_Enzyme_DMGDH2,0.0
CE_DMPPS_A7IHI0,0.0
CE_DMPPS_Enzyme_AAFOLC_06390,0.00012711
CE_DNADDP_Enzyme_AAFOLC_03605,0.0
CE_DNMPPA_A7ICI0,2.6759999999998937e-05
CE_DNMPPA_A7IND3,0.0
CE_DNTAep_A7IHW0_Enzyme_AAFOLC_06175_Enzyme_AAFOLC_18195,0.0
CE_DNTPPA_A7ICI0,2.6759999999998937e-05
CE_DNTPPA_A7IND3,0.0
CE_DOPDH_Enzyme_DOPDH_1,0.0
CE_DORNabcpp_Enzyme_AAFOLC_08160,0.0
CE_DPCOAK_Enzyme_DPCOAK_2,1.728000000002072e-05
CE_DPR_A7ICJ5,1.9862813874949037e-05
CE_DRBK_1_Enzyme_DRBK_1_2,0.0
CE_DRIBabc_A0A974PUE1_A0A974SIF6_A0A974SIX1,0.0
CE_DRPA_Enzyme_DRPA_4,0.0
CE_DSERDHr_A7IJ59,0.0
CE_DTARTD_Enzyme_AAFOLC_07645,0.0
CE_DTMPK_Enzyme_AAFOLC_15380,0.000401024263015074
CE_DTYRt2rpp_Enzyme_DTYRt2rpp,0.0
CE_DURAD2_Enzyme_DURAD2_1,0.0
CE_DURIK1_1_Enzyme_DURIK1_1_2,0.0
CE_DURIPP_1_Enzyme_DURIPP_1_2,0.0
CE_DUTPDP_Enzyme_AAFOLC_21325,0.000401024263015074
CE_DVALabcpp_A7IM81_A7IM84_A7IM86_Enzyme_AAFOLC_12280_Enzyme_AAFOLC_13240,0.0
CE_DXPRIi_A7INR0,0.00012711
CE_DXPS_A7IPK6,0.00014088462920500632
CE_E4PD_A7IJW2,6.6899999999999995e-06
CE_EAR140x_A7IBB8,0.0
CE_EAR140x_A7IKE2,0.0
CE_EAR140y_A7IBB8,0.0
CE_EAR140y_A7IKE2,0.0
CE_ECOAH1_A0A974PK76,0.0
CE_ECOAH1_A0A974PT72,0.0
CE_ECOAH1_A7IKJ4,0.0
CE_ECOAH1_Enzyme_AAFOLC_10700,0.0
CE_ECOAH1_Enzyme_AAFOLC_14765,0.0
CE_ECOAH1_Enzyme_AAFOLC_19700,0.0
CE_ECOAH1_Enzyme_AAFOLC_20950,0.0
CE_ECOAH12_A7IKJ4,0.0
CE_ECOAH12_Enzyme_AAFOLC_07745,0.0
CE_ECOAH12_Enzyme_AAFOLC_11600,0.0
CE_ECOAH14_A7IKJ4,0.0
CE_ECOAH15_A7IKJ4,0.0
CE_ECOAH16_A7IKJ4,0.0
CE_ECOAH17_A7IKJ4,0.0
CE_ECOAH18_A7IKJ4,0.0
CE_ECOAH19_A7IKJ4,0.0
CE_ECOAH1_1_Enzyme_AAFOLC_10700,0.0
CE_ECOAH2_A0A974PK76,0.0
CE_ECOAH2_A0A974PT72,0.0
CE_ECOAH2_A7IKJ4,0.0
CE_ECOAH2_Enzyme_AAFOLC_10700,0.0
CE_ECOAH2_Enzyme_AAFOLC_14765,0.0
CE_ECOAH2_Enzyme_AAFOLC_19700,0.0
CE_ECOAH2_Enzyme_AAFOLC_20950,0.0
CE_ECOAH20_A7IKJ4,0.0
CE_ECOAH21_A7IKJ4,0.0
CE_ECOAH22_A7IKJ4,0.0
CE_ECOAH23_A7IKJ4,0.0
CE_ECOAH24_A7IKJ4,0.0
CE_ECOAH25_A7IKJ4,0.0
CE_ECOAH26_A7IKJ4,0.0
CE_ECOAH27_A7IKJ4,0.0
CE_ECOAH28_A7IKJ4,0.0
CE_ECOAH3_A0A974PK76,0.0
CE_ECOAH3_A0A974PT72,0.0
CE_ECOAH3_A7IKJ4,0.0
CE_ECOAH3_Enzyme_AAFOLC_10700,0.0
CE_ECOAH3_Enzyme_AAFOLC_14765,0.0
CE_ECOAH3_Enzyme_AAFOLC_19700,0.0
CE_ECOAH3_Enzyme_AAFOLC_20950,0.0
CE_ECOAH31_A7IKJ4,0.0
CE_ECOAH32_A7IKJ4,0.0
CE_ECOAH33_A7IKJ4,0.0
CE_ECOAH34_A7IKJ4,0.0
CE_ECOAH35_A7IKJ4,0.0
CE_ECOAH36_A7IKJ4,0.0
CE_ECOAH37_A7IKJ4,0.0
CE_ECOAH38_A7IKJ4,0.0
CE_ECOAH4_A0A974PK76,0.0
CE_ECOAH4_A0A974PT72,0.0
CE_ECOAH4_A7IKJ4,0.0
CE_ECOAH4_Enzyme_AAFOLC_10700,0.0
CE_ECOAH4_Enzyme_AAFOLC_14765,0.0
CE_ECOAH4_Enzyme_AAFOLC_19700,0.0
CE_ECOAH4_Enzyme_AAFOLC_20950,0.0
CE_ECOAH5_A0A974PK76,0.0
CE_ECOAH5_A0A974PT72,0.0
CE_ECOAH5_A7IKJ4,0.0
CE_ECOAH5_Enzyme_AAFOLC_10700,0.0
CE_ECOAH5_Enzyme_AAFOLC_14765,0.0
CE_ECOAH5_Enzyme_AAFOLC_19700,0.0
CE_ECOAH5_Enzyme_AAFOLC_20950,0.0
CE_ECOAH5_1_Enzyme_AAFOLC_10700,0.0
CE_ECOAH6_A0A974PK76,0.0
CE_ECOAH6_A0A974PT72,0.0
CE_ECOAH6_A7IKJ4,0.0
CE_ECOAH6_Enzyme_AAFOLC_10700,0.0
CE_ECOAH6_Enzyme_AAFOLC_14765,0.0
CE_ECOAH6_Enzyme_AAFOLC_19700,0.0
CE_ECOAH6_Enzyme_AAFOLC_20950,0.0
CE_ECOAH7_A0A974PK76,0.0
CE_ECOAH7_A0A974PT72,0.0
CE_ECOAH7_A7IKJ4,0.0
CE_ECOAH7_Enzyme_AAFOLC_10700,0.0
CE_ECOAH7_Enzyme_AAFOLC_14765,0.0
CE_ECOAH7_Enzyme_AAFOLC_19700,0.0
CE_ECOAH7_Enzyme_AAFOLC_20950,0.0
CE_ECOAH8_A0A974PK76,0.0
CE_ECOAH8_A0A974PT72,0.0
CE_ECOAH8_A7IKJ4,0.0
CE_ECOAH8_Enzyme_AAFOLC_10700,0.0
CE_ECOAH8_Enzyme_AAFOLC_14765,0.0
CE_ECOAH8_Enzyme_AAFOLC_19700,0.0
CE_ECOAH8_Enzyme_AAFOLC_20950,0.0
CE_ECOAH9ir_A7IKJ4,0.0
CE_ECOAH9ir_Enzyme_AAFOLC_07745,0.0
CE_ECOAH9ir_Enzyme_AAFOLC_10700,0.0
CE_ECOAH9ir_Enzyme_AAFOLC_11600,0.0
CE_ECOAH9ir_Enzyme_AAFOLC_14765,0.0
CE_EDA_A0A974SI83,0.0
CE_EDD_A7IG00,0.0
CE_EHGLAT_A7ICB6,0.0
CE_EHGLAT_A7IIY4,0.0
CE_EHGLAT_Enzyme_AAFOLC_04000,0.0
CE_ENO_A7INB6,0.41071007228784384
CE_ETHAAL_A7IML3,0.0
CE_ETHAAL_A7IML3_Enzyme_AAFOLC_13535,0.0
CE_ETHAAL_Enzyme_AAFOLC_18500,0.0
CE_ETOHt_Enzyme_ETOHt,0.0
CE_FACOAE100_A0A974PRF1,0.0
CE_FACOAE120_A0A974PRF1,0.0
CE_FACOAE140_A0A974PRF1,0.0
CE_FACOAE141_A0A974PRF1,0.0
CE_FACOAE160_A0A974PRF1,0.07819092417793393
CE_FACOAE161_A0A974PRF1,0.06653297488007821
CE_FACOAE180_A0A974PRF1,0.0
CE_FACOAE181_A0A974PRF1,0.0
CE_FACOAE1829Z12Z_A0A974PRF1,0.00017708858882545798
CE_FACOAE1836Z9Z12Z_Enzyme_FACOAE1836Z9Z12Z_3,1.0925764871590529e-05
CE_FACOAE50_A0A974PRF1,0.0
CE_FACOAE60_A0A974PRF1,0.0
CE_FACOAE70_A0A974PRF1,0.0
CE_FACOAE80_A0A974PRF1,0.0
CE_FACOAE90_A0A974PRF1,0.0
CE_FACOAL100t2pp_A0A974PSM7,0.0
CE_FACOAL100t2pp_Enzyme_AAFOLC_02280,0.0
CE_FACOAL100t2pp_Enzyme_AAFOLC_04705,0.0
CE_FACOAL100t2pp_Enzyme_AAFOLC_20940,0.0
CE_FACOAL120t2pp_A0A974PSM7,0.0
CE_FACOAL120t2pp_Enzyme_AAFOLC_02280,0.0
CE_FACOAL120t2pp_Enzyme_AAFOLC_04705,0.0
CE_FACOAL120t2pp_Enzyme_AAFOLC_20940,0.0
CE_FACOAL140_A0A974SH69,0.0
CE_FACOAL140_A7INR7,0.0
CE_FACOAL140_Enzyme_AAFOLC_04705,0.00233472
CE_FACOAL140t2pp_A0A974PSM7,0.0
CE_FACOAL140t2pp_Enzyme_AAFOLC_02280,0.0
CE_FACOAL140t2pp_Enzyme_AAFOLC_04705,0.0
CE_FACOAL140t2pp_Enzyme_AAFOLC_20940,0.0
CE_FACOAL141t2pp_A0A974PSM7,0.0
CE_FACOAL141t2pp_Enzyme_AAFOLC_02280,0.0
CE_FACOAL141t2pp_Enzyme_AAFOLC_04705,0.0
CE_FACOAL141t2pp_Enzyme_AAFOLC_20940,0.0
CE_FACOAL160_A0A974SH69,0.0
CE_FACOAL160_A7INR7,0.0
CE_FACOAL160_Enzyme_AAFOLC_04705,0.0
CE_FACOAL160t2pp_A0A974PSM7,0.0
CE_FACOAL160t2pp_Enzyme_AAFOLC_02280,0.0
CE_FACOAL160t2pp_Enzyme_AAFOLC_04705,0.07819092417793393
CE_FACOAL160t2pp_Enzyme_AAFOLC_20940,0.0
CE_FACOAL161_A0A974SH69,0.0
CE_FACOAL161_A7INR7,0.0
CE_FACOAL161_Enzyme_AAFOLC_04705,0.0
CE_FACOAL161t2pp_A0A974PSM7,0.0
CE_FACOAL161t2pp_Enzyme_AAFOLC_02280,0.0
CE_FACOAL161t2pp_Enzyme_AAFOLC_04705,0.06653297488007821
CE_FACOAL161t2pp_Enzyme_AAFOLC_20940,0.0
CE_FACOAL180t2pp_A0A974PSM7,0.0
CE_FACOAL180t2pp_Enzyme_AAFOLC_02280,0.0
CE_FACOAL180t2pp_Enzyme_AAFOLC_04705,0.0001880143536970485
CE_FACOAL180t2pp_Enzyme_AAFOLC_20940,0.0
CE_FACOAL181_A0A974SH69,0.0
CE_FACOAL181_A7INR7,0.0
CE_FACOAL181_Enzyme_AAFOLC_04705,0.0
CE_FACOAL1812_Enzyme_FACOAL1812,0.0
CE_FACOAL181d11tpp_Enzyme_AAFOLC_02280,0.0
CE_FACOAL181d6t2pp_Enzyme_AAFOLC_02280,0.0
CE_FACOAL181t2pp_A0A974PSM7,0.0
CE_FACOAL181t2pp_Enzyme_AAFOLC_02280,0.0
CE_FACOAL181t2pp_Enzyme_AAFOLC_04705,0.0
CE_FACOAL181t2pp_Enzyme_AAFOLC_20940,0.0
CE_FACOAL1821_Enzyme_FACOAL1821_6,0.0
CE_FACOAL182t2pp_Enzyme_AAFOLC_02280,0.0
CE_FACOAL50i_Enzyme_FACOAL50i,0.0
CE_FACOAL50t2pp_Enzyme_AAFOLC_02280,0.0
CE_FACOAL60t2pp_A0A974PSM7,0.0
CE_FACOAL60t2pp_Enzyme_AAFOLC_02280,0.0
CE_FACOAL60t2pp_Enzyme_AAFOLC_04705,0.0
CE_FACOAL60t2pp_Enzyme_AAFOLC_20940,0.0
CE_FACOAL70t2pp_Enzyme_AAFOLC_02280,0.0
CE_FACOAL80t2pp_A0A974PSM7,0.0
CE_FACOAL80t2pp_Enzyme_AAFOLC_02280,0.0
CE_FACOAL80t2pp_Enzyme_AAFOLC_04705,0.0
CE_FACOAL80t2pp_Enzyme_AAFOLC_20940,0.0
CE_FACOAL90i_Enzyme_FACOAL90i,0.0
CE_FACOAL90t2pp_Enzyme_AAFOLC_02280,0.0
CE_FACOALP100t2pp_Enzyme_AAFOLC_02280,0.0
CE_FACOALP50t2pp_Enzyme_AAFOLC_02280,0.0
CE_FACOALP60t2pp_Enzyme_AAFOLC_02280,0.0
CE_FACOALP70t2pp_Enzyme_AAFOLC_02280,0.0
CE_FACOALP80t2pp_Enzyme_AAFOLC_02280,0.0
CE_FACOALP90t2pp_Enzyme_AAFOLC_02280,0.0
CE_FACOALT60t2pp_Enzyme_AAFOLC_02280,0.0
CE_FACOAL_70_c_Enzyme_FACOAL_70_c,0.0
CE_FADMQOR_A7IBK7_A7IBK8,0.0
CE_FADRx2_Enzyme_AAFOLC_19580,0.0
CE_FALDep_A7IHW0_Enzyme_AAFOLC_06175_Enzyme_AAFOLC_18195,0.0
CE_FAO3_Enzyme_FAO3,0.0
CE_FAS100_A0A974SL76,0.019218205031604797
CE_FAS120_A0A974SL76,0.019218205031604797
CE_FAS140_A0A974SL76,0.019218205031604797
CE_FAS160_A0A974SL76,0.0
CE_FAS161_A0A974SL76,0.016865657635051847
CE_FAS180_A0A974SL76,0.0
CE_FAS181_A0A974SL76,0.00516320219375295
CE_FAS80_L_A0A974SL76,0.019218205031604797
CE_FBA_A7IGL4,0.0
CE_FBA_A7IJW4,-1.0654269450293212
CE_FBA2_A7IGL4,0.0
CE_FBA2_A7IJW4,0.0
CE_FBA3_A7IGL4,0.0
CE_FBP_A7IL56,0.0
CE_FBP_A7IL64,0.0
CE_FBP_Enzyme_AAFOLC_04155,1.0654269450293212
CE_FCLPA_Enzyme_AAFOLC_01020,0.0
CE_FCLT_A7IJ61,1.3379999999999999e-05
CE_FDH_A7IHS5,0.0
CE_FDH_A7IL14,0.0
CE_FDH_A7IL15_A7IL16_A7IL17,0.0
CE_FDMO2_Enzyme_FDMO2_1,0.0
CE_FDMO3_1_Enzyme_FDMO3_1,0.0
CE_FDMO4_1_Enzyme_FDMO4_1_1,0.0
CE_FDMO5_Enzyme_FDMO5,0.0
CE_FE2abc_Enzyme_AAFOLC_14305,0.0
CE_FE2abc_Enzyme_AAFOLC_14315,0.00043454999999999996
CE_FE2abcpp_A7IEL1_A7IEL2_Enzyme_AAFOLC_02075_Enzyme_AAFOLC_02090,0.0
CE_FE2t2pp_Enzyme_AAFOLC_04380,0.0
CE_FE2t3pp_A7IBB6,0.0
CE_FE2t4pp_A7IKU2,0.0
CE_FE3DCITR3_Enzyme_AAFOLC_10165,0.0
CE_FE3DCITabcpp_Enzyme_FE3DCITabcpp,0.0
CE_FE3DCITtonex_A7IJU5_A7IJU6,0.0
CE_FE3DCITtonex_A7IJU6_Enzyme_AAFOLC_08370_Enzyme_AAFOLC_15875,0.0
CE_FE3DCITtonex_Enzyme_AAFOLC_15875_Enzyme_AAFOLC_15880,0.0
CE_FE3PYOVD2tonex_Enzyme_AAFOLC_15875_Enzyme_AAFOLC_15880,0.0
CE_FE3PYOVDDR2_Enzyme_FE3PYOVDDR2,0.0
CE_FE3abc_Enzyme_AAFOLC_10775,0.0
CE_FE3abcpp_A7ILU6_Enzyme_AAFOLC_14510_Enzyme_AAFOLC_15655,0.0
CE_FE3abcpp_Enzyme_AAFOLC_14510_Enzyme_AAFOLC_15655,0.0
CE_FE3abcpp_Enzyme_AAFOLC_15655,0.0
CE_FEENTER2tpp_Enzyme_AAFOLC_18485,0.0
CE_FEENTERR3_Enzyme_FEENTERR3,0.0
CE_FEENTERabcpp_Enzyme_FEENTERabcpp_3,0.0
CE_FEENTERtonex_A7IJU5_A7IJU6,0.0
CE_FEENTERtonex_A7IJU6_Enzyme_AAFOLC_15875,0.0
CE_FEENTERtonex_Enzyme_AAFOLC_15875_Enzyme_AAFOLC_15880,0.0
CE_FERHYD_A7IC58,-16.709641002176564
CE_FEROc_Enzyme_AAFOLC_05550,5.5709999999999993e-05
CE_FEROpp_A7ILU7,0.0
CE_FFSD_2_Enzyme_FFSD_2,0.0
CE_FLDR_A7IDJ0,0.0
CE_FLVR_Enzyme_AAFOLC_19580,1.628656156187589e-06
CE_FMNAT_Enzyme_AAFOLC_02705,6.689999999999999e-06
CE_FMNRx2_Enzyme_AAFOLC_18105,0.0
CE_FMNRx2_Enzyme_AAFOLC_19580,0.0
CE_FMNRy_Enzyme_FMNRy,0.0
CE_FNOR_A7IDJ0,16.709577447176564
CE_FOAMtrpp_Enzyme_FOAMtrpp,0.0
CE_FOLD3_Enzyme_FOLD3_2,2.6759999999998937e-05
CE_FOLR2_Enzyme_AAFOLC_06030,0.0
CE_FOLt_Enzyme_FOLt,0.0
CE_FOMETRi_Enzyme_AAFOLC_02450,0.0
CE_FORAMD_Enzyme_AAFOLC_17440,0.0
CE_FORCT_A7ICK4,4.0139999999998935e-05
CE_FORt2_Enzyme_AAFOLC_05845,0.0
CE_FRD_Enzyme_AAFOLC_10150,0.0
CE_FRD3_Enzyme_FRD3_1,0.0
CE_FRDx_Enzyme_AAFOLC_07950,0.0
CE_FRUpts_A7IIM3,0.0
CE_FRUpts2pp_A7IIM3,0.0
CE_FRUptspp_A7IIM3,0.0
CE_FTHFD_A7IPH7,0.0
CE_FTHFLi_A7IF38,0.00012609522687857325
CE_FUCpts_Enzyme_FUCpts,0.0
CE_FUM_A7IFW9,0.01406315354286408
CE_FUMAC_Enzyme_FUMAC_3,0.0
CE_G1PACT_A7INP6,0.00448926
CE_G1SAT_Enzyme_G1SAT_5,0.0
CE_G2PP_Enzyme_AAFOLC_09490,0.0
CE_G3PD1ir_Enzyme_AAFOLC_07550,0.00635634
CE_G3PD2_Enzyme_AAFOLC_07550,0.0
CE_G3PD4_Enzyme_AAFOLC_08110,0.0
CE_G3PD5_Enzyme_AAFOLC_08110,0.0
CE_G3PD6_Enzyme_AAFOLC_08110,0.0
CE_G3PEabcpp_A7ICL8,0.0
CE_G3PGabcpp_A7ICL8,0.0
CE_G5SD_A0A974SL98,0.0
CE_G6PBDH_A7IEQ8,0.0
CE_G6PDH2r_A7IEQ8,0.0
CE_G6PI_Enzyme_AAFOLC_09170,0.0
CE_G6PI3_Enzyme_AAFOLC_09170,0.0
CE_GAD2ktpp_Enzyme_AAFOLC_18275,0.0
CE_GAL6PI_Enzyme_GAL6PI,0.0
CE_GALCTD_A0A974SI11,0.0
CE_GALKr_Enzyme_GALKr_2,-0.00017316
CE_GALTpts_A7IIM3,0.0
CE_GALURDH_Enzyme_GALURDH,0.0
CE_GALURt2r_A0A974PMB4,0.0
CE_GALUi_A7ICA4,0.011428836706776494
CE_GALabc_A0A974PPK6,0.0
CE_GALpts_A7IIM3,0.0
CE_GALt2_3_A0A974SIV8,0.0
CE_GALt2pp_A7IDI2,0.0
CE_GAMpts_A7IIM3,0.0
CE_GAPD_A7IJW2,-2.6617626236639067
CE_GARFT_A0A974PSZ8,0.0018107416001205386
CE_GBDM_Enzyme_AAFOLC_11345,0.0
CE_GCALDD_A7IC81,0.0
CE_GCALDD_Enzyme_AAFOLC_08760,2.6759999999998937e-05
CE_GCALDD_Enzyme_AAFOLC_10255,0.0
CE_GCALDD_Enzyme_AAFOLC_16740,0.0
CE_GCALDD_Enzyme_AAFOLC_17480,0.0
CE_GCCa_A7IHE8_A7IHE9,0.0
CE_GCCa_A7IHE8_A7IHE9_A7IHF1,0.0
CE_GCCa_1_A7IHE8_A7IHF1,0.1275889938166895
CE_GCCb_A7IHE9,0.0
CE_GCCb_Enzyme_AAFOLC_07690,0.0
CE_GCCb_1_A7IHF1,0.1275889938166895
CE_GCCc_A7IHE8_A7IHE9,0.0
CE_GCCc_A7IHE8_A7IHE9_A7IHF1,0.0
CE_GCCc_1_A7IHF1,0.1275889938166895
CE_GCDH_A7IPI5,0.0
CE_GCVHADPr_Enzyme_GCVHADPr,0.0
CE_GCVHRADPr_Enzyme_AAFOLC_03355,0.0
CE_GDBTALDH_A7IIX2,0.0
CE_GDOCBIK_Enzyme_GDOCBIK_2,0.0
CE_GDPDPK_A7IM58,0.0
CE_GDPMNH_Enzyme_GDPMNH_3,0.0001443034937724306
CE_GDPMNP_Enzyme_GDPMNP_3,0.0
CE_GDPTPDP_Enzyme_AAFOLC_14895,0.0
CE_GF6PTA_A7INP5,0.00448926
CE_GG15DAPAH_Enzyme_AAFOLC_10250,0.0
CE_GG15DAPDxr_A7IIX2,0.0
CE_GG15DAPO_Enzyme_AAFOLC_00440,0.0
CE_GG15DAPS_A7IGP0,0.0
CE_GG15DAPS_A7IHT6,0.0
CE_GGDAPAH_Enzyme_AAFOLC_10250,0.0
CE_GGDAPDxr_A7IIX2,0.0
CE_GGDAPO_Enzyme_GGDAPO,0.0
CE_GGDAPS_A7IGP0,0.0
CE_GGDAPS_A7IHT6,0.0
CE_GGGABADr_Enzyme_AAFOLC_16815,0.0
CE_GGGABADxr_A7IIX2,0.0
CE_GGGABAH_Enzyme_AAFOLC_10250,0.0
CE_GGLUCT2_Enzyme_GGLUCT2,0.0
CE_GGPTRCO_Enzyme_AAFOLC_00440,0.0
CE_GGPTRCS_A7IGP0,0.0
CE_GGPTRCS_A7IHT6,0.0
CE_GGSPMDO_Enzyme_AAFOLC_00440,0.0
CE_GGSPMDS_A7IGP0,0.0
CE_GHMT2r_A7INA3,-0.11456921002164241
CE_GK1_Enzyme_AAFOLC_04925,0.0012596375788747126
CE_GK2_Enzyme_AAFOLC_04925,0.0
CE_GLCAt2_A0A974SIV8,0.0
CE_GLCDpp_Enzyme_AAFOLC_09955,0.0
CE_GLCOAS_A7IBM1,0.0
CE_GLCOASYNT_A7IBM2,0.0
CE_GLCOASYNT_A7IBM4,0.0
CE_GLCP3_Enzyme_GLCP3,0.0
CE_GLCRAL_Enzyme_AAFOLC_13345,0.0
CE_GLCRt1_Enzyme_GLCRt1,0.0
CE_GLCURDH_Enzyme_GLCURDH_1,0.0
CE_GLCURt2r_A0A974PMB4,0.0
CE_GLCURt2rpp_Enzyme_AAFOLC_20175,0.0
CE_GLCabc_A0A974PPK6,0.0
CE_GLCabc_A0A974PQA9_Enzyme_AAFOLC_00275_Enzyme_AAFOLC_00280,0.0
CE_GLCabc_A0A974SIV8_A7ICL8,0.0
CE_GLCabc_A0A974SIV8_Enzyme_AAFOLC_10475,0.0
CE_GLCabcpp_A7ICL8,0.0
CE_GLCpts_A7IIM3,0.0
CE_GLCptspp_A7IIM3,0.0
CE_GLCt2pp_A7IDI2,0.0
CE_GLGC_A7ICA4,0.0
CE_GLNS_A7ILC0,0.5539592754596656
CE_GLNS_A7IPH1,0.0
CE_GLNS_Enzyme_AAFOLC_10265,0.0
CE_GLNS_1_A7ILC0,0.007939482326984448
CE_GLNabc_Enzyme_AAFOLC_05565,0.0
CE_GLNabc_Enzyme_AAFOLC_05570_Enzyme_AAFOLC_11340,0.0
CE_GLNabc_Enzyme_AAFOLC_08165,0.0
CE_GLNabc_Enzyme_AAFOLC_08170_Enzyme_AAFOLC_11340,0.0
CE_GLNabc_Enzyme_AAFOLC_11340,0.0
CE_GLNabc_Enzyme_AAFOLC_20490,0.0
CE_GLNabcpp_Enzyme_AAFOLC_05570_Enzyme_AAFOLC_11340,0.0
CE_GLNabcpp_Enzyme_AAFOLC_08160_Enzyme_AAFOLC_08170,0.0
CE_GLNabcpp_Enzyme_AAFOLC_08170_Enzyme_AAFOLC_11340,0.0
CE_GLNabcpp_Enzyme_AAFOLC_11340,0.0
CE_GLTPD_A7IEZ0,0.0
CE_GLU5K_A7IH07,0.0
CE_GLUCYS_A7IN32,0.0
CE_GLUDxi_Enzyme_AAFOLC_21310,0.0
CE_GLUKA_1_Enzyme_GLUKA_1_2,0.0
CE_GLUN_A7ICG0,0.0
CE_GLUN_Enzyme_AAFOLC_16655,0.0
CE_GLUN_Enzyme_AAFOLC_18880,0.0
CE_GLUPRT_A7IHZ9,0.0018107416001205386
CE_GLUR_Enzyme_AAFOLC_16040,0.0
CE_GLUSfx_A0A974PUB5,0.0
CE_GLUSx_A7ICJ1_A7ICJ2,0.0
CE_GLUSy_A7ICJ1_A7ICJ2,0.5203908382598905
CE_GLUTCOADHc_A7IPI5,0.0
CE_GLUTRR_Enzyme_GLUTRR_1,0.0
CE_GLUTRS_A7INJ6,0.0
CE_GLUTRS_Enzyme_AAFOLC_09595,0.0
CE_GLUTRS_Enzyme_AAFOLC_18375,0.0
CE_GLUTRS_3_Enzyme_AAFOLC_18375,0.0
CE_GLUabc_Enzyme_AAFOLC_05565,0.0
CE_GLUabc_Enzyme_AAFOLC_08160,0.0
CE_GLUabc_Enzyme_AAFOLC_08160_Enzyme_AAFOLC_08170,0.0
CE_GLUabc_Enzyme_AAFOLC_08165,0.0
CE_GLUabc_Enzyme_AAFOLC_11340,0.0
CE_GLUabc_Enzyme_AAFOLC_13355,0.0
CE_GLUabcpp_A0A974PKL7_A7IP24_Enzyme_AAFOLC_12990_Enzyme_AAFOLC_12995,0.0
CE_GLUabcpp_Enzyme_AAFOLC_08160,0.0
CE_GLUt2rpp_A7IPN8_Enzyme_AAFOLC_14010,0.0
CE_GLUt4pp_A7IDI9,0.0
CE_GLUt4pp_A7IPN8_Enzyme_AAFOLC_14010,0.0
CE_GLXCL_A7IHW7,0.0
CE_GLXCL_Enzyme_AAFOLC_18280,0.0
CE_GLXO1_Enzyme_AAFOLC_08760,2.6759999999998937e-05
CE_GLXO3r_Enzyme_AAFOLC_17260,0.0
CE_GLYALDDr_A7IC81,0.0
CE_GLYALDDr_Enzyme_AAFOLC_08760,0.0
CE_GLYALDDr_Enzyme_AAFOLC_16740,0.0
CE_GLYALDDr_Enzyme_AAFOLC_20965,0.0
CE_GLYBACT1r_A7ICE1,0.0
CE_GLYBACT1r_A7IJZ5,0.0
CE_GLYBACT1r_Enzyme_AAFOLC_07790,0.0
CE_GLYBCOAT_Enzyme_GLYBCOAT,0.0
CE_GLYBabc_Enzyme_AAFOLC_16870,0.0
CE_GLYBabcpp_Enzyme_AAFOLC_16870,0.0
CE_GLYBt2pp_A7IKN9,0.0
CE_GLYBt3pp_Enzyme_AAFOLC_20310,0.0
CE_GLYC2Pabcpp_A7ICL8,0.0
CE_GLYC3Pabc_A0A974PQA9_Enzyme_AAFOLC_10475,0.0
CE_GLYC3Pabc_A0A974SIV8_Enzyme_AAFOLC_10485,0.0
CE_GLYC3Pabcpp_A7ICL8,0.0
CE_GLYCDx_Enzyme_AAFOLC_02815,0.0
CE_GLYCL_A7IHE8_A7IHE9_A7IHF1_Enzyme_AAFOLC_07690,0.0
CE_GLYCL_A7IHE8_A7IHE9_Enzyme_AAFOLC_07690,0.0
CE_GLYCL_A7IHF1,0.0
CE_GLYCL_A7IHF1_Enzyme_AAFOLC_02010,0.0
CE_GLYCL_A7IHF1_Enzyme_AAFOLC_02010_Enzyme_AAFOLC_07690,0.0
CE_GLYCL_A7IHF1_Enzyme_AAFOLC_02450,0.0
CE_GLYCLTDx_Enzyme_AAFOLC_03860,0.0
CE_GLYCLTDx_Enzyme_AAFOLC_20345,0.0
CE_GLYCLTDy_A0A974PMT2,0.0
CE_GLYCLTDy_Enzyme_AAFOLC_03860,0.0
CE_GLYCLTDy_Enzyme_AAFOLC_20345,0.0
CE_GLYCLTt4pp_A7II30,0.0
CE_GLYCL_2_A7IK74,0.0
CE_GLYCTO1_A7IGH0_A7IGH2_Enzyme_AAFOLC_04115,0.0
CE_GLYCTO1_Enzyme_AAFOLC_20160,0.0
CE_GLYCTO2_A7IGH0_A7IGH2_Enzyme_AAFOLC_04115,2.006999999999894e-05
CE_GLYCTO3_A7IGH0_A7IGH2_Enzyme_AAFOLC_04115,0.0
CE_GLYCTO4_A7IGH0_A7IGH2_Enzyme_AAFOLC_04115,6.6899999999999995e-06
CE_GLYGLNabcpp_A7IPD3_Enzyme_AAFOLC_10560_Enzyme_AAFOLC_10570,0.0
CE_GLYGLUabcpp_A7IPD3_Enzyme_AAFOLC_10560_Enzyme_AAFOLC_10570,0.0
CE_GLYGLYCNc_A7IFB7,0.0
CE_GLYGLYCNc_A7IPM2,0.0
CE_GLYGLYabcpp_A7IPD3_Enzyme_AAFOLC_10560_Enzyme_AAFOLC_10570,0.0
CE_GLYK_Enzyme_AAFOLC_08115,0.14491631905801217
CE_GLYK1_Enzyme_AAFOLC_08115,0.0
CE_GLYMETabcpp_A7IPD3_Enzyme_AAFOLC_10560_Enzyme_AAFOLC_10570,0.0
CE_GLYOX_A0A974PR51,0.0
CE_GLYOX_1_A7IN00,0.0
CE_GLYPHEHYc_A7IFB7,0.0
CE_GLYPHEHYc_A7IPM2,0.0
CE_GLYPHEabcpp_A7IPD3_Enzyme_AAFOLC_10560_Enzyme_AAFOLC_10570,0.0
CE_GLYSERabcpp_A7IPD3_Enzyme_AAFOLC_10560_Enzyme_AAFOLC_10570,0.0
CE_GLYTA_Enzyme_AAFOLC_20155,0.0
CE_GLYabc_Enzyme_AAFOLC_05565,0.0
CE_GLYabc_Enzyme_AAFOLC_08165,0.0
CE_GLYabc_Enzyme_AAFOLC_11340,0.0
CE_GLYabcpp_A0A974PJA8_A0A974PJG0_A0A974PJK3_A0A974SGG3_Enzyme_AAFOLC_11090,0.0
CE_GLYabcpp_A0A974PKL7_A7IP24_Enzyme_AAFOLC_12990_Enzyme_AAFOLC_12995,0.0
CE_GLYt4pp_A7IEP7,0.0
CE_GMPS_A7ICG0,0.0012596375788747126
CE_GMPS2_A7ICG0,0.0
CE_GND_Enzyme_AAFOLC_22470,0.0
CE_GNK_1_Enzyme_GNK_1_2,0.0
CE_GOX_Enzyme_AAFOLC_22115,0.0
CE_GPDDA2_Enzyme_GPDDA2_3,0.0
CE_GPDDA4_Enzyme_GPDDA4_3,0.14472389905801217
CE_GRTT_A0A974PQM1,2.007e-05
CE_GRXR_A7IJX6,0.0
CE_GRXR_A7IMR7,0.0
CE_GSNK_Enzyme_GSNK_2,0.0
CE_GTHOr_Enzyme_AAFOLC_09825,0.0
CE_GTHPi_A0A974SJJ5,0.0
CE_GTHRDH_syn_Enzyme_AAFOLC_00205,0.0
CE_GTHRDHpp_Enzyme_AAFOLC_08735,0.0
CE_GTHRDabc2pp_Enzyme_AAFOLC_18250,0.0
CE_GTHRDabc2pp_Enzyme_AAFOLC_18255,0.0
CE_GTHRDabcpp_A7IPD1_A7IPD4_Enzyme_AAFOLC_10575,0.0
CE_GTHRDt2_1_A7IPD1,0.0
CE_GTHRDt2_1_Enzyme_AAFOLC_08160,0.0
CE_GTHS_A7IC53,0.0
CE_GTMLT_Enzyme_AAFOLC_08735,0.0
CE_GTMLT_Enzyme_AAFOLC_20820,0.0
CE_GTPCI_Enzyme_AAFOLC_07470,2.6759999999998937e-05
CE_GTPCII_A7IMW5,0.0
CE_GTPCII_Enzyme_AAFOLC_01495,0.0
CE_GTPCII2_A7IMW5,0.0
CE_GTPCII2_Enzyme_AAFOLC_01495,1.5008656156187587e-05
CE_GTPDPK_A7IM58,0.0
CE_GUACYC_Enzyme_AAFOLC_00055,0.0
CE_GUACYC_Enzyme_AAFOLC_03395,0.0
CE_GUACYC_Enzyme_AAFOLC_18215,0.0
CE_GUACYC_Enzyme_AAFOLC_20575,0.0
CE_GUACYC_Enzyme_AAFOLC_21900,0.0
CE_GUAPRT_A7IB89,0.0
CE_GUAt2pp_A7IKH8,0.0
CE_GUDBUTNAH_Enzyme_GUDBUTNAH_3,0.0
CE_GUI1_Enzyme_GUI1_5,0.0
CE_GalMr_2_Enzyme_GalMr_2,-0.01933666816550568
CE_H2CO3D_A7IMX7,0.0
CE_H2SO_Enzyme_H2SO,-0.008826083598299558
CE_HACD1_A7IHA8,0.0
CE_HACD1_Enzyme_AAFOLC_15560,0.0
CE_HACD10i_Enzyme_AAFOLC_17940,0.0
CE_HACD11i_Enzyme_AAFOLC_17940,0.0
CE_HACD12i_Enzyme_HACD12i,0.0
CE_HACD13i_Enzyme_HACD13i,0.0
CE_HACD14i_Enzyme_HACD14i,0.0
CE_HACD15i_Enzyme_HACD15i,0.0
CE_HACD16i_Enzyme_HACD16i,0.0
CE_HACD17i_Enzyme_HACD17i,0.0
CE_HACD18i_Enzyme_HACD18i,0.0
CE_HACD19i_Enzyme_AAFOLC_17940,0.0
CE_HACD1_1_A7IHA8,0.0
CE_HACD1_1_A7INS1,0.0
CE_HACD1i_Enzyme_AAFOLC_17940,0.0
CE_HACD2_A7IHA8,0.0
CE_HACD2_A7INS1,0.0
CE_HACD20i_Enzyme_AAFOLC_17940,0.0
CE_HACD21i_Enzyme_AAFOLC_17940,0.0
CE_HACD22i_Enzyme_AAFOLC_17940,0.0
CE_HACD23i_Enzyme_AAFOLC_17940,0.0
CE_HACD26i_Enzyme_AAFOLC_17940,0.0
CE_HACD27i_Enzyme_AAFOLC_17940,0.0
CE_HACD28i_Enzyme_AAFOLC_17940,0.0
CE_HACD29i_Enzyme_AAFOLC_17940,0.0
CE_HACD2i_Enzyme_AAFOLC_17940,0.0
CE_HACD3_A7IHA8,0.0
CE_HACD3_A7INS1,0.0
CE_HACD30i_Enzyme_AAFOLC_17940,0.0
CE_HACD31i_Enzyme_AAFOLC_17940,0.0
CE_HACD32i_Enzyme_AAFOLC_17940,0.0
CE_HACD33i_Enzyme_AAFOLC_17940,0.0
CE_HACD3i_Enzyme_AAFOLC_17940,0.0
CE_HACD4_A7IHA8,0.0
CE_HACD4_A7INS1,0.0
CE_HACD4i_Enzyme_AAFOLC_17940,0.0
CE_HACD5_A7IHA8,0.0
CE_HACD5_A7INS1,0.0
CE_HACD5i_Enzyme_AAFOLC_17940,0.0
CE_HACD6_A7IHA8,0.0
CE_HACD6_A7INS1,0.0
CE_HACD6i_Enzyme_AAFOLC_17940,0.0
CE_HACD7_A7IHA8,0.0
CE_HACD7_A7INS1,0.0
CE_HACD7i_Enzyme_AAFOLC_17940,0.0
CE_HACD8_A7IHA8,0.0
CE_HACD8i_A7IKJ4,0.0
CE_HACD9_A7INS1,0.0
CE_HACD9_Enzyme_AAFOLC_07995,0.0
CE_HACD9_Enzyme_AAFOLC_15560,0.0
CE_HACOADr_A7INS1,0.0
CE_HADPCOADH_Enzyme_AAFOLC_10685_Enzyme_AAFOLC_21105,0.0
CE_HADPCOADH3_Enzyme_AAFOLC_10665,0.0
CE_HADPCOADH3_Enzyme_AAFOLC_10685,0.0
CE_HATBH_A0A974PRF1,0.0
CE_HBCH_A0A974PT72,0.0
CE_HBCH_Enzyme_AAFOLC_14765,0.0
CE_HBCHLR_A0A974PT72,0.0
CE_HBCHLR_A7IFE3,0.0
CE_HBCHLR_Enzyme_AAFOLC_13640,0.0
CE_HBCHLR_Enzyme_AAFOLC_14765,0.0
CE_HBCO_nadp_Enzyme_AAFOLC_10685,0.0
CE_HBRCH_A0A974PRF1,0.0
CE_HBZOPT_Enzyme_HBZOPT_2,0.0
CE_HCITI_Enzyme_HCITI_4,-0.0026877335281298206
CE_HCITS_A7IBL6,0.0
CE_HCO3E_A7IMX7,0.0
CE_HCO3E_Enzyme_AAFOLC_18355,0.15047786311523978
CE_HCO3abc_Enzyme_AAFOLC_03065,0.0
CE_HCYSMT_A7IGF4,0.0
CE_HDECH_Enzyme_HDECH,-0.14972060905801216
CE_HDH_A7IEN7,0.0
CE_HEMEOS_A0A974SH82,6.6899999999999995e-06
CE_HEMEti_Enzyme_AAFOLC_09640,0.0
CE_HETZK_Enzyme_HETZK_2,0.0
CE_HEX1_Enzyme_AAFOLC_04325,0.0
CE_HEX4_Enzyme_HEX4_2,0.0
CE_HEX7_1_Enzyme_HEX7_1_2,0.0
CE_HEXSabc_A0A974SLI1_Enzyme_AAFOLC_07310,0.0
CE_HG2abcpp_Enzyme_AAFOLC_00825,0.0
CE_HG2t3pp_A7IBB6,0.0
CE_HGNTOR_Enzyme_HGNTOR_1,0.0
CE_HHDDI_A7IMT5,0.0
CE_HHDDI_Enzyme_AAFOLC_07215,0.0
CE_HHDDI_Enzyme_AAFOLC_08715,0.0
CE_HIBD_A7IHE0,0.0
CE_HIBDkt_Enzyme_AAFOLC_22470,0.0
CE_HICITD_A7IBL6,-0.0026877335281298206
CE_HISGLYabcpp_A7IPD3_Enzyme_AAFOLC_10560_Enzyme_AAFOLC_10570,0.0
CE_HISHISabcpp_A7IPD3_Enzyme_AAFOLC_10560_Enzyme_AAFOLC_10570,0.0
CE_HISTD_A7IEN7,0.003370763796746354
CE_HISTP_A7IHP3,0.003370763796746354
CE_HISTP_Enzyme_AAFOLC_09490,0.0
CE_HISabc_Enzyme_AAFOLC_05565,0.0
CE_HISabc_Enzyme_AAFOLC_08165,0.0
CE_HISabc_Enzyme_AAFOLC_11340,0.0
CE_HISabcpp_A0A974PJA8_A0A974PJG0_A0A974PJK3_A0A974SGG3_Enzyme_AAFOLC_11090,0.0
CE_HISabcpp_A0A974PKL7_A7IP24_Enzyme_AAFOLC_12990_Enzyme_AAFOLC_12995,0.0
CE_HISabcpp_Enzyme_AAFOLC_08160,0.0
CE_HKtpp_Enzyme_AAFOLC_19085,0.0
CE_HMBS_Enzyme_AAFOLC_07560,2.007e-05
CE_HMEDR_Enzyme_AAFOLC_06390,0.0
CE_HMEDS_A7IGJ1,0.0
CE_HMGL_A7IGF6,0.0
CE_HMGL_2_A7IKJ4,0.0
CE_HMGL_2_Enzyme_AAFOLC_07745,0.0
CE_HMGL_2_Enzyme_AAFOLC_11600,0.0
CE_HMPK1_A0A974SJR7,0.0
CE_HMPK1_Enzyme_AAFOLC_13495,0.0
CE_HMPSCD_Enzyme_AAFOLC_19130,0.0
CE_HMR_0260_A0A974PRF1,0.0
CE_HMSH_Enzyme_HMSH_3,0.0
CE_HOPNTAL_Enzyme_HOPNTAL_4,0.0
CE_HPA3MO_A7IC92,0.0
CE_HPA3MO_Enzyme_AAFOLC_07965,0.0
CE_HPACt2r_Enzyme_HPACt2r,0.0
CE_HPHACA_Enzyme_HPHACA_1,0.0
CE_HPPK_Enzyme_AAFOLC_09005,2.6759999999998937e-05
CE_HPPK2_Enzyme_AAFOLC_09005,0.0
CE_HPROa_A7IID7,0.0
CE_HPROb_A7IID7,0.0
CE_HPYRI_A7IHW8,0.0
CE_HPYRP_Enzyme_AAFOLC_06425,0.0
CE_HPYRRx_A7IEK8,0.0
CE_HPYRRx_A7IMV5,0.0
CE_HPYRRx_Enzyme_AAFOLC_03860,0.0
CE_HPYRRx_Enzyme_AAFOLC_05560,0.0
CE_HPYRRx_Enzyme_AAFOLC_20345,0.0
CE_HPYRRy_A0A974PMT2,0.0
CE_HPYRRy_A7IEK8,0.0
CE_HPYRRy_Enzyme_AAFOLC_03860,0.0
CE_HPYRRy_Enzyme_AAFOLC_20345,0.0
CE_HSDxi_A7IL57,0.0
CE_HSDy_A7IL57,-0.29302690131560366
CE_HSERTA_A0A974PLR8,0.005699689577253215
CE_HSERTA_A7IGL1,0.0
CE_HSERTA_A7IGL1_A7IGL2,0.0
CE_HSK_A7IHV6,0.28732721173835046
CE_HSTPT_A7ICA9,0.003370763796746354
CE_HSTPTr_A7ICA9,0.0
CE_HVCD_A7IHA8,0.0
CE_HVCD_Enzyme_AAFOLC_17940,0.0
CE_HXAND_A0A974PUV6,0.0
CE_HXAND_A0A974SG06,0.0
CE_HXAND_A7IJG0,0.0
CE_HXCT_A7IEC6_A7IHV0,0.0
CE_HXPRT_A7IB89,0.0
CE_HYD1pp_A7IHC4_A7IHC5,0.0
CE_HYD1pp_A7IHC4_A7IHC6,0.0
CE_HYD2_A7IHD8,0.0
CE_HYD2pp_A7IHC4_A7IHC5,0.0
CE_HYD2pp_A7IHC4_A7IHC6,0.0
CE_HYD3pp_A7IHC4_A7IHC5,0.0
CE_HYD3pp_A7IHC4_A7IHC6,0.0
CE_HYPOE_Enzyme_HYPOE_3,3.3449999999999997e-06
CE_ICDHyr_A7IP44,0.04331914406276927
CE_ICITt4pp_A7IEY8,0.0
CE_ICITtupp_A7IEY8,0.0
CE_IDOND_Enzyme_IDOND_1,0.0
CE_IDPh_1_A7II95,0.0
CE_IG3PS_A7IHN9,0.0
CE_IG3PS_A7IHN9_A7IHP1,0.0
CE_IG3PS_A7IHP1,0.003370763796746354
CE_IGPDH_A7IHP3,0.003370763796746354
CE_IGPDH_1_A7IHP3,0.0
CE_IGPS_A7INK2,0.0029944066879836434
CE_ILETA_A7IIF5,-0.010177447247241397
CE_ILETA2_A7IIF5,0.0
CE_ILEabc_A7ID02_A7ID04_A7ID05_A7IFL8_A7IM84,0.0
CE_ILEabc_Enzyme_AAFOLC_05565,0.0
CE_ILEabc_Enzyme_AAFOLC_08165,0.0
CE_ILEabc_Enzyme_AAFOLC_11340,0.0
CE_ILEabcpp_A0A974PKL7_A7IP24_Enzyme_AAFOLC_12990_Enzyme_AAFOLC_12995,0.0
CE_ILEabcpp_A7ID01_A7ID02_A7ID03_Enzyme_AAFOLC_11045_Enzyme_AAFOLC_11050,0.0
CE_ILEabcpp_A7ID05_A7IM81_A7IM84_Enzyme_AAFOLC_13240_Enzyme_AAFOLC_13245,0.0
CE_ILEabcpp_A7IM81_A7IM84_A7IM86_Enzyme_AAFOLC_12280_Enzyme_AAFOLC_13240,0.0
CE_ILEabcpp_A7IM81_A7IM84_Enzyme_AAFOLC_13240_Enzyme_AAFOLC_13245,0.0
CE_ILEabcpp_A7IM84_Enzyme_AAFOLC_13240_Enzyme_AAFOLC_13245,0.0
CE_IMPC_A7IG34,-0.005174420767661886
CE_IMPD_A7IK10,0.0012596375788747126
CE_INDOLEt5_A0A974SLE2_A7IMU3,0.0
CE_INDOLEt5_A7IE65_Enzyme_AAFOLC_08680_Enzyme_AAFOLC_12945,0.0
CE_INDOLEt6_A0A974SLE2_A7IMU3,0.0
CE_INDOLEt6_A7IE65_Enzyme_AAFOLC_08680_Enzyme_AAFOLC_12945,0.0
CE_INDPYRD_Enzyme_INDPYRD_4,0.0
CE_INS2D_A7IHT9,1.9862813874949037e-05
CE_INSCR_Enzyme_INSCR,1.9862813874949037e-05
CE_INSH_Enzyme_INSH_3,0.0
CE_INSTt2_Enzyme_AAFOLC_10000,0.0
CE_IPDDI_Enzyme_AAFOLC_17260,-0.00010704
CE_IPDPS_A7IHI0,0.0
CE_IPDPS_Enzyme_AAFOLC_06390,0.0
CE_IPMD_A7III8,0.02205705978060804
CE_IPPMIa_A7IEI6,-0.02205705978060804
CE_IPPMIa_A7IEI6_A7IEJ1,0.0
CE_IPPMIb_A7IEI6,-0.02205705978060804
CE_IPPMIb_A7IEI6_A7IEJ1,0.0
CE_IPPS_A7IEY5,0.02205705978060804
CE_IPPS_A7IPI8,0.0
CE_IVCS_Enzyme_AAFOLC_07990,0.0
CE_K2L4Aabcpp_A0A974PJV1,0.0
CE_K2L4Aabcpp_Enzyme_AAFOLC_13740,0.00058368
CE_K2L4Aabcpp_Enzyme_AAFOLC_18315,0.0
CE_KARA1_A7IFE5,-0.03694592186189473
CE_KARA2_A7IFE5,0.010177447247241397
CE_KARI_1_A7IFE5,0.0
CE_KARI_23dhmp_1_A7IFE5,0.0
CE_KAS13_A7IBB8_A7IK20_Enzyme_AAFOLC_07995,0.0004032334191103152
CE_KAS13_A7IK20_Enzyme_AAFOLC_07995,0.0
CE_KAS17_A7IBB8_A7IK20_Enzyme_AAFOLC_07995,0.0
CE_KAS17_A7IK20_Enzyme_AAFOLC_07995,0.0
CE_KAS2_A7IBB8_A7IK20_Enzyme_AAFOLC_07995,0.0
CE_KAS2_A7IK20_Enzyme_AAFOLC_07995,0.0
CE_KAS7_A7IBB8_A7IK20_Enzyme_AAFOLC_07995,0.0
CE_KAS7_A7IK20_Enzyme_AAFOLC_07995,0.0
CE_KAS8_A7IBB8_A7IK20_Enzyme_AAFOLC_07995,0.0
CE_KAS8_A7IK20_Enzyme_AAFOLC_07995,0.0
CE_KAS8_Enzyme_AAFOLC_19620,0.0
CE_KAT16_Enzyme_KAT16,0.0
CE_KAT17_Enzyme_KAT17,0.0
CE_KAT19_Enzyme_KAT19,0.0
CE_KAT20_Enzyme_KAT20,0.0
CE_KAT21_Enzyme_KAT21,0.0
CE_KAT27_Enzyme_KAT27,0.0
CE_KAT28_Enzyme_KAT28,0.0
CE_KAT29_Enzyme_KAT29,0.0
CE_KAT30_Enzyme_KAT30,0.0
CE_KDOCT2_Enzyme_AAFOLC_16425,0.00116736
CE_KDOPP_Enzyme_KDOPP_3,0.00116736
CE_KDOPS_Enzyme_AAFOLC_16420,0.00116736
CE_KG6PDC_Enzyme_KG6PDC_4,0.0
CE_Kabc_Enzyme_AAFOLC_19085_Enzyme_AAFOLC_19090_Enzyme_AAFOLC_19095,0.0
CE_Kabcpp_Enzyme_AAFOLC_19080,0.0
CE_Kabcpp_Enzyme_AAFOLC_19085_Enzyme_AAFOLC_19090_Enzyme_AAFOLC_19095,0.0
CE_Kabcpp_Enzyme_AAFOLC_19090_Enzyme_AAFOLC_19095,0.0
CE_Kt2pp_A7IBQ1,0.0
CE_Kt2pp_A7INM3,0.0
CE_Kt2pp_A7INM3_Enzyme_AAFOLC_21205,0.0
CE_Kt3pp_Enzyme_AAFOLC_00665,0.0
CE_Kt3pp_Enzyme_AAFOLC_00740,0.0
CE_Kt3pp_Enzyme_AAFOLC_10955,0.0
CE_Kt3pp_Enzyme_AAFOLC_12935,0.0
CE_Kt3pp_Enzyme_AAFOLC_13150,0.0
CE_Kt3pp_Enzyme_AAFOLC_16710,0.0
CE_LACZpp_Enzyme_LACZpp_3,0.0
CE_LADGMDH_Enzyme_LADGMDH,0.0
CE_LALDO2x_Enzyme_AAFOLC_02815,0.0
CE_LALGP_A7IFB7,0.0
CE_LALGP_A7IPM2,0.0
CE_LASP2OA_Enzyme_LASP2OA_2,0.0
CE_LAT_Enzyme_LAT_2,0.0026877335281298206
CE_LCADi_A7IC81,0.0
CE_LCADi_Enzyme_AAFOLC_08760,0.0
CE_LCADi_Enzyme_AAFOLC_10255,0.0
CE_LCADi_Enzyme_AAFOLC_17480,0.0
CE_LCARS_Enzyme_LCARS_1,0.0
CE_LCTSabc_A0A974SIV8_Enzyme_AAFOLC_10475,0.0
CE_LCTSt3ipp_Enzyme_AAFOLC_18690,0.0
CE_LCYSTabc_A0A974SLI1_Enzyme_AAFOLC_07310,0.0
CE_LDGUNPD_Enzyme_LDGUNPD,0.0
CE_LDH_D_A0A974SIP1,0.0
CE_LDH_D_Enzyme_AAFOLC_05560,0.0
CE_LDH_D2_A7IGH0_A7IGH2_Enzyme_AAFOLC_04115,0.0
CE_LDH_D2_Enzyme_AAFOLC_20160,0.0
CE_LDH_L_Enzyme_AAFOLC_07235,0.0
CE_LEULEULAPc_A7IFB7,0.0
CE_LEULEULAPc_A7IPM2,0.0
CE_LEULEUabcpp_A7IPD3_Enzyme_AAFOLC_10560_Enzyme_AAFOLC_10570,0.0
CE_LEUTA_A7IIF5,-0.02205705978060804
CE_LEUabc_A7ID02_A7ID04_A7ID05_A7IFL8_A7IM84,0.0
CE_LEUabc_Enzyme_AAFOLC_05565,0.0
CE_LEUabc_Enzyme_AAFOLC_08165,0.0
CE_LEUabc_Enzyme_AAFOLC_11340,0.0
CE_LEUabcpp_A0A974PJA8_A0A974PJG0_A0A974PJK3_A0A974SGG3_Enzyme_AAFOLC_11090,0.0
CE_LEUabcpp_A0A974PKL7_A7IP24_Enzyme_AAFOLC_12990_Enzyme_AAFOLC_12995,0.0
CE_LEUabcpp_A7ID01_A7ID02_A7ID03_Enzyme_AAFOLC_11045_Enzyme_AAFOLC_11050,0.0
CE_LEUabcpp_A7ID05_A7IM81_A7IM84_Enzyme_AAFOLC_13240_Enzyme_AAFOLC_13245,0.0
CE_LEUabcpp_A7IM81_A7IM84_A7IM86_Enzyme_AAFOLC_12280_Enzyme_AAFOLC_13240,0.0
CE_LEUabcpp_A7IM81_A7IM84_Enzyme_AAFOLC_12290_Enzyme_AAFOLC_13240_Enzyme_AAFOLC_13245,0.0
CE_LEUabcpp_A7IM81_A7IM84_Enzyme_AAFOLC_13240_Enzyme_AAFOLC_13245,0.0
CE_LEUabcpp_A7IM84_Enzyme_AAFOLC_12290_Enzyme_AAFOLC_13240_Enzyme_AAFOLC_13245,0.0
CE_LEUabcpp_A7IM84_Enzyme_AAFOLC_13240_Enzyme_AAFOLC_13245,0.0
CE_LEUt4rpp_Enzyme_LEUt4rpp,0.0
CE_LEVUACOAL_Enzyme_LEVUACOAL,0.0
CE_LGTHL_A7IN00,0.0
CE_LINO_6_DESA_Enzyme_LINO_6_DESA_1,1.0925764871590529e-05
CE_LPADSS_Enzyme_LPADSS_2,0.00058368
CE_LPLIPAL1A181pp_Enzyme_LPLIPAL1A181pp,0.0
CE_LPLIPAL1E181d11pp_Enzyme_AAFOLC_02805,0.0
CE_LPLIPAL1G181d11pp_Enzyme_AAFOLC_02805,0.0
CE_LPLIPAL2E160_Enzyme_AAFOLC_05535,0.0
CE_LPLIPAL2E161_Enzyme_AAFOLC_05535,0.0
CE_LPLIPAL2E181_Enzyme_AAFOLC_05535,0.0
CE_LPLIPAL2G160_Enzyme_AAFOLC_05535,0.07819092417793393
CE_LPLIPAL2G161_Enzyme_AAFOLC_05535,0.06653297488007821
CE_LPLIPAL2G181_Enzyme_AAFOLC_05535,0.0
CE_LSERDHr_A7IJ59,0.0
CE_LYSDC_Enzyme_LYSDC_4,0.0
CE_LYSabc_Enzyme_AAFOLC_05565,0.0
CE_LYSabc_Enzyme_AAFOLC_08165,0.0
CE_LYSabc_Enzyme_AAFOLC_11340,0.0
CE_LYSabcpp_Enzyme_AAFOLC_05565,0.0
CE_LYSabcpp_Enzyme_AAFOLC_05570_Enzyme_AAFOLC_11340,0.0
CE_LYSabcpp_Enzyme_AAFOLC_08160,0.0
CE_LYSt3pp_Enzyme_LYSt3pp,0.0
CE_L_LACD2_A0A974PQZ4_Enzyme_AAFOLC_04070,0.0
CE_L_LACD2_Enzyme_AAFOLC_07235,0.0
CE_L_LACD3_A0A974PQZ4_Enzyme_AAFOLC_04070,0.0
CE_L_LACD3_Enzyme_AAFOLC_07235,0.0
CE_M1PD_Enzyme_M1PD_1,0.0
CE_MACACI_Enzyme_MACACI_5,0.0
CE_MACCOAT_A7IJZ5,0.0
CE_MACCOAT_A7INS0,0.0
CE_MACCOAT_Enzyme_AAFOLC_08035,0.0
CE_MAK_Enzyme_AAFOLC_07940,0.0
CE_MAL6PG_Enzyme_MAL6PG_3,0.0
CE_MALEI_Enzyme_MALEI_5,0.0
CE_MALS_A0A974PQV7,0.0
CE_MALT_Enzyme_AAFOLC_07945,0.011428836706776494
CE_MALTHPabc_A0A974PQA9_Enzyme_AAFOLC_00275_Enzyme_AAFOLC_00280,0.0
CE_MALTHXabc_A0A974PPK6_A7ICL8,0.0
CE_MALTHXabcpp_A7ICL8,0.0
CE_MALTHXabcpp_Enzyme_AAFOLC_00285,0.0
CE_MALTT_Enzyme_MALTT,0.0
CE_MALTTRabc_A0A974PPK6,0.0
CE_MALTTRabc_A0A974PPK6_A7ICL8,0.0
CE_MALTTTRabc_A0A974PPK6,0.0
CE_MALTabc_A0A974PPK6,0.0
CE_MALTabc_A0A974PQA9_Enzyme_AAFOLC_00275_Enzyme_AAFOLC_00280,0.0
CE_MALTabc_A0A974SIV8_A7ICL8,0.0
CE_MALTabc_A0A974SIV8_Enzyme_AAFOLC_10475,0.0
CE_MALTabc_A7ICL8,0.0
CE_MALTabcpp_A7ICL8,0.0
CE_MALTabcpp_Enzyme_AAFOLC_00285,0.0
CE_MALTpts_A7IIM3,0.0
CE_MALTptspp_A7IIM3,0.0
CE_MALTt2_A0A974SIV8,0.0
CE_MAN1PT_Enzyme_AAFOLC_16495,0.0
CE_MAN1PT2_Enzyme_AAFOLC_16495,0.0001443034937724306
CE_MAN6PI_Enzyme_AAFOLC_16495,-0.0001443034937724306
CE_MANAO_Enzyme_MANAO_1,0.0
CE_MANpts_A7IIM3,0.0
CE_MANptspp_A7IIM3,0.0
CE_MANt2_A0A974SIV8,0.0
CE_MB2CFO_Enzyme_AAFOLC_10690,0.0
CE_MB2CFO_Enzyme_AAFOLC_16765,0.0
CE_MBCOAi_A7IC25,0.0
CE_MBCOAi_A7IN99,0.0
CE_MCCC_A7IGF7_A7IGF9,0.0
CE_MCCC_A7IGF9_Enzyme_AAFOLC_16750,0.0
CE_MCD_A7ICN4,0.0
CE_MCITD_Enzyme_MCITD_4,0.0
CE_MCITL2_Enzyme_MCITL2_4,0.0
CE_MCITS_Enzyme_MCITS_2,0.0
CE_MCPST_Enzyme_AAFOLC_13120,0.0
CE_MCSNAH_A7IJY2,0.0
CE_MCTP1App_Enzyme_MCTP1App,0.00059841
CE_MCTP1Bpp_Enzyme_AAFOLC_01225,0.0
CE_MCTP2App_Enzyme_MCTP2App,2.0189999999999998e-05
CE_MDDCP1pp_Enzyme_AAFOLC_00920,0.0
CE_MDDCP1pp_Enzyme_AAFOLC_13325,0.0
CE_MDDCP1pp_Enzyme_AAFOLC_15385,0.00016344
CE_MDDCP2pp_Enzyme_AAFOLC_00920,0.0
CE_MDDCP2pp_Enzyme_AAFOLC_13325,0.0
CE_MDDCP2pp_Enzyme_AAFOLC_15385,2.0189999999999998e-05
CE_MDDCP3pp_Enzyme_AAFOLC_00920,0.0
CE_MDDCP3pp_Enzyme_AAFOLC_13325,0.00020178
CE_MDDCP3pp_Enzyme_AAFOLC_15385,0.0
CE_MDDCP4pp_Enzyme_AAFOLC_00920,0.0
CE_MDDCP4pp_Enzyme_AAFOLC_13325,0.00020178
CE_MDDCP4pp_Enzyme_AAFOLC_15385,0.0
CE_MDDCP5pp_Enzyme_AAFOLC_00920,0.0
CE_MDDCP5pp_Enzyme_AAFOLC_13325,0.0
CE_MDDCP5pp_Enzyme_AAFOLC_15385,0.0
CE_MDDEP1pp_Enzyme_AAFOLC_03515,0.0
CE_MDDEP1pp_Enzyme_AAFOLC_04860,0.0
CE_MDDEP2pp_Enzyme_AAFOLC_03515,0.0
CE_MDDEP2pp_Enzyme_AAFOLC_04860,0.0
CE_MDDEP3pp_Enzyme_AAFOLC_03515,0.0
CE_MDDEP3pp_Enzyme_AAFOLC_04860,0.0
CE_MDDEP4pp_Enzyme_AAFOLC_03515,0.0
CE_MDDEP4pp_Enzyme_AAFOLC_04860,0.0
CE_MDH_A7IBL9,0.01406315354286408
CE_MDNTHAep_A7IHW0_Enzyme_AAFOLC_06175_Enzyme_AAFOLC_18195,0.0
CE_ME1_A7IK30,0.0
CE_ME2_A7IK30,0.0
CE_MECDPDH2_A7IGJ1,0.0
CE_MECDPDH3_syn_A7IGJ1,0.0
CE_MECDPDH4E_A7IGJ1,0.00012711
CE_MECDPDH_syn_A7IGJ1,0.0
CE_MECDPS_Enzyme_AAFOLC_15080,0.00012711
CE_MELIBabc_A0A974PPK6,0.0
CE_MELIBt3ipp_Enzyme_AAFOLC_18690,0.0
CE_MEPCT_Enzyme_AAFOLC_15080,0.00012711
CE_METAT_A7IGB8,2.6759999999999998e-05
CE_METDabc_A7IB88,0.0
CE_METDabc_Enzyme_AAFOLC_05565,0.0
CE_METS_A7IJ79,0.0057197595772532145
CE_METSOXR1_A0A974PQ83,0.0
CE_METSOXR1_A0A974PQ83_A7II93,0.0
CE_METSOXR1_A7II93,0.0
CE_METSOXR1_A7II93_A7IKI7,0.0
CE_METSOXR1_A7II93_Enzyme_AAFOLC_18240,0.0
CE_METSOXR1_A7IKI7,0.0
CE_METSOXR1_Enzyme_AAFOLC_18240,0.0
CE_METSOXR2_A0A974PQ83,0.0
CE_METSOXR2_A0A974PQ83_A7II93,0.0
CE_METSOXR2_A7II93_A7IKI7,0.0
CE_METSOXR2_A7II93_Enzyme_AAFOLC_18240,0.0
CE_METSOXR2_A7IKI7,0.0
CE_METSOXR2_A7IKI7_Enzyme_AAFOLC_21450,0.0
CE_METSOXR2_Enzyme_AAFOLC_18240,0.0
CE_METSOXR2_Enzyme_AAFOLC_18240_Enzyme_AAFOLC_21450,0.0
CE_METSOXR2_Enzyme_AAFOLC_21450,0.0
CE_METSR_R1_Enzyme_METSR_R1,0.0
CE_METSR_S1_Enzyme_METSR_S1_1,0.0
CE_METSRabc_Enzyme_AAFOLC_05565,0.0
CE_METSabc_Enzyme_AAFOLC_05565,0.0
CE_METabc_A7IB88,0.0
CE_METabc_Enzyme_AAFOLC_05565,0.0
CE_METabc_Enzyme_AAFOLC_08165,0.0
CE_METabc_Enzyme_AAFOLC_11340,0.0
CE_METabcpp_A0A974PKL7_A7IP24_Enzyme_AAFOLC_12990_Enzyme_AAFOLC_12995,0.0
CE_METabcpp_A7IB88,0.0
CE_METabcpp_Enzyme_AAFOLC_02800,0.0
CE_METabcpp_Enzyme_AAFOLC_06755,0.0
CE_METt3pp_Enzyme_METt3pp,0.0
CE_MG2uabcpp_A7IMX6_Enzyme_AAFOLC_00625,0.0
CE_MG2uabcpp_Enzyme_AAFOLC_10735,0.0
CE_MGCH_Enzyme_AAFOLC_02835,0.0
CE_MGt2pp_Enzyme_AAFOLC_09525,0.0
CE_MI1PP_A7IJ65,1.9862813874949037e-05
CE_MI1PP_Enzyme_AAFOLC_09490,0.0
CE_MI1PS_Enzyme_AAFOLC_18280,1.9862813874949037e-05
CE_MICITDr_A7IM33,0.0
CE_MLDCP1App_Enzyme_AAFOLC_01225,1.8149999999999997e-05
CE_MLDCP1Bpp_Enzyme_AAFOLC_01225,4.035e-05
CE_MLDCP2App_Enzyme_AAFOLC_01225,0.0
CE_MLDCP2Bpp_Enzyme_AAFOLC_01225,0.0
CE_MLDCP3App_Enzyme_AAFOLC_01225,0.0
CE_MLDEP1pp_A7IHF5,0.0
CE_MLDEP1pp_A7IHH1,0.0
CE_MLDEP1pp_Enzyme_AAFOLC_00855,0.0
CE_MLDEP1pp_Enzyme_AAFOLC_04860,0.0
CE_MLDEP2pp_A7IHF5,0.0
CE_MLDEP2pp_A7IHH1,0.0
CE_MLDEP2pp_Enzyme_AAFOLC_00855,0.0
CE_MLDEP2pp_Enzyme_AAFOLC_04860,0.0
CE_MLTG1_Enzyme_AAFOLC_07945,0.0
CE_MLTG2_Enzyme_AAFOLC_07945,0.0
CE_MLTG3_Enzyme_AAFOLC_07945,0.0
CE_MLTG4_Enzyme_AAFOLC_07945,0.0
CE_MLTG5_Enzyme_AAFOLC_07945,0.0
CE_MLTG6_Enzyme_AAFOLC_07945,0.0
CE_MLTGY1pp_Enzyme_AAFOLC_01070,0.0
CE_MLTGY1pp_Enzyme_AAFOLC_01100,0.0
CE_MLTGY1pp_Enzyme_AAFOLC_04935,0.0
CE_MLTGY1pp_Enzyme_AAFOLC_15930,0.0
CE_MLTGY1pp_Enzyme_AAFOLC_16035,0.0
CE_MLTGY2pp_Enzyme_AAFOLC_01070,0.0
CE_MLTGY2pp_Enzyme_AAFOLC_01100,0.0
CE_MLTGY2pp_Enzyme_AAFOLC_04935,0.0
CE_MLTGY2pp_Enzyme_AAFOLC_15930,0.0
CE_MLTGY2pp_Enzyme_AAFOLC_16035,0.0
CE_MLTGY3pp_Enzyme_AAFOLC_01070,0.0
CE_MLTGY3pp_Enzyme_AAFOLC_01100,0.0
CE_MLTGY3pp_Enzyme_AAFOLC_04935,0.0
CE_MLTGY3pp_Enzyme_AAFOLC_15930,0.0
CE_MLTGY3pp_Enzyme_AAFOLC_16035,0.0
CE_MLTGY4pp_Enzyme_AAFOLC_01070,0.0
CE_MLTGY4pp_Enzyme_AAFOLC_01100,0.0
CE_MLTGY4pp_Enzyme_AAFOLC_04935,0.0
CE_MLTGY4pp_Enzyme_AAFOLC_15930,0.0
CE_MLTGY4pp_Enzyme_AAFOLC_16035,0.0
CE_MMCD_Enzyme_AAFOLC_07955,0.0
CE_MME_Enzyme_AAFOLC_20850,0.0
CE_MMM_A7IEK3,0.0
CE_MMM2_A7IEK3,0.0
CE_MMM2_A7IPK2_A7IPK4,0.0
CE_MMSAD1_A7IHE4,0.0
CE_MMSAD3_A7IKD4,0.0
CE_MMTSAO_A7IKD4,0.0
CE_MN2t3pp_A0A974SH13,0.0
CE_MN2t3pp_A7IBB6,0.0
CE_MNLpts_A7IIM3,0.0
CE_MNNH_Enzyme_MNNH_4,0.0
CE_MNabc_A7INE2,0.0
CE_MNabc_A7IPI0,0.0
CE_MNabc_A7IPI1,1.9739999999999997e-05
CE_MNabc_1_A7IEL1_A7IEL2_Enzyme_AAFOLC_02075,0.0
CE_MNabc_1_A7IEL1_A7IEL2_Enzyme_AAFOLC_02075_Enzyme_AAFOLC_02090,0.0
CE_MNabc_1_A7IPI0_Enzyme_AAFOLC_10995,0.0
CE_MNt2_Enzyme_AAFOLC_04380,0.0
CE_MNt2pp_A7IPI0_Enzyme_AAFOLC_10995,0.0
CE_MNt2pp_Enzyme_AAFOLC_04380,0.0
CE_MOAT_Enzyme_AAFOLC_08300,0.00058368
CE_MOAT2_Enzyme_AAFOLC_08300,0.00058368
CE_MOBDabc_Enzyme_AAFOLC_09745,2.1e-07
CE_MOBDabc_rev_Enzyme_MOBDabc_rev,0.0
CE_MOBDabcpp_A7IEN1,0.0
CE_MOBDabcpp_A7IEN1_Enzyme_AAFOLC_18160,0.0
CE_MOBDabcpp_A7IK87_Enzyme_AAFOLC_09745_Enzyme_AAFOLC_09755,0.0
CE_MOBDabcpp_Enzyme_AAFOLC_09745,0.0
CE_MOBDabcpp_Enzyme_AAFOLC_18160,0.0
CE_MOBDabcpp_Enzyme_AAFOLC_18160_Enzyme_AAFOLC_18165_Enzyme_AAFOLC_18170_Enzyme_AAFOLC_18175,0.0
CE_MOBDabcpp_Enzyme_AAFOLC_18175,0.0
CE_MOHMT_A7IF97,1.9862813874949037e-05
CE_MOTH1_Enzyme_MOTH1,0.0
CE_MOTS1_Enzyme_AAFOLC_07935,0.0
CE_MPTG_A0A974PQ78,0.0
CE_MPTG_A0A974PQ78_A7IEJ6,0.0
CE_MPTG_A0A974PQ78_A7IEJ6_Enzyme_AAFOLC_11520,0.0
CE_MPTG_A0A974PQ78_A7IEJ6_Enzyme_AAFOLC_20035,0.0
CE_MPTG_A0A974PQ78_Enzyme_AAFOLC_11520,0.0
CE_MPTG_A0A974PQ78_Enzyme_AAFOLC_20035,0.0
CE_MPTG_A7IPE3,0.0
CE_MPTG_Enzyme_AAFOLC_02740,0.0
CE_MPTG_Enzyme_AAFOLC_04810,0.00082038
CE_MPTG_Enzyme_AAFOLC_20035,0.0
CE_MPTG2_A0A974PQ78,0.0
CE_MPTG2_A0A974PQ78_A7IEJ6,0.0
CE_MPTG2_A0A974PQ78_A7IEJ6_Enzyme_AAFOLC_11520,0.0
CE_MPTG2_A0A974PQ78_A7IEJ6_Enzyme_AAFOLC_20035,0.0
CE_MPTG2_A0A974PQ78_Enzyme_AAFOLC_11520,0.0
CE_MPTG2_A0A974PQ78_Enzyme_AAFOLC_20035,0.0
CE_MPTG2_Enzyme_AAFOLC_20035,2.0189999999999998e-05
CE_MSO3abc_A0A974SLI1_Enzyme_AAFOLC_07310,0.0
CE_MS_1_A7INA3,0.0
CE_MTHFC_A7IF38,0.006865757140903851
CE_MTHFC_A7IMR5,0.0
CE_MTHFD_A7IMR5,0.006865757140903851
CE_MTHFR2_A7IJ78,0.005726449577253215
CE_MTI_Enzyme_AAFOLC_07940,0.011428836706776494
CE_MUCCYCI_Enzyme_MUCCYCI_5,0.0
CE_MUCCY_kt_Enzyme_MUCCY_kt_5,0.0
CE_MUCLI_A7IEC7,0.0
CE_MXYLt5_A0A974SLE2_A7IMU3,0.0
CE_MXYLt5_A7IE65_Enzyme_AAFOLC_08680_Enzyme_AAFOLC_12945,0.0
CE_MXYLt6_A0A974SLE2_A7IMU3,0.0
CE_MXYLt6_A7IE65_Enzyme_AAFOLC_08680_Enzyme_AAFOLC_12945,0.0
CE_M_Xylt1_Enzyme_M_Xylt1,0.0
CE_N2OR_Enzyme_N2OR_1,0.0
CE_N2trpp_Enzyme_N2trpp,0.0
CE_NACEGLUA_Enzyme_NACEGLUA_3,0.0
CE_NACHY_A7IJG0_Enzyme_AAFOLC_02485,0.0
CE_NACODA_Enzyme_AAFOLC_12265,0.0
CE_NACODA_Enzyme_AAFOLC_14555,0.0
CE_NADDP_A7IG64,0.0
CE_NADDP_Enzyme_AAFOLC_03605,0.0
CE_NADH10_A7IPA0,0.0
CE_NADH10_Enzyme_AAFOLC_07640,0.0
CE_NADH5_Enzyme_AAFOLC_07640,12.821752930259562
CE_NADH9_A7IPA0,0.0
CE_NADH9_Enzyme_AAFOLC_07640,0.0
CE_NADHPO_A0A974SJJ5,0.0
CE_NADHXD_Enzyme_AAFOLC_16625,0.0
CE_NADHXE_Enzyme_AAFOLC_16625,0.0
CE_NADK_A7IFU5,1.3409999999991484e-05
CE_NADPHQR2_A7IM53,0.0
CE_NADPHQR2_Enzyme_AAFOLC_11595,0.0
CE_NADPHXD_Enzyme_AAFOLC_16625,0.0
CE_NADPHXE_Enzyme_AAFOLC_16625,0.0
CE_NADS1_Enzyme_AAFOLC_19435,6.837000000000775e-05
CE_NADS2_A0A974PLF0,0.0
CE_NADTRHD_A7IGP9_A7IGQ1,0.0
CE_NAD_H2_Enzyme_AAFOLC_17895_Enzyme_AAFOLC_17900_Enzyme_AAFOLC_17905_Enzyme_AAFOLC_17910,0.0
CE_NAMNPP_A7IHW5,0.0
CE_NAPRT_A7IHW5,-1.5069426662160781e-05
CE_NARK_Enzyme_AAFOLC_05845,0.0
CE_NAabc_A7IBS6,0.0
CE_NAabc_Enzyme_AAFOLC_16685,0.0
CE_NAabcO_Enzyme_AAFOLC_17270,0.0
CE_NAt3_2pp_Enzyme_AAFOLC_20700,0.0
CE_NAt3pp_Enzyme_AAFOLC_00740,0.0
CE_NAt3pp_Enzyme_AAFOLC_10955,0.0
CE_NBAHH_ir_Enzyme_AAFOLC_18595,0.0
CE_NCBMPTSabcpp_Enzyme_NCBMPTSabcpp,0.0
CE_NDPK1_A7IHS8,0.0
CE_NDPK1_A7IPP9,0.005174420767661886
CE_NDPK2_A7IHS8,0.017309479067538797
CE_NDPK2_A7IPP9,0.0
CE_NDPK3_A7IHS8,0.0
CE_NDPK3_A7IPP9,0.0
CE_NDPK4_A7IHS8,0.000401024263015074
CE_NDPK4_A7IPP9,0.0
CE_NDPK5_A7IHS8,0.0
CE_NDPK5_A7IPP9,0.0
CE_NDPK6_A7IHS8,0.0
CE_NDPK6_A7IPP9,0.0
CE_NDPK7_A7IHS8,0.0
CE_NDPK7_A7IPP9,0.0
CE_NDPK8_A7IHS8,0.0
CE_NDPK8_A7IPP9,0.0
CE_NDPK9_A7IHS8,0.0
CE_NFMLDF_Enzyme_NFMLDF_3,0.0
CE_NH4OHDs_Enzyme_NH4OHDs,0.0
CE_NH4t_A0A974SJ93,0.0
CE_NH4t3pp_Enzyme_AAFOLC_12935,0.0
CE_NHFRBO_Enzyme_NHFRBO_1,0.0
CE_NI2abcpp_Enzyme_AAFOLC_00825,0.0
CE_NI2t3pp_A0A974SH13,0.0
CE_NI2t3pp_A7IBB6,0.0
CE_NI2t4pp_A0A974SH13,0.0
CE_NI2t4pp_A7IKU2,0.0
CE_NI2uabcpp_Enzyme_AAFOLC_00780_Enzyme_AAFOLC_17405,0.0
CE_NI2uabcpp_Enzyme_AAFOLC_17405,0.0
CE_NIT_A7IBF5_A7IBF6_A7IBK9,0.0
CE_NITR_Enzyme_AAFOLC_19580,0.0
CE_NMNDA_Enzyme_AAFOLC_15085,0.0
CE_NMNR_Enzyme_AAFOLC_07645,0.0
CE_NMO_Enzyme_AAFOLC_19415,0.0
CE_NNAM_Enzyme_AAFOLC_05750,0.0
CE_NNATr_Enzyme_NNATr_2,6.837000000000775e-05
CE_NNDPR_Enzyme_AAFOLC_00360,0.0
CE_NNDPR_Enzyme_AAFOLC_06670,8.343942666216853e-05
CE_NO3R2_Enzyme_AAFOLC_11245,0.0
CE_NO3abc_A0A974SLL7,0.0
CE_NO3abc_Enzyme_AAFOLC_07305_Enzyme_AAFOLC_10025,0.0
CE_NO3abc_Enzyme_AAFOLC_10020,0.0
CE_NO3abcpp_A7IEN2_A7IEN3_Enzyme_AAFOLC_08645_Enzyme_AAFOLC_11225,0.0
CE_NO3abcpp_A7IEN2_A7IEN3_Enzyme_AAFOLC_11225,0.0
CE_NO3abcpp_A7IEN2_A7IIL6_Enzyme_AAFOLC_08645_Enzyme_AAFOLC_11225,0.0
CE_NO3abcpp_A7IEN2_A7IIL6_Enzyme_AAFOLC_11225,0.0
CE_NO3abcpp_A7IEN3_A7IIL7_Enzyme_AAFOLC_08645_Enzyme_AAFOLC_11225,0.0
CE_NO3abcpp_A7IEN3_A7IIL7_Enzyme_AAFOLC_11225,0.0
CE_NO3abcpp_A7IIL6_A7IIL7_Enzyme_AAFOLC_08645_Enzyme_AAFOLC_11225,0.0
CE_NO3abcpp_A7IIL6_A7IIL7_Enzyme_AAFOLC_11225,0.0
CE_NO3abcpp_Enzyme_AAFOLC_10120_Enzyme_AAFOLC_10125_Enzyme_AAFOLC_10130,0.0
CE_NODOx_Enzyme_AAFOLC_11065,0.0
CE_NODOy_Enzyme_AAFOLC_11065,0.0
CE_NOR_syn_1_A7II98,0.0
CE_NOt_Enzyme_NOt,0.0
CE_NPHS_A7IDS0,0.0
CE_NPHS_Enzyme_AAFOLC_10710,1.3379999999999999e-05
CE_NPHS_Enzyme_AAFOLC_14765,0.0
CE_NTD1_Enzyme_AAFOLC_07175,0.0
CE_NTD10_Enzyme_AAFOLC_07175,0.0
CE_NTD12_Enzyme_NTD12_3,0.0
CE_NTD2_Enzyme_AAFOLC_07175,0.0
CE_NTD3_Enzyme_AAFOLC_07175,0.0
CE_NTD4_Enzyme_AAFOLC_07175,0.0
CE_NTD5_Enzyme_AAFOLC_07175,0.0
CE_NTD6_Enzyme_AAFOLC_07175,0.0
CE_NTD7_Enzyme_AAFOLC_07175,0.0
CE_NTD8_Enzyme_AAFOLC_07175,0.0
CE_NTD9_Enzyme_AAFOLC_07175,0.0
CE_NTP1_A7IC65,0.0
CE_NTP3_A7IFX8,0.0
CE_NTP3_A7IFX8_A7IFX9_A7IID5,0.0
CE_NTP3_A7II89,0.0
CE_NTP3_A7INL9,0.0
CE_NTP3_A7IPI3,0.0
CE_NTP3_Enzyme_AAFOLC_02555,0.0
CE_NTP5_A7IID4,0.0
CE_NTPP1_Enzyme_AAFOLC_14895,0.0
CE_NTPP10_A7IID5,0.0
CE_NTPP11_A7IID5,0.0
CE_NTPP2_Enzyme_AAFOLC_14895,0.0
CE_NTPP3_Enzyme_AAFOLC_14895,0.0
CE_NTPP4_Enzyme_AAFOLC_14895,0.0
CE_NTPP5_Enzyme_AAFOLC_14895,0.0
CE_NTPP6_Enzyme_AAFOLC_14895,0.0
CE_NTPP7_A7IIX0,0.0
CE_NTPP7_Enzyme_AAFOLC_14895,0.0
CE_NTPP8_A7IIX0,0.0
CE_NTPP8_Enzyme_AAFOLC_14895,0.0
CE_NTPP9_A7IID5,0.0
CE_NTPTP1_A7IN72,0.0
CE_NTR3B_A7IE87,0.0
CE_NTRIR2x_A7IE87,0.0
CE_NTRIR2y_A7IE87,0.0
CE_NTRIRx_A7IE87,0.0
CE_NTRIRy_A7IE87,0.0
CE_OAADC_A0A974SI83,0.0
CE_OARGDC_Enzyme_OARGDC_4,0.0
CE_OCBT_A7IEM5,0.01945548239812947
CE_OCBT_1_A7IEM5,-0.010933889014968091
CE_OCOAT1_A7IHU9_A7IHV0,0.0
CE_OCOAT1_A7IHV0,0.0
CE_OCOAT1_Enzyme_AAFOLC_20945,0.0
CE_OCOAT2r_Enzyme_AAFOLC_20945,0.0
CE_OCOAT4_A7IHU9_A7IHV0,0.0
CE_OCTDPS_A7IF28,1.3379999999999999e-05
CE_ODH2E_A7IBM2,0.0
CE_OGDE1_A7IBM2,0.0
CE_OHEDH_Enzyme_AAFOLC_18640,0.0
CE_OHPBAT_Enzyme_OHPBAT_2,6.6899999999999995e-06
CE_OIVD1r_Enzyme_OIVD1r_1,0.0
CE_OIVD2_Enzyme_OIVD2_1,0.0
CE_OIVD2E_Enzyme_OIVD2E,0.0
CE_OIVD3_Enzyme_OIVD3_1,0.0
CE_OLEO_12_DESA_Enzyme_OLEO_12_DESA_1,0.0001880143536970485
CE_OMPDC_A0A974PRT6,0.0013913823607623018
CE_OP4ENH_Enzyme_AAFOLC_18640,0.0
CE_OPAH_A0A974SKU9_Enzyme_EZH22_05885,0.0
CE_OPAH_Enzyme_AAFOLC_03820,0.0
CE_OPETDC_A7IMT5,0.0
CE_OPETDC_Enzyme_AAFOLC_08715,0.0
CE_OPHBDC_Enzyme_AAFOLC_16890,0.0
CE_OPHBDC_Enzyme_AAFOLC_16890_Enzyme_AAFOLC_16915,0.0
CE_OPHBDC_Enzyme_AAFOLC_16915,0.0
CE_OPHHX_A7IGW8,0.0
CE_OPTCCL_A7IMT5,0.0
CE_OPTCCL_Enzyme_AAFOLC_08715,0.0
CE_ORNCD_1_Enzyme_AAFOLC_16300,0.010933889014968091
CE_ORNDC_A7IH91,0.0009981
CE_ORNTA_A7IEM4,0.0
CE_ORNTAC_A7III3,0.020453582398129472
CE_ORNabcpp_Enzyme_AAFOLC_08160,0.0
CE_ORPT_A7IBC3,-0.0013913823607623018
CE_OXCDC_A7ICK1,4.0139999999998935e-05
CE_OXCOAHDH_Enzyme_OXCOAHDH,0.0
CE_OXDHCOAT_A7IEC8_Enzyme_AAFOLC_11600,0.0
CE_OXDHCOAT_A7IEC8_Enzyme_AAFOLC_20950,0.0
CE_OXFOt4pp_A7IEU9,0.0
CE_OXGDC_Enzyme_AAFOLC_18280,0.0
CE_OXOADLR_A7IBM4,0.0
CE_OXOAEL_Enzyme_AAFOLC_10850,0.0
CE_OXOAEL_Enzyme_AAFOLC_16855,0.0
CE_OXPTNDH_A7IKF9,0.0
CE_P5CD_Enzyme_AAFOLC_16295,0.0
CE_P5CR_A7IID7,0.0
CE_P5CRx_A7IID7,0.0
CE_P9DH_Enzyme_P9DH,1.3379999999999999e-05
CE_PA120abcpp_A0A974PJV1,0.0
CE_PA120abcpp_A7IGM6,0.0
CE_PA120abcpp_Enzyme_AAFOLC_13740,0.0
CE_PA120abcpp_Enzyme_AAFOLC_18315,0.0
CE_PA140abcpp_A0A974PJV1,0.0
CE_PA140abcpp_Enzyme_AAFOLC_13740,0.0
CE_PA140abcpp_Enzyme_AAFOLC_18315,0.0
CE_PA141abcpp_A0A974PJV1,0.0
CE_PA141abcpp_Enzyme_AAFOLC_13740,0.0
CE_PA141abcpp_Enzyme_AAFOLC_18315,0.0
CE_PA160abcpp_A0A974PJV1,0.0
CE_PA160abcpp_A7IGM6,0.0
CE_PA160abcpp_Enzyme_AAFOLC_13740,0.0
CE_PA160abcpp_Enzyme_AAFOLC_18315,0.0
CE_PA161abcpp_A0A974PJV1,0.0
CE_PA161abcpp_A7IGM6,0.0
CE_PA161abcpp_Enzyme_AAFOLC_13740,0.0
CE_PA161abcpp_Enzyme_AAFOLC_18315,0.0
CE_PA180abcpp_A0A974PJV1,0.0
CE_PA180abcpp_A7IGM6,0.0
CE_PA180abcpp_Enzyme_AAFOLC_13740,0.0
CE_PA180abcpp_Enzyme_AAFOLC_18315,0.0
CE_PA181abcpp_A0A974PJV1,0.0
CE_PA181abcpp_A7IGM6,0.0
CE_PA181abcpp_Enzyme_AAFOLC_13740,0.0
CE_PA181abcpp_Enzyme_AAFOLC_18315,0.0
CE_PACALtabcpp_Enzyme_AAFOLC_18485,0.0
CE_PACCOAE_Enzyme_PACCOAE_1,0.0
CE_PACCOAL_A7IGG8,0.0
CE_PACPT_1_A7IFD4,-0.33083446246577985
CE_PACt3_A7II30,0.0
CE_PALDH_Enzyme_AAFOLC_10790,0.0
CE_PANTS_Enzyme_AAFOLC_13310,1.9862813874949037e-05
CE_PAPA120pp_Enzyme_PAPA120pp_3,0.0
CE_PAPA140pp_Enzyme_PAPA140pp,0.0
CE_PAPA141pp_Enzyme_PAPA141pp_3,0.0
CE_PAPA160pp_Enzyme_PAPA160pp_3,0.0
CE_PAPA161pp_Enzyme_PAPA161pp_3,0.0
CE_PAPA180pp_Enzyme_PAPA180pp,0.0
CE_PAPA181pp_Enzyme_PAPA181pp_3,0.0
CE_PAPPT3_A7IGE9,0.00166095
CE_PAPSR_A0A974PQ83_Enzyme_AAFOLC_11570,0.0
CE_PAPSR_A7IKI7,0.0
CE_PAPSR_A7IKI7_Enzyme_AAFOLC_11570,0.0
CE_PAPSR_Enzyme_AAFOLC_11570,0.0
CE_PAPSR_Enzyme_AAFOLC_11570_Enzyme_AAFOLC_18240,0.0
CE_PAPSR_Enzyme_AAFOLC_18240,0.0
CE_PAPSR2_A7IJX6_Enzyme_AAFOLC_11570,0.0
CE_PAPSR2_A7IMR7,0.0
CE_PAPSR2_Enzyme_AAFOLC_11570,0.0
CE_PBUTT_Enzyme_AAFOLC_10185,0.0
CE_PBUTT_Enzyme_AAFOLC_15500,0.0
CE_PC_Enzyme_AAFOLC_16750,0.0
CE_PCADYOX_Enzyme_PCADYOX_1,0.0
CE_PCNO_A7IKN2,0.0
CE_PDC_Enzyme_PDC_4,-0.04712336910913613
CE_PDE1_Enzyme_AAFOLC_13450,0.0
CE_PDE1_Enzyme_AAFOLC_16165,0.0
CE_PDE4_Enzyme_AAFOLC_07590,0.0
CE_PDE4_Enzyme_AAFOLC_13450,0.0
CE_PDE4_Enzyme_AAFOLC_14155,0.0
CE_PDH_A7IBM5_Enzyme_AAFOLC_02020,0.006616033520526622
CE_PDHa_Enzyme_AAFOLC_02020,0.0
CE_PDHcr_A7IBM5,0.0
CE_PDX5POi_A7II77,6.6899999999999995e-06
CE_PDX5PS_A7IM59,6.6899999999999995e-06
CE_PDX5PS_A7IM59_Enzyme_AAFOLC_21480,0.0
CE_PDX5PS_Enzyme_AAFOLC_21480,0.0
CE_PE160abcpp_A0A974PJV1,0.0
CE_PE160abcpp_A7IGM6,0.0
CE_PE160abcpp_Enzyme_AAFOLC_13740,0.00132492
CE_PE160abcpp_Enzyme_AAFOLC_18315,0.0
CE_PE161abcpp_A0A974PJV1,0.0
CE_PE161abcpp_A7IGM6,0.0
CE_PE161abcpp_Enzyme_AAFOLC_13740,0.0006318
CE_PE161abcpp_Enzyme_AAFOLC_18315,0.0
CE_PE181abcpp_A0A974PJV1,0.0
CE_PE181abcpp_A7IGM6,0.0
CE_PE181abcpp_Enzyme_AAFOLC_13740,0.0
CE_PE181abcpp_Enzyme_AAFOLC_18315,0.00053112
CE_PEALtabc_A7IB91_Enzyme_AAFOLC_03020,0.0
CE_PEAMNO_Enzyme_PEAMNO_1,0.0
CE_PEAOpp_A0A974PM23,0.0
CE_PEAOpp_A7IPG0,0.0
CE_PEAtabcpp_Enzyme_AAFOLC_18485,0.0
CE_PEPCK_re_A7IJ90,0.0
CE_PERD_Enzyme_AAFOLC_06975,6.6899999999999995e-06
CE_PFOR_A7IDJ0,0.002031156214427478
CE_PG120abcpp_A0A974PJV1,0.0
CE_PG120abcpp_A7IGM6,0.0
CE_PG120abcpp_Enzyme_AAFOLC_13740,0.0
CE_PG120abcpp_Enzyme_AAFOLC_18315,0.0
CE_PG140abcpp_A0A974PJV1,0.0
CE_PG140abcpp_A7IGM6,0.0
CE_PG140abcpp_Enzyme_AAFOLC_13740,0.0
CE_PG140abcpp_Enzyme_AAFOLC_18315,0.0
CE_PG141abcpp_A0A974PJV1,0.0
CE_PG141abcpp_A7IGM6,0.0
CE_PG141abcpp_Enzyme_AAFOLC_13740,0.0
CE_PG141abcpp_Enzyme_AAFOLC_18315,0.0
CE_PG160abcpp_A0A974PJV1,0.0
CE_PG160abcpp_A7IGM6,0.0
CE_PG160abcpp_Enzyme_AAFOLC_13740,0.0
CE_PG160abcpp_Enzyme_AAFOLC_18315,0.07868553417793393
CE_PG161abcpp_A0A974PJV1,0.0
CE_PG161abcpp_A7IGM6,0.0
CE_PG161abcpp_Enzyme_AAFOLC_13740,0.0
CE_PG161abcpp_Enzyme_AAFOLC_18315,0.06691769488007822
CE_PG180abcpp_A0A974PJV1,0.0
CE_PG180abcpp_A7IGM6,0.0
CE_PG180abcpp_Enzyme_AAFOLC_13740,0.0
CE_PG180abcpp_Enzyme_AAFOLC_18315,0.0001880143536970485
CE_PG181abcpp_A0A974PJV1,0.0
CE_PG181abcpp_A7IGM6,0.0
CE_PG181abcpp_Enzyme_AAFOLC_13740,0.0
CE_PG181abcpp_Enzyme_AAFOLC_18315,0.0
CE_PGAMT_A7IGN1,-0.00448926
CE_PGAMT_Enzyme_AAFOLC_22215,0.0
CE_PGCD_A7IEK8,0.0
CE_PGCD_A7IM03,0.0
CE_PGCD_Enzyme_AAFOLC_05560,0.0
CE_PGCD_Enzyme_AAFOLC_06975,0.0
CE_PGI_Enzyme_AAFOLC_09170,-0.02305069622742794
CE_PGI1c_Enzyme_AAFOLC_09170,0.0
CE_PGK_A7IJW3,2.6617626236639067
CE_PGL_Enzyme_AAFOLC_09175,0.0
CE_PGLYCP_Enzyme_AAFOLC_07515,0.0
CE_PGLYCP_Enzyme_AAFOLC_09800,0.0
CE_PGM_A7IC75,-0.41071007228784384
CE_PGMT_A7IGN1,-0.011601996706776495
CE_PGMT_Enzyme_AAFOLC_22215,0.0
CE_PGP120abcpp_A0A974PJV1,0.0
CE_PGP120abcpp_A7IGM6,0.0
CE_PGP120abcpp_Enzyme_AAFOLC_13740,0.0
CE_PGP120abcpp_Enzyme_AAFOLC_18315,0.0
CE_PGP140abcpp_A0A974PJV1,0.0
CE_PGP140abcpp_A7IGM6,0.0
CE_PGP140abcpp_Enzyme_AAFOLC_13740,0.0
CE_PGP140abcpp_Enzyme_AAFOLC_18315,0.0
CE_PGP141abcpp_A0A974PJV1,0.0
CE_PGP141abcpp_A7IGM6,0.0
CE_PGP141abcpp_Enzyme_AAFOLC_13740,0.0
CE_PGP141abcpp_Enzyme_AAFOLC_18315,0.0
CE_PGP160abcpp_A0A974PJV1,0.0
CE_PGP160abcpp_A7IGM6,0.0
CE_PGP160abcpp_Enzyme_AAFOLC_13740,0.0
CE_PGP160abcpp_Enzyme_AAFOLC_18315,0.0
CE_PGP161abcpp_A0A974PJV1,0.0
CE_PGP161abcpp_A7IGM6,0.0
CE_PGP161abcpp_Enzyme_AAFOLC_13740,0.0
CE_PGP161abcpp_Enzyme_AAFOLC_18315,0.0
CE_PGP180abcpp_A0A974PJV1,0.0
CE_PGP180abcpp_A7IGM6,0.0
CE_PGP180abcpp_Enzyme_AAFOLC_13740,0.0
CE_PGP180abcpp_Enzyme_AAFOLC_18315,0.0
CE_PGP181abcpp_A0A974PJV1,0.0
CE_PGP181abcpp_A7IGM6,7.08e-05
CE_PGP181abcpp_Enzyme_AAFOLC_13740,0.0
CE_PGP181abcpp_Enzyme_AAFOLC_18315,0.0
CE_PGPP120pp_Enzyme_PGPP120pp_3,0.0
CE_PGPP140pp_Enzyme_PGPP140pp,0.0
CE_PGPP141pp_Enzyme_PGPP141pp,0.0
CE_PGPP160_Enzyme_PGPP160_3,0.14560322905801215
CE_PGPP160pp_Enzyme_PGPP160pp_3,0.0
CE_PGPP161pp_Enzyme_PGPP161pp_3,0.0
CE_PGPP180pp_Enzyme_PGPP180pp_3,0.0
CE_PGPP181_Enzyme_PGPP181_3,0.0
CE_PGPP181pp_Enzyme_PGPP181pp_3,7.08e-05
CE_PGSA120_Enzyme_AAFOLC_09250,0.0
CE_PGSA140_Enzyme_AAFOLC_09250,0.0
CE_PGSA141_Enzyme_AAFOLC_09250,0.0
CE_PGSA160_A7IHU5,0.0
CE_PGSA160_Enzyme_AAFOLC_09250,0.14560322905801215
CE_PGSA161_Enzyme_AAFOLC_09250,0.0
CE_PGSA180_Enzyme_AAFOLC_09250,0.0
CE_PGSA181_Enzyme_AAFOLC_09250,7.08e-05
CE_PHCD_Enzyme_PHCD_1,0.0
CE_PHEME2abcpp_Enzyme_AAFOLC_08385_Enzyme_AAFOLC_17325_Enzyme_AAFOLC_17330,0.0
CE_PHEMEabcpp_A7IFV8_A7IMV9_Enzyme_AAFOLC_09640,0.0
CE_PHEMEabcpp_A7IM35_A7IMV9,0.0
CE_PHEMEabcpp_A7IM35_A7IMV9_Enzyme_AAFOLC_09640,0.0
CE_PHEMEabcpp_A7IMV9,0.0
CE_PHEMEtonex_Enzyme_AAFOLC_15875_Enzyme_AAFOLC_15880,0.0
CE_PHEOR_Enzyme_PHEOR_1,0.0
CE_PHER_Enzyme_PHER,0.0
CE_PHET_A7IHQ4,0.0
CE_PHETA1_A7ICA9,-0.007984083555637634
CE_PHEabc_Enzyme_AAFOLC_05565,0.0
CE_PHEabc_Enzyme_AAFOLC_08165,0.0
CE_PHEabc_Enzyme_AAFOLC_11340,0.0
CE_PHPYROX_Enzyme_PHPYROX,1.3379999999999999e-05
CE_PICH_Enzyme_AAFOLC_19125,0.0
CE_PIt2r_Enzyme_PIt2r_2,0.00954128765085453
CE_PIuabcpp_A0A974PR42_A7IBR4_A7IBR6_Enzyme_AAFOLC_05170,0.0
CE_PIuabcpp_A0A974PR42_A7IBR6_Enzyme_AAFOLC_05170,7.08e-05
CE_PIuabcpp_Enzyme_AAFOLC_16485,0.0
CE_PLIPA1E160_Enzyme_PLIPA1E160_3,0.0
CE_PLIPA1E161pp_Enzyme_PLIPA1E161pp,0.0
CE_PLIPA1E181pp_Enzyme_PLIPA1E181pp,0.0
CE_PLIPA1G120pp_Enzyme_PLIPA1G120pp,0.0
CE_PLIPA1G140pp_Enzyme_PLIPA1G140pp,0.0
CE_PLIPA1G141pp_Enzyme_PLIPA1G141pp,0.0
CE_PLIPA1G160pp_Enzyme_PLIPA1G160pp,0.07819092417793393
CE_PLIPA1G161pp_Enzyme_PLIPA1G161pp,0.06653297488007821
CE_PLIPA1G180pp_Enzyme_PLIPA1G180pp,0.0001880143536970485
CE_PLIPA1G181pp_Enzyme_PLIPA1G181pp,0.0
CE_PLIPA2A181pp_Enzyme_PLIPA2A181pp,0.0
CE_PLIPA2E181pp_Enzyme_PLIPA2E181pp,0.0
CE_PLIPA2G181pp_Enzyme_PLIPA2G181pp,0.0
CE_PMANM_A7IGN1,-0.0001443034937724306
CE_PMDPHT_Enzyme_PMDPHT_3,1.5008656156187587e-05
CE_PMPK_Enzyme_AAFOLC_13495,7.084629205006311e-06
CE_PNCDC_A7IHN7,0.0
CE_PNCDC_1_Enzyme_PNCDC_1_4,0.0
CE_PNTK_A7IHN7,1.728000000002072e-05
CE_PPA_A7II95,0.0
CE_PPA_A7INN0,0.0
CE_PPA_Enzyme_AAFOLC_09270,0.0
CE_PPA2_A7INN0,0.0
CE_PPA2_Enzyme_AAFOLC_09270,0.0
CE_PPAKr_Enzyme_AAFOLC_10190,0.0
CE_PPAKr_Enzyme_AAFOLC_15495,0.0
CE_PPAKr_Enzyme_AAFOLC_22330,0.0
CE_PPAP_Et_Enzyme_PPAP_Et,0.0
CE_PPA_1pp_A7IN25,0.1709958061089752
CE_PPBNGS_A7INC2,8.028e-05
CE_PPC_A7IC33,0.3740111566990632
CE_PPCDC_A7IBE4,1.728000000002072e-05
CE_PPCK_A7IJ90,0.0
CE_PPCOAC_Enzyme_AAFOLC_07955,0.0
CE_PPCOAC_Enzyme_AAFOLC_16805,0.0
CE_PPCSCT_A7IG32,0.016787831305272703
CE_PPDK_A7ICK9,0.0
CE_PPDOy_Enzyme_AAFOLC_06955,0.0
CE_PPGPPDP_A7IM58,0.0
CE_PPGPPDP_Enzyme_AAFOLC_14895,0.0
CE_PPK_A7IK14,0.0
CE_PPK_Enzyme_AAFOLC_17015,0.0
CE_PPK2_A7IK14,0.0
CE_PPK2_Enzyme_AAFOLC_17015,0.0
CE_PPM_A7IGN1,0.0
CE_PPNCL2_A7IBE4,1.728000000002072e-05
CE_PPND_A7ICA8,0.0059170671799740615
CE_PPNDH_A7IIM8,0.007997463555637635
CE_PPNDH2_A7IKD4,0.0
CE_PPOR_A0A974SJX1,0.0
CE_PRAGSr_A7IF67,0.0
CE_PRAGSr_A7IHS3,0.0018107416001205388
CE_PRAIS_A7IHS3,0.0018107416001205386
CE_PRAIi_Enzyme_AAFOLC_22500,0.0029944066879836434
CE_PRAMPC_A7IFV0,0.003370763796746354
CE_PRASCSi_A7IMS2,0.0018036569709155323
CE_PRATPP_A7IFV0,0.003370763796746354
CE_PRFGS_A7IMR9,0.0
CE_PRFGS_A7IMR9_A7IMS0,0.0
CE_PRFGS_A7IMS0,0.0018107416001205386
CE_PRFGS_1_A7IMR9_A7IMS0,0.0
CE_PRMICI_A7IHP0,0.003370763796746354
CE_PROD2_Enzyme_AAFOLC_16295,0.0
CE_PROD3_Enzyme_AAFOLC_16295,0.0
CE_PROGLYabcpp_A7IPD3_Enzyme_AAFOLC_10560_Enzyme_AAFOLC_10565,0.0
CE_PROGLYabcpp_A7IPD3_Enzyme_AAFOLC_10560_Enzyme_AAFOLC_10570,0.0
CE_PROGLYabcpp_Enzyme_AAFOLC_10560_Enzyme_AAFOLC_10565,0.0
CE_PROHEXADECA_Enzyme_PROHEXADECA,0.0014980371041027698
CE_PROHEXADECE_Enzyme_PROHEXADECE,0.0002109983371961292
CE_PROOCTADECA_Enzyme_PROOCTADECA,0.0002152190654132667
CE_PROOCTADECE_Enzyme_PROOCTADECE,0.00395936219375295
CE_PROR_Enzyme_PROR_5,0.0
CE_PROabc_Enzyme_AAFOLC_05565,0.0
CE_PROabc_Enzyme_AAFOLC_08165,0.0
CE_PROabc_Enzyme_AAFOLC_11340,0.0
CE_PROabc_Enzyme_AAFOLC_16870,0.0
CE_PROabcpp_A0A974PJA8_A0A974PJG0_A0A974PJK3_A0A974SGG3_Enzyme_AAFOLC_11090,0.0
CE_PROabcpp_A0A974PKL7_A7IP24_Enzyme_AAFOLC_12990_Enzyme_AAFOLC_12995,0.0
CE_PROabcpp_Enzyme_AAFOLC_16870,0.0
CE_PROt2r_A7IKN9,0.0
CE_PROt2rpp_A7IKN9,0.0
CE_PRPPS_A7IIF2,0.009635664445612846
CE_PRUK_A7IGL6,1.5362363479758754
CE_PSCVT_A7IEB8,0.01693530279439033
CE_PSD160_A7IPD6,0.0041173799999999995
CE_PSD181_A7IPD6,0.00053112
CE_PSERT_A7IEK9,0.0
CE_PSP_L_Enzyme_AAFOLC_13755,0.0
CE_PSSA160_A7IPD5,0.0041173799999999995
CE_PSSA181_Enzyme_PSSA181_2,0.00053112
CE_PSUDS_Enzyme_AAFOLC_00720,0.0
CE_PTA2_A7IK30,0.0
CE_PTAr_A7IK30,0.0
CE_PTAr_Enzyme_AAFOLC_15500,-0.22755132000062417
CE_PTHRP_Enzyme_PTHRP_3,0.0
CE_PTPATi_A7ILW9,1.728000000002072e-05
CE_PTRCTA_A7IIX4,0.0
CE_PTRCTA_Enzyme_AAFOLC_10795,0.0
CE_PTRCTA2_A7IIX4,0.0
CE_PTRCabc_A7IJI4,0.0
CE_PTRCabc_Enzyme_AAFOLC_02605,0.0
CE_PTRCabc_Enzyme_AAFOLC_02605_Enzyme_AAFOLC_10275,0.0
CE_PTRCabc_Enzyme_AAFOLC_02610_Enzyme_AAFOLC_10280,0.0
CE_PTRCabc_Enzyme_AAFOLC_04185,0.0
CE_PTRCabc_Enzyme_AAFOLC_10270_Enzyme_AAFOLC_10275_Enzyme_AAFOLC_10280,0.0
CE_PTRCabc_Enzyme_AAFOLC_10280,0.0
CE_PTRCabcpp_A7IEN1,0.0
CE_PTRCabcpp_A7IHT7_A7IJI4_A7IJI5_A7IJI6,0.0
CE_PTRCabcpp_A7IJI4_A7IJI5_A7IJI6,0.0
CE_PTRCabcpp_Enzyme_AAFOLC_02610_Enzyme_AAFOLC_10280,0.0
CE_PTRCabcpp_Enzyme_AAFOLC_10270_Enzyme_AAFOLC_10275_Enzyme_AAFOLC_10280_Enzyme_AAFOLC_10285,0.0
CE_PTRCabcpp_Enzyme_AAFOLC_10270_Enzyme_AAFOLC_10275_Enzyme_AAFOLC_10285,0.0
CE_PTRCabcpp_Enzyme_AAFOLC_10270_Enzyme_AAFOLC_10280,0.0
CE_PTRCabcpp_Enzyme_AAFOLC_10270_Enzyme_AAFOLC_10280_Enzyme_AAFOLC_10285,0.0
CE_PTRCabcpp_Enzyme_AAFOLC_10275_Enzyme_AAFOLC_10280,0.0
CE_PTRCabcpp_Enzyme_AAFOLC_10285,0.0
CE_PUNP6_Enzyme_PUNP6_2,0.0
CE_PUTA3_Enzyme_AAFOLC_16295,0.0
CE_PXYLt5_A0A974SLE2_A7IMU3,0.0
CE_PXYLt5_A7IE65_Enzyme_AAFOLC_08680_Enzyme_AAFOLC_12945,0.0
CE_PXYLt6_A0A974SLE2_A7IMU3,0.0
CE_PXYLt6_A7IE65_Enzyme_AAFOLC_08680_Enzyme_AAFOLC_12945,0.0
CE_PY5CCR_A7IID7,0.0
CE_PY5CCR2_A7IID7,0.0
CE_PYAM5PO_A7II77,0.0
CE_PYDAMK_A0A974SJR7,0.0
CE_PYDXK_A0A974SJR7,3.3449999999999997e-06
CE_PYDXNK_A0A974SJR7,0.0
CE_PYDXNO_A7II77,0.0
CE_PYDXNtr_Enzyme_PYDXNtr,0.0
CE_PYDXO_A7II77,-3.3449999999999997e-06
CE_PYK_A7IHX0,0.0
CE_PYK_A7IK20,0.0
CE_PYRDOX_Enzyme_PYRDOX_1,0.0
CE_PYRZAM_Enzyme_PYRZAM_3,0.0
CE_P_Xylt1_Enzyme_P_Xylt1,0.0
CE_QMO3_Enzyme_QMO3,0.0
CE_QULNS_A7IEI9,8.343942666216853e-05
CE_RAFFabc_A0A974PPK6,0.0
CE_RAFH_Enzyme_RAFH_3,0.0
CE_RBFK_Enzyme_AAFOLC_02705,6.689999999999999e-06
CE_RBFSa_A7INA6,3.0017312312375174e-05
CE_RBFSb_A7INA6,1.5008656156187587e-05
CE_RBK_L1_Enzyme_RBK_L1_2,0.000900473793897381
CE_RBP4E_Enzyme_RBP4E_5,-0.000900473793897381
CE_RBPC_A7IGM0,1.5362363479758754
CE_RECOAH10_A7II81,0.0
CE_RECOAH10_Enzyme_AAFOLC_13640,0.0
CE_RECOAH11_Enzyme_AAFOLC_13640,0.0
CE_RECOAH12_A7II81,0.0
CE_RECOAH12_Enzyme_AAFOLC_13640,0.0
CE_RECOAH13_A7II81,0.0
CE_RECOAH13_Enzyme_AAFOLC_13640,0.0
CE_RECOAH14_A7II81,0.0
CE_RECOAH14_Enzyme_AAFOLC_13640,0.0
CE_RECOAH15_A7II81,0.0
CE_RECOAH15_Enzyme_AAFOLC_13640,0.0
CE_RECOAH16_A7II81,0.0
CE_RECOAH16_Enzyme_AAFOLC_13640,0.0
CE_RECOAH17_Enzyme_AAFOLC_13640,0.0
CE_RECOAH19_A7II81,0.0
CE_RECOAH19_Enzyme_AAFOLC_13640,0.0
CE_RECOAH2_A7II81,0.0
CE_RECOAH2_Enzyme_AAFOLC_13640,0.0
CE_RECOAH20_Enzyme_AAFOLC_13640,0.0
CE_RECOAH21_Enzyme_AAFOLC_13640,0.0
CE_RECOAH22_Enzyme_AAFOLC_13640,0.0
CE_RECOAH23_Enzyme_AAFOLC_13640,0.0
CE_RECOAH24_Enzyme_AAFOLC_13640,0.0
CE_RECOAH25_Enzyme_AAFOLC_13640,0.0
CE_RECOAH26_Enzyme_AAFOLC_13640,0.0
CE_RECOAH3_A7II81,0.0
CE_RECOAH3_Enzyme_AAFOLC_13640,0.0
CE_RECOAH4_Enzyme_AAFOLC_13640,0.0
CE_RECOAH5_Enzyme_AAFOLC_13640,0.0
CE_RECOAH6_Enzyme_AAFOLC_13640,-0.00233472
CE_RECOAH7_Enzyme_AAFOLC_13640,0.0
CE_RECOAH8_A7II81,0.0
CE_RECOAH8_Enzyme_AAFOLC_13640,0.0
CE_RECOAH9_A7II81,0.0
CE_RECOAH9_Enzyme_AAFOLC_13640,0.0
CE_REPHACCOAI_Enzyme_AAFOLC_11600,0.0
CE_REPHACCOAI_Enzyme_AAFOLC_20950,0.0
CE_RHACOAE100_A0A974PRF1,0.0
CE_RHACOAE120_A0A974PRF1,0.0
CE_RHACOAE121_A0A974PRF1,0.0
CE_RHACOAE121d6_A0A974PRF1,0.0
CE_RHACOAE140_A0A974PRF1,0.0
CE_RHACOAE141_A0A974PRF1,0.0
CE_RHACOAE141d5_A0A974PRF1,0.0
CE_RHACOAE142_A0A974PRF1,0.0
CE_RHACOAE160_A0A974PRF1,0.0
CE_RHACOAE50_A0A974PRF1,0.0
CE_RHACOAE60_A0A974PRF1,0.0
CE_RHACOAE70_A0A974PRF1,0.0
CE_RHACOAE80_A0A974PRF1,0.0
CE_RHACOAE90_A0A974PRF1,0.0
CE_RHACOAEP100_A0A974PRF1,0.0
CE_RHACOAEP101_A0A974PRF1,0.0
CE_RHACOAEP40_A0A974PRF1,0.0
CE_RHACOAEP50_A0A974PRF1,0.0
CE_RHACOAEP60_A0A974PRF1,0.0
CE_RHACOAEP70_A0A974PRF1,0.0
CE_RHACOAEP80_A0A974PRF1,0.0
CE_RHACOAEP90_A0A974PRF1,0.0
CE_RHACOAET40_A0A974PRF1,0.0
CE_RHACOAET60_A0A974PRF1,0.0
CE_RHACOAR100_A7IER5,0.0
CE_RHACOAR101_A7IER5,0.0
CE_RHACOAR120_A7IER5,0.0
CE_RHACOAR121d5_A7IER5,0.0
CE_RHACOAR121d6_A7IER5,0.0
CE_RHACOAR140_A7IER5,0.0
CE_RHACOAR141d5_A7IER5,0.0
CE_RHACOAR141d7_A7IER5,0.0
CE_RHACOAR142_A7IER5,0.0
CE_RHACOAR60_A7IER5,0.0
CE_RHACOAR70_A7IER5,0.0
CE_RHACOAR80_A7IER5,0.0
CE_RHACOAR90_A7IER5,0.0
CE_RHACOARP100_A7IER5,0.0
CE_RHACOARP40_A7IER5,0.0
CE_RHACOARP50_A7IER5,0.0
CE_RHACOARP60_A7IER5,0.0
CE_RHACOARP70_A7IER5,0.0
CE_RHACOARP80_A7IER5,0.0
CE_RHACOARP90_A7IER5,0.0
CE_RHACOART60_A7IER5,0.0
CE_RIBabc_A0A974PQA9_Enzyme_AAFOLC_00275_Enzyme_AAFOLC_00280,0.0
CE_RIBabc_A0A974PUE1,0.0
CE_RIBabc_A0A974PUE1_A0A974SIF6_A0A974SIX1,0.0
CE_RIBabc_A0A974PUE1_A0A974SIX1,0.0
CE_RIBabc_A0A974PUE1_A0A974SJQ5,0.0
CE_RIBabc_A0A974SIV8_A7ICL8,0.0
CE_RIBabc_A0A974SIV8_Enzyme_AAFOLC_10475,0.0
CE_RIBabc_A0A974SIX1,0.0
CE_RIBabc1_A0A974PUE1_A0A974SIF6_A0A974SIX1,0.0
CE_RIBabcpp_A0A974PUE1,0.0
CE_RIBabcpp_A0A974PUE1_A0A974SJQ5,0.0
CE_RIBabcpp_A0A974SIF6_A0A974SIX1_A7ICE3,0.0
CE_RMN_Et_Enzyme_RMN_Et,0.0
CE_RMNabc_Enzyme_AAFOLC_10560,0.0
CE_RNDR1_A0A974PQ83,0.0
CE_RNDR1_A7IKI7,0.0
CE_RNDR1_A7IPE8,0.0
CE_RNDR1_Enzyme_AAFOLC_18240,0.0
CE_RNDR1b_A7IMR7,0.0
CE_RNDR2_A0A974PQ83,0.0
CE_RNDR2_A7IKI7,0.0
CE_RNDR2_A7IPE8,0.0
CE_RNDR2_Enzyme_AAFOLC_18240,0.0
CE_RNDR2b_A7IMR7,0.0
CE_RNDR3_A0A974PQ83,0.0
CE_RNDR3_A7IKI7,0.0
CE_RNDR3_A7IPE8,0.0
CE_RNDR3_Enzyme_AAFOLC_18240,0.0
CE_RNDR3b_A7IMR7,0.0
CE_RNDR4_A0A974PQ83,0.0
CE_RNDR4_A7IKI7,0.0
CE_RNDR4_A7IPE8,0.0
CE_RNDR4_Enzyme_AAFOLC_18240,0.0
CE_RNDR4b_A7IMR7,0.0
CE_RNTR1c_A7IDJ0,0.000444989392052166
CE_RNTR2c_A7IDJ0,0.000720164076617757
CE_RNTR3c_A7IDJ0,0.000464978482742481
CE_RNTR4c_A7IDJ0,0.000401024263015074
CE_RPE_A7IGL3,-1.0368422115142235
CE_RPI_A0A974PJR3,0.5007646818112524
CE_RU5PP_Enzyme_RU5PP,0.0001731680372879577
CE_SADT_A0A974PIV6,0.0
CE_SADT_A0A974PIV6_Enzyme_AAFOLC_15415,0.0
CE_SADT2_A0A974PIV6,0.0
CE_SALADC2_Enzyme_SALADC2_4,0.0
CE_SALCHS4FER1_Enzyme_SALCHS4FER1,0.0
CE_SALCHS4FEabcpp_Enzyme_SALCHS4FEabcpp,0.0
CE_SALCHS4FEtonex_A7IJU5_A7IJU6,0.0
CE_SALCHS4abcpp_Enzyme_AAFOLC_18485,0.0
CE_SAOR_Enzyme_AAFOLC_07995,0.0
CE_SARCOX_A0A974PM57_A7IPH3,0.0
CE_SARCOX2_A0A974PM57_A7IPH3,0.0
CE_SBP_A7IL56,0.0
CE_SBTD_D2_Enzyme_AAFOLC_04685,0.0
CE_SBTPD_Enzyme_SBTPD_1,0.0
CE_SBTpts_A7IIM3,0.0
CE_SBTt2_A0A974SIV8,0.0
CE_SDPDS_Enzyme_AAFOLC_02295,0.0
CE_SDPDS_Enzyme_AAFOLC_12265,0.0165975713052727
CE_SDPTA_A7IEM4,0.0
CE_SDPTA_A7IGE4,0.0
CE_SDPTA_Enzyme_AAFOLC_10795,-0.0165975713052727
CE_SELADT_A0A974PIV6,0.0
CE_SELADT_A0A974PIV6_Enzyme_AAFOLC_15415,0.0
CE_SELCYSLY3_A7IBF3,0.0
CE_SELTt_Enzyme_SELTt,0.0
CE_SELabcpp_A0A974SLI1_Enzyme_AAFOLC_13370,0.0
CE_SELabcpp_A0A974SLL7_Enzyme_AAFOLC_19670_Enzyme_AAFOLC_19675,0.0
CE_SELabcpp_Enzyme_AAFOLC_18160,0.0
CE_SELabcpp_Enzyme_AAFOLC_18165_Enzyme_AAFOLC_18175,0.0
CE_SERAT_A7IBL7,0.0031263940210463437
CE_SERD_L_A7IMT9,0.0
CE_SERD_L_A7INC1,0.09286527467374414
CE_SERabc_Enzyme_AAFOLC_05565,0.0
CE_SERabc_Enzyme_AAFOLC_08165,0.0
CE_SERabc_Enzyme_AAFOLC_11340,0.0
CE_SERabcpp_A0A974PJA8_A0A974PJG0_A0A974PJK3_A0A974SGG3_Enzyme_AAFOLC_11090,0.0
CE_SHCHD2_A0A974PSY2,6.6899999999999995e-06
CE_SHCHF_A0A974PSY2,6.6899999999999995e-06
CE_SHEME2abcpp_Enzyme_AAFOLC_08385_Enzyme_AAFOLC_17325_Enzyme_AAFOLC_17330,0.0
CE_SHEMEtonex_Enzyme_AAFOLC_15875_Enzyme_AAFOLC_15880,0.0
CE_SHK3Dr_Enzyme_AAFOLC_03300,0.01693530279439033
CE_SHKK_Enzyme_AAFOLC_06060,0.01693530279439033
CE_SHSL1_A0A974PLR8,0.0
CE_SHSL2r_A7ICI6,0.0
CE_SLNTabcpp_Enzyme_AAFOLC_18160,0.0
CE_SO3abcpp_Enzyme_AAFOLC_18160_Enzyme_AAFOLC_18165_Enzyme_AAFOLC_18170_Enzyme_AAFOLC_18175,0.0
CE_SO3abcpp_Enzyme_AAFOLC_18165_Enzyme_AAFOLC_18175,0.0
CE_SO4t2_Enzyme_AAFOLC_04830,0.0
CE_SO4t2_Enzyme_AAFOLC_17025,0.0
CE_SO4t2pp_Enzyme_AAFOLC_09845,0.008949863598299558
CE_SO4t4pp_1_Enzyme_AAFOLC_10740,0.0
CE_SPMDabc_Enzyme_AAFOLC_02605,0.0
CE_SPMDabc_Enzyme_AAFOLC_02605_Enzyme_AAFOLC_10275,0.0
CE_SPMDabc_Enzyme_AAFOLC_10270_Enzyme_AAFOLC_10275_Enzyme_AAFOLC_10280,0.0
CE_SPMDabc_Enzyme_AAFOLC_10280,0.0
CE_SPMDabcpp_Enzyme_AAFOLC_02610_Enzyme_AAFOLC_10280,0.0
CE_SPMDabcpp_Enzyme_AAFOLC_10270_Enzyme_AAFOLC_10275_Enzyme_AAFOLC_10280_Enzyme_AAFOLC_10285,0.0
CE_SPMDabcpp_Enzyme_AAFOLC_10270_Enzyme_AAFOLC_10275_Enzyme_AAFOLC_10285,0.0
CE_SPMDabcpp_Enzyme_AAFOLC_10270_Enzyme_AAFOLC_10280,0.0
CE_SPMDabcpp_Enzyme_AAFOLC_10270_Enzyme_AAFOLC_10280_Enzyme_AAFOLC_10285,0.0
CE_SPMDabcpp_Enzyme_AAFOLC_10275_Enzyme_AAFOLC_10280,0.0
CE_SPMDabcpp_Enzyme_AAFOLC_10285,0.0
CE_SPMDt3pp_Enzyme_SPMDt3pp,0.0
CE_SPODM_A7IKK5,0.0
CE_SPT_syn_Enzyme_AAFOLC_20155,0.0
CE_SPTc_Enzyme_AAFOLC_20155,0.0
CE_SSALx_A7IKF9,0.0
CE_SSALx_Enzyme_AAFOLC_10255,0.0
CE_SSALx_Enzyme_AAFOLC_16925,0.0
CE_SSALx_Enzyme_AAFOLC_19755,0.0
CE_SSALy_A7IKF9,0.0
CE_SSALy_Enzyme_AAFOLC_10255,0.0
CE_SSALy_Enzyme_AAFOLC_16740,0.0
CE_SSALy_Enzyme_AAFOLC_19755,0.0
CE_SSCOARy_A7IKF9,0.0
CE_STEA_9_DESA_Enzyme_STEA_9_DESA_1,0.0001880143536970485
CE_SUCBZT1_Enzyme_AAFOLC_20945,1.3379999999999999e-05
CE_SUCCt2r_Enzyme_SUCCt2r_2,0.0
CE_SUCD1_Enzyme_AAFOLC_10150,0.0
CE_SUCD4_A7IHA9_A7IHB0_A7IHX4,0.0
CE_SUCDi_Enzyme_AAFOLC_10150,0.0012979417874244702
CE_SUCOAS_A7IBM0,0.0
CE_SUCOAS_A7IBM1,0.0
CE_SUCOAS_A7IBM1_A7ICK5,0.0
CE_SUCOAS_A7ICK5,0.0
CE_SUCR_Enzyme_AAFOLC_07945,0.0
CE_SUCRabcpp_syn_A7ICL8,0.0
CE_SUCRt2_A0A974SIV8,0.0
CE_SUCpts_A7IIM3,0.0
CE_SUCptspp_A7IIM3,0.0
CE_SULR_A7IF52,0.0
CE_SULR_A7IF52_A7IQ69,0.0
CE_SULR_Enzyme_AAFOLC_19580,0.0
CE_SULR_1_Enzyme_AAFOLC_19580,0.0
CE_SULabc_A7IEN1,0.0
CE_SULabc_Enzyme_AAFOLC_10775,0.0
CE_SULabc_Enzyme_AAFOLC_18165_Enzyme_AAFOLC_18170_Enzyme_AAFOLC_18175,0.0
CE_SULabc_Enzyme_AAFOLC_18175,0.0
CE_SULabcpp_A7IEN1,0.0
CE_SULabcpp_A7IEN1_Enzyme_AAFOLC_18160,0.0
CE_SULabcpp_A7IK87_Enzyme_AAFOLC_09745_Enzyme_AAFOLC_09755,0.0
CE_SULabcpp_Enzyme_AAFOLC_02605,0.0
CE_SULabcpp_Enzyme_AAFOLC_18160,0.0
CE_SULabcpp_Enzyme_AAFOLC_18160_Enzyme_AAFOLC_18165_Enzyme_AAFOLC_18170_Enzyme_AAFOLC_18175,0.0
CE_SULabcpp_Enzyme_AAFOLC_18165_Enzyme_AAFOLC_18175,0.0
CE_SULabcpp_Enzyme_AAFOLC_18175,0.0
CE_T2ECR_Enzyme_AAFOLC_10690,0.0
CE_T2ECR_Enzyme_AAFOLC_16765,0.0
CE_TALA_A7IDJ3,-0.5104003462568653
CE_TARTR_D_Et_Enzyme_TARTR_D_Et,0.0
CE_TAUDO_Enzyme_TAUDO_1,0.0
CE_TAURabc_A0A974SLI1_Enzyme_AAFOLC_07310,0.0
CE_TAURabc_A0A974SLL7,0.0
CE_TAURabc_Enzyme_AAFOLC_10120,0.0
CE_TAURabc_Enzyme_AAFOLC_16870_Enzyme_AAFOLC_17795,0.0
CE_TAURabc_Enzyme_AAFOLC_19670,0.0
CE_TAURabc_Enzyme_AAFOLC_19675,0.0
CE_TDSK_Enzyme_AAFOLC_08295,0.00058368
CE_TETDHpp2_Enzyme_TETDHpp2,0.0
CE_THD2pp_A7IGP9_A7IGQ1,0.0
CE_THDPS_A7IIP6,0.0165975713052727
CE_THFAT_A7INA3,0.0
CE_THIORDXi_A0A974PQ83_Enzyme_AAFOLC_17310,0.0
CE_THIORDXi_A0A974SJJ5,0.0
CE_THIORDXi_A0A974SJJ5_A7IKI7,0.0
CE_THIORDXi_A7IKI7,0.0
CE_THIORDXi_A7IKI7_Enzyme_AAFOLC_17310,0.0
CE_THIORDXi_Enzyme_AAFOLC_17310_Enzyme_AAFOLC_18240,0.0
CE_THIORDXi_Enzyme_AAFOLC_18240,0.0
CE_THMP_Enzyme_THMP_3,3.9462920500614296e-07
CE_THRA_A7INA3,0.26468124551146077
CE_THRA2_A7INA3,0.0
CE_THRD_A0A974PKT9,0.0
CE_THRD_Enzyme_AAFOLC_10300,0.0
CE_THRD_L_A7IMT9,0.010177447247241397
CE_THRD_L_A7INC1,0.0
CE_THRPDC_Enzyme_THRPDC_4,0.0
CE_THRS_A7IL60,0.28732721173835046
CE_THRabc_A7ID02_A7ID04_A7ID05_A7IFL8_A7IM84,0.0
CE_THRabc_Enzyme_AAFOLC_05565,0.0
CE_THRabc_Enzyme_AAFOLC_08165,0.0
CE_THRabc_Enzyme_AAFOLC_11340,0.0
CE_THRabcpp_A7ID05_A7IM81_A7IM84_Enzyme_AAFOLC_13240_Enzyme_AAFOLC_13245,0.0
CE_THRabcpp_A7IM81_A7IM84_Enzyme_AAFOLC_13240_Enzyme_AAFOLC_13245,0.0
CE_THRabcpp_A7IM84_Enzyme_AAFOLC_13240_Enzyme_AAFOLC_13245,0.0
CE_THRt2pp_Enzyme_THRt2pp,0.0
CE_THZPSN_A0A974PLX0,7.084629205006311e-06
CE_THZPSN_A7IHH6,0.0
CE_THZPSN_Enzyme_AAFOLC_04550,0.0
CE_THZSN_1_Enzyme_AAFOLC_22115,0.0
CE_TKT1_A7IGL5,-0.5104003462568653
CE_TKT1_A7IJW1,0.0
CE_TKT2_A7IGL5,0.0
CE_TKT2_A7IJW1,-0.5273423390512556
CE_TMDK1_Enzyme_TMDK1_2,0.0
CE_TMDS_A7IL50,0.000401024263015074
CE_TMPK_A0A974PLX0,6.690000000000168e-06
CE_TMPPP_Enzyme_AAFOLC_04125,7.084629205006311e-06
CE_TNTR1_Enzyme_AAFOLC_06640,0.0
CE_TNTR1_Enzyme_AAFOLC_11020,0.0
CE_TNTR1_Enzyme_AAFOLC_19150,0.0
CE_TNTR2_Enzyme_AAFOLC_06640,0.0
CE_TNTR2_Enzyme_AAFOLC_19150,0.0
CE_TNTR3_Enzyme_AAFOLC_06640,0.0
CE_TNTR4_Enzyme_AAFOLC_06640,0.0
CE_TNTep_A7IHW0_Enzyme_AAFOLC_06175_Enzyme_AAFOLC_18195,0.0
CE_TOLt5_A0A974SLE2_A7IMU3,0.0
CE_TOLt5_A7IE65_Enzyme_AAFOLC_08680_Enzyme_AAFOLC_12945,0.0
CE_TOLt6_A0A974SLE2_A7IMU3,0.0
CE_TOLt6_A7IE65_Enzyme_AAFOLC_08680_Enzyme_AAFOLC_12945,0.0
CE_TOLt7_Enzyme_AAFOLC_00740,0.0
CE_TPI_A7IJW3,0.0
CE_TPI_Enzyme_AAFOLC_14965,-1.0718468616421084
CE_TRDR_A0A974PQ83,0.0
CE_TRDR_A7IJ00,0.0
CE_TRDR_A7IJ00_A7IKI7,0.0
CE_TRDR_A7IJ00_Enzyme_AAFOLC_18240,0.0
CE_TRDR_Enzyme_AAFOLC_18240,0.0
CE_TRE6PH_Enzyme_AAFOLC_07945,0.0
CE_TRE6PP_Enzyme_AAFOLC_22330,0.011428836706776494
CE_TRE6PS_Enzyme_AAFOLC_22325,0.011428836706776494
CE_TREHpp_Enzyme_TREHpp_3,0.0
CE_TREabc_A0A974PQA9_Enzyme_AAFOLC_00275_Enzyme_AAFOLC_00280,0.0
CE_TREpts_A7IIM3,0.0
CE_TREptspp_A7IIM3,0.0
CE_TRPS1_A7IFZ5,0.0029944066879836434
CE_TRPS2_A7IFZ5,0.0
CE_TRPS2_A7IFZ5_A7IFZ7,0.0
CE_TRPS3_A7IFZ5_A7IFZ7,0.0
CE_TRPTA_A7ICB6,0.0
CE_TRPabc_Enzyme_AAFOLC_05565,0.0
CE_TRPabc_Enzyme_AAFOLC_08165,0.0
CE_TRPabc_Enzyme_AAFOLC_11340,0.0
CE_TRSARr_A7IHW9,0.0
CE_TRSARr_Enzyme_AAFOLC_16925,0.0
CE_TRSARr_Enzyme_AAFOLC_22470,0.0
CE_TRSARyr_Enzyme_AAFOLC_22470,0.0
CE_TSULabc_A7IEN1,0.0
CE_TSULabcpp_A7IEN1,0.0
CE_TSULabcpp_A7IEN1_Enzyme_AAFOLC_18160,0.0
CE_TSULabcpp_Enzyme_AAFOLC_18160,0.0
CE_TSULabcpp_Enzyme_AAFOLC_18160_Enzyme_AAFOLC_18165_Enzyme_AAFOLC_18170_Enzyme_AAFOLC_18175,0.0
CE_TSULabcpp_Enzyme_AAFOLC_18165_Enzyme_AAFOLC_18175,0.0
CE_TSULabcpp_Enzyme_AAFOLC_18175,0.0
CE_TTRCYCt2pp_Enzyme_TTRCYCt2pp,0.0
CE_TTRCYCt5_A0A974SLE2_A7IMU3,0.0
CE_TTRCYCt5_A7IE65_Enzyme_AAFOLC_08680_Enzyme_AAFOLC_12945,0.0
CE_TTRCYCt7pp_Enzyme_AAFOLC_00740,0.0
CE_TYRL_A7IHH6,0.0
CE_TYRTA_A7ICA9,-0.0059170671799740615
CE_TYRTAi_A7IIY4,0.0
CE_TYRabc_Enzyme_AAFOLC_05565,0.0
CE_TYRabc_Enzyme_AAFOLC_08165,0.0
CE_TYRabc_Enzyme_AAFOLC_11340,0.0
CE_U23GAAT_A7INQ7,0.00116736
CE_UAAGDS_Enzyme_AAFOLC_02735,0.00166095
CE_UAG2EMA_Enzyme_UAG2EMA_3,0.0
CE_UAG2EMA_Enzyme_UAG2EMA_5,0.0
CE_UAGAAT_Enzyme_AAFOLC_15760,0.00116736
CE_UAGCVT_A7IK18,0.00166095
CE_UAGCVT_1_A7IK18,0.0
CE_UAGDP_A7INP6,0.0
CE_UAGDP_1_A7INP6,0.00448926
CE_UAGPT3_A0A974PPJ2,0.00166095
CE_UAMAGS_A7IGE7,0.00166095
CE_UAMAS_A7IEJ8,0.00166095
CE_UAPGR_A7IGH2,0.0
CE_UAPGR_Enzyme_AAFOLC_22455,0.00166095
CE_UDCPDP_A7IGA9,0.00166095
CE_UDPACGLP_A7INP6,0.0
CE_UDPG4E_Enzyme_AAFOLC_01065,0.00017316
CE_UGLT_Enzyme_UGLT_2,-0.00017316
CE_UGLYCH_Enzyme_UGLYCH_3,0.0
CE_UGMDDS_Enzyme_AAFOLC_02730,0.00166095
CE_UHBZ1t_pp_Enzyme_AAFOLC_04680,0.0
CE_UHGADA_A7IC44,0.00116736
CE_UM4PCP_Enzyme_UM4PCP,0.0
CE_UM4PL_Enzyme_UM4PL,0.0
CE_UMPK_A7INR4,0.0
CE_UMPK_Enzyme_AAFOLC_19255,0.003636012360762302
CE_UNK5_Enzyme_UNK5,0.0
CE_UPP3MT_A0A974PSY2,6.6899999999999995e-06
CE_UPP3S_Enzyme_UPP3S_4,2.007e-05
CE_UPPDC1_A7IGC8,1.3379999999999999e-05
CE_URAt2pp_A7IKH8,0.0
CE_UREA_Enzyme_AAFOLC_17670,0.0
CE_UREA_Enzyme_AAFOLC_17670_Enzyme_AAFOLC_17695_Enzyme_AAFOLC_17705,0.0
CE_UREA_Enzyme_AAFOLC_17670_Enzyme_AAFOLC_17695_Enzyme_AAFOLC_17710,0.0
CE_UREA_Enzyme_AAFOLC_17695,0.0
CE_UREA_Enzyme_AAFOLC_17695_Enzyme_AAFOLC_17705_Enzyme_AAFOLC_17710,0.0
CE_UREA_Enzyme_AAFOLC_17695_Enzyme_AAFOLC_17710,0.0
CE_UREASE_A7IEM8,0.0
CE_UREA_1_Enzyme_AAFOLC_17670_Enzyme_AAFOLC_17695_Enzyme_AAFOLC_17705_Enzyme_AAFOLC_17710,0.0
CE_UREAabcpp_A0A974PUM0_A7IMX8_A7IMY0_A7IMY2_Enzyme_AAFOLC_17170,0.0
CE_UREAabcpp_Enzyme_AAFOLC_08785_Enzyme_AAFOLC_11090,0.0
CE_URIC_A7IKH7,0.0
CE_URIDK2r_A7INR4,0.0
CE_URIDK2r_Enzyme_AAFOLC_19255,0.0
CE_USHD_Enzyme_USHD_3,0.00058368
CE_UUPP_Enzyme_AAFOLC_19255,0.0
CE_VACOAI_Enzyme_VACOAI_5,0.0
CE_VACOAI_2_Enzyme_VACOAI_2,0.0
CE_VALabc_A7ID02_A7ID04_A7ID05_A7IFL8_A7IM84,0.0
CE_VALabc_Enzyme_AAFOLC_05565,0.0
CE_VALabc_Enzyme_AAFOLC_08165,0.0
CE_VALabc_Enzyme_AAFOLC_11340,0.0
CE_VALabcpp_A0A974PKL7_A7IP24_Enzyme_AAFOLC_12990_Enzyme_AAFOLC_12995,0.0
CE_VALabcpp_A7ID01_A7ID02_A7ID03_Enzyme_AAFOLC_11045_Enzyme_AAFOLC_11050,0.0
CE_VALabcpp_A7ID05_A7IM81_A7IM84_Enzyme_AAFOLC_13240_Enzyme_AAFOLC_13245,0.0
CE_VALabcpp_A7IM81_A7IM84_A7IM86_Enzyme_AAFOLC_12280_Enzyme_AAFOLC_13240,0.0
CE_VALabcpp_A7IM81_A7IM84_Enzyme_AAFOLC_13240_Enzyme_AAFOLC_13245,0.0
CE_VALabcpp_A7IM84_Enzyme_AAFOLC_13240_Enzyme_AAFOLC_13245,0.0
CE_VALt3pp_Enzyme_VALt3pp,0.0
CE_VCACT_Enzyme_AAFOLC_08035,0.0
CE_VCOAD_Enzyme_AAFOLC_00800,0.0
CE_VCOAD_Enzyme_AAFOLC_07155,0.0
CE_VCOAD_Enzyme_AAFOLC_07800,0.0
CE_VCOAD_Enzyme_AAFOLC_10525,0.0
CE_VCOAD_Enzyme_AAFOLC_10690,0.0
CE_VCOAD_Enzyme_AAFOLC_20905,0.0
CE_VECOAH_A0A974PK76,0.0
CE_VECOAH_A0A974PT72,0.0
CE_VECOAH_A7IKJ4,0.0
CE_VECOAH_Enzyme_AAFOLC_10700,0.0
CE_VECOAH_Enzyme_AAFOLC_14765,0.0
CE_VECOAH_Enzyme_AAFOLC_19700,0.0
CE_VECOAH_Enzyme_AAFOLC_20950,0.0
CE_VNDH_Enzyme_AAFOLC_10255,0.0
CE_VNDH_2_Enzyme_AAFOLC_10255,7.084629205006311e-06
CE_VNLNpp_Enzyme_VNLNpp,0.0
CE_VNTDM_Enzyme_AAFOLC_10410,0.0
CE_VPAMTr_A0A974SG50,0.0
CE_VPAMTr_Enzyme_AAFOLC_02060,0.01486899926741174
CE_X5PL3E_Enzyme_X5PL3E_5,0.0
CE_XAND_A0A974PUV6,0.0
CE_XAND_A0A974SG06,0.0
CE_XAND_A7IJG0,0.0
CE_XAND_Enzyme_AAFOLC_10410,0.0
CE_XANt2pp_A7IKH8,0.0
CE_XTSNH_Enzyme_XTSNH_3,0.0
CE_XYLI1_Enzyme_XYLI1_5,-0.0001731680372879577
CE_XYLabc_A0A974PUE1_A0A974SIX1,0.0
CE_XYLabc_Enzyme_AAFOLC_10560_Enzyme_AAFOLC_10565,0.0
CE_XYLt_Enzyme_XYLt,0.0
CE_XYLt2_A0A974SIV8,0.0
CE_YUMPS_Enzyme_AAFOLC_00720_Enzyme_AAFOLC_06605,0.0
CE_YUMPS_Enzyme_AAFOLC_04045,0.0
CE_ZN2abcpp_Enzyme_AAFOLC_00825,0.0
CE_ZN2t3pp_A0A974SH13,0.0
CE_ZN2t3pp_A7IBB6,0.0
CE_ZN2t4_A0A974SH13,0.0055707
CE_ZN2t4pp_A0A974SH13,0.0
CE_ZN2t4pp_A7IKU2,0.0
CE_ZN2t5_A7IKU2,0.0
CE_ZN2t6_A7IKU2,0.0
CE_ilvg_A7IFE3,0.0
CE_ilvg_Enzyme_AAFOLC_18280,0.010177447247241397
CE_pentso3abcpp_A0A974SLI1_Enzyme_AAFOLC_13370,0.0
CE_pentso3abcpp_A0A974SLL7_Enzyme_AAFOLC_19670_Enzyme_AAFOLC_19675,0.0
CE_1P2CBXLCYCL_Enzyme_1P2CBXLCYCL,0.0
CE_4OXPTNtpp_Enzyme_4OXPTNtpp,0.0
CE_ACALDt_Enzyme_ACALDt,0.0
CE_ACALDtpp_Enzyme_ACALDtpp,0.0
CE_ATPHs_Enzyme_ATPHs,0.0
CE_BHBtpp_Enzyme_BHBtpp,0.0
CE_BZt_Enzyme_BZt,0.0
CE_CMtpp_Enzyme_CMtpp,0.0
CE_CO2tpp_Enzyme_CO2tpp,1.6836071337481844
CE_COBALT2tpp_Enzyme_COBALT2tpp,0.0
CE_COt_1_Enzyme_COt_1,0.0
CE_CYStpp_Enzyme_CYStpp,0.0
CE_Cotpp_Enzyme_Cotpp,0.0
CE_DATPHs_Enzyme_DATPHs,0.0
CE_DHGLYH_Enzyme_DHGLYH,0.0
CE_ETOHtrpp_Enzyme_ETOHtrpp,0.0
CE_FE3DCITCH_Enzyme_FE3DCITCH,0.0
CE_FE3PYOVDL2_Enzyme_FE3PYOVDL2,0.0
CE_FEENTERtpp_Enzyme_FEENTERtpp,0.0
CE_GLYCtpp_Enzyme_GLYCtpp,-0.00019241999996211234
CE_GTPHs_Enzyme_GTPHs,0.0
CE_H2CO3D2_Enzyme_H2CO3D2,0.0
CE_H2Ot_Enzyme_H2Ot,0.0
CE_H2Otpp_Enzyme_H2Otpp,-18.144865422617222
CE_H2St1_Enzyme_H2St1,0.0
CE_H2tpp_Enzyme_H2tpp,16.709641002176564
CE_IND3ACtpp_Enzyme_IND3ACtpp,0.0
CE_METOX1s_Enzyme_METOX1s,0.0
CE_METOX2s_Enzyme_METOX2s,0.0
CE_MG2tpp_Enzyme_MG2tpp,0.00024759
CE_MGSA_Enzyme_MGSA,0.0
CE_NADHHR_Enzyme_NADHHR,0.0
CE_NADPHHR_Enzyme_NADPHHR,0.0
CE_NH3c_Enzyme_NH3c,0.0
CE_NH4tpp_Enzyme_NH4tpp,0.32571539963962104
CE_NH4tpp_1_Enzyme_NH4tpp_1,0.0
CE_NI2tpp_Enzyme_NI2tpp,0.0
CE_NOVBCNtpp_Enzyme_NOVBCNtpp,0.0
CE_O2tpp_Enzyme_O2tpp,6.554738180388123
CE_OMCDC_Enzyme_OMCDC,0.02205705978060804
CE_QUINtpp_Enzyme_QUINtpp,0.0
CE_SELtpp_Enzyme_SELtpp,0.0
CE_SLNTtpp_Enzyme_SLNTtpp,0.0
CE_Sulfurt_Enzyme_Sulfurt,0.0
CE_TCYNTtpp_Enzyme_TCYNTtpp,0.0
CE_TNTHAC1_Enzyme_TNTHAC1,0.0
CE_TNTHAC2_Enzyme_TNTHAC2,0.0
CE_TTRCYCtpp_Enzyme_TTRCYCtpp,0.0
CE_URATEtpp_Enzyme_URATEtpp,0.0
CE_UREAtpp_Enzyme_UREAtpp,0.0
